player_id,archetype,country_code,platform,device_tier,acquisition_channel,is_payer,is_churned,lifetime_days,install_date,last_active_date,total_sessions,avg_session_min,purchases,revenue_usd,social_interactions,recency_days,payer_segment
p_002757,whale_payer,CA,android,mid,facebook,1,0,168,2024-07-16,2024-12-31,126,24.9,89,998.11,54,0,high_value
p_002830,whale_payer,US,android,mid,facebook,1,0,216,2024-05-29,2024-12-31,134,24.1,80,945.2,53,0,high_value
p_002806,whale_payer,AU,android,low,google,1,0,179,2024-07-05,2024-12-31,126,25.4,84,941.16,48,0,high_value
p_002795,whale_payer,DE,android,low,tiktok,1,1,281,2024-01-10,2024-10-17,177,24.7,90,930.1,37,75,high_value
p_002720,whale_payer,MX,android,low,facebook,1,1,305,2024-01-28,2024-11-28,219,25.2,82,918.18,23,33,high_value
p_002749,whale_payer,SE,android,mid,organic,1,1,217,2024-03-06,2024-10-09,160,25.1,84,906.16,53,83,high_value
p_002811,whale_payer,US,android,low,applovin,1,1,270,2024-02-03,2024-10-30,185,25.6,88,906.12,20,62,high_value
p_002827,whale_payer,KR,android,low,organic,1,0,199,2024-06-15,2024-12-31,154,24.9,80,901.2,46,0,high_value
p_002787,whale_payer,JP,android,low,organic,1,0,189,2024-06-25,2024-12-31,145,25.8,81,890.19,40,0,high_value
p_002769,whale_payer,BR,ios,mid,facebook,1,1,219,2024-03-05,2024-10-10,158,25.8,89,890.11,47,82,high_value
p_002711,whale_payer,US,android,mid,google,1,0,325,2024-02-10,2024-12-31,237,25.6,87,889.13,27,0,high_value
p_002814,whale_payer,TR,android,mid,google,1,0,237,2024-05-08,2024-12-31,177,23.9,85,875.15,38,0,high_value
p_002750,whale_payer,MX,android,high,other,1,1,211,2024-04-20,2024-11-17,161,25.3,80,869.2,29,44,high_value
p_002748,whale_payer,US,ios,mid,google,1,1,210,2024-01-10,2024-08-07,131,25.3,89,864.11,47,146,high_value
p_002780,whale_payer,US,android,low,facebook,1,0,292,2024-03-14,2024-12-31,220,24.2,87,862.13,42,0,high_value
p_002703,whale_payer,TR,android,high,facebook,1,0,214,2024-05-31,2024-12-31,157,24.6,81,858.19,39,0,high_value
p_002721,whale_payer,MX,ios,mid,applovin,1,0,254,2024-04-21,2024-12-31,161,23.6,76,857.24,27,0,high_value
p_002772,whale_payer,IN,android,low,google,1,0,187,2024-06-27,2024-12-31,131,24.6,79,854.21,45,0,high_value
p_002725,whale_payer,ES,android,low,facebook,1,1,238,2024-02-03,2024-09-28,157,25.9,76,852.24,38,94,high_value
p_002798,whale_payer,US,ios,low,organic,1,0,222,2024-05-23,2024-12-31,158,24.6,77,843.23,31,0,high_value
p_002848,whale_payer,PL,ios,low,google,1,1,283,2024-01-07,2024-10-16,205,24.5,84,842.16,53,76,high_value
p_002756,whale_payer,US,ios,mid,tiktok,1,1,261,2024-01-24,2024-10-11,207,24.9,71,837.29,23,81,high_value
p_002742,whale_payer,TR,android,low,unity_ads,1,1,231,2024-04-15,2024-12-02,159,24.1,84,826.16,36,29,high_value
p_002820,whale_payer,US,ios,high,organic,1,0,304,2024-03-02,2024-12-31,199,24.9,76,824.24,51,0,high_value
p_002762,whale_payer,AU,android,mid,organic,1,0,166,2024-07-18,2024-12-31,119,24.6,76,819.24,35,0,high_value
p_002760,whale_payer,GB,android,low,unity_ads,1,0,302,2024-03-04,2024-12-31,241,24.9,85,818.15,52,0,high_value
p_002719,whale_payer,TR,ios,high,unity_ads,1,1,266,2024-01-26,2024-10-18,198,25.3,83,812.17,50,74,high_value
p_002722,whale_payer,DE,ios,mid,tiktok,1,1,231,2024-04-30,2024-12-17,133,24.9,90,807.1,37,14,high_value
p_002726,whale_payer,FR,android,low,facebook,1,1,254,2024-04-13,2024-12-23,174,24.8,82,794.18,30,8,high_value
p_002763,whale_payer,IN,android,mid,facebook,1,1,229,2024-04-02,2024-11-17,147,26.2,80,791.2,46,44,high_value
p_002777,whale_payer,US,android,mid,facebook,1,0,225,2024-05-20,2024-12-31,152,25.2,79,778.21,28,0,high_value
p_002702,whale_payer,BR,android,mid,organic,1,1,288,2024-01-02,2024-10-16,219,25.2,81,771.19,32,76,high_value
p_002829,whale_payer,RU,android,low,organic,1,1,222,2024-04-30,2024-12-08,164,25.6,75,770.25,26,23,high_value
p_002717,whale_payer,GB,ios,mid,organic,1,1,293,2024-02-29,2024-12-18,223,24.9,81,757.19,21,13,high_value
p_002797,whale_payer,US,android,low,organic,1,1,271,2024-01-01,2024-09-28,215,25.9,69,750.31,20,94,high_value
p_002770,whale_payer,AR,android,low,facebook,1,0,275,2024-03-31,2024-12-31,204,24.9,68,743.32,50,0,high_value
p_002771,whale_payer,TH,ios,high,facebook,1,1,241,2024-01-09,2024-09-06,184,25.4,75,739.25,50,116,high_value
p_002841,whale_payer,DE,ios,low,organic,1,1,228,2024-02-29,2024-10-14,149,25.1,70,733.3,29,78,high_value
p_002755,whale_payer,JP,ios,high,facebook,1,1,347,2024-01-19,2024-12-31,236,24.8,71,728.29,53,0,high_value
p_002765,whale_payer,RU,ios,high,facebook,1,1,328,2024-01-26,2024-12-19,217,26.0,63,717.37,33,12,high_value
p_002705,whale_payer,ES,ios,low,google,1,1,209,2024-04-03,2024-10-29,165,24.2,63,709.37,48,63,high_value
p_002723,whale_payer,FR,android,high,facebook,1,1,258,2024-02-10,2024-10-25,211,25.8,84,704.16,27,67,high_value
p_002738,whale_payer,GB,ios,mid,organic,1,1,202,2024-02-28,2024-09-17,140,24.8,64,703.36,36,105,high_value
p_002786,whale_payer,DE,android,low,other,1,0,179,2024-07-05,2024-12-31,128,24.9,71,701.29,42,0,high_value
p_002847,whale_payer,PL,ios,high,facebook,1,0,172,2024-07-12,2024-12-31,127,26.5,59,700.41,35,0,high_value
p_002816,whale_payer,TR,android,low,organic,1,0,190,2024-06-24,2024-12-31,158,25.1,61,700.39,20,0,high_value
p_002740,whale_payer,JP,android,mid,facebook,1,0,292,2024-03-14,2024-12-31,212,25.6,66,695.34,55,0,high_value
p_002821,whale_payer,US,android,low,unity_ads,1,0,284,2024-03-22,2024-12-31,195,23.6,71,689.29,26,0,high_value
p_002700,whale_payer,ES,ios,high,applovin,1,1,332,2024-01-30,2024-12-27,236,23.6,75,679.25,33,4,high_value
p_002746,whale_payer,RU,android,low,facebook,1,0,184,2024-06-30,2024-12-31,128,25.2,64,669.36,30,0,high_value
p_002741,whale_payer,IT,android,mid,tiktok,1,1,288,2024-02-01,2024-11-15,203,24.4,61,666.39,23,46,high_value
p_002836,whale_payer,JP,ios,low,organic,1,0,227,2024-05-18,2024-12-31,161,26.0,56,664.44,30,0,high_value
p_002801,whale_payer,MX,ios,mid,organic,1,1,200,2024-04-16,2024-11-02,136,24.9,64,664.36,32,59,high_value
p_002732,whale_payer,DE,ios,high,google,1,1,269,2024-02-05,2024-10-31,237,24.8,67,663.33,46,61,high_value
p_002706,whale_payer,KR,android,mid,organic,1,1,269,2024-03-26,2024-12-20,201,24.7,61,662.39,20,11,high_value
p_002813,whale_payer,US,ios,mid,google,1,0,268,2024-04-07,2024-12-31,201,23.5,70,660.3,54,0,high_value
p_002739,whale_payer,KR,android,low,organic,1,0,204,2024-06-10,2024-12-31,157,26.1,67,658.33,46,0,high_value
p_002782,whale_payer,GB,ios,high,tiktok,1,1,244,2024-02-19,2024-10-20,155,24.8,55,652.45,50,72,high_value
p_002775,whale_payer,AU,ios,high,tiktok,1,0,211,2024-06-03,2024-12-31,148,24.0,58,648.42,31,0,high_value
p_002761,whale_payer,PL,android,low,organic,1,0,172,2024-07-12,2024-12-31,135,24.1,72,647.28,21,0,high_value
p_002819,whale_payer,US,ios,mid,facebook,1,0,195,2024-06-19,2024-12-31,169,24.4,68,641.32,24,0,high_value
p_002776,whale_payer,IN,ios,mid,facebook,1,1,204,2024-03-30,2024-10-20,137,24.1,64,639.36,43,72,high_value
p_002715,whale_payer,US,android,mid,tiktok,1,0,166,2024-07-18,2024-12-31,126,24.5,64,638.36,47,0,high_value
p_002792,whale_payer,IT,ios,mid,facebook,1,0,221,2024-05-24,2024-12-31,161,25.6,72,635.28,53,0,high_value
p_002840,whale_payer,GB,ios,low,other,1,0,189,2024-06-25,2024-12-31,133,24.6,69,633.31,50,0,high_value
p_002837,whale_payer,US,ios,high,google,1,1,274,2024-02-08,2024-11-08,192,25.9,62,629.38,23,53,high_value
p_002733,whale_payer,DE,android,low,organic,1,0,317,2024-02-18,2024-12-31,220,25.7,66,628.34,23,0,high_value
p_002712,whale_payer,US,ios,mid,tiktok,1,0,172,2024-07-12,2024-12-31,121,25.3,62,622.38,34,0,high_value
p_002809,whale_payer,PL,android,low,organic,1,0,196,2024-06-18,2024-12-31,132,25.6,58,619.42,33,0,high_value
p_002822,whale_payer,BR,android,low,google,1,0,332,2024-02-03,2024-12-31,220,24.7,58,617.42,43,0,high_value
p_002800,whale_payer,BR,ios,high,organic,1,1,242,2024-01-26,2024-09-24,184,25.6,56,615.44,28,98,high_value
p_002842,whale_payer,RU,ios,high,organic,1,0,235,2024-05-10,2024-12-31,173,24.9,55,614.45,42,0,high_value
p_002734,whale_payer,US,ios,mid,google,1,1,234,2024-02-14,2024-10-05,168,25.1,49,612.51,43,87,high_value
p_002764,whale_payer,PL,android,high,facebook,1,0,240,2024-05-05,2024-12-31,172,25.5,53,612.47,57,0,high_value
p_002716,whale_payer,ES,ios,high,organic,1,1,201,2024-06-06,2024-12-24,130,24.7,60,612.4,31,7,high_value
p_002832,whale_payer,US,ios,mid,tiktok,1,1,223,2024-02-09,2024-09-19,171,24.2,62,611.38,28,103,high_value
p_002758,whale_payer,KR,android,mid,google,1,0,242,2024-05-03,2024-12-31,174,24.9,63,609.37,32,0,high_value
p_002767,whale_payer,TR,android,mid,organic,1,0,235,2024-05-10,2024-12-31,168,25.1,61,608.39,56,0,high_value
p_002796,whale_payer,US,ios,mid,applovin,1,1,247,2024-02-21,2024-10-25,178,26.2,53,594.47,36,67,high_value
p_002810,whale_payer,JP,ios,high,facebook,1,0,232,2024-05-13,2024-12-31,183,24.1,64,589.36,20,0,high_value
p_002849,whale_payer,US,android,mid,organic,1,0,305,2024-03-01,2024-12-31,218,23.8,69,589.31,37,0,high_value
p_002724,whale_payer,FR,android,mid,organic,1,1,203,2024-04-03,2024-10-23,151,24.6,56,588.44,31,69,high_value
p_002789,whale_payer,TH,android,mid,other,1,0,260,2024-04-15,2024-12-31,187,25.5,61,579.39,21,0,high_value
p_002812,whale_payer,AU,android,mid,organic,1,1,279,2024-02-16,2024-11-21,210,24.9,54,573.46,31,40,high_value
p_002744,whale_payer,JP,android,mid,tiktok,1,0,233,2024-05-12,2024-12-31,193,24.4,58,565.42,54,0,high_value
p_002828,whale_payer,JP,ios,low,google,1,0,193,2024-06-21,2024-12-31,115,25.4,55,557.45,33,0,high_value
p_002747,whale_payer,RU,android,mid,organic,1,1,256,2024-02-18,2024-10-31,195,24.2,53,553.47,26,61,high_value
p_002824,whale_payer,DE,ios,low,organic,1,0,264,2024-04-11,2024-12-31,183,24.9,54,553.46,39,0,high_value
p_002707,whale_payer,GB,ios,mid,facebook,1,0,280,2024-03-26,2024-12-31,198,25.7,47,550.53,50,0,high_value
p_002784,whale_payer,IT,android,low,google,1,0,224,2024-05-21,2024-12-31,168,25.2,53,549.47,18,0,high_value
p_002714,whale_payer,US,android,mid,organic,1,0,173,2024-07-11,2024-12-31,103,25.9,47,542.53,37,0,high_value
p_002843,whale_payer,NL,ios,high,organic,1,0,168,2024-07-16,2024-12-31,101,26.7,51,541.49,53,0,high_value
p_002833,whale_payer,TR,android,low,facebook,1,1,203,2024-02-09,2024-08-30,143,25.0,55,541.45,35,123,high_value
p_002768,whale_payer,US,android,mid,tiktok,1,0,254,2024-04-21,2024-12-31,202,24.8,46,540.54,21,0,high_value
p_002701,whale_payer,US,ios,mid,other,1,1,220,2024-04-04,2024-11-10,152,23.8,48,535.52,55,51,high_value
p_002838,whale_payer,US,ios,low,applovin,1,0,237,2024-05-08,2024-12-31,206,24.4,52,526.48,50,0,high_value
p_002793,whale_payer,US,android,high,tiktok,1,1,298,2024-02-09,2024-12-03,241,24.6,55,525.45,36,28,high_value
p_002823,whale_payer,JP,ios,high,organic,1,1,204,2024-03-15,2024-10-05,138,25.1,57,525.43,23,87,high_value
p_002728,whale_payer,US,android,low,tiktok,1,0,176,2024-07-08,2024-12-31,124,24.7,64,525.36,44,0,high_value
p_002844,whale_payer,DE,android,mid,organic,1,1,217,2024-01-13,2024-08-17,145,25.0,51,523.49,19,136,high_value
p_002759,whale_payer,AU,android,low,unity_ads,1,1,239,2024-03-14,2024-11-08,172,25.5,49,522.51,40,53,high_value
p_002730,whale_payer,KR,ios,high,facebook,1,1,261,2024-03-20,2024-12-06,178,24.6,52,511.48,45,25,high_value
p_002752,whale_payer,US,android,mid,tiktok,1,1,224,2024-05-15,2024-12-25,144,26.0,47,503.53,30,6,high_value
p_002807,whale_payer,MX,android,high,google,1,0,176,2024-07-08,2024-12-31,122,24.7,56,502.44,22,0,high_value
p_002794,whale_payer,ES,android,mid,google,1,0,226,2024-05-19,2024-12-31,164,26.0,64,497.36,56,0,high_value
p_002815,whale_payer,BR,ios,mid,organic,1,1,265,2024-03-17,2024-12-07,177,25.1,52,495.48,49,24,high_value
p_002808,whale_payer,DE,android,low,facebook,1,0,170,2024-07-14,2024-12-31,124,24.6,54,485.46,22,0,high_value
p_002713,whale_payer,IN,android,high,organic,1,1,251,2024-02-19,2024-10-27,195,24.5,37,482.63,23,65,high_value
p_002791,whale_payer,TR,ios,high,google,1,0,301,2024-03-05,2024-12-31,219,25.6,48,466.52,43,0,high_value
p_002781,whale_payer,IN,ios,high,facebook,1,0,227,2024-05-18,2024-12-31,168,24.5,41,462.59,22,0,high_value
p_002753,whale_payer,US,android,low,facebook,1,1,246,2024-02-18,2024-10-21,184,24.7,45,461.55,35,71,high_value
p_002790,whale_payer,IT,android,low,facebook,1,1,217,2024-04-16,2024-11-19,155,24.9,43,457.57,57,42,high_value
p_002710,whale_payer,KR,ios,mid,facebook,1,1,215,2024-01-18,2024-08-20,170,23.6,41,450.59,25,133,high_value
p_002704,whale_payer,DE,android,mid,google,1,0,166,2024-07-18,2024-12-31,120,25.8,56,449.44,49,0,high_value
p_002831,whale_payer,DE,android,mid,google,1,1,302,2024-02-25,2024-12-23,237,24.9,38,440.62,43,8,high_value
p_002779,whale_payer,DE,android,mid,organic,1,0,205,2024-06-09,2024-12-31,146,25.2,40,438.6,44,0,high_value
p_002727,whale_payer,RU,android,mid,tiktok,1,0,209,2024-06-05,2024-12-31,140,24.6,38,437.62,58,0,high_value
p_002709,whale_payer,GB,android,low,unity_ads,1,0,223,2024-05-22,2024-12-31,154,26.3,43,430.57,23,0,high_value
p_002817,whale_payer,IN,android,high,tiktok,1,1,356,2024-01-03,2024-12-24,265,24.9,50,425.5,24,7,high_value
p_002774,whale_payer,US,ios,high,organic,1,0,189,2024-06-25,2024-12-31,148,25.5,40,420.6,21,0,high_value
p_002766,whale_payer,FR,android,low,facebook,1,1,282,2024-03-09,2024-12-16,192,25.2,35,418.65,21,15,high_value
p_002731,whale_payer,US,ios,low,facebook,1,1,223,2024-03-18,2024-10-27,165,25.6,38,411.62,58,65,high_value
p_002708,whale_payer,DE,android,low,organic,1,1,238,2024-03-03,2024-10-27,177,25.4,39,409.61,49,65,high_value
p_002846,whale_payer,DE,ios,high,organic,1,0,239,2024-05-06,2024-12-31,164,24.6,44,407.56,39,0,high_value
p_002839,whale_payer,US,ios,mid,organic,1,1,202,2024-02-22,2024-09-11,124,23.9,41,401.59,29,111,high_value
p_002803,whale_payer,BR,ios,mid,google,1,0,329,2024-02-06,2024-12-31,269,24.5,46,401.54,24,0,high_value
p_002802,whale_payer,JP,android,high,tiktok,1,0,329,2024-02-06,2024-12-31,218,24.6,41,400.59,47,0,high_value
p_002834,whale_payer,JP,android,mid,organic,1,0,184,2024-06-30,2024-12-31,126,25.9,41,399.59,33,0,high_value
p_002845,whale_payer,CA,android,low,facebook,1,1,230,2024-04-11,2024-11-27,159,26.1,40,398.6,54,34,high_value
p_002718,whale_payer,US,android,low,facebook,1,0,208,2024-06-06,2024-12-31,131,23.4,37,391.63,19,0,high_value
p_002743,whale_payer,ES,android,high,organic,1,0,180,2024-07-04,2024-12-31,128,26.2,39,390.61,37,0,high_value
p_002736,whale_payer,TR,ios,mid,facebook,1,0,285,2024-03-21,2024-12-31,201,25.1,47,387.53,34,0,high_value
p_002751,whale_payer,GB,android,low,organic,1,1,248,2024-03-28,2024-12-01,185,24.4,34,386.66,42,30,high_value
p_002835,whale_payer,US,ios,mid,organic,1,1,219,2024-04-02,2024-11-07,151,24.6,33,381.67,35,54,high_value
p_002783,whale_payer,DE,android,high,google,1,1,279,2024-02-14,2024-11-19,206,24.5,36,379.64,38,42,high_value
p_002799,whale_payer,KR,android,mid,facebook,1,1,242,2024-01-07,2024-09-05,177,25.0,45,373.55,56,117,high_value
p_002804,whale_payer,IN,ios,high,organic,1,0,173,2024-07-11,2024-12-31,132,23.7,37,372.63,49,0,high_value
p_002735,whale_payer,JP,ios,mid,other,1,0,185,2024-06-29,2024-12-31,132,24.7,34,354.66,36,0,high_value
p_002805,whale_payer,PL,ios,high,google,1,1,279,2024-03-15,2024-12-19,196,24.4,34,347.66,37,12,high_value
p_002745,whale_payer,MX,android,low,tiktok,1,0,273,2024-04-02,2024-12-31,201,24.8,32,345.68,47,0,high_value
p_002773,whale_payer,US,android,mid,tiktok,1,1,205,2024-05-08,2024-11-29,157,23.8,30,343.7,49,32,high_value
p_002737,whale_payer,CA,android,high,applovin,1,0,193,2024-06-21,2024-12-31,141,25.2,37,327.63,19,0,high_value
p_002788,whale_payer,KR,ios,mid,organic,1,0,227,2024-05-18,2024-12-31,171,25.7,32,324.68,56,0,high_value
p_002818,whale_payer,IN,ios,mid,organic,1,0,194,2024-06-20,2024-12-31,181,24.9,39,320.61,60,0,high_value
p_002785,whale_payer,US,android,mid,organic,1,1,276,2024-02-10,2024-11-12,192,25.1,35,315.65,21,49,high_value
p_002826,whale_payer,GB,android,low,organic,1,1,259,2024-03-18,2024-12-02,167,24.2,34,310.66,28,29,high_value
p_002754,whale_payer,ES,android,mid,facebook,1,0,281,2024-03-25,2024-12-31,191,25.6,30,307.7,28,0,high_value
p_002825,whale_payer,MX,android,low,facebook,1,0,307,2024-02-28,2024-12-31,196,24.4,32,305.68,27,0,high_value
p_002729,whale_payer,US,android,low,organic,1,0,208,2024-06-06,2024-12-31,163,25.2,35,298.65,23,0,high_value
p_002778,whale_payer,SE,ios,low,organic,1,0,250,2024-04-25,2024-12-31,180,25.6,33,282.67,29,0,high_value
p_002976,minnow_payer,PH,android,low,organic,1,1,131,2024-03-25,2024-08-03,11,10.0,25,133.75,7,150,high_value
p_002929,minnow_payer,JP,android,low,organic,1,1,71,2024-05-18,2024-07-28,5,12.1,24,120.76,15,156,high_value
p_002947,minnow_payer,DE,ios,high,organic,1,0,89,2024-10-03,2024-12-31,10,11.7,24,119.76,11,0,high_value
p_002959,minnow_payer,MX,android,low,tiktok,1,0,203,2024-06-11,2024-12-31,26,9.4,24,110.76,13,0,high_value
p_002894,minnow_payer,RU,ios,high,organic,1,1,171,2024-04-29,2024-10-17,22,9.9,21,104.79,9,75,high_value
p_002944,minnow_payer,RU,ios,mid,organic,1,1,88,2024-03-15,2024-06-11,14,10.0,24,102.76,10,203,high_value
p_002924,minnow_payer,PH,android,low,organic,1,1,135,2024-01-31,2024-06-14,35,8.9,25,100.75,10,200,high_value
p_002977,minnow_payer,MX,ios,mid,tiktok,1,1,101,2024-06-21,2024-09-30,17,10.5,25,93.75,4,92,high_value
p_002997,minnow_payer,CA,ios,mid,facebook,1,1,97,2024-03-22,2024-06-27,14,9.1,25,92.75,6,187,high_value
p_002899,minnow_payer,US,ios,low,google,1,1,173,2024-01-02,2024-06-23,25,9.2,25,91.75,7,191,high_value
p_002955,minnow_payer,FR,android,mid,organic,1,1,134,2024-08-10,2024-12-22,16,8.3,21,88.79,11,9,high_value
p_002884,minnow_payer,IN,ios,high,facebook,1,1,109,2024-03-07,2024-06-24,15,9.8,24,87.76,12,190,high_value
p_002917,minnow_payer,RU,android,mid,organic,1,1,105,2024-05-14,2024-08-27,15,10.0,24,86.76,6,126,high_value
p_002897,minnow_payer,IT,android,mid,organic,1,1,143,2024-01-17,2024-06-08,35,9.3,24,85.76,4,206,high_value
p_002934,minnow_payer,US,android,low,facebook,1,0,161,2024-07-23,2024-12-31,22,9.9,22,84.78,3,0,high_value
p_002968,minnow_payer,GB,android,mid,facebook,1,1,121,2024-05-08,2024-09-06,7,9.0,16,82.84,10,116,high_value
p_002889,minnow_payer,IN,android,mid,facebook,1,1,162,2024-06-29,2024-12-08,16,8.1,16,78.84,5,23,high_value
p_002891,minnow_payer,AR,android,high,facebook,1,1,87,2024-03-21,2024-06-16,13,8.5,18,77.82,12,198,high_value
p_002928,minnow_payer,US,android,mid,applovin,1,1,238,2024-02-19,2024-10-14,30,9.6,21,77.79,12,78,high_value
p_002914,minnow_payer,GB,android,high,organic,1,1,235,2024-01-29,2024-09-20,51,9.2,21,76.79,11,102,high_value
p_002864,minnow_payer,IN,android,mid,organic,1,0,124,2024-08-29,2024-12-31,22,8.5,25,75.75,12,0,high_value
p_002886,minnow_payer,BR,android,low,google,1,1,181,2024-02-16,2024-08-15,22,10.0,13,74.87,13,138,high_value
p_002973,minnow_payer,BR,ios,mid,tiktok,1,1,123,2024-04-10,2024-08-11,13,9.0,21,73.79,13,142,high_value
p_002907,minnow_payer,ES,android,high,google,1,1,88,2024-06-11,2024-09-07,14,10.6,21,70.79,15,115,high_value
p_002992,minnow_payer,AU,ios,low,applovin,1,1,237,2024-04-22,2024-12-15,26,9.0,13,69.87,11,16,high_value
p_002873,minnow_payer,IT,android,mid,tiktok,1,1,153,2024-04-09,2024-09-09,29,9.8,17,69.83,15,113,high_value
p_002861,minnow_payer,US,android,low,facebook,1,1,80,2024-06-14,2024-09-02,15,8.8,16,68.84,9,120,high_value
p_002859,minnow_payer,BR,android,low,tiktok,1,1,133,2024-03-10,2024-07-21,16,8.9,20,67.8,10,163,high_value
p_002969,minnow_payer,US,ios,mid,google,1,1,211,2024-03-04,2024-10-01,28,9.1,22,66.78,14,91,high_value
p_002979,minnow_payer,PL,ios,high,facebook,1,1,136,2024-07-12,2024-11-25,24,9.4,16,65.84,6,36,high_value
p_002900,minnow_payer,US,ios,high,google,1,1,91,2024-09-30,2024-12-30,17,9.6,17,65.83,10,1,high_value
p_002912,minnow_payer,JP,ios,mid,organic,1,1,63,2024-08-31,2024-11-02,10,9.6,17,65.83,10,59,high_value
p_002877,minnow_payer,AU,android,mid,facebook,1,1,113,2024-03-17,2024-07-08,13,9.8,19,64.81,11,176,high_value
p_002996,minnow_payer,US,android,mid,facebook,1,0,116,2024-09-06,2024-12-31,20,9.1,12,63.88,4,0,high_value
p_002941,minnow_payer,DE,android,high,applovin,1,1,116,2024-06-07,2024-10-01,25,9.7,20,63.8,3,91,high_value
p_002890,minnow_payer,US,ios,high,organic,1,1,61,2024-06-27,2024-08-27,12,10.7,18,62.82,12,126,high_value
p_002936,minnow_payer,CA,ios,mid,applovin,1,1,73,2024-08-23,2024-11-04,10,8.9,18,62.82,5,57,high_value
p_002927,minnow_payer,ID,android,high,other,1,1,87,2024-03-06,2024-06-01,13,10.2,20,62.8,3,213,high_value
p_002943,minnow_payer,BR,ios,mid,other,1,0,137,2024-08-16,2024-12-31,26,10.1,21,62.79,3,0,high_value
p_002872,minnow_payer,GB,ios,low,organic,1,1,153,2024-05-03,2024-10-03,28,9.4,23,62.77,12,89,high_value
p_002984,minnow_payer,RU,ios,high,organic,1,1,201,2024-05-01,2024-11-18,34,9.5,16,61.84,9,43,high_value
p_002957,minnow_payer,PL,android,mid,facebook,1,1,130,2024-02-10,2024-06-19,27,10.2,13,60.87,13,195,high_value
p_002915,minnow_payer,US,ios,high,tiktok,1,0,127,2024-08-26,2024-12-31,16,8.9,24,60.76,4,0,high_value
p_002925,minnow_payer,GB,ios,mid,google,1,0,134,2024-08-19,2024-12-31,20,10.5,11,59.89,5,0,high_value
p_002875,minnow_payer,AU,android,mid,tiktok,1,1,80,2024-07-13,2024-10-01,14,9.5,13,58.87,4,91,high_value
p_002988,minnow_payer,ID,android,low,other,1,1,67,2024-01-29,2024-04-05,14,9.5,12,56.88,8,270,high_value
p_002983,minnow_payer,KR,ios,high,google,1,1,151,2024-05-13,2024-10-11,26,9.1,25,55.75,11,81,high_value
p_002949,minnow_payer,PL,ios,high,google,1,1,100,2024-09-15,2024-12-24,13,9.5,20,54.8,10,7,high_value
p_002149,engaged,IN,android,low,other,1,1,191,2024-03-03,2024-09-10,59,17.8,10,53.9,21,112,high_value
p_002920,minnow_payer,GB,ios,high,organic,1,1,177,2024-05-31,2024-11-24,22,10.8,14,53.86,8,37,high_value
p_002850,minnow_payer,BR,android,low,applovin,1,0,156,2024-07-28,2024-12-31,21,9.8,13,52.87,5,0,high_value
p_002987,minnow_payer,KR,ios,mid,applovin,1,0,108,2024-09-14,2024-12-31,13,7.7,10,51.9,14,0,high_value
p_002854,minnow_payer,TH,ios,mid,facebook,1,0,191,2024-06-23,2024-12-31,24,10.5,8,50.92,11,0,high_value
p_002942,minnow_payer,GB,ios,low,facebook,1,1,235,2024-04-12,2024-12-03,38,9.2,10,50.9,3,28,high_value
p_002956,minnow_payer,FR,ios,low,other,1,0,195,2024-06-19,2024-12-31,22,9.3,14,50.86,7,0,high_value
p_002867,minnow_payer,GB,android,low,organic,1,1,177,2024-04-11,2024-10-05,30,9.7,19,50.81,11,87,high_value
p_002853,minnow_payer,US,android,mid,organic,1,1,247,2024-03-30,2024-12-02,34,10.5,12,49.88,4,29,mid_value
p_002922,minnow_payer,US,android,low,applovin,1,1,161,2024-03-09,2024-08-17,33,9.4,19,49.81,8,136,mid_value
p_002970,minnow_payer,US,ios,high,unity_ads,1,1,72,2024-02-26,2024-05-08,12,8.4,13,48.87,6,237,mid_value
p_002910,minnow_payer,US,android,mid,facebook,1,0,151,2024-08-02,2024-12-31,19,8.6,13,47.87,7,0,mid_value
p_002966,minnow_payer,TR,android,low,organic,1,1,173,2024-06-16,2024-12-06,29,9.5,19,47.81,11,25,mid_value
p_002985,minnow_payer,AR,android,mid,organic,1,0,203,2024-06-11,2024-12-31,31,9.9,23,47.77,12,0,mid_value
p_002583,engaged,US,android,mid,organic,1,1,157,2024-06-07,2024-11-11,48,17.1,9,46.91,28,50,mid_value
p_002863,minnow_payer,US,ios,high,tiktok,1,1,114,2024-07-12,2024-11-03,16,9.9,13,46.87,8,58,mid_value
p_002967,minnow_payer,FR,ios,mid,applovin,1,1,70,2024-04-24,2024-07-03,12,10.0,9,45.91,11,181,mid_value
p_002991,minnow_payer,US,android,high,organic,1,1,236,2024-01-01,2024-08-24,46,10.1,11,45.89,11,129,mid_value
p_002937,minnow_payer,GB,ios,high,organic,1,1,167,2024-04-17,2024-10-01,22,9.6,14,44.86,13,91,mid_value
p_002963,minnow_payer,US,android,low,tiktok,1,0,145,2024-08-08,2024-12-31,22,9.6,23,44.77,8,0,mid_value
p_002909,minnow_payer,MX,android,low,organic,1,0,105,2024-09-17,2024-12-31,15,11.1,13,43.87,9,0,mid_value
p_002999,minnow_payer,MX,android,mid,facebook,1,1,73,2024-07-29,2024-10-10,13,10.2,4,42.96,15,82,mid_value
p_002950,minnow_payer,IN,ios,mid,facebook,1,0,199,2024-06-15,2024-12-31,20,9.6,12,42.88,14,0,mid_value
p_002887,minnow_payer,US,android,high,applovin,1,0,93,2024-09-29,2024-12-31,11,8.5,5,40.95,10,0,mid_value
p_002921,minnow_payer,DE,ios,high,facebook,1,1,103,2024-04-06,2024-07-18,11,10.3,14,40.86,4,166,mid_value
p_002885,minnow_payer,AU,android,low,organic,1,1,131,2024-06-15,2024-10-24,23,8.8,18,40.82,14,68,mid_value
p_002883,minnow_payer,JP,android,high,applovin,1,1,107,2024-05-06,2024-08-21,15,9.4,14,39.86,9,132,mid_value
p_002851,minnow_payer,DE,android,low,facebook,1,1,126,2024-04-19,2024-08-23,19,9.4,16,39.84,14,130,mid_value
p_002862,minnow_payer,US,ios,mid,unity_ads,1,1,188,2024-02-04,2024-08-10,28,9.8,16,38.84,12,143,mid_value
p_002901,minnow_payer,BR,android,mid,google,1,1,249,2024-01-11,2024-09-16,33,9.9,17,38.83,11,106,mid_value
p_002994,minnow_payer,US,android,mid,tiktok,1,1,239,2024-01-11,2024-09-06,41,9.6,20,38.8,8,116,mid_value
p_002978,minnow_payer,BR,android,mid,applovin,1,1,97,2024-02-04,2024-05-11,18,9.0,13,37.87,7,234,mid_value
p_002964,minnow_payer,KR,ios,mid,google,1,0,138,2024-08-15,2024-12-31,23,9.5,15,37.85,6,0,mid_value
p_002904,minnow_payer,TR,android,high,organic,1,1,124,2024-08-15,2024-12-17,18,9.8,4,36.96,13,14,mid_value
p_002856,minnow_payer,GB,android,mid,facebook,1,1,232,2024-02-12,2024-10-01,29,9.0,12,36.88,9,91,mid_value
p_002377,engaged,BR,android,low,organic,1,0,330,2024-02-05,2024-12-31,112,17.9,8,35.92,45,0,mid_value
p_002962,minnow_payer,AU,android,mid,applovin,1,1,221,2024-03-12,2024-10-19,33,9.7,10,35.9,7,73,mid_value
p_002965,minnow_payer,IN,android,mid,google,1,1,97,2024-04-26,2024-08-01,14,9.9,12,35.88,9,152,mid_value
p_002911,minnow_payer,FR,android,mid,applovin,1,1,184,2024-05-12,2024-11-12,23,9.4,13,35.87,8,49,mid_value
p_002554,engaged,ID,android,mid,facebook,1,0,222,2024-05-23,2024-12-31,53,18.3,7,34.93,60,0,mid_value
p_002981,minnow_payer,AR,ios,mid,organic,1,1,133,2024-06-17,2024-10-28,19,10.5,7,34.93,6,64,mid_value
p_002484,engaged,TR,android,high,facebook,1,1,223,2024-02-20,2024-09-30,67,17.8,11,33.89,31,92,mid_value
p_002434,engaged,TH,android,high,facebook,1,0,234,2024-05-11,2024-12-31,71,17.3,5,32.95,40,0,mid_value
p_002954,minnow_payer,TH,ios,high,facebook,1,0,119,2024-09-03,2024-12-31,23,10.3,7,32.93,3,0,mid_value
p_002940,minnow_payer,GB,ios,high,google,1,1,182,2024-02-17,2024-08-17,22,10.2,8,32.92,3,136,mid_value
p_002930,minnow_payer,US,ios,high,organic,1,0,154,2024-07-30,2024-12-31,18,8.1,8,32.92,8,0,mid_value
p_002938,minnow_payer,GB,android,low,google,1,1,161,2024-04-06,2024-09-14,29,10.4,11,32.89,5,108,mid_value
p_002893,minnow_payer,IN,android,low,organic,1,1,130,2024-03-30,2024-08-07,23,9.1,12,31.88,13,146,mid_value
p_002926,minnow_payer,JP,android,low,applovin,1,0,139,2024-08-14,2024-12-31,14,10.9,13,31.87,13,0,mid_value
p_002858,minnow_payer,CA,android,high,organic,1,1,156,2024-03-13,2024-08-16,22,9.7,12,30.88,5,137,mid_value
p_002870,minnow_payer,JP,android,mid,tiktok,1,1,112,2024-05-30,2024-09-19,13,9.3,14,30.86,5,103,mid_value
p_002948,minnow_payer,DE,android,low,other,1,1,237,2024-04-25,2024-12-18,29,9.0,16,30.84,5,13,mid_value
p_002895,minnow_payer,GB,android,low,applovin,1,1,203,2024-02-24,2024-09-14,32,9.7,14,29.86,4,108,mid_value
p_002871,minnow_payer,DE,android,mid,organic,1,0,118,2024-09-04,2024-12-31,13,9.9,13,28.87,13,0,mid_value
p_002082,burst,MX,android,low,organic,1,1,16,2024-05-27,2024-06-12,9,10.7,4,27.96,17,202,mid_value
p_002868,minnow_payer,US,ios,mid,facebook,1,1,61,2024-08-26,2024-10-26,9,10.6,5,27.95,15,66,mid_value
p_002980,minnow_payer,DE,android,mid,facebook,1,1,148,2024-04-09,2024-09-04,16,9.9,10,27.9,9,118,mid_value
p_002879,minnow_payer,IN,ios,high,organic,1,1,81,2024-07-23,2024-10-12,12,8.7,5,26.95,15,80,mid_value
p_002935,minnow_payer,KR,android,high,facebook,1,1,84,2024-06-02,2024-08-25,12,9.5,14,26.86,9,128,mid_value
p_002931,minnow_payer,IN,ios,low,facebook,1,1,78,2024-05-16,2024-08-02,11,9.8,14,26.86,10,151,mid_value
p_002878,minnow_payer,AU,ios,mid,applovin,1,1,147,2024-01-20,2024-06-15,29,9.7,15,26.85,3,199,mid_value
p_002452,engaged,RU,ios,low,unity_ads,1,1,123,2024-03-29,2024-07-30,41,15.5,5,25.95,59,154,mid_value
p_002913,minnow_payer,US,android,mid,facebook,1,1,166,2024-05-05,2024-10-18,27,11.0,5,25.95,6,74,mid_value
p_002923,minnow_payer,GB,ios,high,facebook,1,0,87,2024-10-05,2024-12-31,19,9.8,10,25.9,4,0,mid_value
p_002952,minnow_payer,KR,android,mid,facebook,1,0,115,2024-09-07,2024-12-31,17,9.6,14,25.86,11,0,mid_value
p_002307,engaged,TR,ios,high,applovin,1,1,130,2024-06-11,2024-10-19,36,16.9,3,22.97,65,73,mid_value
p_002972,minnow_payer,FR,android,low,organic,1,1,82,2024-05-04,2024-07-25,15,8.1,5,22.95,9,159,mid_value
p_002945,minnow_payer,MX,android,mid,organic,1,1,241,2024-02-22,2024-10-20,35,9.1,6,22.94,13,72,mid_value
p_002961,minnow_payer,US,ios,mid,google,1,1,125,2024-08-22,2024-12-25,13,8.7,8,21.92,6,6,mid_value
p_002896,minnow_payer,NL,android,mid,tiktok,1,1,194,2024-05-19,2024-11-29,32,7.8,8,21.92,6,32,mid_value
p_002317,engaged,IN,android,mid,organic,1,1,169,2024-03-12,2024-08-28,54,18.4,10,21.9,56,125,mid_value
p_002865,minnow_payer,IT,ios,high,organic,1,1,101,2024-07-25,2024-11-03,23,9.0,12,21.88,4,58,mid_value
p_002097,burst,US,ios,mid,facebook,1,1,19,2024-02-13,2024-03-03,18,12.6,6,19.94,3,303,mid_value
p_002874,minnow_payer,US,ios,mid,tiktok,1,0,149,2024-08-04,2024-12-31,16,9.8,9,19.91,11,0,mid_value
p_002995,minnow_payer,JP,android,low,google,1,1,221,2024-02-16,2024-09-24,30,9.5,7,18.93,15,98,mid_value
p_002960,minnow_payer,MX,android,low,unity_ads,1,1,128,2024-04-02,2024-08-08,11,11.5,9,18.91,10,145,mid_value
p_002971,minnow_payer,IN,android,low,organic,1,1,91,2024-02-04,2024-05-05,12,10.1,5,17.95,3,240,mid_value
p_002986,minnow_payer,GB,android,low,organic,1,1,105,2024-07-17,2024-10-30,12,8.6,9,17.91,15,62,mid_value
p_002427,engaged,CA,android,mid,google,1,0,165,2024-07-19,2024-12-31,64,17.4,8,16.92,47,0,mid_value
p_002892,minnow_payer,IN,android,low,organic,1,1,102,2024-03-02,2024-06-12,13,8.8,4,15.96,10,202,mid_value
p_002932,minnow_payer,US,android,mid,organic,1,1,116,2024-05-11,2024-09-04,15,9.6,4,15.96,11,118,mid_value
p_002426,engaged,JP,ios,low,facebook,1,0,208,2024-06-06,2024-12-31,49,19.5,8,15.92,45,0,mid_value
p_002953,minnow_payer,US,android,high,applovin,1,0,121,2024-09-01,2024-12-31,18,10.0,10,15.9,7,0,mid_value
p_002990,minnow_payer,US,ios,mid,applovin,1,1,238,2024-01-23,2024-09-17,35,10.5,6,14.94,12,105,mid_value
p_002903,minnow_payer,BR,android,low,facebook,1,0,171,2024-07-13,2024-12-31,14,10.2,9,14.91,9,0,mid_value
p_002998,minnow_payer,KR,android,low,organic,1,1,204,2024-04-15,2024-11-05,39,8.8,9,14.91,5,56,mid_value
p_002989,minnow_payer,US,android,mid,organic,1,1,78,2024-04-03,2024-06-20,10,10.2,4,13.96,4,194,mid_value
p_001828,burst,ID,android,high,facebook,1,1,18,2024-11-25,2024-12-13,15,13.0,6,13.94,11,18,mid_value
p_002902,minnow_payer,DE,android,mid,facebook,1,1,144,2024-05-07,2024-09-28,15,9.6,6,13.94,15,94,mid_value
p_002852,minnow_payer,KR,ios,high,organic,1,1,158,2024-07-22,2024-12-27,29,10.0,6,13.94,5,4,mid_value
p_002898,minnow_payer,NL,android,high,facebook,1,0,142,2024-08-11,2024-12-31,13,10.1,9,13.91,12,0,mid_value
p_002951,minnow_payer,US,android,low,organic,1,1,170,2024-06-17,2024-12-04,25,9.8,3,12.97,15,27,mid_value
p_002958,minnow_payer,US,android,low,organic,1,0,163,2024-07-21,2024-12-31,18,9.1,3,12.97,4,0,mid_value
p_002888,minnow_payer,JP,android,mid,organic,1,0,98,2024-09-24,2024-12-31,15,9.1,4,12.96,13,0,mid_value
p_002946,minnow_payer,US,ios,mid,organic,1,0,229,2024-05-16,2024-12-31,38,9.6,5,12.95,9,0,mid_value
p_002905,minnow_payer,NL,android,low,applovin,1,1,167,2024-07-08,2024-12-22,20,10.4,3,11.97,6,9,mid_value
p_002882,minnow_payer,NL,ios,low,other,1,0,173,2024-07-11,2024-12-31,25,9.1,3,11.97,8,0,mid_value
p_002869,minnow_payer,US,android,low,organic,1,1,245,2024-02-11,2024-10-13,39,9.9,7,11.93,13,79,mid_value
p_002918,minnow_payer,ES,ios,mid,organic,1,1,112,2024-02-29,2024-06-20,17,9.5,7,11.93,11,194,mid_value
p_002522,engaged,SE,android,low,facebook,1,0,188,2024-06-26,2024-12-31,48,16.5,2,10.98,50,0,mid_value
p_002056,burst,GB,android,mid,organic,1,1,18,2024-06-27,2024-07-15,8,9.3,3,10.97,9,169,mid_value
p_001813,burst,US,android,low,organic,1,1,17,2024-08-26,2024-09-12,10,13.9,3,10.97,5,110,mid_value
p_002919,minnow_payer,AU,android,mid,google,1,1,137,2024-05-13,2024-09-27,28,9.1,3,10.97,9,95,mid_value
p_001815,burst,MX,android,mid,organic,1,0,13,2024-12-18,2024-12-31,14,12.9,6,10.94,12,0,mid_value
p_002908,minnow_payer,FR,android,low,other,1,1,139,2024-05-24,2024-10-10,12,11.5,5,9.95,3,82,low_value
p_002916,minnow_payer,US,ios,high,applovin,1,0,226,2024-05-19,2024-12-31,31,9.2,5,9.95,12,0,low_value
p_002857,minnow_payer,NL,android,mid,google,1,0,222,2024-05-23,2024-12-31,28,9.6,5,9.95,13,0,low_value
p_002993,minnow_payer,JP,android,mid,google,1,1,110,2024-04-15,2024-08-03,21,10.1,7,9.93,14,150,low_value
p_002933,minnow_payer,US,ios,mid,google,1,1,128,2024-07-10,2024-11-15,17,9.5,5,8.95,13,46,low_value
p_002975,minnow_payer,MX,ios,high,google,1,1,201,2024-05-13,2024-11-30,25,8.8,7,8.93,6,31,low_value
p_002860,minnow_payer,JP,ios,high,organic,1,0,157,2024-07-27,2024-12-31,20,9.4,3,7.97,14,0,low_value
p_002022,burst,BR,ios,mid,applovin,1,1,13,2024-12-13,2024-12-26,7,14.8,3,7.97,8,5,low_value
p_002974,minnow_payer,BR,ios,low,organic,1,0,119,2024-09-03,2024-12-31,23,9.5,6,7.94,14,0,low_value
p_002876,minnow_payer,CA,ios,mid,facebook,1,0,167,2024-07-17,2024-12-31,22,9.6,3,6.97,3,0,low_value
p_001807,burst,AU,android,high,google,1,1,15,2024-04-04,2024-04-19,13,11.3,2,5.98,18,256,low_value
p_001486,casual,US,android,mid,organic,1,1,37,2024-06-05,2024-07-12,2,5.6,2,5.98,8,172,low_value
p_002939,minnow_payer,KR,android,mid,tiktok,1,1,101,2024-01-21,2024-05-01,16,9.5,5,5.95,8,244,low_value
p_001295,casual,FR,android,mid,organic,1,1,77,2024-01-02,2024-03-19,7,4.7,4,4.96,0,287,low_value
p_002880,minnow_payer,BR,ios,mid,unity_ads,1,1,129,2024-02-18,2024-06-26,23,8.6,4,4.96,6,188,low_value
p_002478,engaged,CA,ios,high,other,1,1,139,2024-06-19,2024-11-05,40,17.1,4,4.96,29,56,low_value
p_001383,casual,AU,android,high,google,1,1,74,2024-09-29,2024-12-12,13,6.6,4,4.96,5,19,low_value
p_001916,burst,RU,ios,mid,organic,1,1,8,2024-01-02,2024-01-10,10,13.2,5,4.95,1,356,low_value
p_001261,casual,MX,ios,high,facebook,1,1,61,2024-08-11,2024-10-11,3,7.1,2,3.98,6,81,low_value
p_002881,minnow_payer,SE,android,mid,google,1,0,163,2024-07-21,2024-12-31,24,7.9,3,3.97,6,0,low_value
p_002906,minnow_payer,BR,android,low,applovin,1,1,171,2024-02-23,2024-08-12,23,9.6,3,3.97,14,141,low_value
p_002866,minnow_payer,US,android,mid,tiktok,1,1,138,2024-05-03,2024-09-18,21,9.6,4,3.96,6,104,low_value
p_002982,minnow_payer,BR,ios,high,tiktok,1,1,173,2024-03-27,2024-09-16,25,8.3,4,3.96,10,106,low_value
p_002305,engaged,CA,ios,mid,applovin,1,1,146,2024-07-16,2024-12-09,52,18.4,2,2.98,25,22,low_value
p_002855,minnow_payer,ID,android,mid,organic,1,0,163,2024-07-21,2024-12-31,30,9.0,3,2.97,9,0,low_value
p_001968,burst,BR,android,high,google,1,1,9,2024-08-19,2024-08-28,9,14.5,1,1.99,5,125,low_value
p_001569,casual,DE,android,high,tiktok,1,1,14,2024-07-03,2024-07-17,2,7.5,1,1.99,4,167,low_value
p_002527,engaged,US,android,low,organic,1,0,166,2024-07-18,2024-12-31,62,18.7,2,1.98,41,0,low_value
p_001875,burst,JP,ios,low,facebook,1,1,9,2024-06-13,2024-06-22,6,12.5,2,1.98,14,192,low_value
p_002450,engaged,ID,ios,high,tiktok,1,1,230,2024-02-16,2024-10-03,74,18.5,2,1.98,50,89,low_value
p_000665,casual,US,android,mid,organic,1,1,84,2024-02-13,2024-05-07,4,5.3,2,1.98,4,238,low_value
p_001492,casual,BR,android,mid,google,1,1,40,2024-11-19,2024-12-29,1,5.3,1,0.99,0,2,low_value
p_000861,casual,US,android,mid,applovin,0,0,0,2024-12-31,2024-12-31,0,0.0,0,0.0,1,0,low_value
p_000541,casual,IT,android,mid,organic,0,1,75,2024-06-25,2024-09-08,6,7.5,0,0.0,0,114,low_value
p_000023,early_churn,CA,ios,mid,applovin,0,1,3,2024-05-10,2024-05-13,1,4.7,0,0.0,0,232,low_value
p_000051,early_churn,US,ios,low,tiktok,0,1,3,2024-12-21,2024-12-24,1,4.6,0,0.0,0,7,low_value
p_000124,early_churn,BR,ios,mid,facebook,0,1,3,2024-05-31,2024-06-03,1,3.9,0,0.0,0,211,low_value
p_000197,early_churn,DE,ios,low,facebook,0,1,3,2024-09-03,2024-09-06,1,3.0,0,0.0,0,116,low_value
p_000204,early_churn,RU,ios,high,applovin,0,1,3,2024-05-26,2024-05-29,1,2.6,0,0.0,1,216,low_value
p_000053,early_churn,MX,ios,high,organic,0,1,3,2024-06-27,2024-06-30,1,3.7,0,0.0,0,184,low_value
p_000206,early_churn,US,ios,low,google,0,1,3,2024-01-27,2024-01-30,1,2.6,0,0.0,0,336,low_value
p_000180,early_churn,KR,android,mid,google,0,1,3,2024-04-07,2024-04-10,1,4.4,0,0.0,1,265,low_value
p_000128,early_churn,TH,android,low,organic,0,1,3,2024-05-10,2024-05-13,1,3.0,0,0.0,1,232,low_value
p_000164,early_churn,US,android,mid,applovin,0,1,3,2024-01-28,2024-01-31,1,1.9,0,0.0,0,335,low_value
p_000239,early_churn,US,android,mid,organic,0,1,3,2024-01-03,2024-01-06,1,1.6,0,0.0,0,360,low_value
p_000284,early_churn,GB,android,high,organic,0,1,3,2024-08-03,2024-08-06,1,4.3,0,0.0,1,147,low_value
p_000292,early_churn,FR,ios,high,organic,0,1,3,2024-05-04,2024-05-07,1,2.5,0,0.0,1,238,low_value
p_000229,early_churn,KR,android,low,google,0,1,3,2024-04-02,2024-04-05,1,1.8,0,0.0,0,270,low_value
p_000049,early_churn,US,android,low,tiktok,0,1,3,2024-12-07,2024-12-10,1,4.9,0,0.0,1,21,low_value
p_000234,early_churn,ES,android,high,unity_ads,0,1,3,2024-07-02,2024-07-05,1,3.3,0,0.0,0,179,low_value
p_000020,early_churn,DE,android,low,organic,0,1,3,2024-08-18,2024-08-21,1,3.6,0,0.0,1,132,low_value
p_000025,early_churn,CA,android,low,organic,0,1,3,2024-01-05,2024-01-08,1,3.7,0,0.0,0,358,low_value
p_000072,early_churn,AU,ios,mid,facebook,0,1,3,2024-08-25,2024-08-28,1,3.0,0,0.0,1,125,low_value
p_000225,early_churn,DE,ios,high,organic,0,1,3,2024-02-06,2024-02-09,1,1.8,0,0.0,1,326,low_value
p_000160,early_churn,JP,ios,mid,organic,0,1,3,2024-06-10,2024-06-13,1,3.7,0,0.0,0,201,low_value
p_000218,early_churn,IN,android,low,organic,0,1,3,2024-04-27,2024-04-30,1,4.9,0,0.0,1,245,low_value
p_000156,early_churn,NL,ios,mid,other,0,1,3,2024-07-05,2024-07-08,1,1.5,0,0.0,0,176,low_value
p_000582,casual,US,ios,mid,organic,0,0,3,2024-12-28,2024-12-31,1,6.4,0,0.0,4,0,low_value
p_000106,early_churn,FR,android,low,facebook,0,1,3,2024-12-16,2024-12-19,1,3.9,0,0.0,1,12,low_value
p_000245,early_churn,GB,android,mid,facebook,0,1,3,2024-05-31,2024-06-03,1,1.1,0,0.0,0,211,low_value
p_000165,early_churn,TR,android,high,facebook,0,1,3,2024-08-10,2024-08-13,1,1.8,0,0.0,1,140,low_value
p_000102,early_churn,US,android,mid,facebook,0,1,3,2024-04-29,2024-05-02,1,1.1,0,0.0,0,243,low_value
p_000090,early_churn,FR,android,mid,organic,0,1,3,2024-12-14,2024-12-17,1,3.1,0,0.0,0,14,low_value
p_000286,early_churn,PL,ios,high,organic,0,1,3,2024-04-30,2024-05-03,1,2.8,0,0.0,1,242,low_value
p_000220,early_churn,ES,ios,mid,other,0,1,3,2024-12-19,2024-12-22,1,3.1,0,0.0,0,9,low_value
p_000174,early_churn,US,android,mid,organic,0,1,3,2024-11-02,2024-11-05,1,2.5,0,0.0,1,56,low_value
p_000088,early_churn,KR,android,low,organic,0,1,3,2024-11-05,2024-11-08,1,1.6,0,0.0,1,53,low_value
p_000026,early_churn,US,ios,mid,applovin,0,1,3,2024-02-18,2024-02-21,1,2.3,0,0.0,0,314,low_value
p_000044,early_churn,GB,android,high,facebook,0,1,3,2024-10-25,2024-10-28,1,3.9,0,0.0,1,64,low_value
p_000222,early_churn,AU,android,mid,facebook,0,1,3,2024-07-01,2024-07-04,1,3.0,0,0.0,0,180,low_value
p_000127,early_churn,JP,android,high,other,0,1,3,2024-02-07,2024-02-10,1,3.3,0,0.0,0,325,low_value
p_000152,early_churn,BR,ios,high,organic,0,1,3,2024-11-24,2024-11-27,1,4.3,0,0.0,0,34,low_value
p_000100,early_churn,ID,ios,mid,facebook,0,1,3,2024-04-20,2024-04-23,1,2.7,0,0.0,1,252,low_value
p_000531,casual,RU,android,mid,applovin,0,0,4,2024-12-27,2024-12-31,1,3.7,0,0.0,0,0,low_value
p_000760,casual,MX,android,mid,unity_ads,0,0,5,2024-12-26,2024-12-31,1,5.2,0,0.0,5,0,low_value
p_000341,casual,BR,ios,high,organic,0,0,6,2024-12-25,2024-12-31,1,9.1,0,0.0,5,0,low_value
p_000703,casual,US,android,low,organic,0,0,7,2024-12-24,2024-12-31,1,7.3,0,0.0,0,0,low_value
p_001509,casual,US,android,low,facebook,0,0,9,2024-12-22,2024-12-31,1,3.7,0,0.0,6,0,low_value
p_001557,casual,ES,ios,mid,facebook,0,0,9,2024-12-22,2024-12-31,1,4.3,0,0.0,2,0,low_value
p_000445,casual,US,android,high,organic,0,0,10,2024-12-21,2024-12-31,1,5.2,0,0.0,1,0,low_value
p_001171,casual,DE,ios,mid,tiktok,0,0,11,2024-12-20,2024-12-31,1,3.6,0,0.0,8,0,low_value
p_000424,casual,GB,android,mid,applovin,0,0,12,2024-12-19,2024-12-31,1,4.1,0,0.0,3,0,low_value
p_000496,casual,US,android,mid,google,0,1,14,2024-09-09,2024-09-23,1,8.2,0,0.0,1,99,low_value
p_001564,casual,NL,android,low,organic,0,0,14,2024-12-17,2024-12-31,1,6.5,0,0.0,7,0,low_value
p_000660,casual,KR,android,mid,organic,0,0,14,2024-12-17,2024-12-31,1,7.6,0,0.0,6,0,low_value
p_001693,casual,TH,android,low,organic,0,1,14,2024-11-09,2024-11-23,1,4.3,0,0.0,3,38,low_value
p_001345,casual,JP,ios,high,applovin,0,1,14,2024-03-08,2024-03-22,1,6.8,0,0.0,1,284,low_value
p_001796,casual,MX,android,mid,facebook,0,1,14,2024-09-06,2024-09-20,1,6.7,0,0.0,0,102,low_value
p_001657,casual,GB,ios,high,organic,0,1,15,2024-04-07,2024-04-22,1,8.0,0,0.0,3,253,low_value
p_001606,casual,DE,ios,high,unity_ads,0,1,15,2024-04-25,2024-05-10,1,7.7,0,0.0,2,235,low_value
p_000732,casual,ES,android,mid,google,0,1,15,2024-02-13,2024-02-28,1,6.3,0,0.0,1,307,low_value
p_000403,casual,US,android,mid,applovin,0,1,15,2024-02-27,2024-03-13,1,6.2,0,0.0,3,293,low_value
p_000499,casual,FR,ios,high,organic,0,1,15,2024-03-11,2024-03-26,1,3.4,0,0.0,0,280,low_value
p_001278,casual,GB,ios,low,facebook,0,1,15,2024-06-27,2024-07-12,1,4.2,0,0.0,7,172,low_value
p_000958,casual,DE,ios,low,tiktok,0,0,15,2024-12-16,2024-12-31,1,8.7,0,0.0,3,0,low_value
p_000719,casual,PL,ios,high,unity_ads,0,1,15,2024-02-07,2024-02-22,1,6.5,0,0.0,1,313,low_value
p_001637,casual,IN,ios,mid,facebook,0,1,15,2024-09-10,2024-09-25,1,5.4,0,0.0,2,97,low_value
p_001463,casual,GB,android,mid,facebook,0,1,15,2024-06-19,2024-07-04,1,6.2,0,0.0,6,180,low_value
p_001451,casual,IN,android,mid,other,0,1,15,2024-10-19,2024-11-03,1,6.3,0,0.0,2,58,low_value
p_000823,casual,US,ios,low,applovin,0,1,16,2024-04-15,2024-05-01,1,6.6,0,0.0,3,244,low_value
p_000986,casual,US,android,low,tiktok,0,1,16,2024-02-04,2024-02-20,1,8.1,0,0.0,3,315,low_value
p_001792,casual,SE,android,mid,applovin,0,0,16,2024-12-15,2024-12-31,1,9.4,0,0.0,1,0,low_value
p_000894,casual,PL,ios,low,organic,0,1,16,2024-03-28,2024-04-13,1,5.8,0,0.0,8,262,low_value
p_000790,casual,GB,ios,mid,google,0,0,16,2024-12-15,2024-12-31,1,5.7,0,0.0,1,0,low_value
p_001558,casual,MX,ios,high,applovin,0,0,16,2024-12-15,2024-12-31,1,3.4,0,0.0,2,0,low_value
p_001477,casual,DE,android,mid,organic,0,1,16,2024-07-08,2024-07-24,1,8.2,0,0.0,1,160,low_value
p_001027,casual,US,android,low,facebook,0,1,16,2024-01-13,2024-01-29,1,9.1,0,0.0,2,337,low_value
p_000740,casual,US,android,mid,applovin,0,1,16,2024-07-24,2024-08-09,1,7.6,0,0.0,7,144,low_value
p_001221,casual,GB,android,low,google,0,1,17,2024-08-14,2024-08-31,1,8.5,0,0.0,8,122,low_value
p_001556,casual,JP,android,high,facebook,0,0,17,2024-12-14,2024-12-31,1,3.0,0,0.0,5,0,low_value
p_001705,casual,FR,android,high,facebook,0,1,17,2024-03-05,2024-03-22,1,8.1,0,0.0,7,284,low_value
p_001365,casual,ES,android,mid,applovin,0,1,17,2024-08-25,2024-09-11,1,6.9,0,0.0,2,111,low_value
p_000927,casual,GB,ios,mid,facebook,0,1,17,2024-11-20,2024-12-07,1,7.5,0,0.0,8,24,low_value
p_000782,casual,GB,ios,low,unity_ads,0,0,17,2024-12-14,2024-12-31,1,4.8,0,0.0,0,0,low_value
p_000951,casual,CA,ios,high,applovin,0,1,17,2024-11-03,2024-11-20,1,3.0,0,0.0,5,41,low_value
p_001291,casual,IT,ios,high,other,0,1,18,2024-03-29,2024-04-16,1,9.9,0,0.0,3,259,low_value
p_001590,casual,CA,android,mid,applovin,0,1,18,2024-06-04,2024-06-22,1,3.8,0,0.0,1,192,low_value
p_001401,casual,JP,ios,high,tiktok,0,0,18,2024-12-13,2024-12-31,1,6.2,0,0.0,5,0,low_value
p_001473,casual,AU,android,mid,tiktok,0,1,18,2024-06-06,2024-06-24,1,8.0,0,0.0,8,190,low_value
p_001547,casual,BR,android,low,facebook,0,1,18,2024-06-25,2024-07-13,1,6.0,0,0.0,2,171,low_value
p_000393,casual,AR,android,low,applovin,0,1,18,2024-11-09,2024-11-27,1,8.9,0,0.0,3,34,low_value
p_000570,casual,KR,ios,high,applovin,0,1,18,2024-08-19,2024-09-06,1,6.0,0,0.0,7,116,low_value
p_000362,casual,SE,ios,high,facebook,0,1,19,2024-05-11,2024-05-30,1,5.8,0,0.0,5,215,low_value
p_001648,casual,IN,android,high,other,0,1,19,2024-08-26,2024-09-14,1,3.6,0,0.0,5,108,low_value
p_001567,casual,US,ios,low,organic,0,1,19,2024-11-02,2024-11-21,1,4.0,0,0.0,6,40,low_value
p_001662,casual,IN,ios,high,facebook,0,1,19,2024-10-27,2024-11-15,1,4.2,0,0.0,8,46,low_value
p_001321,casual,JP,ios,mid,applovin,0,0,19,2024-12-12,2024-12-31,1,5.9,0,0.0,0,0,low_value
p_001071,casual,ES,android,low,other,0,1,19,2024-09-28,2024-10-17,1,8.3,0,0.0,2,75,low_value
p_000493,casual,ES,ios,mid,facebook,0,1,19,2024-02-15,2024-03-05,1,6.2,0,0.0,3,301,low_value
p_001222,casual,US,android,low,organic,0,1,20,2024-11-26,2024-12-16,1,6.2,0,0.0,0,15,low_value
p_001720,casual,JP,ios,high,facebook,0,0,20,2024-12-11,2024-12-31,1,8.1,0,0.0,4,0,low_value
p_000594,casual,MX,android,low,unity_ads,0,1,20,2024-08-11,2024-08-31,1,6.6,0,0.0,0,122,low_value
p_001294,casual,IN,ios,low,tiktok,0,1,20,2024-03-19,2024-04-08,1,6.0,0,0.0,1,267,low_value
p_000372,casual,AU,ios,low,facebook,0,1,20,2024-11-05,2024-11-25,1,8.1,0,0.0,5,36,low_value
p_001479,casual,JP,ios,mid,applovin,0,1,20,2024-01-16,2024-02-05,1,9.5,0,0.0,2,330,low_value
p_001205,casual,IT,ios,mid,facebook,0,1,21,2024-07-26,2024-08-16,1,6.2,0,0.0,6,137,low_value
p_001069,casual,KR,android,mid,facebook,0,1,21,2024-01-28,2024-02-18,1,6.3,0,0.0,5,317,low_value
p_001019,casual,US,android,high,facebook,0,1,21,2024-11-17,2024-12-08,1,3.3,0,0.0,1,23,low_value
p_001517,casual,TR,android,high,facebook,0,1,21,2024-10-11,2024-11-01,1,8.2,0,0.0,8,60,low_value
p_000317,casual,US,android,high,tiktok,0,1,21,2024-09-26,2024-10-17,1,7.1,0,0.0,2,75,low_value
p_000385,casual,BR,android,low,google,0,1,22,2024-04-16,2024-05-08,1,5.7,0,0.0,0,237,low_value
p_000504,casual,US,android,low,applovin,0,1,22,2024-10-19,2024-11-10,1,7.6,0,0.0,3,51,low_value
p_001107,casual,US,android,low,applovin,0,1,22,2024-07-09,2024-07-31,1,6.8,0,0.0,7,153,low_value
p_001690,casual,KR,android,mid,applovin,0,1,22,2024-08-06,2024-08-28,1,6.8,0,0.0,8,125,low_value
p_001206,casual,GB,ios,mid,organic,0,1,23,2024-09-05,2024-09-28,1,3.2,0,0.0,3,94,low_value
p_001408,casual,BR,android,low,google,0,1,23,2024-11-18,2024-12-11,1,8.4,0,0.0,4,20,low_value
p_001750,casual,CA,android,low,organic,0,1,23,2024-01-19,2024-02-11,1,3.9,0,0.0,3,324,low_value
p_001749,casual,DE,ios,mid,facebook,0,1,24,2024-05-05,2024-05-29,1,6.8,0,0.0,6,216,low_value
p_001203,casual,GB,android,mid,google,0,1,24,2024-02-09,2024-03-04,1,7.4,0,0.0,3,302,low_value
p_000798,casual,IN,android,low,facebook,0,0,24,2024-12-07,2024-12-31,1,8.7,0,0.0,1,0,low_value
p_000701,casual,US,ios,high,organic,0,0,24,2024-12-07,2024-12-31,1,7.5,0,0.0,0,0,low_value
p_001135,casual,IN,android,low,tiktok,0,1,24,2024-10-31,2024-11-24,1,8.3,0,0.0,6,37,low_value
p_001699,casual,IN,ios,low,facebook,0,1,24,2024-02-23,2024-03-18,1,6.9,0,0.0,2,288,low_value
p_000887,casual,JP,android,high,facebook,0,1,24,2024-12-05,2024-12-29,1,3.4,0,0.0,6,2,low_value
p_001769,casual,DE,ios,mid,tiktok,0,1,25,2024-12-06,2024-12-31,1,5.7,0,0.0,4,0,low_value
p_000730,casual,US,android,high,applovin,0,1,25,2024-03-30,2024-04-24,1,7.9,0,0.0,3,251,low_value
p_001616,casual,RU,android,mid,google,0,1,25,2024-04-30,2024-05-25,1,7.1,0,0.0,2,220,low_value
p_000337,casual,JP,ios,high,facebook,0,0,25,2024-12-06,2024-12-31,1,8.0,0,0.0,8,0,low_value
p_000633,casual,AR,android,low,facebook,0,1,25,2024-09-03,2024-09-28,1,3.8,0,0.0,0,94,low_value
p_001734,casual,CA,android,mid,applovin,0,0,25,2024-12-06,2024-12-31,1,3.8,0,0.0,0,0,low_value
p_000560,casual,KR,android,mid,unity_ads,0,1,25,2024-04-21,2024-05-16,1,7.7,0,0.0,4,229,low_value
p_001766,casual,FR,android,low,google,0,1,25,2024-10-18,2024-11-12,1,8.7,0,0.0,1,49,low_value
p_001555,casual,US,ios,high,unity_ads,0,1,25,2024-05-20,2024-06-14,1,3.5,0,0.0,3,200,low_value
p_001150,casual,MX,android,mid,organic,0,1,26,2024-08-05,2024-08-31,1,4.1,0,0.0,7,122,low_value
p_001438,casual,US,android,mid,google,0,0,26,2024-12-05,2024-12-31,1,5.9,0,0.0,4,0,low_value
p_001028,casual,US,ios,high,organic,0,1,26,2024-06-08,2024-07-04,1,4.9,0,0.0,1,180,low_value
p_001619,casual,NL,ios,high,google,0,1,26,2024-08-07,2024-09-02,1,5.7,0,0.0,0,120,low_value
p_001287,casual,NL,android,mid,google,0,1,26,2024-09-19,2024-10-15,1,8.3,0,0.0,6,77,low_value
p_001689,casual,DE,ios,high,organic,0,1,27,2024-03-26,2024-04-22,1,7.4,0,0.0,2,253,low_value
p_000482,casual,US,ios,mid,google,0,1,27,2024-08-09,2024-09-05,1,9.3,0,0.0,3,117,low_value
p_000853,casual,US,android,high,facebook,0,1,27,2024-10-07,2024-11-03,1,9.5,0,0.0,4,58,low_value
p_000599,casual,TR,ios,mid,facebook,0,0,27,2024-12-04,2024-12-31,1,3.6,0,0.0,0,0,low_value
p_000460,casual,US,android,mid,facebook,0,1,27,2024-10-13,2024-11-09,1,4.3,0,0.0,4,52,low_value
p_001200,casual,TR,android,high,facebook,0,1,27,2024-08-10,2024-09-06,1,6.3,0,0.0,1,116,low_value
p_001087,casual,US,android,mid,tiktok,0,1,27,2024-11-11,2024-12-08,1,9.5,0,0.0,3,23,low_value
p_001688,casual,TR,ios,high,facebook,0,1,27,2024-04-12,2024-05-09,1,9.3,0,0.0,3,236,low_value
p_001404,casual,FR,android,low,applovin,0,0,28,2024-12-03,2024-12-31,1,6.7,0,0.0,4,0,low_value
p_001789,casual,KR,android,mid,facebook,0,1,28,2024-01-09,2024-02-06,1,3.1,0,0.0,1,329,low_value
p_000802,casual,ES,ios,mid,tiktok,0,1,28,2024-06-11,2024-07-09,1,6.7,0,0.0,8,175,low_value
p_001282,casual,TR,ios,high,google,0,0,29,2024-12-02,2024-12-31,1,6.0,0,0.0,2,0,low_value
p_001621,casual,TR,ios,high,applovin,0,1,29,2024-04-19,2024-05-18,1,8.2,0,0.0,0,227,low_value
p_001493,casual,KR,android,low,facebook,0,1,29,2024-05-06,2024-06-04,1,7.5,0,0.0,0,210,low_value
p_000632,casual,GB,android,mid,tiktok,0,1,29,2024-03-19,2024-04-17,1,3.5,0,0.0,7,258,low_value
p_000381,casual,US,android,mid,organic,0,1,30,2024-05-01,2024-05-31,1,3.5,0,0.0,3,214,low_value
p_000830,casual,US,android,low,organic,0,0,31,2024-11-30,2024-12-31,1,4.8,0,0.0,2,0,low_value
p_000867,casual,JP,ios,low,facebook,0,1,32,2024-09-02,2024-10-04,1,3.2,0,0.0,7,88,low_value
p_001353,casual,DE,ios,mid,tiktok,0,1,32,2024-10-28,2024-11-29,1,8.6,0,0.0,6,32,low_value
p_001077,casual,BR,android,mid,facebook,0,1,33,2024-04-04,2024-05-07,1,5.9,0,0.0,7,238,low_value
p_001375,casual,JP,ios,mid,organic,0,0,33,2024-11-28,2024-12-31,1,9.3,0,0.0,2,0,low_value
p_001262,casual,CA,ios,low,tiktok,0,1,33,2024-07-25,2024-08-27,1,6.5,0,0.0,1,126,low_value
p_001472,casual,US,android,low,organic,0,1,34,2024-02-13,2024-03-18,1,5.0,0,0.0,4,288,low_value
p_000889,casual,ES,android,mid,unity_ads,0,1,35,2024-08-18,2024-09-22,1,5.7,0,0.0,8,100,low_value
p_001752,casual,US,ios,high,organic,0,1,35,2024-11-15,2024-12-20,1,8.9,0,0.0,5,11,low_value
p_001683,casual,TH,ios,mid,facebook,0,1,36,2024-10-11,2024-11-16,1,8.9,0,0.0,1,45,low_value
p_001062,casual,MX,ios,high,organic,0,1,36,2024-09-08,2024-10-14,1,7.3,0,0.0,6,78,low_value
p_000795,casual,ES,android,low,organic,0,1,37,2024-05-12,2024-06-18,1,4.7,0,0.0,4,196,low_value
p_000094,early_churn,TH,android,mid,organic,0,1,3,2024-07-19,2024-07-22,1,5.0,0,0.0,0,162,low_value
p_000534,casual,IN,ios,low,unity_ads,0,1,40,2024-11-09,2024-12-19,1,4.7,0,0.0,4,12,low_value
p_000549,casual,MX,android,low,tiktok,0,1,40,2024-01-19,2024-02-28,1,4.9,0,0.0,2,307,low_value
p_000921,casual,US,ios,high,organic,0,1,40,2024-04-22,2024-06-01,1,4.2,0,0.0,8,213,low_value
p_001162,casual,GB,android,mid,organic,0,1,40,2024-04-23,2024-06-02,1,8.5,0,0.0,2,212,low_value
p_000585,casual,US,android,low,organic,0,0,43,2024-11-18,2024-12-31,1,3.5,0,0.0,6,0,low_value
p_000752,casual,BR,android,low,unity_ads,0,1,44,2024-08-07,2024-09-20,1,5.9,0,0.0,0,102,low_value
p_001011,casual,FR,ios,low,facebook,0,0,45,2024-11-16,2024-12-31,1,6.2,0,0.0,0,0,low_value
p_001226,casual,IN,android,mid,applovin,0,1,45,2024-06-27,2024-08-11,1,10.0,0,0.0,1,142,low_value
p_001050,casual,US,ios,low,facebook,0,1,45,2024-08-11,2024-09-25,1,7.3,0,0.0,0,97,low_value
p_000832,casual,GB,android,mid,facebook,0,1,47,2024-07-22,2024-09-07,1,6.3,0,0.0,8,115,low_value
p_001732,casual,CA,ios,mid,organic,0,1,47,2024-07-22,2024-09-07,1,3.7,0,0.0,8,115,low_value
p_001063,casual,CA,android,low,google,0,1,47,2024-07-19,2024-09-04,1,7.5,0,0.0,1,118,low_value
p_001692,casual,FR,ios,high,organic,0,1,47,2024-03-23,2024-05-09,1,6.1,0,0.0,5,236,low_value
p_001726,casual,US,android,low,organic,0,1,47,2024-01-07,2024-02-23,1,4.2,0,0.0,3,312,low_value
p_000808,casual,GB,android,low,organic,0,1,48,2024-07-22,2024-09-08,1,6.9,0,0.0,6,114,low_value
p_000857,casual,ID,ios,low,tiktok,0,1,48,2024-06-16,2024-08-03,1,8.8,0,0.0,0,150,low_value
p_001325,casual,US,ios,mid,google,0,1,49,2024-06-09,2024-07-28,1,9.7,0,0.0,8,156,low_value
p_000404,casual,CA,ios,low,organic,0,1,50,2024-04-09,2024-05-29,1,7.6,0,0.0,5,216,low_value
p_000971,casual,PL,ios,mid,organic,0,1,51,2024-04-25,2024-06-15,1,9.4,0,0.0,8,199,low_value
p_001202,casual,FR,ios,mid,organic,0,1,52,2024-02-11,2024-04-03,1,7.1,0,0.0,7,272,low_value
p_001103,casual,GB,ios,mid,organic,0,1,53,2024-03-16,2024-05-08,1,7.4,0,0.0,4,237,low_value
p_001315,casual,ES,ios,high,organic,0,1,54,2024-05-31,2024-07-24,1,5.4,0,0.0,6,160,low_value
p_001110,casual,RU,android,mid,unity_ads,0,1,55,2024-02-12,2024-04-07,1,5.9,0,0.0,2,268,low_value
p_001380,casual,JP,android,low,organic,0,1,57,2024-08-14,2024-10-10,1,5.4,0,0.0,4,82,low_value
p_001508,casual,ES,android,mid,organic,0,1,60,2024-02-21,2024-04-21,1,5.1,0,0.0,5,254,low_value
p_001725,casual,KR,android,low,google,0,1,63,2024-04-07,2024-06-09,1,3.8,0,0.0,3,205,low_value
p_001267,casual,DE,android,mid,facebook,0,1,65,2024-03-01,2024-05-05,1,9.4,0,0.0,8,240,low_value
p_001119,casual,US,android,low,organic,0,1,65,2024-05-21,2024-07-25,1,4.6,0,0.0,1,159,low_value
p_001757,casual,US,android,high,organic,0,1,67,2024-02-22,2024-04-29,1,8.3,0,0.0,4,246,low_value
p_001248,casual,BR,android,low,facebook,0,1,69,2024-03-12,2024-05-20,1,3.3,0,0.0,2,225,low_value
p_001644,casual,PL,ios,mid,google,0,1,72,2024-05-22,2024-08-02,1,8.5,0,0.0,8,151,low_value
p_000837,casual,US,ios,mid,applovin,0,1,84,2024-05-15,2024-08-07,1,8.2,0,0.0,3,146,low_value
p_000057,early_churn,GB,ios,mid,tiktok,0,1,1,2024-11-09,2024-11-10,2,4.5,0,0.0,0,51,low_value
p_000247,early_churn,US,ios,mid,facebook,0,1,1,2024-05-21,2024-05-22,2,3.6,0,0.0,1,223,low_value
p_000022,early_churn,GB,android,low,organic,0,1,1,2024-12-19,2024-12-20,2,1.3,0,0.0,1,11,low_value
p_000135,early_churn,US,ios,mid,facebook,0,1,1,2024-08-13,2024-08-14,2,3.3,0,0.0,0,139,low_value
p_000274,early_churn,NL,android,low,google,0,1,1,2024-11-04,2024-11-05,2,4.0,0,0.0,0,56,low_value
p_000279,early_churn,AU,ios,mid,google,0,1,1,2024-07-23,2024-07-24,2,2.1,0,0.0,0,160,low_value
p_000214,early_churn,NL,ios,high,organic,0,1,1,2024-08-19,2024-08-20,2,2.3,0,0.0,0,133,low_value
p_000255,early_churn,BR,ios,mid,organic,0,1,1,2024-07-31,2024-08-01,2,4.2,0,0.0,1,152,low_value
p_000012,early_churn,JP,android,low,google,0,1,1,2024-01-10,2024-01-11,2,2.2,0,0.0,0,355,low_value
p_000275,early_churn,IN,android,mid,organic,0,1,1,2024-05-28,2024-05-29,2,3.6,0,0.0,0,216,low_value
p_000192,early_churn,BR,ios,mid,organic,0,1,2,2024-03-20,2024-03-22,2,3.8,0,0.0,0,284,low_value
p_000029,early_churn,RU,ios,mid,organic,0,1,2,2024-08-02,2024-08-04,2,3.4,0,0.0,0,149,low_value
p_000264,early_churn,AR,android,low,organic,0,1,2,2024-02-01,2024-02-03,2,2.9,0,0.0,1,332,low_value
p_000163,early_churn,CA,android,high,google,0,1,2,2024-12-18,2024-12-20,2,3.6,0,0.0,1,11,low_value
p_000211,early_churn,BR,ios,mid,organic,0,1,2,2024-01-01,2024-01-03,2,2.1,0,0.0,0,363,low_value
p_000178,early_churn,BR,android,high,organic,0,1,2,2024-04-08,2024-04-10,2,4.6,0,0.0,1,265,low_value
p_000183,early_churn,ES,ios,low,tiktok,0,1,2,2024-05-10,2024-05-12,2,3.4,0,0.0,0,233,low_value
p_000241,early_churn,DE,ios,mid,facebook,0,1,2,2024-08-03,2024-08-05,2,4.1,0,0.0,1,148,low_value
p_000132,early_churn,US,android,low,organic,0,1,2,2024-04-11,2024-04-13,2,1.8,0,0.0,0,262,low_value
p_000091,early_churn,US,ios,high,organic,0,1,2,2024-12-27,2024-12-29,2,4.4,0,0.0,0,2,low_value
p_000177,early_churn,JP,android,mid,organic,0,1,2,2024-09-14,2024-09-16,2,3.1,0,0.0,1,106,low_value
p_001981,burst,FR,ios,mid,google,0,0,3,2024-12-28,2024-12-31,2,13.3,0,0.0,6,0,low_value
p_000199,early_churn,US,ios,low,tiktok,0,1,3,2024-12-24,2024-12-27,2,4.6,0,0.0,0,4,low_value
p_000125,early_churn,FR,ios,mid,organic,0,1,3,2024-06-10,2024-06-13,2,1.9,0,0.0,1,201,low_value
p_000207,early_churn,US,ios,mid,facebook,0,1,3,2024-12-01,2024-12-04,2,3.8,0,0.0,0,27,low_value
p_000250,early_churn,IN,ios,high,tiktok,0,1,3,2024-03-06,2024-03-09,2,2.7,0,0.0,0,297,low_value
p_000034,early_churn,ES,android,mid,organic,0,1,3,2024-05-01,2024-05-04,2,1.7,0,0.0,1,241,low_value
p_000175,early_churn,US,android,low,applovin,0,1,3,2024-09-26,2024-09-29,2,2.9,0,0.0,0,93,low_value
p_002040,burst,TR,android,high,facebook,0,0,3,2024-12-28,2024-12-31,2,12.3,0,0.0,12,0,low_value
p_000299,early_churn,IT,android,mid,organic,0,1,3,2024-07-13,2024-07-16,2,2.6,0,0.0,1,168,low_value
p_000116,early_churn,US,ios,mid,facebook,0,1,3,2024-09-01,2024-09-04,2,3.8,0,0.0,1,118,low_value
p_000236,early_churn,KR,android,mid,facebook,0,1,3,2024-05-27,2024-05-30,2,4.0,0,0.0,1,215,low_value
p_000081,early_churn,TH,ios,low,unity_ads,0,1,3,2024-06-23,2024-06-26,2,2.3,0,0.0,1,188,low_value
p_000024,early_churn,MX,android,low,applovin,0,1,3,2024-06-16,2024-06-19,2,3.5,0,0.0,1,195,low_value
p_000208,early_churn,GB,android,high,facebook,0,1,3,2024-10-03,2024-10-06,2,2.7,0,0.0,1,86,low_value
p_000158,early_churn,TH,ios,mid,organic,0,1,3,2024-11-09,2024-11-12,2,3.1,0,0.0,0,49,low_value
p_001581,casual,JP,android,high,google,0,0,5,2024-12-26,2024-12-31,2,5.2,0,0.0,2,0,low_value
p_001976,burst,TR,android,mid,organic,0,0,6,2024-12-25,2024-12-31,2,11.2,0,0.0,14,0,low_value
p_001663,casual,MX,android,high,facebook,0,0,6,2024-12-25,2024-12-31,2,6.6,0,0.0,2,0,low_value
p_001805,burst,US,android,low,google,0,1,7,2024-12-07,2024-12-14,2,15.2,0,0.0,17,17,low_value
p_001790,casual,US,ios,high,unity_ads,0,0,7,2024-12-24,2024-12-31,2,4.2,0,0.0,0,0,low_value
p_001819,burst,NL,android,low,organic,0,1,8,2024-10-17,2024-10-25,2,18.5,0,0.0,19,67,low_value
p_001898,burst,US,ios,high,organic,0,0,8,2024-12-23,2024-12-31,2,11.9,0,0.0,11,0,low_value
p_002009,burst,IN,ios,mid,facebook,0,1,8,2024-02-17,2024-02-25,2,13.0,0,0.0,7,310,low_value
p_000747,casual,GB,android,low,facebook,0,0,8,2024-12-23,2024-12-31,2,6.8,0,0.0,6,0,low_value
p_000916,casual,BR,android,low,applovin,0,0,9,2024-12-22,2024-12-31,2,8.4,0,0.0,6,0,low_value
p_000763,casual,DE,android,high,google,0,0,11,2024-12-20,2024-12-31,2,8.2,0,0.0,7,0,low_value
p_001627,casual,GB,android,high,unity_ads,0,1,14,2024-05-04,2024-05-18,2,4.9,0,0.0,6,227,low_value
p_001664,casual,IT,android,low,facebook,0,0,14,2024-12-17,2024-12-31,2,4.4,0,0.0,2,0,low_value
p_001086,casual,CA,android,mid,organic,0,1,14,2024-08-20,2024-09-03,2,6.4,0,0.0,4,119,low_value
p_001242,casual,TH,android,mid,organic,0,1,14,2024-05-29,2024-06-12,2,4.6,0,0.0,4,202,low_value
p_000643,casual,US,android,mid,organic,0,1,14,2024-01-19,2024-02-02,2,5.7,0,0.0,2,333,low_value
p_000686,casual,ES,ios,high,organic,0,0,14,2024-12-17,2024-12-31,2,4.6,0,0.0,2,0,low_value
p_000540,casual,US,android,mid,organic,0,1,14,2024-11-07,2024-11-21,2,6.6,0,0.0,7,40,low_value
p_000037,early_churn,JP,ios,high,google,0,1,2,2024-04-15,2024-04-17,1,2.4,0,0.0,0,258,low_value
p_001660,casual,ID,android,mid,facebook,0,1,15,2024-10-09,2024-10-24,2,6.4,0,0.0,4,68,low_value
p_000639,casual,GB,android,low,facebook,0,1,15,2024-03-07,2024-03-22,2,8.2,0,0.0,6,284,low_value
p_000923,casual,IT,android,low,facebook,0,0,15,2024-12-16,2024-12-31,2,6.8,0,0.0,5,0,low_value
p_000469,casual,MX,android,mid,facebook,0,1,15,2024-10-12,2024-10-27,2,8.2,0,0.0,2,65,low_value
p_001713,casual,MX,ios,mid,organic,0,1,16,2024-06-21,2024-07-07,2,7.2,0,0.0,0,177,low_value
p_000974,casual,CA,ios,high,organic,0,0,16,2024-12-15,2024-12-31,2,3.9,0,0.0,6,0,low_value
p_001739,casual,JP,android,low,organic,0,1,16,2024-04-21,2024-05-07,2,6.6,0,0.0,0,238,low_value
p_001596,casual,US,android,low,organic,0,1,16,2024-05-22,2024-06-07,2,6.0,0,0.0,4,207,low_value
p_001717,casual,US,android,low,organic,0,1,17,2024-07-28,2024-08-14,2,6.3,0,0.0,0,139,low_value
p_000416,casual,TR,ios,high,organic,0,1,17,2024-11-28,2024-12-15,2,6.2,0,0.0,0,16,low_value
p_001407,casual,US,android,mid,applovin,0,1,17,2024-03-13,2024-03-30,2,4.5,0,0.0,4,276,low_value
p_001613,casual,TH,android,mid,facebook,0,0,17,2024-12-14,2024-12-31,2,9.1,0,0.0,7,0,low_value
p_000343,casual,JP,android,low,organic,0,1,17,2024-05-11,2024-05-28,2,5.1,0,0.0,4,217,low_value
p_000515,casual,TR,android,low,organic,0,1,17,2024-08-31,2024-09-17,2,4.4,0,0.0,8,105,low_value
p_000316,casual,IT,android,mid,organic,0,1,18,2024-04-10,2024-04-28,2,7.0,0,0.0,4,247,low_value
p_001149,casual,KR,android,mid,google,0,1,18,2024-05-12,2024-05-30,2,5.7,0,0.0,0,215,low_value
p_000947,casual,BR,android,mid,google,0,1,18,2024-07-01,2024-07-19,2,5.7,0,0.0,5,165,low_value
p_000712,casual,US,ios,high,google,0,1,18,2024-07-22,2024-08-09,2,4.4,0,0.0,1,144,low_value
p_001485,casual,US,android,high,organic,0,0,18,2024-12-13,2024-12-31,2,5.9,0,0.0,4,0,low_value
p_000765,casual,JP,android,mid,organic,0,1,19,2024-10-16,2024-11-04,2,8.5,0,0.0,0,57,low_value
p_001385,casual,BR,android,low,tiktok,0,1,19,2024-02-23,2024-03-13,2,6.3,0,0.0,1,293,low_value
p_000336,casual,GB,android,low,facebook,0,1,19,2024-07-06,2024-07-25,2,6.0,0,0.0,1,159,low_value
p_001014,casual,CA,ios,mid,google,0,1,20,2024-07-03,2024-07-23,2,8.9,0,0.0,8,161,low_value
p_001765,casual,CA,android,high,organic,0,0,20,2024-12-11,2024-12-31,2,7.0,0,0.0,3,0,low_value
p_001246,casual,US,ios,mid,google,0,1,20,2024-06-12,2024-07-02,2,6.7,0,0.0,7,182,low_value
p_001004,casual,RU,android,low,organic,0,1,20,2024-10-11,2024-10-31,2,6.9,0,0.0,3,61,low_value
p_000371,casual,PL,android,low,organic,0,1,21,2024-10-06,2024-10-27,2,7.7,0,0.0,0,65,low_value
p_000682,casual,IN,ios,mid,applovin,0,1,21,2024-01-20,2024-02-10,2,7.3,0,0.0,2,325,low_value
p_001518,casual,US,android,low,organic,0,1,21,2024-06-24,2024-07-15,2,8.6,0,0.0,3,169,low_value
p_001629,casual,GB,android,mid,applovin,0,0,21,2024-12-10,2024-12-31,2,8.4,0,0.0,4,0,low_value
p_001311,casual,TR,android,low,unity_ads,0,1,21,2024-02-29,2024-03-21,2,6.6,0,0.0,5,285,low_value
p_001542,casual,US,ios,mid,tiktok,0,1,21,2024-11-03,2024-11-24,2,5.0,0,0.0,8,37,low_value
p_001728,casual,BR,ios,mid,facebook,0,1,21,2024-06-06,2024-06-27,2,6.6,0,0.0,1,187,low_value
p_001638,casual,US,android,low,organic,0,0,21,2024-12-10,2024-12-31,2,5.5,0,0.0,5,0,low_value
p_001736,casual,JP,android,low,applovin,0,1,22,2024-08-03,2024-08-25,2,5.2,0,0.0,2,128,low_value
p_000556,casual,IN,ios,mid,organic,0,1,22,2024-09-18,2024-10-10,2,7.7,0,0.0,3,82,low_value
p_001204,casual,FR,android,mid,applovin,0,1,22,2024-02-06,2024-02-28,2,6.8,0,0.0,4,307,low_value
p_000468,casual,US,ios,mid,organic,0,1,22,2024-07-20,2024-08-11,2,5.9,0,0.0,0,142,low_value
p_000598,casual,FR,ios,high,applovin,0,0,22,2024-12-09,2024-12-31,2,8.3,0,0.0,0,0,low_value
p_001528,casual,CA,ios,high,organic,0,0,23,2024-12-08,2024-12-31,2,7.4,0,0.0,2,0,low_value
p_000851,casual,DE,ios,mid,tiktok,0,1,23,2024-08-06,2024-08-29,2,7.6,0,0.0,1,124,low_value
p_000938,casual,US,ios,mid,organic,0,0,23,2024-12-08,2024-12-31,2,7.8,0,0.0,0,0,low_value
p_000820,casual,US,ios,mid,organic,0,1,24,2024-09-16,2024-10-10,2,7.2,0,0.0,8,82,low_value
p_001309,casual,MX,ios,high,facebook,0,0,24,2024-12-07,2024-12-31,2,6.1,0,0.0,4,0,low_value
p_000950,casual,RU,ios,high,applovin,0,1,24,2024-04-18,2024-05-12,2,6.2,0,0.0,7,233,low_value
p_000379,casual,AU,ios,mid,organic,0,0,24,2024-12-07,2024-12-31,2,6.2,0,0.0,5,0,low_value
p_000521,casual,MX,android,low,facebook,0,1,24,2024-11-09,2024-12-03,2,6.9,0,0.0,2,28,low_value
p_000829,casual,MX,android,low,organic,0,1,24,2024-02-27,2024-03-22,2,4.8,0,0.0,2,284,low_value
p_000451,casual,GB,ios,low,google,0,1,24,2024-10-12,2024-11-05,2,6.7,0,0.0,4,56,low_value
p_000914,casual,PL,ios,mid,google,0,1,24,2024-04-02,2024-04-26,2,8.1,0,0.0,7,249,low_value
p_000401,casual,US,ios,high,google,0,0,25,2024-12-06,2024-12-31,2,3.2,0,0.0,4,0,low_value
p_001245,casual,NL,android,high,facebook,0,1,25,2024-04-15,2024-05-10,2,7.6,0,0.0,3,235,low_value
p_000852,casual,TH,ios,mid,organic,0,1,25,2024-03-09,2024-04-03,2,6.8,0,0.0,1,272,low_value
p_000862,casual,US,ios,low,organic,0,0,25,2024-12-06,2024-12-31,2,7.0,0,0.0,5,0,low_value
p_000788,casual,US,android,low,google,0,1,25,2024-12-06,2024-12-31,2,7.8,0,0.0,5,0,low_value
p_000513,casual,GB,ios,high,facebook,0,1,26,2024-01-11,2024-02-06,2,8.5,0,0.0,3,329,low_value
p_000721,casual,DE,android,mid,organic,0,1,26,2024-07-24,2024-08-19,2,6.4,0,0.0,6,134,low_value
p_001764,casual,DE,ios,high,google,0,1,26,2024-07-08,2024-08-03,2,8.5,0,0.0,5,150,low_value
p_000898,casual,NL,android,high,organic,0,1,26,2024-07-18,2024-08-13,2,3.2,0,0.0,4,140,low_value
p_001469,casual,BR,android,mid,facebook,0,1,27,2024-12-02,2024-12-29,2,6.0,0,0.0,8,2,low_value
p_000884,casual,CA,android,mid,tiktok,0,1,27,2024-08-31,2024-09-27,2,5.0,0,0.0,0,95,low_value
p_001727,casual,US,ios,mid,applovin,0,1,27,2024-11-18,2024-12-15,2,7.6,0,0.0,8,16,low_value
p_001059,casual,BR,android,mid,unity_ads,0,0,27,2024-12-04,2024-12-31,2,5.7,0,0.0,6,0,low_value
p_000876,casual,CA,ios,low,facebook,0,1,27,2024-03-28,2024-04-24,2,5.8,0,0.0,3,251,low_value
p_000917,casual,BR,ios,high,organic,0,0,27,2024-12-04,2024-12-31,2,6.1,0,0.0,6,0,low_value
p_000520,casual,US,android,mid,organic,0,1,27,2024-06-10,2024-07-07,2,7.5,0,0.0,7,177,low_value
p_001314,casual,DE,android,low,facebook,0,1,27,2024-05-09,2024-06-05,2,5.4,0,0.0,1,209,low_value
p_000555,casual,KR,android,high,facebook,0,1,28,2024-01-28,2024-02-25,2,7.2,0,0.0,5,310,low_value
p_001136,casual,BR,ios,mid,organic,0,1,28,2024-03-14,2024-04-11,2,6.3,0,0.0,8,264,low_value
p_001270,casual,IN,android,low,organic,0,1,28,2024-08-11,2024-09-08,2,9.3,0,0.0,5,114,low_value
p_000410,casual,IT,android,mid,tiktok,0,1,28,2024-09-19,2024-10-17,2,6.5,0,0.0,5,75,low_value
p_000942,casual,DE,android,mid,google,0,1,28,2024-09-19,2024-10-17,2,5.3,0,0.0,1,75,low_value
p_001033,casual,IT,android,mid,google,0,1,28,2024-01-14,2024-02-11,2,4.8,0,0.0,0,324,low_value
p_001793,casual,RU,android,mid,organic,0,1,28,2024-02-09,2024-03-08,2,6.7,0,0.0,4,298,low_value
p_001575,casual,NL,android,mid,organic,0,1,29,2024-10-12,2024-11-10,2,5.4,0,0.0,4,51,low_value
p_000429,casual,KR,android,low,facebook,0,1,29,2024-05-22,2024-06-20,2,5.7,0,0.0,3,194,low_value
p_001459,casual,JP,android,mid,organic,0,1,29,2024-05-07,2024-06-05,2,8.5,0,0.0,0,209,low_value
p_001416,casual,IN,ios,low,organic,0,1,29,2024-06-22,2024-07-21,2,7.3,0,0.0,5,163,low_value
p_000888,casual,AU,ios,mid,google,0,1,29,2024-01-15,2024-02-13,2,9.4,0,0.0,1,322,low_value
p_001137,casual,US,android,low,unity_ads,0,1,29,2024-09-29,2024-10-28,2,6.3,0,0.0,7,64,low_value
p_000859,casual,KR,ios,high,facebook,0,1,29,2024-04-16,2024-05-15,2,5.1,0,0.0,1,230,low_value
p_000761,casual,BR,android,low,facebook,0,1,30,2024-07-15,2024-08-14,2,7.6,0,0.0,5,139,low_value
p_001301,casual,US,android,low,facebook,0,1,30,2024-07-05,2024-08-04,2,5.3,0,0.0,6,149,low_value
p_001489,casual,CA,android,mid,organic,0,1,30,2024-01-10,2024-02-09,2,8.0,0,0.0,3,326,low_value
p_000621,casual,FR,android,mid,organic,0,1,30,2024-12-01,2024-12-31,2,7.1,0,0.0,2,0,low_value
p_001514,casual,TR,ios,low,organic,0,1,31,2024-11-29,2024-12-30,2,7.6,0,0.0,8,1,low_value
p_000305,casual,PL,android,mid,facebook,0,1,31,2024-01-09,2024-02-09,2,8.2,0,0.0,2,326,low_value
p_001378,casual,US,android,low,facebook,0,1,31,2024-05-16,2024-06-16,2,9.7,0,0.0,6,198,low_value
p_000879,casual,BR,android,low,facebook,0,1,31,2024-01-29,2024-02-29,2,6.1,0,0.0,2,306,low_value
p_001220,casual,US,android,low,organic,0,1,31,2024-08-21,2024-09-21,2,5.9,0,0.0,0,101,low_value
p_000308,casual,JP,android,high,organic,0,1,32,2024-04-11,2024-05-13,2,8.2,0,0.0,5,232,low_value
p_001444,casual,CA,android,high,tiktok,0,1,32,2024-10-13,2024-11-14,2,5.0,0,0.0,6,47,low_value
p_001730,casual,TR,android,low,facebook,0,1,32,2024-09-13,2024-10-15,2,6.0,0,0.0,0,77,low_value
p_001114,casual,MX,ios,mid,tiktok,0,0,32,2024-11-29,2024-12-31,2,6.5,0,0.0,8,0,low_value
p_001458,casual,IN,ios,high,google,0,1,33,2024-05-24,2024-06-26,2,9.2,0,0.0,5,188,low_value
p_000411,casual,TH,android,low,organic,0,1,33,2024-05-09,2024-06-11,2,8.3,0,0.0,3,203,low_value
p_000395,casual,US,android,high,organic,0,1,33,2024-09-14,2024-10-17,2,7.8,0,0.0,7,75,low_value
p_001786,casual,NL,android,low,organic,0,1,33,2024-05-22,2024-06-24,2,5.4,0,0.0,4,190,low_value
p_000407,casual,TR,ios,mid,unity_ads,0,1,33,2024-03-28,2024-04-30,2,7.8,0,0.0,3,245,low_value
p_000548,casual,ES,android,mid,applovin,0,1,34,2024-10-13,2024-11-16,2,4.5,0,0.0,8,45,low_value
p_000524,casual,IN,ios,high,google,0,0,34,2024-11-27,2024-12-31,2,6.1,0,0.0,5,0,low_value
p_001313,casual,US,ios,low,organic,0,1,34,2024-08-06,2024-09-09,2,5.3,0,0.0,8,113,low_value
p_001192,casual,TR,ios,mid,organic,0,0,34,2024-11-27,2024-12-31,2,9.8,0,0.0,0,0,low_value
p_001308,casual,RU,ios,mid,organic,0,0,34,2024-11-27,2024-12-31,2,6.1,0,0.0,4,0,low_value
p_000968,casual,TH,android,mid,organic,0,1,34,2024-10-30,2024-12-03,2,7.4,0,0.0,2,28,low_value
p_000517,casual,MX,android,mid,facebook,0,1,35,2024-04-14,2024-05-19,2,7.2,0,0.0,7,226,low_value
p_000607,casual,GB,android,low,google,0,1,35,2024-01-02,2024-02-06,2,4.3,0,0.0,3,329,low_value
p_000357,casual,GB,android,high,google,0,1,35,2024-11-11,2024-12-16,2,7.9,0,0.0,7,15,low_value
p_000463,casual,DE,android,mid,google,0,1,35,2024-07-03,2024-08-07,2,5.5,0,0.0,5,146,low_value
p_000601,casual,DE,android,low,other,0,1,35,2024-10-27,2024-12-01,2,5.2,0,0.0,0,30,low_value
p_001721,casual,US,android,mid,facebook,0,1,36,2024-07-02,2024-08-07,2,7.0,0,0.0,1,146,low_value
p_001653,casual,US,android,low,organic,0,1,36,2024-07-24,2024-08-29,2,6.0,0,0.0,8,124,low_value
p_000494,casual,US,android,low,facebook,0,1,36,2024-08-09,2024-09-14,2,7.7,0,0.0,2,108,low_value
p_001329,casual,GB,ios,high,organic,0,1,36,2024-05-03,2024-06-08,2,7.2,0,0.0,8,206,low_value
p_000901,casual,US,android,low,organic,0,1,36,2024-06-17,2024-07-23,2,5.9,0,0.0,1,161,low_value
p_001078,casual,ES,ios,low,tiktok,0,1,36,2024-02-15,2024-03-22,2,6.3,0,0.0,6,284,low_value
p_001132,casual,GB,android,mid,google,0,1,36,2024-08-05,2024-09-10,2,6.3,0,0.0,8,112,low_value
p_001504,casual,JP,android,mid,tiktok,0,1,36,2024-05-06,2024-06-11,2,5.7,0,0.0,5,203,low_value
p_000168,early_churn,TR,ios,low,facebook,0,1,2,2024-08-13,2024-08-15,1,4.2,0,0.0,1,138,low_value
p_000755,casual,PH,android,high,tiktok,0,1,37,2024-04-29,2024-06-05,2,7.9,0,0.0,4,209,low_value
p_000568,casual,DE,ios,high,organic,0,1,37,2024-02-14,2024-03-22,2,7.9,0,0.0,6,284,low_value
p_000953,casual,AU,android,mid,facebook,0,1,37,2024-06-14,2024-07-21,2,6.4,0,0.0,5,163,low_value
p_000983,casual,AR,ios,high,organic,0,0,37,2024-11-24,2024-12-31,2,5.8,0,0.0,2,0,low_value
p_000500,casual,BR,android,low,applovin,0,1,38,2024-09-26,2024-11-03,2,6.0,0,0.0,6,58,low_value
p_000538,casual,JP,android,high,other,0,0,38,2024-11-23,2024-12-31,2,6.8,0,0.0,7,0,low_value
p_001659,casual,KR,android,high,organic,0,0,38,2024-11-23,2024-12-31,2,4.7,0,0.0,1,0,low_value
p_000948,casual,DE,android,high,unity_ads,0,1,38,2024-07-08,2024-08-15,2,4.5,0,0.0,1,138,low_value
p_000319,casual,AU,android,mid,organic,0,1,38,2024-11-04,2024-12-12,2,6.5,0,0.0,0,19,low_value
p_001679,casual,GB,ios,high,facebook,0,0,38,2024-11-23,2024-12-31,2,3.9,0,0.0,1,0,low_value
p_001175,casual,KR,android,low,google,0,0,39,2024-11-22,2024-12-31,2,9.3,0,0.0,5,0,low_value
p_001624,casual,KR,android,low,facebook,0,1,39,2024-05-16,2024-06-24,2,6.4,0,0.0,5,190,low_value
p_001495,casual,DE,android,low,google,0,0,39,2024-11-22,2024-12-31,2,7.1,0,0.0,4,0,low_value
p_001214,casual,ES,android,low,other,0,1,40,2024-02-27,2024-04-07,2,5.2,0,0.0,3,268,low_value
p_000567,casual,SE,android,mid,google,0,1,40,2024-05-30,2024-07-09,2,5.4,0,0.0,0,175,low_value
p_001096,casual,US,android,mid,organic,0,1,40,2024-06-19,2024-07-29,2,6.5,0,0.0,8,155,low_value
p_001340,casual,PL,android,low,organic,0,1,40,2024-06-27,2024-08-06,2,9.8,0,0.0,5,147,low_value
p_000583,casual,MX,ios,mid,applovin,0,0,41,2024-11-20,2024-12-31,2,4.8,0,0.0,5,0,low_value
p_000683,casual,US,android,low,organic,0,1,42,2024-07-12,2024-08-23,2,3.5,0,0.0,5,130,low_value
p_000865,casual,DE,android,mid,organic,0,0,42,2024-11-19,2024-12-31,2,4.9,0,0.0,6,0,low_value
p_000979,casual,GB,ios,low,organic,0,0,42,2024-11-19,2024-12-31,2,6.7,0,0.0,4,0,low_value
p_001381,casual,US,android,mid,applovin,0,1,42,2024-10-15,2024-11-26,2,6.0,0,0.0,0,35,low_value
p_001516,casual,JP,android,mid,organic,0,1,43,2024-04-02,2024-05-15,2,4.5,0,0.0,3,230,low_value
p_000491,casual,MX,android,mid,organic,0,1,43,2024-10-24,2024-12-06,2,8.5,0,0.0,8,25,low_value
p_000353,casual,AR,android,low,organic,0,1,43,2024-09-12,2024-10-25,2,6.3,0,0.0,1,67,low_value
p_001046,casual,AR,android,low,google,0,1,44,2024-03-04,2024-04-17,2,6.3,0,0.0,0,258,low_value
p_001269,casual,GB,android,high,organic,0,1,44,2024-08-03,2024-09-16,2,3.9,0,0.0,3,106,low_value
p_000902,casual,BR,android,mid,organic,0,1,44,2024-10-19,2024-12-02,2,7.7,0,0.0,2,29,low_value
p_000658,casual,BR,android,mid,facebook,0,1,45,2024-10-10,2024-11-24,2,6.6,0,0.0,4,37,low_value
p_000441,casual,TH,ios,mid,facebook,0,1,45,2024-09-28,2024-11-12,2,5.2,0,0.0,8,49,low_value
p_001102,casual,US,ios,mid,organic,0,1,45,2024-11-03,2024-12-18,2,4.5,0,0.0,1,13,low_value
p_000716,casual,JP,android,low,organic,0,1,45,2024-07-24,2024-09-07,2,6.3,0,0.0,1,115,low_value
p_001442,casual,ES,android,low,organic,0,1,45,2024-01-17,2024-03-02,2,7.0,0,0.0,5,304,low_value
p_000384,casual,BR,ios,high,unity_ads,0,1,46,2024-03-01,2024-04-16,2,5.3,0,0.0,2,259,low_value
p_000672,casual,IT,ios,low,facebook,0,1,46,2024-05-05,2024-06-20,2,4.6,0,0.0,5,194,low_value
p_001623,casual,AR,android,low,organic,0,1,46,2024-04-26,2024-06-11,2,8.3,0,0.0,6,203,low_value
p_000766,casual,DE,android,mid,organic,0,1,46,2024-02-16,2024-04-02,2,5.7,0,0.0,1,273,low_value
p_001300,casual,US,ios,mid,organic,0,1,46,2024-01-19,2024-03-05,2,3.7,0,0.0,5,301,low_value
p_001642,casual,BR,android,high,organic,0,1,47,2024-10-27,2024-12-13,2,4.0,0,0.0,6,18,low_value
p_000355,casual,PH,android,low,facebook,0,1,48,2024-10-22,2024-12-09,2,7.8,0,0.0,4,22,low_value
p_000383,casual,CA,ios,high,unity_ads,0,1,49,2024-09-14,2024-11-02,2,4.4,0,0.0,6,59,low_value
p_000373,casual,IN,android,high,other,0,1,49,2024-08-16,2024-10-04,2,7.2,0,0.0,2,88,low_value
p_001782,casual,GB,ios,mid,organic,0,1,50,2024-02-04,2024-03-25,2,6.1,0,0.0,6,281,low_value
p_001002,casual,US,ios,low,facebook,0,1,51,2024-09-19,2024-11-09,2,6.1,0,0.0,0,52,low_value
p_001609,casual,US,android,mid,organic,0,1,51,2024-05-12,2024-07-02,2,9.5,0,0.0,4,182,low_value
p_000437,casual,US,android,low,google,0,1,52,2024-01-25,2024-03-17,2,7.0,0,0.0,3,289,low_value
p_000978,casual,PL,android,mid,google,0,1,52,2024-10-10,2024-12-01,2,5.7,0,0.0,0,30,low_value
p_001434,casual,ID,android,mid,facebook,0,1,52,2024-08-16,2024-10-07,2,3.7,0,0.0,5,85,low_value
p_001402,casual,AU,android,mid,tiktok,0,1,53,2024-08-06,2024-09-28,2,6.2,0,0.0,1,94,low_value
p_000315,casual,DE,ios,high,facebook,0,1,53,2024-08-09,2024-10-01,2,7.7,0,0.0,5,91,low_value
p_001257,casual,DE,android,mid,organic,0,1,54,2024-03-06,2024-04-29,2,6.1,0,0.0,2,246,low_value
p_001422,casual,RU,android,low,google,0,1,54,2024-07-03,2024-08-26,2,5.4,0,0.0,0,127,low_value
p_000993,casual,KR,ios,mid,google,0,1,55,2024-02-15,2024-04-10,2,6.5,0,0.0,7,265,low_value
p_001088,casual,MX,android,mid,unity_ads,0,1,57,2024-08-16,2024-10-12,2,6.8,0,0.0,6,80,low_value
p_001471,casual,FR,ios,mid,facebook,0,1,58,2024-05-21,2024-07-18,2,6.6,0,0.0,0,166,low_value
p_000910,casual,CA,ios,high,organic,0,1,58,2024-04-24,2024-06-21,2,6.7,0,0.0,0,193,low_value
p_001676,casual,IN,ios,low,organic,0,1,58,2024-04-19,2024-06-16,2,4.3,0,0.0,8,198,low_value
p_001400,casual,IT,android,mid,google,0,1,60,2024-07-16,2024-09-14,2,6.6,0,0.0,3,108,low_value
p_001225,casual,GB,android,low,facebook,0,1,61,2024-04-14,2024-06-14,2,4.4,0,0.0,4,200,low_value
p_000836,casual,JP,android,high,unity_ads,0,1,61,2024-01-26,2024-03-27,2,5.4,0,0.0,5,279,low_value
p_001568,casual,JP,android,mid,tiktok,0,1,62,2024-09-18,2024-11-19,2,6.7,0,0.0,7,42,low_value
p_001671,casual,BR,android,low,applovin,0,1,63,2024-01-03,2024-03-06,2,6.2,0,0.0,5,300,low_value
p_001373,casual,KR,ios,high,organic,0,1,64,2024-08-13,2024-10-16,2,6.8,0,0.0,2,76,low_value
p_000699,casual,US,ios,mid,facebook,0,1,65,2024-08-09,2024-10-13,2,6.6,0,0.0,1,79,low_value
p_000754,casual,DE,android,low,organic,0,1,66,2024-06-11,2024-08-16,2,4.7,0,0.0,1,137,low_value
p_001697,casual,CA,android,mid,organic,0,1,68,2024-08-23,2024-10-30,2,6.7,0,0.0,7,62,low_value
p_001138,casual,US,ios,high,facebook,0,1,68,2024-10-17,2024-12-24,2,8.0,0,0.0,3,7,low_value
p_000750,casual,PH,ios,mid,google,0,1,75,2024-04-28,2024-07-12,2,5.4,0,0.0,3,172,low_value
p_001366,casual,US,android,mid,tiktok,0,1,76,2024-04-12,2024-06-27,2,6.2,0,0.0,4,187,low_value
p_001323,casual,US,android,low,organic,0,1,79,2024-03-21,2024-06-08,2,6.3,0,0.0,0,206,low_value
p_001519,casual,US,android,mid,google,0,1,80,2024-05-23,2024-08-11,2,7.0,0,0.0,2,142,low_value
p_001614,casual,AU,android,low,organic,0,1,85,2024-08-14,2024-11-07,2,5.8,0,0.0,8,54,low_value
p_001594,casual,US,ios,mid,other,0,1,90,2024-06-02,2024-08-31,2,7.6,0,0.0,0,122,low_value
p_000101,early_churn,US,ios,high,google,0,1,1,2024-07-26,2024-07-27,3,2.4,0,0.0,0,157,low_value
p_000013,early_churn,GB,android,mid,google,0,1,1,2024-02-22,2024-02-23,3,3.2,0,0.0,1,312,low_value
p_000235,early_churn,BR,android,low,google,0,1,1,2024-08-17,2024-08-18,3,2.4,0,0.0,0,135,low_value
p_000019,early_churn,AR,android,low,organic,0,1,1,2024-06-27,2024-06-28,3,3.3,0,0.0,0,186,low_value
p_000137,early_churn,US,android,high,organic,0,1,1,2024-10-17,2024-10-18,3,2.9,0,0.0,1,74,low_value
p_000277,early_churn,US,ios,high,organic,0,1,1,2024-06-22,2024-06-23,3,2.1,0,0.0,1,191,low_value
p_000149,early_churn,FR,ios,low,google,0,1,1,2024-04-17,2024-04-18,3,3.0,0,0.0,0,257,low_value
p_000098,early_churn,BR,ios,low,tiktok,0,1,2,2024-05-28,2024-05-30,3,3.7,0,0.0,0,215,low_value
p_000040,early_churn,US,android,low,organic,0,1,2,2024-01-13,2024-01-15,3,3.4,0,0.0,0,351,low_value
p_001844,burst,US,ios,high,organic,0,0,3,2024-12-28,2024-12-31,3,7.7,0,0.0,11,0,low_value
p_000285,early_churn,KR,ios,mid,facebook,0,1,3,2024-04-04,2024-04-07,3,2.5,0,0.0,0,268,low_value
p_002074,burst,NL,android,low,tiktok,0,0,3,2024-12-28,2024-12-31,3,12.2,0,0.0,11,0,low_value
p_002057,burst,DE,android,low,tiktok,0,0,5,2024-12-26,2024-12-31,3,12.3,0,0.0,6,0,low_value
p_001802,burst,BR,android,low,unity_ads,0,1,7,2024-03-04,2024-03-11,3,10.3,0,0.0,9,295,low_value
p_001977,burst,GB,android,low,organic,0,1,8,2024-05-10,2024-05-18,3,13.9,0,0.0,8,227,low_value
p_001923,burst,MX,android,low,applovin,0,1,8,2024-03-10,2024-03-18,3,10.4,0,0.0,4,288,low_value
p_002068,burst,FR,android,mid,facebook,0,1,8,2024-12-10,2024-12-18,3,5.9,0,0.0,4,13,low_value
p_001999,burst,KR,ios,high,organic,0,1,10,2024-03-07,2024-03-17,3,13.1,0,0.0,8,289,low_value
p_001625,casual,US,android,low,organic,0,0,13,2024-12-18,2024-12-31,3,6.3,0,0.0,2,0,low_value
p_001998,burst,GB,ios,high,organic,0,1,13,2024-03-20,2024-04-02,3,11.4,0,0.0,16,273,low_value
p_001454,casual,DE,android,mid,tiktok,0,0,13,2024-12-18,2024-12-31,3,6.5,0,0.0,5,0,low_value
p_000946,casual,MX,ios,low,organic,0,1,14,2024-11-06,2024-11-20,3,7.0,0,0.0,6,41,low_value
p_000674,casual,GB,android,high,unity_ads,0,1,14,2024-05-04,2024-05-18,3,4.4,0,0.0,5,227,low_value
p_001695,casual,US,ios,low,organic,0,1,14,2024-11-09,2024-11-23,3,4.3,0,0.0,5,38,low_value
p_001161,casual,ES,android,low,organic,0,1,14,2024-04-27,2024-05-11,3,8.4,0,0.0,7,234,low_value
p_001709,casual,KR,ios,mid,applovin,0,1,14,2024-02-13,2024-02-27,3,7.5,0,0.0,5,308,low_value
p_000374,casual,GB,android,mid,tiktok,0,1,14,2024-05-28,2024-06-11,3,8.7,0,0.0,1,203,low_value
p_000675,casual,PL,android,low,organic,0,1,14,2024-08-20,2024-09-03,3,6.3,0,0.0,4,119,low_value
p_000533,casual,TH,android,mid,facebook,0,1,15,2024-08-17,2024-09-01,3,5.3,0,0.0,7,121,low_value
p_001448,casual,DE,ios,mid,facebook,0,1,15,2024-08-10,2024-08-25,3,6.0,0,0.0,4,128,low_value
p_001215,casual,US,ios,low,applovin,0,1,16,2024-01-11,2024-01-27,3,7.0,0,0.0,0,339,low_value
p_001185,casual,JP,android,low,other,0,0,18,2024-12-13,2024-12-31,3,5.3,0,0.0,0,0,low_value
p_000398,casual,US,ios,mid,organic,0,1,19,2024-04-08,2024-04-27,3,7.3,0,0.0,5,248,low_value
p_001773,casual,US,android,high,facebook,0,1,19,2024-03-27,2024-04-15,3,7.8,0,0.0,5,260,low_value
p_000764,casual,US,ios,mid,other,0,1,20,2024-08-21,2024-09-10,3,6.6,0,0.0,7,112,low_value
p_000762,casual,US,android,low,applovin,0,1,20,2024-09-09,2024-09-29,3,7.1,0,0.0,5,93,low_value
p_001000,casual,US,ios,low,facebook,0,1,20,2024-03-18,2024-04-07,3,8.9,0,0.0,6,268,low_value
p_000854,casual,JP,android,mid,organic,0,1,20,2024-01-18,2024-02-07,3,7.8,0,0.0,0,328,low_value
p_000969,casual,ES,android,low,organic,0,1,21,2024-01-25,2024-02-15,3,7.2,0,0.0,0,320,low_value
p_000835,casual,US,ios,low,facebook,0,1,22,2024-03-04,2024-03-26,3,7.1,0,0.0,4,280,low_value
p_001482,casual,BR,ios,high,facebook,0,1,22,2024-12-08,2024-12-30,3,7.0,0,0.0,0,1,low_value
p_001652,casual,DE,android,low,organic,0,1,23,2024-02-17,2024-03-11,3,6.6,0,0.0,6,295,low_value
p_001089,casual,US,ios,high,tiktok,0,1,23,2024-03-10,2024-04-02,3,5.4,0,0.0,8,273,low_value
p_001289,casual,TH,android,low,organic,0,1,23,2024-04-30,2024-05-23,3,6.6,0,0.0,1,222,low_value
p_001762,casual,CA,ios,mid,google,0,1,23,2024-02-07,2024-03-01,3,7.3,0,0.0,2,305,low_value
p_000638,casual,GB,android,mid,organic,0,1,23,2024-11-12,2024-12-05,3,6.2,0,0.0,2,26,low_value
p_000909,casual,JP,android,mid,organic,0,1,24,2024-10-08,2024-11-01,3,7.1,0,0.0,1,60,low_value
p_000692,casual,IN,android,high,applovin,0,1,24,2024-10-24,2024-11-17,3,4.9,0,0.0,7,44,low_value
p_000729,casual,JP,ios,mid,organic,0,1,24,2024-10-17,2024-11-10,3,5.8,0,0.0,2,51,low_value
p_000476,casual,AU,ios,low,organic,0,1,25,2024-02-23,2024-03-19,3,4.5,0,0.0,1,287,low_value
p_001189,casual,JP,android,low,organic,0,1,25,2024-03-12,2024-04-06,3,7.4,0,0.0,2,269,low_value
p_001165,casual,AU,android,low,organic,0,1,25,2024-06-30,2024-07-25,3,5.1,0,0.0,0,159,low_value
p_001496,casual,IN,android,mid,organic,0,1,26,2024-01-01,2024-01-27,3,5.2,0,0.0,3,339,low_value
p_000780,casual,FR,ios,high,google,0,1,26,2024-11-22,2024-12-18,3,4.5,0,0.0,2,13,low_value
p_000669,casual,BR,android,low,google,0,1,26,2024-03-05,2024-03-31,3,5.8,0,0.0,2,275,low_value
p_001090,casual,US,android,mid,organic,0,1,26,2024-01-23,2024-02-18,3,7.2,0,0.0,2,317,low_value
p_001716,casual,JP,android,low,organic,0,1,27,2024-09-14,2024-10-11,3,4.2,0,0.0,8,81,low_value
p_001240,casual,BR,ios,low,tiktok,0,1,27,2024-02-14,2024-03-12,3,5.4,0,0.0,7,294,low_value
p_001772,casual,AR,android,mid,google,0,0,27,2024-12-04,2024-12-31,3,6.5,0,0.0,8,0,low_value
p_001691,casual,BR,android,low,organic,0,1,27,2024-05-28,2024-06-24,3,4.7,0,0.0,5,190,low_value
p_001617,casual,AU,android,low,organic,0,1,27,2024-11-01,2024-11-28,3,7.1,0,0.0,8,33,low_value
p_001066,casual,MX,ios,mid,tiktok,0,1,27,2024-03-26,2024-04-22,3,7.7,0,0.0,6,253,low_value
p_001424,casual,MX,android,mid,organic,0,1,27,2024-07-12,2024-08-08,3,8.3,0,0.0,5,145,low_value
p_000653,casual,DE,ios,mid,facebook,0,1,27,2024-02-03,2024-03-01,3,5.2,0,0.0,4,305,low_value
p_001095,casual,KR,ios,high,organic,0,1,28,2024-12-01,2024-12-29,3,7.7,0,0.0,2,2,low_value
p_000940,casual,DE,android,mid,applovin,0,1,28,2024-02-08,2024-03-07,3,5.2,0,0.0,4,299,low_value
p_000657,casual,US,android,low,applovin,0,0,28,2024-12-03,2024-12-31,3,6.4,0,0.0,7,0,low_value
p_001238,casual,AU,ios,mid,applovin,0,1,28,2024-03-11,2024-04-08,3,7.5,0,0.0,1,267,low_value
p_000412,casual,JP,android,high,organic,0,1,28,2024-10-20,2024-11-17,3,6.1,0,0.0,3,44,low_value
p_001305,casual,RU,ios,mid,unity_ads,0,1,28,2024-02-22,2024-03-21,3,7.6,0,0.0,0,285,low_value
p_000904,casual,BR,ios,high,tiktok,0,1,28,2024-10-06,2024-11-03,3,5.2,0,0.0,2,58,low_value
p_000891,casual,AR,android,mid,facebook,0,1,28,2024-07-29,2024-08-26,3,6.9,0,0.0,2,127,low_value
p_000771,casual,JP,android,mid,facebook,0,1,29,2024-10-13,2024-11-11,3,6.6,0,0.0,3,50,low_value
p_001091,casual,US,android,low,organic,0,1,29,2024-08-16,2024-09-14,3,6.6,0,0.0,4,108,low_value
p_000822,casual,FR,ios,mid,organic,0,1,29,2024-08-25,2024-09-23,3,7.0,0,0.0,2,99,low_value
p_000589,casual,TR,android,low,facebook,0,1,29,2024-04-05,2024-05-04,3,5.0,0,0.0,0,241,low_value
p_001554,casual,AU,ios,mid,organic,0,1,29,2024-04-09,2024-05-08,3,5.7,0,0.0,0,237,low_value
p_001785,casual,JP,ios,high,facebook,0,0,30,2024-12-01,2024-12-31,3,4.8,0,0.0,3,0,low_value
p_000959,casual,GB,android,low,google,0,1,30,2024-06-18,2024-07-18,3,5.8,0,0.0,1,166,low_value
p_000906,casual,AU,ios,low,google,0,1,30,2024-04-05,2024-05-05,3,7.2,0,0.0,2,240,low_value
p_001719,casual,DE,android,low,organic,0,1,30,2024-05-18,2024-06-17,3,6.3,0,0.0,6,197,low_value
p_001116,casual,DE,android,high,applovin,0,1,30,2024-10-05,2024-11-04,3,6.4,0,0.0,0,57,low_value
p_000685,casual,CA,ios,low,organic,0,1,31,2024-07-27,2024-08-27,3,8.2,0,0.0,1,126,low_value
p_001526,casual,ES,ios,low,organic,0,1,31,2024-11-18,2024-12-19,3,5.4,0,0.0,3,12,low_value
p_001419,casual,FR,ios,high,tiktok,0,1,31,2024-07-17,2024-08-17,3,7.0,0,0.0,8,136,low_value
p_001656,casual,US,ios,low,organic,0,1,31,2024-01-03,2024-02-03,3,6.2,0,0.0,0,332,low_value
p_000518,casual,US,ios,high,organic,0,1,31,2024-07-26,2024-08-26,3,6.4,0,0.0,8,127,low_value
p_001339,casual,US,android,mid,facebook,0,1,31,2024-01-30,2024-03-01,3,6.1,0,0.0,0,305,low_value
p_000333,casual,KR,android,mid,tiktok,0,1,32,2024-08-15,2024-09-16,3,5.7,0,0.0,6,106,low_value
p_000572,casual,JP,android,mid,facebook,0,1,32,2024-10-22,2024-11-23,3,7.2,0,0.0,5,38,low_value
p_000697,casual,MX,android,low,organic,0,1,32,2024-01-08,2024-02-09,3,9.1,0,0.0,0,326,low_value
p_000998,casual,US,android,low,organic,0,1,32,2024-11-17,2024-12-19,3,5.9,0,0.0,3,12,low_value
p_001737,casual,US,android,low,unity_ads,0,1,32,2024-02-25,2024-03-28,3,6.0,0,0.0,4,278,low_value
p_000592,casual,CA,ios,low,facebook,0,1,33,2024-03-30,2024-05-02,3,6.4,0,0.0,7,243,low_value
p_001612,casual,DE,ios,mid,applovin,0,1,33,2024-09-19,2024-10-22,3,7.5,0,0.0,4,70,low_value
p_001219,casual,MX,ios,low,facebook,0,1,33,2024-09-18,2024-10-21,3,6.1,0,0.0,6,71,low_value
p_001021,casual,DE,android,mid,facebook,0,1,34,2024-11-13,2024-12-17,3,5.9,0,0.0,8,14,low_value
p_001143,casual,US,android,low,applovin,0,1,34,2024-04-21,2024-05-25,3,6.5,0,0.0,5,220,low_value
p_000575,casual,US,android,low,google,0,1,34,2024-01-05,2024-02-08,3,5.1,0,0.0,1,327,low_value
p_000467,casual,US,android,low,facebook,0,1,34,2024-04-21,2024-05-25,3,5.1,0,0.0,1,220,low_value
p_000625,casual,KR,android,low,tiktok,0,1,35,2024-11-06,2024-12-11,3,5.8,0,0.0,8,20,low_value
p_001070,casual,US,ios,mid,tiktok,0,1,35,2024-03-25,2024-04-29,3,8.1,0,0.0,3,246,low_value
p_000542,casual,TH,android,mid,facebook,0,1,35,2024-06-02,2024-07-07,3,6.7,0,0.0,8,177,low_value
p_001631,casual,TH,android,low,organic,0,1,35,2024-11-10,2024-12-15,3,5.5,0,0.0,2,16,low_value
p_001384,casual,US,ios,low,organic,0,1,35,2024-02-13,2024-03-19,3,7.8,0,0.0,7,287,low_value
p_000945,casual,US,ios,mid,organic,0,1,35,2024-01-10,2024-02-14,3,6.7,0,0.0,1,321,low_value
p_001379,casual,TR,ios,low,google,0,1,35,2024-11-01,2024-12-06,3,7.2,0,0.0,4,25,low_value
p_000890,casual,US,ios,high,facebook,0,1,36,2024-04-17,2024-05-23,3,6.8,0,0.0,1,222,low_value
p_001187,casual,ID,android,mid,facebook,0,1,36,2024-05-30,2024-07-05,3,7.8,0,0.0,7,179,low_value
p_000558,casual,RU,ios,mid,organic,0,1,36,2024-08-09,2024-09-14,3,6.2,0,0.0,6,108,low_value
p_000397,casual,US,ios,mid,organic,0,1,37,2024-06-08,2024-07-15,3,3.8,0,0.0,8,169,low_value
p_001562,casual,US,android,low,organic,0,0,37,2024-11-24,2024-12-31,3,6.9,0,0.0,5,0,low_value
p_000535,casual,IN,android,mid,google,0,1,37,2024-03-28,2024-05-04,3,6.0,0,0.0,1,241,low_value
p_001124,casual,TH,android,mid,facebook,0,1,37,2024-01-24,2024-03-01,3,5.7,0,0.0,1,305,low_value
p_000322,casual,BR,android,mid,facebook,0,1,37,2024-09-17,2024-10-24,3,7.3,0,0.0,1,68,low_value
p_000637,casual,NL,android,low,facebook,0,1,37,2024-04-22,2024-05-29,3,6.4,0,0.0,1,216,low_value
p_001322,casual,ES,ios,mid,organic,0,1,38,2024-09-12,2024-10-20,3,5.8,0,0.0,2,72,low_value
p_000749,casual,IT,ios,low,google,0,1,39,2024-07-14,2024-08-22,3,7.9,0,0.0,6,131,low_value
p_001673,casual,US,android,low,tiktok,0,0,39,2024-11-22,2024-12-31,3,6.3,0,0.0,1,0,low_value
p_001670,casual,TR,android,mid,tiktok,0,1,40,2024-06-07,2024-07-17,3,6.3,0,0.0,5,167,low_value
p_000628,casual,BR,android,mid,tiktok,0,1,40,2024-09-05,2024-10-15,3,8.9,0,0.0,2,77,low_value
p_001417,casual,JP,android,mid,facebook,0,0,40,2024-11-21,2024-12-31,3,9.0,0,0.0,3,0,low_value
p_001561,casual,US,ios,low,facebook,0,1,40,2024-09-26,2024-11-05,3,4.7,0,0.0,2,56,low_value
p_000667,casual,DE,android,mid,facebook,0,0,40,2024-11-21,2024-12-31,3,8.5,0,0.0,6,0,low_value
p_000666,casual,MX,android,mid,facebook,0,1,41,2024-11-19,2024-12-30,3,6.3,0,0.0,6,1,low_value
p_000432,casual,MX,ios,high,organic,0,1,41,2024-09-23,2024-11-03,3,6.5,0,0.0,8,58,low_value
p_001390,casual,GB,ios,low,google,0,1,41,2024-02-12,2024-03-24,3,8.1,0,0.0,5,282,low_value
p_001133,casual,US,ios,high,tiktok,0,1,41,2024-08-18,2024-09-28,3,5.2,0,0.0,5,94,low_value
p_001181,casual,FR,android,mid,facebook,0,1,42,2024-04-25,2024-06-06,3,5.6,0,0.0,7,208,low_value
p_000980,casual,MX,android,high,tiktok,0,1,42,2024-11-19,2024-12-31,3,6.1,0,0.0,0,0,low_value
p_000622,casual,CA,ios,high,google,0,1,43,2024-08-11,2024-09-23,3,4.3,0,0.0,1,99,low_value
p_001164,casual,GB,ios,low,organic,0,1,43,2024-10-15,2024-11-27,3,7.1,0,0.0,4,34,low_value
p_001338,casual,GB,ios,mid,facebook,0,1,43,2024-03-28,2024-05-10,3,5.8,0,0.0,5,235,low_value
p_001432,casual,US,android,mid,organic,0,1,44,2024-10-13,2024-11-26,3,6.5,0,0.0,7,35,low_value
p_000733,casual,BR,android,mid,google,0,1,45,2024-09-10,2024-10-25,3,6.6,0,0.0,5,67,low_value
p_001075,casual,GB,ios,high,organic,0,0,45,2024-11-16,2024-12-31,3,7.0,0,0.0,1,0,low_value
p_001099,casual,MX,ios,mid,facebook,0,1,45,2024-06-27,2024-08-11,3,5.4,0,0.0,8,142,low_value
p_000365,casual,KR,android,high,tiktok,0,1,45,2024-06-25,2024-08-09,3,8.2,0,0.0,6,144,low_value
p_000627,casual,IN,android,mid,tiktok,0,1,45,2024-01-24,2024-03-09,3,5.9,0,0.0,0,297,low_value
p_001513,casual,GB,android,mid,unity_ads,0,0,46,2024-11-15,2024-12-31,3,5.4,0,0.0,4,0,low_value
p_001760,casual,CA,android,high,google,0,0,46,2024-11-15,2024-12-31,3,7.8,0,0.0,1,0,low_value
p_000787,casual,US,android,low,organic,0,1,47,2024-04-08,2024-05-25,3,4.4,0,0.0,1,220,low_value
p_001018,casual,DE,ios,high,organic,0,1,47,2024-06-27,2024-08-13,3,6.4,0,0.0,2,140,low_value
p_001636,casual,US,android,low,tiktok,0,1,47,2024-05-22,2024-07-08,3,8.6,0,0.0,8,176,low_value
p_001032,casual,JP,ios,high,facebook,0,1,48,2024-08-18,2024-10-05,3,7.0,0,0.0,2,87,low_value
p_000819,casual,US,ios,high,google,0,1,48,2024-09-07,2024-10-25,3,8.0,0,0.0,2,67,low_value
p_001696,casual,TH,android,mid,organic,0,1,49,2024-03-16,2024-05-04,3,5.6,0,0.0,6,241,low_value
p_000818,casual,DE,android,high,organic,0,1,49,2024-05-29,2024-07-17,3,6.6,0,0.0,0,167,low_value
p_000584,casual,JP,ios,low,organic,0,1,49,2024-05-17,2024-07-05,3,5.2,0,0.0,0,179,low_value
p_000962,casual,BR,ios,mid,organic,0,0,49,2024-11-12,2024-12-31,3,5.7,0,0.0,1,0,low_value
p_001700,casual,US,android,mid,organic,0,1,50,2024-05-26,2024-07-15,3,6.4,0,0.0,1,169,low_value
p_001741,casual,US,ios,high,google,0,0,50,2024-11-11,2024-12-31,3,5.8,0,0.0,4,0,low_value
p_001393,casual,IN,android,mid,google,0,1,50,2024-04-03,2024-05-23,3,6.7,0,0.0,4,222,low_value
p_001541,casual,MX,ios,mid,organic,0,1,51,2024-03-30,2024-05-20,3,6.7,0,0.0,4,225,low_value
p_001658,casual,CA,android,mid,unity_ads,0,1,51,2024-10-11,2024-12-01,3,5.9,0,0.0,2,30,low_value
p_000400,casual,TR,android,high,tiktok,0,1,51,2024-09-10,2024-10-31,3,6.7,0,0.0,1,61,low_value
p_001190,casual,US,android,mid,google,0,1,51,2024-07-18,2024-09-07,3,7.7,0,0.0,5,115,low_value
p_000452,casual,ES,android,low,google,0,1,52,2024-08-22,2024-10-13,3,6.6,0,0.0,3,79,low_value
p_000997,casual,DE,android,mid,google,0,0,53,2024-11-08,2024-12-31,3,5.3,0,0.0,4,0,low_value
p_001530,casual,AU,android,low,applovin,0,0,53,2024-11-08,2024-12-31,3,7.8,0,0.0,8,0,low_value
p_001207,casual,CA,ios,mid,google,0,1,53,2024-03-07,2024-04-29,3,7.6,0,0.0,0,246,low_value
p_001729,casual,MX,ios,high,tiktok,0,1,53,2024-07-04,2024-08-26,3,8.1,0,0.0,2,127,low_value
p_000566,casual,US,android,mid,google,0,1,54,2024-01-27,2024-03-21,3,4.7,0,0.0,0,285,low_value
p_001449,casual,US,ios,high,organic,0,1,54,2024-08-01,2024-09-24,3,3.8,0,0.0,3,98,low_value
p_000603,casual,ES,ios,mid,google,0,0,54,2024-11-07,2024-12-31,3,7.0,0,0.0,3,0,low_value
p_001646,casual,ID,android,mid,facebook,0,0,54,2024-11-07,2024-12-31,3,4.0,0,0.0,5,0,low_value
p_001532,casual,GB,ios,mid,tiktok,0,1,55,2024-05-14,2024-07-08,3,6.4,0,0.0,3,176,low_value
p_001582,casual,NL,android,high,organic,0,1,55,2024-01-09,2024-03-04,3,4.7,0,0.0,3,302,low_value
p_000892,casual,CA,ios,high,facebook,0,1,55,2024-05-07,2024-07-01,3,5.2,0,0.0,3,183,low_value
p_001266,casual,KR,ios,high,google,0,1,56,2024-07-22,2024-09-16,3,6.9,0,0.0,8,106,low_value
p_000645,casual,DE,ios,high,google,0,1,57,2024-05-22,2024-07-18,3,5.0,0,0.0,2,166,low_value
p_001199,casual,US,ios,high,applovin,0,1,58,2024-08-18,2024-10-15,3,6.5,0,0.0,5,77,low_value
p_001787,casual,DE,ios,mid,organic,0,1,59,2024-07-19,2024-09-16,3,4.9,0,0.0,8,106,low_value
p_001299,casual,US,android,low,facebook,0,1,59,2024-01-05,2024-03-04,3,6.4,0,0.0,2,302,low_value
p_001605,casual,IN,ios,high,facebook,0,0,60,2024-11-01,2024-12-31,3,7.1,0,0.0,5,0,low_value
p_000606,casual,BR,android,mid,facebook,0,1,60,2024-10-05,2024-12-04,3,6.3,0,0.0,7,27,low_value
p_000114,early_churn,DE,ios,mid,organic,0,1,2,2024-11-04,2024-11-06,1,2.2,0,0.0,1,55,low_value
p_000650,casual,US,ios,mid,organic,0,1,61,2024-09-13,2024-11-13,3,6.7,0,0.0,4,48,low_value
p_000634,casual,IN,android,low,organic,0,1,61,2024-08-27,2024-10-27,3,6.4,0,0.0,1,65,low_value
p_000781,casual,US,android,mid,google,0,0,63,2024-10-29,2024-12-31,3,4.7,0,0.0,0,0,low_value
p_001740,casual,IN,android,high,google,0,1,65,2024-03-31,2024-06-04,3,7.5,0,0.0,4,210,low_value
p_000843,casual,KR,ios,low,organic,0,1,66,2024-03-01,2024-05-06,3,7.2,0,0.0,1,239,low_value
p_000552,casual,IN,android,mid,facebook,0,1,66,2024-06-23,2024-08-28,3,6.9,0,0.0,3,125,low_value
p_000704,casual,MX,ios,high,google,0,1,67,2024-02-19,2024-04-26,3,8.3,0,0.0,8,249,low_value
p_000512,casual,IN,android,mid,tiktok,0,1,68,2024-10-04,2024-12-11,3,6.1,0,0.0,2,20,low_value
p_001593,casual,GB,ios,high,google,0,1,71,2024-07-17,2024-09-26,3,7.5,0,0.0,4,96,low_value
p_000694,casual,ES,ios,mid,facebook,0,1,72,2024-02-27,2024-05-09,3,4.5,0,0.0,2,236,low_value
p_001196,casual,JP,ios,mid,applovin,0,1,72,2024-08-17,2024-10-28,3,4.8,0,0.0,7,64,low_value
p_000314,casual,BR,android,high,organic,0,1,73,2024-07-15,2024-09-26,3,7.1,0,0.0,1,96,low_value
p_000886,casual,ES,ios,high,facebook,0,0,73,2024-10-19,2024-12-31,3,7.4,0,0.0,5,0,low_value
p_001008,casual,US,android,high,applovin,0,1,73,2024-05-23,2024-08-04,3,6.2,0,0.0,8,149,low_value
p_000977,casual,JP,android,low,organic,0,1,73,2024-06-26,2024-09-07,3,6.3,0,0.0,3,115,low_value
p_001109,casual,KR,ios,high,tiktok,0,1,74,2024-05-14,2024-07-27,3,7.2,0,0.0,4,157,low_value
p_001427,casual,RU,android,low,organic,0,1,74,2024-08-20,2024-11-02,3,6.0,0,0.0,5,59,low_value
p_000422,casual,US,ios,low,organic,0,1,75,2024-06-29,2024-09-12,3,7.2,0,0.0,7,110,low_value
p_000475,casual,BR,android,mid,unity_ads,0,1,76,2024-03-21,2024-06-05,3,4.0,0,0.0,5,209,low_value
p_001527,casual,BR,ios,mid,facebook,0,1,76,2024-05-15,2024-07-30,3,5.2,0,0.0,6,154,low_value
p_000999,casual,KR,android,low,applovin,0,1,77,2024-08-29,2024-11-14,3,6.3,0,0.0,8,47,low_value
p_001665,casual,DE,ios,high,facebook,0,0,77,2024-10-15,2024-12-31,3,6.6,0,0.0,3,0,low_value
p_001252,casual,DE,android,mid,google,0,1,79,2024-04-17,2024-07-05,3,5.0,0,0.0,4,179,low_value
p_001351,casual,IN,ios,mid,organic,0,1,80,2024-08-22,2024-11-10,3,6.4,0,0.0,0,51,low_value
p_001101,casual,JP,android,mid,organic,0,1,83,2024-06-16,2024-09-07,3,7.7,0,0.0,1,115,low_value
p_001247,casual,BR,android,mid,facebook,0,1,83,2024-09-27,2024-12-19,3,6.8,0,0.0,3,12,low_value
p_000813,casual,US,android,mid,unity_ads,0,1,84,2024-01-18,2024-04-11,3,7.3,0,0.0,7,264,low_value
p_000988,casual,JP,android,mid,unity_ads,0,1,85,2024-06-21,2024-09-14,3,5.4,0,0.0,7,108,low_value
p_000784,casual,US,android,high,organic,0,1,86,2024-02-27,2024-05-23,3,7.2,0,0.0,5,222,low_value
p_001128,casual,US,ios,high,google,0,1,87,2024-07-23,2024-10-18,3,6.5,0,0.0,2,74,low_value
p_000448,casual,US,android,low,applovin,0,1,89,2024-09-06,2024-12-04,3,7.1,0,0.0,8,27,low_value
p_002090,burst,FR,android,low,organic,0,1,7,2024-09-16,2024-09-23,4,14.2,0,0.0,15,99,low_value
p_001830,burst,MX,ios,mid,unity_ads,0,1,7,2024-04-20,2024-04-27,4,16.2,0,0.0,15,248,low_value
p_001901,burst,KR,android,high,facebook,0,1,7,2024-04-19,2024-04-26,4,10.9,0,0.0,9,249,low_value
p_001896,burst,US,ios,mid,organic,0,1,7,2024-12-09,2024-12-16,4,14.2,0,0.0,19,15,low_value
p_001945,burst,MX,android,mid,tiktok,0,1,8,2024-11-10,2024-11-18,4,12.8,0,0.0,16,43,low_value
p_001990,burst,AR,android,mid,facebook,0,1,8,2024-12-23,2024-12-31,4,15.1,0,0.0,10,0,low_value
p_002083,burst,IT,ios,high,facebook,0,1,8,2024-03-27,2024-04-04,4,10.3,0,0.0,14,271,low_value
p_002058,burst,IN,ios,mid,organic,0,1,8,2024-08-26,2024-09-03,4,10.4,0,0.0,9,119,low_value
p_001992,burst,US,ios,mid,organic,0,1,9,2024-07-31,2024-08-09,4,15.6,0,0.0,7,144,low_value
p_001881,burst,ID,ios,high,google,0,1,9,2024-10-30,2024-11-08,4,14.9,0,0.0,6,53,low_value
p_001842,burst,DE,ios,high,facebook,0,1,10,2024-08-08,2024-08-18,4,14.2,0,0.0,18,135,low_value
p_001996,burst,US,ios,mid,organic,0,1,10,2024-11-02,2024-11-12,4,12.8,0,0.0,10,49,low_value
p_001826,burst,AR,ios,high,organic,0,1,11,2024-12-19,2024-12-30,4,14.1,0,0.0,15,1,low_value
p_001957,burst,DE,ios,mid,organic,0,1,11,2024-10-10,2024-10-21,4,12.9,0,0.0,10,71,low_value
p_002060,burst,KR,ios,high,google,0,1,12,2024-10-12,2024-10-24,4,12.2,0,0.0,12,68,low_value
p_001005,casual,ES,ios,high,organic,0,1,14,2024-01-24,2024-02-07,4,7.9,0,0.0,2,328,low_value
p_000949,casual,BR,android,high,organic,0,1,14,2024-01-26,2024-02-09,4,7.1,0,0.0,2,326,low_value
p_000417,casual,IN,ios,high,organic,0,1,16,2024-12-12,2024-12-28,4,7.7,0,0.0,8,3,low_value
p_001258,casual,RU,ios,high,google,0,1,17,2024-02-07,2024-02-24,4,6.2,0,0.0,0,311,low_value
p_001166,casual,US,android,high,organic,0,1,18,2024-04-06,2024-04-24,4,6.7,0,0.0,6,251,low_value
p_000363,casual,DE,android,mid,organic,0,1,18,2024-05-31,2024-06-18,4,6.0,0,0.0,8,196,low_value
p_001348,casual,ES,ios,mid,organic,0,1,18,2024-08-03,2024-08-21,4,6.5,0,0.0,7,132,low_value
p_001817,burst,ID,ios,low,organic,0,1,19,2024-02-17,2024-03-07,4,13.8,0,0.0,4,299,low_value
p_001241,casual,US,android,mid,google,0,0,19,2024-12-12,2024-12-31,4,5.4,0,0.0,2,0,low_value
p_001006,casual,US,android,low,google,0,1,20,2024-05-19,2024-06-08,4,4.8,0,0.0,4,206,low_value
p_001645,casual,US,ios,mid,facebook,0,1,20,2024-11-10,2024-11-30,4,3.6,0,0.0,2,31,low_value
p_000334,casual,US,android,low,tiktok,0,1,21,2024-05-21,2024-06-11,4,8.9,0,0.0,4,203,low_value
p_001797,casual,US,android,low,facebook,0,1,21,2024-03-05,2024-03-26,4,7.5,0,0.0,1,280,low_value
p_001411,casual,CA,ios,high,facebook,0,0,22,2024-12-09,2024-12-31,4,7.5,0,0.0,5,0,low_value
p_001738,casual,TR,android,mid,google,0,0,22,2024-12-09,2024-12-31,4,6.4,0,0.0,0,0,low_value
p_001326,casual,MX,android,mid,organic,0,1,23,2024-05-31,2024-06-23,4,5.6,0,0.0,7,191,low_value
p_000449,casual,US,android,high,facebook,0,1,23,2024-03-03,2024-03-26,4,6.2,0,0.0,0,280,low_value
p_001026,casual,US,android,low,facebook,0,1,24,2024-07-31,2024-08-24,4,5.5,0,0.0,6,129,low_value
p_000871,casual,BR,android,low,organic,0,1,24,2024-08-28,2024-09-21,4,8.0,0,0.0,4,101,low_value
p_000490,casual,DE,android,low,organic,0,1,24,2024-01-28,2024-02-21,4,6.8,0,0.0,4,314,low_value
p_000526,casual,IT,ios,low,facebook,0,1,24,2024-05-06,2024-05-30,4,6.4,0,0.0,0,215,low_value
p_000369,casual,AR,ios,mid,facebook,0,1,24,2024-04-07,2024-05-01,4,6.6,0,0.0,3,244,low_value
p_000893,casual,CA,android,mid,google,0,1,25,2024-01-02,2024-01-27,4,6.5,0,0.0,1,339,low_value
p_001770,casual,US,android,low,applovin,0,1,25,2024-10-27,2024-11-21,4,7.7,0,0.0,4,40,low_value
p_000312,casual,BR,ios,high,organic,0,1,26,2024-05-29,2024-06-24,4,6.8,0,0.0,1,190,low_value
p_001003,casual,GB,android,mid,google,0,1,26,2024-06-02,2024-06-28,4,8.3,0,0.0,7,186,low_value
p_001094,casual,TR,android,low,google,0,1,27,2024-06-03,2024-06-30,4,5.2,0,0.0,1,184,low_value
p_000530,casual,US,android,high,facebook,0,1,28,2024-07-19,2024-08-16,4,6.2,0,0.0,6,137,low_value
p_001445,casual,JP,ios,mid,unity_ads,0,1,29,2024-04-08,2024-05-07,4,6.8,0,0.0,7,238,low_value
p_001640,casual,ES,ios,mid,organic,0,1,29,2024-06-18,2024-07-17,4,6.4,0,0.0,3,167,low_value
p_000478,casual,FR,android,mid,applovin,0,1,29,2024-11-02,2024-12-01,4,7.4,0,0.0,5,30,low_value
p_000554,casual,US,ios,high,facebook,0,1,30,2024-04-02,2024-05-02,4,6.5,0,0.0,0,243,low_value
p_000804,casual,US,ios,mid,unity_ads,0,1,30,2024-02-29,2024-03-30,4,7.8,0,0.0,0,276,low_value
p_000529,casual,PH,android,mid,facebook,0,1,30,2024-04-25,2024-05-25,4,4.6,0,0.0,1,220,low_value
p_001073,casual,US,ios,mid,tiktok,0,1,30,2024-06-13,2024-07-13,4,7.1,0,0.0,4,171,low_value
p_001007,casual,FR,android,mid,organic,0,1,31,2024-11-06,2024-12-07,4,6.8,0,0.0,1,24,low_value
p_001461,casual,GB,android,high,facebook,0,0,31,2024-11-30,2024-12-31,4,8.6,0,0.0,7,0,low_value
p_000635,casual,US,android,low,google,0,1,32,2024-09-18,2024-10-20,4,6.9,0,0.0,2,72,low_value
p_001745,casual,AR,ios,high,facebook,0,1,32,2024-05-04,2024-06-05,4,7.6,0,0.0,1,209,low_value
p_000302,casual,US,android,low,tiktok,0,1,32,2024-09-24,2024-10-26,4,6.4,0,0.0,4,66,low_value
p_001455,casual,BR,ios,high,tiktok,0,1,32,2024-01-09,2024-02-10,4,5.5,0,0.0,4,325,low_value
p_000326,casual,ID,android,low,other,0,1,32,2024-08-19,2024-09-20,4,5.8,0,0.0,4,102,low_value
p_001049,casual,US,ios,high,facebook,0,1,32,2024-07-23,2024-08-24,4,7.9,0,0.0,1,129,low_value
p_000848,casual,TH,ios,mid,organic,0,1,32,2024-08-02,2024-09-03,4,6.6,0,0.0,2,119,low_value
p_000866,casual,US,ios,low,organic,0,0,32,2024-11-29,2024-12-31,4,6.4,0,0.0,5,0,low_value
p_001399,casual,GB,ios,mid,organic,0,1,33,2024-05-09,2024-06-11,4,5.3,0,0.0,1,203,low_value
p_000939,casual,CA,ios,high,google,0,1,33,2024-08-27,2024-09-29,4,6.6,0,0.0,0,93,low_value
p_001655,casual,DE,android,mid,facebook,0,1,33,2024-08-11,2024-09-13,4,6.7,0,0.0,3,109,low_value
p_001211,casual,GB,ios,high,organic,0,1,33,2024-04-24,2024-05-27,4,7.7,0,0.0,1,218,low_value
p_001231,casual,SE,android,low,organic,0,1,34,2024-03-21,2024-04-24,4,6.7,0,0.0,0,251,low_value
p_001320,casual,GB,android,mid,organic,0,1,34,2024-02-05,2024-03-10,4,6.5,0,0.0,2,296,low_value
p_001030,casual,TR,ios,mid,applovin,0,1,34,2024-02-04,2024-03-09,4,6.5,0,0.0,5,297,low_value
p_001711,casual,JP,android,high,google,0,1,34,2024-09-13,2024-10-17,4,7.7,0,0.0,5,75,low_value
p_000825,casual,MX,android,mid,organic,0,1,34,2024-03-13,2024-04-16,4,6.5,0,0.0,0,259,low_value
p_000756,casual,JP,android,low,applovin,0,1,35,2024-04-12,2024-05-17,4,8.6,0,0.0,3,228,low_value
p_000438,casual,KR,ios,low,facebook,0,1,35,2024-05-02,2024-06-06,4,6.8,0,0.0,3,208,low_value
p_001355,casual,DE,android,high,facebook,0,0,35,2024-11-26,2024-12-31,4,5.9,0,0.0,6,0,low_value
p_000413,casual,US,android,mid,google,0,1,35,2024-09-19,2024-10-24,4,8.6,0,0.0,4,68,low_value
p_000309,casual,IT,ios,low,applovin,0,1,36,2024-07-27,2024-09-01,4,6.3,0,0.0,8,121,low_value
p_001036,casual,AU,android,mid,tiktok,0,0,36,2024-11-25,2024-12-31,4,7.8,0,0.0,6,0,low_value
p_000588,casual,BR,ios,mid,organic,0,1,37,2024-11-20,2024-12-27,4,6.6,0,0.0,3,4,low_value
p_001771,casual,FR,ios,high,applovin,0,1,37,2024-11-21,2024-12-28,4,6.6,0,0.0,1,3,low_value
p_000604,casual,TH,ios,high,facebook,0,0,37,2024-11-24,2024-12-31,4,6.3,0,0.0,0,0,low_value
p_000662,casual,GB,ios,high,unity_ads,0,1,37,2024-08-10,2024-09-16,4,7.3,0,0.0,5,106,low_value
p_000774,casual,MX,android,low,other,0,1,37,2024-11-01,2024-12-08,4,4.1,0,0.0,3,23,low_value
p_001168,casual,CA,ios,mid,google,0,1,37,2024-11-04,2024-12-11,4,7.7,0,0.0,6,20,low_value
p_001774,casual,US,android,low,tiktok,0,1,38,2024-01-17,2024-02-24,4,6.3,0,0.0,0,311,low_value
p_000937,casual,US,android,high,other,0,0,38,2024-11-23,2024-12-31,4,5.6,0,0.0,5,0,low_value
p_000464,casual,US,ios,high,tiktok,0,1,38,2024-01-08,2024-02-15,4,7.8,0,0.0,0,320,low_value
p_001153,casual,MX,android,mid,organic,0,1,38,2024-07-10,2024-08-17,4,6.6,0,0.0,7,136,low_value
p_000874,casual,TR,android,low,organic,0,0,39,2024-11-22,2024-12-31,4,7.0,0,0.0,5,0,low_value
p_001520,casual,NL,ios,low,facebook,0,1,39,2024-10-28,2024-12-06,4,6.9,0,0.0,5,25,low_value
p_000581,casual,PL,android,mid,google,0,1,39,2024-08-27,2024-10-05,4,4.6,0,0.0,2,87,low_value
p_000801,casual,BR,android,low,facebook,0,1,39,2024-08-31,2024-10-09,4,5.4,0,0.0,7,83,low_value
p_001346,casual,PH,android,low,google,0,1,39,2024-04-09,2024-05-18,4,8.0,0,0.0,0,227,low_value
p_000922,casual,FR,android,mid,google,0,1,40,2024-08-05,2024-09-14,4,5.7,0,0.0,4,108,low_value
p_000311,casual,US,android,low,applovin,0,1,40,2024-10-05,2024-11-14,4,6.3,0,0.0,7,47,low_value
p_000356,casual,ES,android,low,facebook,0,1,40,2024-09-30,2024-11-09,4,4.3,0,0.0,6,52,low_value
p_001441,casual,ES,android,mid,unity_ads,0,1,41,2024-01-25,2024-03-06,4,7.3,0,0.0,4,300,low_value
p_001531,casual,IT,android,mid,applovin,0,0,41,2024-11-20,2024-12-31,4,7.6,0,0.0,4,0,low_value
p_001186,casual,US,android,low,google,0,1,42,2024-10-13,2024-11-24,4,5.6,0,0.0,1,37,low_value
p_001714,casual,CA,android,high,tiktok,0,1,42,2024-06-04,2024-07-16,4,6.1,0,0.0,0,168,low_value
p_001413,casual,JP,android,low,facebook,0,1,42,2024-06-05,2024-07-17,4,8.7,0,0.0,7,167,low_value
p_000706,casual,BR,ios,low,facebook,0,1,42,2024-04-16,2024-05-28,4,5.5,0,0.0,3,217,low_value
p_001794,casual,JP,android,mid,unity_ads,0,1,43,2024-02-27,2024-04-10,4,5.5,0,0.0,5,265,low_value
p_000605,casual,GB,ios,low,facebook,0,1,43,2024-08-12,2024-09-24,4,4.9,0,0.0,8,98,low_value
p_001763,casual,AU,ios,high,tiktok,0,1,43,2024-02-13,2024-03-27,4,5.1,0,0.0,3,279,low_value
p_001723,casual,JP,android,low,unity_ads,0,1,43,2024-07-27,2024-09-08,4,5.9,0,0.0,6,114,low_value
p_000728,casual,IN,ios,mid,applovin,0,1,43,2024-10-05,2024-11-17,4,6.3,0,0.0,2,44,low_value
p_000718,casual,PL,ios,mid,tiktok,0,1,43,2024-04-07,2024-05-20,4,5.7,0,0.0,0,225,low_value
p_000425,casual,GB,ios,high,organic,0,1,44,2024-07-25,2024-09-07,4,5.5,0,0.0,5,115,low_value
p_001303,casual,GB,android,mid,facebook,0,1,44,2024-04-28,2024-06-11,4,4.7,0,0.0,7,203,low_value
p_000785,casual,AR,ios,mid,organic,0,1,45,2024-04-04,2024-05-19,4,5.3,0,0.0,3,226,low_value
p_000351,casual,DE,android,mid,applovin,0,1,45,2024-07-30,2024-09-13,4,6.2,0,0.0,7,109,low_value
p_001512,casual,ES,android,mid,facebook,0,1,45,2024-02-16,2024-04-01,4,6.7,0,0.0,0,274,low_value
p_000390,casual,KR,android,mid,google,0,1,45,2024-09-22,2024-11-06,4,6.7,0,0.0,6,55,low_value
p_000483,casual,IN,ios,high,unity_ads,0,0,46,2024-11-15,2024-12-31,4,5.9,0,0.0,0,0,low_value
p_001480,casual,US,ios,high,organic,0,1,46,2024-04-08,2024-05-24,4,7.5,0,0.0,2,221,low_value
p_000366,casual,FR,android,low,applovin,0,1,46,2024-11-01,2024-12-17,4,7.2,0,0.0,7,14,low_value
p_001268,casual,US,android,mid,organic,0,1,46,2024-11-13,2024-12-29,4,5.3,0,0.0,0,2,low_value
p_001510,casual,TR,android,mid,facebook,0,1,46,2024-01-29,2024-03-15,4,7.1,0,0.0,3,291,low_value
p_001277,casual,FR,ios,low,organic,0,1,47,2024-02-16,2024-04-03,4,7.0,0,0.0,8,272,low_value
p_001318,casual,US,ios,high,google,0,1,47,2024-04-09,2024-05-26,4,7.5,0,0.0,5,219,low_value
p_001341,casual,KR,android,high,google,0,1,48,2024-06-04,2024-07-22,4,6.0,0,0.0,3,162,low_value
p_000678,casual,FR,ios,high,organic,0,1,48,2024-05-24,2024-07-11,4,3.9,0,0.0,5,173,low_value
p_001344,casual,IT,ios,high,facebook,0,1,48,2024-02-03,2024-03-22,4,5.1,0,0.0,2,284,low_value
p_000608,casual,BR,ios,low,facebook,0,1,49,2024-02-02,2024-03-22,4,7.6,0,0.0,0,284,low_value
p_001360,casual,IT,android,low,organic,0,1,50,2024-07-13,2024-09-01,4,6.0,0,0.0,0,121,low_value
p_000300,casual,US,android,mid,organic,0,1,50,2024-06-22,2024-08-11,4,5.8,0,0.0,2,142,low_value
p_001783,casual,MX,ios,low,unity_ads,0,0,50,2024-11-11,2024-12-31,4,8.2,0,0.0,3,0,low_value
p_001395,casual,AR,ios,high,organic,0,1,51,2024-08-13,2024-10-03,4,7.4,0,0.0,2,89,low_value
p_000691,casual,JP,android,low,organic,0,1,51,2024-01-07,2024-02-27,4,6.7,0,0.0,0,308,low_value
p_001566,casual,TH,ios,mid,unity_ads,0,1,52,2024-02-08,2024-03-31,4,6.4,0,0.0,0,275,low_value
p_001147,casual,US,ios,low,organic,0,1,52,2024-03-26,2024-05-17,4,7.0,0,0.0,0,228,low_value
p_000935,casual,US,android,low,google,0,0,53,2024-11-08,2024-12-31,4,7.6,0,0.0,8,0,low_value
p_001570,casual,US,android,low,facebook,0,1,53,2024-09-26,2024-11-18,4,5.4,0,0.0,1,43,low_value
p_000323,casual,FR,android,mid,applovin,0,1,53,2024-04-17,2024-06-09,4,7.9,0,0.0,2,205,low_value
p_001183,casual,JP,android,low,facebook,0,0,53,2024-11-08,2024-12-31,4,7.2,0,0.0,8,0,low_value
p_001798,casual,US,android,mid,facebook,0,1,53,2024-05-14,2024-07-06,4,5.2,0,0.0,7,178,low_value
p_001628,casual,US,android,mid,applovin,0,0,53,2024-11-08,2024-12-31,4,6.1,0,0.0,6,0,low_value
p_001754,casual,TR,ios,mid,organic,0,1,53,2024-08-16,2024-10-08,4,8.1,0,0.0,2,84,low_value
p_001064,casual,GB,ios,high,facebook,0,1,54,2024-07-21,2024-09-13,4,5.0,0,0.0,2,109,low_value
p_001708,casual,FR,ios,mid,tiktok,0,1,54,2024-05-14,2024-07-07,4,6.4,0,0.0,2,177,low_value
p_000676,casual,RU,ios,high,unity_ads,0,0,54,2024-11-07,2024-12-31,4,6.8,0,0.0,7,0,low_value
p_001146,casual,US,android,mid,facebook,0,1,54,2024-04-30,2024-06-23,4,6.4,0,0.0,0,191,low_value
p_000737,casual,IN,android,low,facebook,0,0,55,2024-11-06,2024-12-31,4,6.1,0,0.0,5,0,low_value
p_001639,casual,FR,ios,high,organic,0,1,55,2024-07-23,2024-09-16,4,8.1,0,0.0,0,106,low_value
p_000793,casual,DE,android,mid,tiktok,0,1,56,2024-02-22,2024-04-18,4,7.5,0,0.0,6,257,low_value
p_000446,casual,KR,ios,high,google,0,1,56,2024-01-24,2024-03-20,4,7.4,0,0.0,5,286,low_value
p_001706,casual,GB,ios,mid,organic,0,1,56,2024-06-03,2024-07-29,4,7.7,0,0.0,7,155,low_value
p_000932,casual,US,android,low,organic,0,1,56,2024-03-30,2024-05-25,4,6.5,0,0.0,4,220,low_value
p_000903,casual,AR,android,low,organic,0,0,56,2024-11-05,2024-12-31,4,6.6,0,0.0,0,0,low_value
p_000778,casual,JP,android,mid,facebook,0,1,57,2024-01-23,2024-03-20,4,6.7,0,0.0,8,286,low_value
p_000702,casual,BR,ios,mid,organic,0,1,57,2024-08-13,2024-10-09,4,6.4,0,0.0,8,83,low_value
p_001633,casual,CA,ios,mid,tiktok,0,1,57,2024-07-21,2024-09-16,4,7.0,0,0.0,6,106,low_value
p_001054,casual,CA,ios,mid,organic,0,1,58,2024-07-26,2024-09-22,4,6.8,0,0.0,1,100,low_value
p_001067,casual,US,android,mid,facebook,0,1,58,2024-08-07,2024-10-04,4,5.6,0,0.0,0,88,low_value
p_001539,casual,GB,ios,low,applovin,0,1,58,2024-05-27,2024-07-24,4,5.8,0,0.0,0,160,low_value
p_000367,casual,BR,ios,low,applovin,0,1,58,2024-10-27,2024-12-24,4,7.4,0,0.0,4,7,low_value
p_001328,casual,US,ios,mid,other,0,1,59,2024-08-25,2024-10-23,4,6.3,0,0.0,4,69,low_value
p_000576,casual,US,ios,high,organic,0,0,59,2024-11-02,2024-12-31,4,6.9,0,0.0,3,0,low_value
p_001232,casual,GB,android,high,organic,0,1,60,2024-06-24,2024-08-23,4,5.1,0,0.0,8,130,low_value
p_000920,casual,US,android,mid,organic,0,1,61,2024-06-06,2024-08-06,4,6.9,0,0.0,8,147,low_value
p_000838,casual,KR,android,mid,facebook,0,1,62,2024-03-25,2024-05-26,4,6.8,0,0.0,6,219,low_value
p_000507,casual,DE,android,mid,applovin,0,1,62,2024-01-10,2024-03-12,4,5.7,0,0.0,5,294,low_value
p_001753,casual,JP,ios,high,facebook,0,1,62,2024-03-02,2024-05-03,4,5.5,0,0.0,2,242,low_value
p_001230,casual,KR,android,low,applovin,0,1,62,2024-10-15,2024-12-16,4,5.5,0,0.0,8,15,low_value
p_000587,casual,CA,android,mid,google,0,1,63,2024-02-14,2024-04-17,4,6.9,0,0.0,3,258,low_value
p_001001,casual,JP,android,low,organic,0,1,63,2024-06-12,2024-08-14,4,7.6,0,0.0,6,139,low_value
p_001588,casual,JP,ios,low,organic,0,0,63,2024-10-29,2024-12-31,4,6.4,0,0.0,3,0,low_value
p_001457,casual,MX,android,mid,google,0,1,63,2024-09-19,2024-11-21,4,5.9,0,0.0,1,40,low_value
p_001296,casual,US,android,high,organic,0,1,64,2024-03-29,2024-06-01,4,5.4,0,0.0,2,213,low_value
p_000661,casual,JP,ios,high,organic,0,0,65,2024-10-27,2024-12-31,4,7.9,0,0.0,7,0,low_value
p_001253,casual,BR,ios,low,google,0,1,66,2024-06-19,2024-08-24,4,5.6,0,0.0,3,129,low_value
p_000722,casual,US,ios,high,facebook,0,1,66,2024-10-23,2024-12-28,4,4.1,0,0.0,5,3,low_value
p_001009,casual,DE,android,mid,facebook,0,1,67,2024-10-10,2024-12-16,4,5.9,0,0.0,6,15,low_value
p_000378,casual,DE,ios,high,google,0,1,67,2024-05-26,2024-08-01,4,5.2,0,0.0,4,152,low_value
p_000984,casual,ES,ios,low,google,0,1,68,2024-07-20,2024-09-26,4,8.3,0,0.0,3,96,low_value
p_001237,casual,JP,android,mid,organic,0,1,68,2024-07-23,2024-09-29,4,5.8,0,0.0,6,93,low_value
p_000919,casual,CA,ios,low,applovin,0,0,68,2024-10-24,2024-12-31,4,5.8,0,0.0,3,0,low_value
p_001106,casual,RU,android,low,applovin,0,1,68,2024-04-29,2024-07-06,4,4.6,0,0.0,1,178,low_value
p_001622,casual,GB,android,high,facebook,0,1,69,2024-04-28,2024-07-06,4,8.7,0,0.0,6,178,low_value
p_000495,casual,JP,ios,mid,applovin,0,1,69,2024-06-16,2024-08-24,4,5.9,0,0.0,0,129,low_value
p_000815,casual,AR,android,mid,organic,0,1,70,2024-06-04,2024-08-13,4,6.7,0,0.0,1,140,low_value
p_001412,casual,AU,ios,mid,facebook,0,1,71,2024-06-27,2024-09-06,4,6.3,0,0.0,5,116,low_value
p_001263,casual,JP,android,mid,organic,0,1,71,2024-06-17,2024-08-27,4,5.9,0,0.0,5,126,low_value
p_001587,casual,CA,android,low,facebook,0,1,71,2024-04-07,2024-06-17,4,8.7,0,0.0,7,197,low_value
p_001534,casual,AU,ios,high,google,0,1,71,2024-07-24,2024-10-03,4,5.1,0,0.0,3,89,low_value
p_001060,casual,JP,android,mid,organic,0,1,71,2024-06-01,2024-08-11,4,8.0,0,0.0,5,142,low_value
p_000457,casual,CA,android,mid,organic,0,1,72,2024-05-19,2024-07-30,4,7.9,0,0.0,2,154,low_value
p_001337,casual,KR,ios,mid,google,0,1,72,2024-05-18,2024-07-29,4,6.1,0,0.0,1,155,low_value
p_001533,casual,SE,android,low,organic,0,1,73,2024-03-03,2024-05-15,4,6.1,0,0.0,3,230,low_value
p_001260,casual,GB,android,mid,other,0,0,73,2024-10-19,2024-12-31,4,6.6,0,0.0,8,0,low_value
p_000338,casual,GB,android,mid,organic,0,1,74,2024-08-15,2024-10-28,4,7.8,0,0.0,5,64,low_value
p_000849,casual,CA,android,low,applovin,0,1,74,2024-10-13,2024-12-26,4,8.1,0,0.0,2,5,low_value
p_000723,casual,US,ios,low,organic,0,1,78,2024-02-11,2024-04-29,4,5.7,0,0.0,5,246,low_value
p_001085,casual,CA,ios,mid,unity_ads,0,1,80,2024-06-30,2024-09-18,4,5.9,0,0.0,2,104,low_value
p_000399,casual,US,android,mid,applovin,0,1,80,2024-05-21,2024-08-09,4,7.3,0,0.0,6,144,low_value
p_001755,casual,US,ios,high,applovin,0,1,80,2024-08-10,2024-10-29,4,6.2,0,0.0,7,63,low_value
p_001201,casual,TH,android,mid,organic,0,1,82,2024-05-31,2024-08-21,4,6.3,0,0.0,3,132,low_value
p_001031,casual,NL,android,low,google,0,1,83,2024-01-03,2024-03-26,4,7.9,0,0.0,1,280,low_value
p_000926,casual,AR,android,low,unity_ads,0,1,83,2024-05-14,2024-08-05,4,7.4,0,0.0,4,148,low_value
p_000105,early_churn,RU,android,mid,organic,0,1,2,2024-04-17,2024-04-19,1,1.5,0,0.0,1,256,low_value
p_001367,casual,JP,ios,mid,facebook,0,1,86,2024-03-31,2024-06-25,4,5.2,0,0.0,7,189,low_value
p_000698,casual,US,android,mid,google,0,1,87,2024-06-29,2024-09-24,4,6.0,0,0.0,3,98,low_value
p_001702,casual,JP,android,mid,organic,0,1,87,2024-05-23,2024-08-18,4,5.0,0,0.0,6,135,low_value
p_000885,casual,AR,android,low,facebook,0,1,89,2024-03-26,2024-06-23,4,5.2,0,0.0,0,191,low_value
p_002078,burst,AR,ios,high,facebook,0,1,7,2024-12-22,2024-12-29,5,10.2,0,0.0,13,2,low_value
p_001940,burst,CA,android,high,facebook,0,1,7,2024-08-28,2024-09-04,5,12.2,0,0.0,5,118,low_value
p_001877,burst,FR,ios,high,organic,0,1,7,2024-11-02,2024-11-09,5,11.6,0,0.0,12,52,low_value
p_001891,burst,AU,android,low,organic,0,1,7,2024-09-05,2024-09-12,5,15.8,0,0.0,13,110,low_value
p_002063,burst,NL,android,mid,google,0,1,9,2024-05-25,2024-06-03,5,15.0,0,0.0,11,211,low_value
p_001837,burst,IN,ios,high,facebook,0,1,9,2024-06-20,2024-06-29,5,14.2,0,0.0,15,185,low_value
p_001917,burst,ES,android,mid,organic,0,1,9,2024-03-30,2024-04-08,5,14.3,0,0.0,12,267,low_value
p_001926,burst,ES,android,high,google,0,1,9,2024-05-11,2024-05-20,5,10.9,0,0.0,8,225,low_value
p_002024,burst,DE,android,mid,organic,0,1,9,2024-06-27,2024-07-06,5,11.3,0,0.0,3,178,low_value
p_001818,burst,US,android,mid,tiktok,0,1,9,2024-04-05,2024-04-14,5,12.1,0,0.0,15,261,low_value
p_001852,burst,CA,ios,low,google,0,1,10,2024-10-19,2024-10-29,5,13.6,0,0.0,11,63,low_value
p_002001,burst,US,android,high,google,0,1,10,2024-02-13,2024-02-23,5,12.0,0,0.0,7,312,low_value
p_001946,burst,US,ios,low,organic,0,1,11,2024-04-27,2024-05-08,5,12.4,0,0.0,15,237,low_value
p_001883,burst,US,android,mid,applovin,0,1,11,2024-05-06,2024-05-17,5,13.1,0,0.0,6,228,low_value
p_002053,burst,CA,ios,mid,organic,0,1,11,2024-05-10,2024-05-21,5,13.7,0,0.0,14,224,low_value
p_002080,burst,FR,android,mid,tiktok,0,1,11,2024-09-22,2024-10-03,5,14.7,0,0.0,8,89,low_value
p_001863,burst,MX,ios,mid,unity_ads,0,1,11,2024-01-24,2024-02-04,5,11.8,0,0.0,3,331,low_value
p_002047,burst,RU,ios,mid,google,0,1,12,2024-11-11,2024-11-23,5,13.0,0,0.0,19,38,low_value
p_001936,burst,US,android,mid,facebook,0,1,13,2024-01-11,2024-01-24,5,9.2,0,0.0,6,342,low_value
p_001884,burst,JP,ios,mid,organic,0,1,13,2024-10-05,2024-10-18,5,10.0,0,0.0,12,74,low_value
p_001928,burst,DE,android,mid,facebook,0,1,13,2024-09-21,2024-10-04,5,14.6,0,0.0,3,88,low_value
p_001845,burst,BR,ios,high,applovin,0,1,14,2024-02-18,2024-03-03,5,11.9,0,0.0,12,303,low_value
p_001979,burst,MX,android,high,tiktok,0,1,14,2024-03-30,2024-04-13,5,7.5,0,0.0,13,262,low_value
p_000354,casual,GB,ios,mid,facebook,0,1,17,2024-07-21,2024-08-07,5,5.9,0,0.0,3,146,low_value
p_000990,casual,TR,android,mid,applovin,0,1,19,2024-03-26,2024-04-14,5,6.0,0,0.0,4,261,low_value
p_001038,casual,JP,ios,mid,google,0,1,19,2024-07-19,2024-08-07,5,5.8,0,0.0,4,146,low_value
p_000420,casual,US,android,high,unity_ads,0,1,23,2024-07-12,2024-08-04,5,7.4,0,0.0,1,149,low_value
p_000434,casual,ID,android,low,organic,0,1,23,2024-01-08,2024-01-31,5,5.4,0,0.0,4,335,low_value
p_000612,casual,IT,android,mid,facebook,0,0,25,2024-12-06,2024-12-31,5,6.9,0,0.0,6,0,low_value
p_000989,casual,US,android,low,facebook,0,1,27,2024-03-19,2024-04-15,5,4.8,0,0.0,4,260,low_value
p_001666,casual,RU,android,low,organic,0,1,28,2024-06-05,2024-07-03,5,7.4,0,0.0,2,181,low_value
p_001188,casual,PL,ios,mid,organic,0,0,28,2024-12-03,2024-12-31,5,6.2,0,0.0,3,0,low_value
p_001013,casual,JP,android,mid,organic,0,1,28,2024-09-07,2024-10-05,5,5.8,0,0.0,0,87,low_value
p_000360,casual,PH,ios,high,facebook,0,1,29,2024-06-20,2024-07-19,5,6.9,0,0.0,7,165,low_value
p_000924,casual,IN,android,low,facebook,0,1,29,2024-11-30,2024-12-29,5,6.1,0,0.0,5,2,low_value
p_001415,casual,PH,ios,mid,applovin,0,1,32,2024-01-06,2024-02-07,5,5.7,0,0.0,2,328,low_value
p_001543,casual,TR,android,high,google,0,0,32,2024-11-29,2024-12-31,5,6.0,0,0.0,6,0,low_value
p_001580,casual,ES,ios,high,organic,0,1,32,2024-11-18,2024-12-20,5,5.5,0,0.0,5,11,low_value
p_001394,casual,FR,android,low,tiktok,0,1,32,2024-04-03,2024-05-05,5,5.7,0,0.0,3,240,low_value
p_000821,casual,ID,android,mid,organic,0,1,32,2024-02-21,2024-03-24,5,4.9,0,0.0,4,282,low_value
p_000996,casual,JP,android,mid,facebook,0,0,33,2024-11-28,2024-12-31,5,5.3,0,0.0,1,0,low_value
p_001733,casual,GB,android,mid,facebook,0,1,33,2024-04-10,2024-05-13,5,5.7,0,0.0,8,232,low_value
p_000522,casual,CA,android,mid,organic,0,1,34,2024-10-24,2024-11-27,5,5.3,0,0.0,7,34,low_value
p_001093,casual,NL,android,low,applovin,0,1,34,2024-03-29,2024-05-02,5,8.1,0,0.0,6,243,low_value
p_001017,casual,AR,ios,low,applovin,0,1,34,2024-09-01,2024-10-05,5,6.7,0,0.0,0,87,low_value
p_000459,casual,IN,android,high,applovin,0,1,35,2024-11-20,2024-12-25,5,7.3,0,0.0,6,6,low_value
p_000673,casual,MX,android,mid,google,0,1,35,2024-03-02,2024-04-06,5,5.1,0,0.0,0,269,low_value
p_001191,casual,ID,ios,low,organic,0,1,36,2024-07-30,2024-09-04,5,6.4,0,0.0,7,118,low_value
p_001686,casual,PH,android,low,facebook,0,1,36,2024-04-22,2024-05-28,5,6.2,0,0.0,4,217,low_value
p_001129,casual,AU,ios,low,facebook,0,1,36,2024-05-30,2024-07-05,5,4.9,0,0.0,3,179,low_value
p_001236,casual,AU,android,low,tiktok,0,1,37,2024-04-16,2024-05-23,5,6.6,0,0.0,0,222,low_value
p_001649,casual,US,android,mid,unity_ads,0,1,37,2024-08-12,2024-09-18,5,5.4,0,0.0,2,104,low_value
p_000941,casual,GB,ios,mid,organic,0,1,38,2024-08-29,2024-10-06,5,6.6,0,0.0,6,86,low_value
p_001363,casual,BR,android,low,organic,0,1,39,2024-04-13,2024-05-22,5,7.2,0,0.0,6,223,low_value
p_000631,casual,TH,android,mid,organic,0,1,39,2024-02-16,2024-03-26,5,5.5,0,0.0,3,280,low_value
p_000320,casual,GB,android,mid,organic,0,1,39,2024-09-29,2024-11-07,5,5.4,0,0.0,0,54,low_value
p_001108,casual,ES,ios,low,organic,0,1,39,2024-03-20,2024-04-28,5,6.4,0,0.0,0,247,low_value
p_001327,casual,US,ios,mid,google,0,1,41,2024-03-17,2024-04-27,5,6.3,0,0.0,6,248,low_value
p_000751,casual,TH,android,low,tiktok,0,1,41,2024-01-27,2024-03-08,5,6.3,0,0.0,4,298,low_value
p_001131,casual,MX,ios,high,organic,0,1,41,2024-04-06,2024-05-17,5,8.0,0,0.0,3,228,low_value
p_001698,casual,BR,ios,high,organic,0,1,41,2024-02-02,2024-03-14,5,7.7,0,0.0,3,292,low_value
p_000492,casual,RU,ios,high,facebook,0,0,41,2024-11-20,2024-12-31,5,6.3,0,0.0,5,0,low_value
p_001643,casual,TR,android,low,applovin,0,1,41,2024-06-28,2024-08-08,5,7.4,0,0.0,6,145,low_value
p_001140,casual,US,android,mid,organic,0,1,42,2024-07-02,2024-08-13,5,8.1,0,0.0,5,140,low_value
p_000748,casual,CA,android,low,organic,0,1,42,2024-07-16,2024-08-27,5,6.6,0,0.0,8,126,low_value
p_000405,casual,DE,android,mid,facebook,0,1,42,2024-10-30,2024-12-11,5,6.0,0,0.0,7,20,low_value
p_001437,casual,DE,ios,high,organic,0,1,43,2024-08-08,2024-09-20,5,5.8,0,0.0,2,102,low_value
p_000807,casual,BR,android,mid,organic,0,1,43,2024-08-01,2024-09-13,5,6.9,0,0.0,0,109,low_value
p_000800,casual,ES,android,low,organic,0,1,43,2024-10-07,2024-11-19,5,7.8,0,0.0,3,42,low_value
p_001317,casual,BR,android,mid,facebook,0,1,44,2024-03-28,2024-05-11,5,5.7,0,0.0,0,234,low_value
p_001578,casual,JP,android,low,facebook,0,1,44,2024-10-21,2024-12-04,5,7.8,0,0.0,5,27,low_value
p_001775,casual,DE,ios,high,applovin,0,1,45,2024-10-13,2024-11-27,5,7.1,0,0.0,4,34,low_value
p_000644,casual,ID,ios,mid,facebook,0,1,45,2024-08-11,2024-09-25,5,5.7,0,0.0,7,97,low_value
p_000746,casual,TR,ios,mid,applovin,0,1,45,2024-04-05,2024-05-20,5,8.4,0,0.0,6,225,low_value
p_001601,casual,JP,ios,high,organic,0,1,46,2024-03-18,2024-05-03,5,6.1,0,0.0,6,242,low_value
p_001667,casual,US,android,low,organic,0,1,46,2024-06-24,2024-08-09,5,7.2,0,0.0,0,144,low_value
p_001654,casual,US,ios,mid,facebook,0,1,48,2024-01-08,2024-02-25,5,7.5,0,0.0,1,310,low_value
p_000488,casual,TR,ios,high,organic,0,1,48,2024-09-22,2024-11-09,5,6.6,0,0.0,0,52,low_value
p_000970,casual,FR,ios,high,google,0,1,48,2024-05-12,2024-06-29,5,6.8,0,0.0,3,185,low_value
p_001012,casual,RU,android,mid,organic,0,1,48,2024-02-19,2024-04-07,5,6.9,0,0.0,2,268,low_value
p_001584,casual,US,android,low,organic,0,1,49,2024-09-15,2024-11-03,5,4.8,0,0.0,8,58,low_value
p_001167,casual,DE,ios,high,facebook,0,1,49,2024-09-09,2024-10-28,5,8.2,0,0.0,2,64,low_value
p_001672,casual,IN,android,mid,tiktok,0,1,50,2024-02-04,2024-03-25,5,7.7,0,0.0,5,281,low_value
p_000486,casual,GB,ios,high,organic,0,1,51,2024-01-29,2024-03-20,5,7.2,0,0.0,6,286,low_value
p_000826,casual,FR,android,mid,organic,0,1,51,2024-07-04,2024-08-24,5,5.9,0,0.0,7,129,low_value
p_001494,casual,ES,ios,low,google,0,1,52,2024-07-14,2024-09-04,5,5.1,0,0.0,0,118,low_value
p_001668,casual,BR,ios,mid,organic,0,1,52,2024-01-31,2024-03-23,5,6.5,0,0.0,6,283,low_value
p_000537,casual,ID,ios,low,tiktok,0,1,52,2024-09-26,2024-11-17,5,6.9,0,0.0,8,44,low_value
p_000810,casual,IN,ios,mid,organic,0,1,53,2024-04-09,2024-06-01,5,7.0,0,0.0,0,213,low_value
p_001674,casual,US,ios,high,organic,0,1,54,2024-05-16,2024-07-09,5,5.9,0,0.0,5,175,low_value
p_001552,casual,CA,android,mid,applovin,0,1,54,2024-02-22,2024-04-16,5,8.5,0,0.0,0,259,low_value
p_001779,casual,MX,ios,high,organic,0,1,54,2024-05-25,2024-07-18,5,7.7,0,0.0,2,166,low_value
p_000301,casual,DE,ios,mid,organic,0,1,54,2024-05-12,2024-07-05,5,5.7,0,0.0,0,179,low_value
p_001481,casual,US,android,mid,google,0,1,54,2024-03-16,2024-05-09,5,6.9,0,0.0,4,236,low_value
p_000409,casual,JP,android,mid,organic,0,1,54,2024-04-29,2024-06-22,5,6.9,0,0.0,4,192,low_value
p_001293,casual,IT,ios,mid,organic,0,1,55,2024-07-23,2024-09-16,5,6.2,0,0.0,3,106,low_value
p_001307,casual,MX,ios,mid,unity_ads,0,1,55,2024-07-07,2024-08-31,5,8.1,0,0.0,1,122,low_value
p_001546,casual,JP,ios,mid,organic,0,1,55,2024-10-09,2024-12-03,5,5.3,0,0.0,2,28,low_value
p_000455,casual,IT,ios,mid,tiktok,0,1,55,2024-04-06,2024-05-31,5,6.8,0,0.0,0,214,low_value
p_001349,casual,US,android,mid,applovin,0,1,55,2024-03-06,2024-04-30,5,6.5,0,0.0,4,245,low_value
p_001374,casual,MX,android,mid,unity_ads,0,1,55,2024-03-07,2024-05-01,5,6.4,0,0.0,0,244,low_value
p_000695,casual,KR,android,mid,tiktok,0,1,55,2024-08-26,2024-10-20,5,5.8,0,0.0,1,72,low_value
p_000943,casual,JP,android,mid,organic,0,1,55,2024-07-18,2024-09-11,5,6.1,0,0.0,7,111,low_value
p_000358,casual,US,android,high,facebook,0,1,55,2024-05-08,2024-07-02,5,4.7,0,0.0,1,182,low_value
p_000845,casual,JP,android,low,google,0,1,56,2024-01-05,2024-03-01,5,6.2,0,0.0,3,305,low_value
p_000929,casual,FR,ios,low,facebook,0,1,56,2024-08-12,2024-10-07,5,5.3,0,0.0,6,85,low_value
p_001571,casual,IN,ios,mid,applovin,0,1,56,2024-05-01,2024-06-26,5,6.4,0,0.0,2,188,low_value
p_000987,casual,RU,android,mid,organic,0,1,57,2024-08-09,2024-10-05,5,5.8,0,0.0,1,87,low_value
p_001173,casual,US,android,mid,google,0,1,57,2024-07-09,2024-09-04,5,6.5,0,0.0,3,118,low_value
p_000875,casual,US,ios,high,unity_ads,0,1,58,2024-06-02,2024-07-30,5,5.6,0,0.0,6,154,low_value
p_001056,casual,DE,android,mid,google,0,1,58,2024-07-09,2024-09-05,5,6.8,0,0.0,4,117,low_value
p_001350,casual,ID,android,mid,organic,0,1,58,2024-08-09,2024-10-06,5,6.5,0,0.0,1,86,low_value
p_000776,casual,ES,android,low,facebook,0,1,58,2024-08-10,2024-10-07,5,5.4,0,0.0,7,85,low_value
p_001466,casual,US,android,mid,facebook,0,1,58,2024-06-19,2024-08-16,5,7.0,0,0.0,5,137,low_value
p_000770,casual,CA,android,mid,organic,0,1,58,2024-07-19,2024-09-15,5,5.3,0,0.0,0,107,low_value
p_000394,casual,FR,ios,low,google,0,1,59,2024-01-19,2024-03-18,5,6.0,0,0.0,0,288,low_value
p_000523,casual,US,ios,low,organic,0,0,59,2024-11-02,2024-12-31,5,6.5,0,0.0,0,0,low_value
p_001310,casual,JP,ios,mid,google,0,1,59,2024-06-24,2024-08-22,5,7.8,0,0.0,0,131,low_value
p_001420,casual,US,android,mid,google,0,1,60,2024-08-06,2024-10-05,5,5.1,0,0.0,1,87,low_value
p_001224,casual,IN,ios,mid,organic,0,1,60,2024-07-11,2024-09-09,5,7.2,0,0.0,6,113,low_value
p_000349,casual,IN,ios,high,organic,0,1,60,2024-02-21,2024-04-21,5,6.2,0,0.0,4,254,low_value
p_000550,casual,TH,ios,mid,facebook,0,1,61,2024-10-19,2024-12-19,5,6.9,0,0.0,4,12,low_value
p_000792,casual,US,android,low,organic,0,1,61,2024-02-20,2024-04-21,5,6.9,0,0.0,2,254,low_value
p_000725,casual,US,android,mid,google,0,1,61,2024-04-07,2024-06-07,5,6.3,0,0.0,7,207,low_value
p_001611,casual,BR,android,high,other,0,1,62,2024-04-23,2024-06-24,5,5.6,0,0.0,3,190,low_value
p_000907,casual,JP,android,high,google,0,1,62,2024-03-03,2024-05-04,5,7.7,0,0.0,5,241,low_value
p_001065,casual,US,android,mid,facebook,0,1,62,2024-05-24,2024-07-25,5,4.8,0,0.0,6,159,low_value
p_001197,casual,KR,ios,high,facebook,0,1,63,2024-10-25,2024-12-27,5,6.1,0,0.0,4,4,low_value
p_001280,casual,ID,ios,high,facebook,0,1,63,2024-02-09,2024-04-12,5,7.2,0,0.0,1,263,low_value
p_000557,casual,BR,ios,low,organic,0,1,63,2024-03-29,2024-05-31,5,4.1,0,0.0,0,214,low_value
p_000595,casual,FR,ios,low,organic,0,0,63,2024-10-29,2024-12-31,5,7.3,0,0.0,7,0,low_value
p_001316,casual,JP,ios,mid,tiktok,0,0,64,2024-10-28,2024-12-31,5,5.0,0,0.0,6,0,low_value
p_000975,casual,IN,ios,mid,facebook,0,1,64,2024-02-17,2024-04-21,5,8.1,0,0.0,2,254,low_value
p_000406,casual,DE,ios,mid,organic,0,1,65,2024-07-02,2024-09-05,5,5.2,0,0.0,7,117,low_value
p_000687,casual,US,android,mid,applovin,0,1,65,2024-08-30,2024-11-03,5,8.3,0,0.0,6,58,low_value
p_001405,casual,GB,android,low,facebook,0,1,66,2024-09-03,2024-11-08,5,6.9,0,0.0,6,53,low_value
p_001274,casual,FR,ios,high,applovin,0,1,66,2024-02-22,2024-04-28,5,6.6,0,0.0,4,247,low_value
p_001577,casual,US,android,low,tiktok,0,1,67,2024-04-25,2024-07-01,5,6.7,0,0.0,2,183,low_value
p_000626,casual,US,android,mid,organic,0,1,67,2024-03-08,2024-05-14,5,6.4,0,0.0,7,231,low_value
p_001574,casual,JP,android,mid,applovin,0,1,67,2024-03-29,2024-06-04,5,7.8,0,0.0,0,210,low_value
p_000844,casual,US,ios,high,organic,0,1,67,2024-08-26,2024-11-01,5,6.9,0,0.0,1,60,low_value
p_000944,casual,GB,ios,high,tiktok,0,1,68,2024-03-02,2024-05-09,5,6.5,0,0.0,1,236,low_value
p_000864,casual,DE,ios,high,facebook,0,1,68,2024-01-30,2024-04-07,5,7.0,0,0.0,7,268,low_value
p_001474,casual,US,ios,mid,applovin,0,1,68,2024-09-10,2024-11-17,5,5.5,0,0.0,2,44,low_value
p_001583,casual,GB,android,low,organic,0,1,68,2024-08-18,2024-10-25,5,6.3,0,0.0,6,67,low_value
p_000391,casual,FR,ios,low,facebook,0,1,69,2024-03-02,2024-05-10,5,6.8,0,0.0,0,235,low_value
p_000659,casual,GB,android,mid,applovin,0,1,69,2024-02-07,2024-04-16,5,5.1,0,0.0,6,259,low_value
p_001483,casual,IN,android,mid,tiktok,0,0,69,2024-10-23,2024-12-31,5,6.6,0,0.0,6,0,low_value
p_000346,casual,AU,android,high,organic,0,1,70,2024-03-07,2024-05-16,5,6.1,0,0.0,2,229,low_value
p_001491,casual,KR,ios,mid,applovin,0,1,71,2024-06-26,2024-09-05,5,6.7,0,0.0,0,117,low_value
p_000273,early_churn,CA,android,high,facebook,0,1,2,2024-03-02,2024-03-04,1,2.6,0,0.0,0,302,low_value
p_001788,casual,US,ios,mid,google,0,1,71,2024-02-18,2024-04-29,5,5.7,0,0.0,2,246,low_value
p_001159,casual,US,ios,high,organic,0,1,72,2024-07-13,2024-09-23,5,6.7,0,0.0,0,99,low_value
p_000553,casual,BR,android,low,organic,0,0,72,2024-10-20,2024-12-31,5,7.5,0,0.0,2,0,low_value
p_001548,casual,ES,android,mid,facebook,0,1,72,2024-08-26,2024-11-06,5,6.9,0,0.0,6,55,low_value
p_001244,casual,BR,android,high,google,0,1,75,2024-09-30,2024-12-14,5,4.6,0,0.0,6,17,low_value
p_001357,casual,TH,ios,mid,google,0,1,75,2024-03-20,2024-06-03,5,6.2,0,0.0,1,211,low_value
p_001747,casual,JP,ios,low,tiktok,0,1,76,2024-06-07,2024-08-22,5,7.2,0,0.0,6,131,low_value
p_000623,casual,TH,ios,high,tiktok,0,1,76,2024-08-31,2024-11-15,5,5.8,0,0.0,3,46,low_value
p_000539,casual,BR,ios,high,other,0,1,76,2024-03-23,2024-06-07,5,8.2,0,0.0,6,207,low_value
p_000915,casual,US,android,high,organic,0,1,78,2024-01-27,2024-04-14,5,8.1,0,0.0,3,261,low_value
p_001364,casual,TH,android,mid,facebook,0,1,78,2024-03-01,2024-05-18,5,7.1,0,0.0,8,227,low_value
p_000954,casual,KR,android,mid,facebook,0,1,79,2024-09-13,2024-12-01,5,6.1,0,0.0,4,30,low_value
p_001053,casual,US,android,mid,organic,0,1,80,2024-01-29,2024-04-18,5,6.0,0,0.0,2,257,low_value
p_001122,casual,KR,ios,mid,organic,0,1,81,2024-08-11,2024-10-31,5,5.1,0,0.0,4,61,low_value
p_001429,casual,DE,android,low,organic,0,1,81,2024-02-20,2024-05-11,5,5.7,0,0.0,0,234,low_value
p_001297,casual,RU,android,mid,facebook,0,1,82,2024-05-25,2024-08-15,5,7.6,0,0.0,0,138,low_value
p_000377,casual,US,android,high,organic,0,1,83,2024-02-10,2024-05-03,5,8.0,0,0.0,2,242,low_value
p_000471,casual,GB,ios,low,organic,0,1,84,2024-09-22,2024-12-15,5,6.9,0,0.0,3,16,low_value
p_000505,casual,IN,ios,high,facebook,0,1,84,2024-09-27,2024-12-20,5,7.3,0,0.0,0,11,low_value
p_000880,casual,TR,android,high,facebook,0,1,85,2024-05-07,2024-07-31,5,5.8,0,0.0,4,153,low_value
p_001511,casual,CA,ios,low,organic,0,1,85,2024-07-31,2024-10-24,5,6.6,0,0.0,1,68,low_value
p_001347,casual,KR,android,mid,google,0,1,85,2024-02-23,2024-05-18,5,4.9,0,0.0,4,227,low_value
p_000640,casual,MX,android,low,tiktok,0,1,86,2024-06-18,2024-09-12,5,7.3,0,0.0,1,110,low_value
p_001039,casual,IN,ios,mid,organic,0,1,87,2024-05-11,2024-08-06,5,5.8,0,0.0,7,147,low_value
p_000744,casual,FR,android,mid,google,0,1,87,2024-01-05,2024-04-01,5,5.6,0,0.0,2,274,low_value
p_001198,casual,US,ios,low,google,0,1,88,2024-06-26,2024-09-22,5,5.5,0,0.0,2,100,low_value
p_000345,casual,IT,android,mid,organic,0,1,88,2024-03-07,2024-06-03,5,7.3,0,0.0,7,211,low_value
p_001487,casual,PL,ios,mid,tiktok,0,1,89,2024-08-17,2024-11-14,5,6.6,0,0.0,0,47,low_value
p_001254,casual,JP,ios,high,tiktok,0,1,89,2024-07-07,2024-10-04,5,6.7,0,0.0,2,88,low_value
p_001939,burst,AU,ios,high,google,0,1,7,2024-12-14,2024-12-21,6,12.2,0,0.0,10,10,low_value
p_002052,burst,US,android,mid,organic,0,1,7,2024-05-31,2024-06-07,6,12.5,0,0.0,4,207,low_value
p_001954,burst,DE,android,mid,applovin,0,1,7,2024-08-03,2024-08-10,6,10.7,0,0.0,6,143,low_value
p_002025,burst,ES,android,low,organic,0,1,7,2024-12-07,2024-12-14,6,13.1,0,0.0,3,17,low_value
p_001963,burst,KR,android,mid,google,0,1,8,2024-07-09,2024-07-17,6,14.7,0,0.0,19,167,low_value
p_001887,burst,JP,ios,mid,google,0,1,8,2024-04-07,2024-04-15,6,10.6,0,0.0,9,260,low_value
p_001867,burst,US,ios,low,facebook,0,1,9,2024-02-20,2024-02-29,6,10.9,0,0.0,7,306,low_value
p_002026,burst,KR,ios,high,applovin,0,1,9,2024-03-08,2024-03-17,6,12.8,0,0.0,1,289,low_value
p_002071,burst,BR,ios,mid,facebook,0,1,9,2024-04-28,2024-05-07,6,13.0,0,0.0,11,238,low_value
p_000257,early_churn,IN,ios,mid,facebook,0,1,2,2024-09-20,2024-09-22,1,3.1,0,0.0,0,100,low_value
p_002014,burst,US,ios,high,tiktok,0,1,9,2024-06-30,2024-07-09,6,13.0,0,0.0,3,175,low_value
p_001869,burst,GB,ios,low,unity_ads,0,1,9,2024-06-29,2024-07-08,6,11.5,0,0.0,4,176,low_value
p_001903,burst,PL,ios,low,facebook,0,1,9,2024-01-22,2024-01-31,6,10.8,0,0.0,3,335,low_value
p_002045,burst,MX,android,high,google,0,1,11,2024-04-15,2024-04-26,6,14.7,0,0.0,9,249,low_value
p_001935,burst,AU,ios,high,organic,0,1,11,2024-01-19,2024-01-30,6,13.5,0,0.0,9,336,low_value
p_001886,burst,CA,android,mid,tiktok,0,1,11,2024-04-08,2024-04-19,6,13.2,0,0.0,17,256,low_value
p_001964,burst,BR,android,low,facebook,0,1,11,2024-02-21,2024-03-03,6,15.5,0,0.0,14,303,low_value
p_001823,burst,AR,android,mid,tiktok,0,1,11,2024-11-24,2024-12-05,6,10.3,0,0.0,14,26,low_value
p_001874,burst,KR,ios,high,organic,0,1,12,2024-10-15,2024-10-27,6,14.9,0,0.0,16,65,low_value
p_001919,burst,US,ios,mid,tiktok,0,1,13,2024-06-08,2024-06-21,6,12.9,0,0.0,12,193,low_value
p_002064,burst,US,ios,mid,tiktok,0,1,13,2024-09-13,2024-09-26,6,13.7,0,0.0,9,96,low_value
p_002085,burst,US,ios,high,facebook,0,1,14,2024-04-29,2024-05-13,6,11.6,0,0.0,8,232,low_value
p_002034,burst,GB,android,mid,facebook,0,1,14,2024-07-13,2024-07-27,6,16.2,0,0.0,11,157,low_value
p_001079,casual,JP,ios,mid,organic,0,1,19,2024-10-26,2024-11-14,6,6.6,0,0.0,1,47,low_value
p_000900,casual,BR,ios,mid,google,0,1,20,2024-03-28,2024-04-17,6,7.8,0,0.0,5,258,low_value
p_001922,burst,BR,android,low,organic,0,1,20,2024-06-11,2024-07-01,6,12.0,0,0.0,18,183,low_value
p_001476,casual,BR,android,high,tiktok,0,1,22,2024-09-06,2024-09-28,6,6.2,0,0.0,3,94,low_value
p_000370,casual,PL,android,mid,applovin,0,0,23,2024-12-08,2024-12-31,6,6.5,0,0.0,4,0,low_value
p_000456,casual,US,android,mid,google,0,1,23,2024-09-22,2024-10-15,6,5.5,0,0.0,2,77,low_value
p_000561,casual,US,ios,high,organic,0,1,26,2024-04-29,2024-05-25,6,6.0,0,0.0,4,220,low_value
p_000423,casual,AU,ios,mid,organic,0,1,26,2024-03-09,2024-04-04,6,6.5,0,0.0,2,271,low_value
p_001126,casual,BR,ios,mid,applovin,0,1,27,2024-03-08,2024-04-04,6,6.8,0,0.0,4,271,low_value
p_001163,casual,US,ios,high,organic,0,1,28,2024-10-25,2024-11-22,6,6.8,0,0.0,4,39,low_value
p_001537,casual,US,android,high,applovin,0,1,31,2024-09-25,2024-10-26,6,6.7,0,0.0,5,66,low_value
p_001600,casual,IN,ios,low,applovin,0,1,32,2024-05-29,2024-06-30,6,7.8,0,0.0,1,184,low_value
p_000332,casual,RU,ios,high,google,0,1,33,2024-02-26,2024-03-30,6,5.3,0,0.0,0,276,low_value
p_001430,casual,MX,android,low,tiktok,0,1,33,2024-09-10,2024-10-13,6,6.3,0,0.0,8,79,low_value
p_000489,casual,KR,android,high,organic,0,1,34,2024-05-12,2024-06-15,6,6.2,0,0.0,3,199,low_value
p_001595,casual,TR,android,mid,applovin,0,1,34,2024-06-23,2024-07-27,6,5.6,0,0.0,2,157,low_value
p_000799,casual,US,ios,mid,tiktok,0,1,34,2024-02-06,2024-03-11,6,5.5,0,0.0,4,295,low_value
p_001536,casual,FR,ios,high,organic,0,0,36,2024-11-25,2024-12-31,6,7.2,0,0.0,0,0,low_value
p_000473,casual,US,android,high,facebook,0,1,36,2024-11-14,2024-12-20,6,5.6,0,0.0,3,11,low_value
p_000335,casual,DE,android,mid,unity_ads,0,0,36,2024-11-25,2024-12-31,6,6.0,0,0.0,3,0,low_value
p_000753,casual,DE,android,high,facebook,0,1,37,2024-10-09,2024-11-15,6,5.5,0,0.0,8,46,low_value
p_000304,casual,IT,ios,low,applovin,0,1,37,2024-10-28,2024-12-04,6,6.5,0,0.0,6,27,low_value
p_001410,casual,US,ios,high,google,0,1,37,2024-08-14,2024-09-20,6,6.1,0,0.0,4,102,low_value
p_000508,casual,JP,android,low,organic,0,1,38,2024-11-17,2024-12-25,6,7.3,0,0.0,6,6,low_value
p_000831,casual,IN,ios,high,google,0,1,38,2024-10-12,2024-11-19,6,6.0,0,0.0,3,42,low_value
p_001076,casual,IT,android,mid,tiktok,0,1,38,2024-03-07,2024-04-14,6,7.2,0,0.0,8,261,low_value
p_001097,casual,DE,android,low,google,0,1,39,2024-04-12,2024-05-21,6,7.6,0,0.0,8,224,low_value
p_001283,casual,KR,ios,mid,organic,0,1,40,2024-03-25,2024-05-04,6,5.8,0,0.0,0,241,low_value
p_001152,casual,US,android,low,tiktok,0,1,40,2024-03-28,2024-05-07,6,7.8,0,0.0,4,238,low_value
p_000995,casual,JP,android,low,facebook,0,1,42,2024-01-14,2024-02-25,6,7.0,0,0.0,1,310,low_value
p_001251,casual,ES,android,high,organic,0,1,43,2024-03-07,2024-04-19,6,7.7,0,0.0,3,256,low_value
p_001618,casual,US,android,mid,organic,0,1,43,2024-04-25,2024-06-07,6,6.3,0,0.0,2,207,low_value
p_001179,casual,CA,android,mid,organic,0,1,44,2024-05-27,2024-07-10,6,6.0,0,0.0,6,174,low_value
p_001177,casual,GB,android,low,organic,0,1,44,2024-11-03,2024-12-17,6,6.8,0,0.0,6,14,low_value
p_001273,casual,JP,ios,high,facebook,0,1,45,2024-03-23,2024-05-07,6,6.9,0,0.0,4,238,low_value
p_000453,casual,NL,ios,high,other,0,1,45,2024-07-22,2024-09-05,6,5.2,0,0.0,3,117,low_value
p_000743,casual,DE,android,low,facebook,0,0,45,2024-11-16,2024-12-31,6,7.3,0,0.0,6,0,low_value
p_000477,casual,GB,ios,mid,applovin,0,1,45,2024-01-05,2024-02-19,6,6.3,0,0.0,0,316,low_value
p_000651,casual,JP,android,mid,organic,0,1,46,2024-10-26,2024-12-11,6,8.5,0,0.0,4,20,low_value
p_000918,casual,PL,android,mid,tiktok,0,1,46,2024-01-31,2024-03-17,6,6.7,0,0.0,5,289,low_value
p_000952,casual,US,ios,mid,applovin,0,1,46,2024-08-22,2024-10-07,6,5.8,0,0.0,4,85,low_value
p_001630,casual,MX,ios,low,organic,0,1,47,2024-02-27,2024-04-14,6,6.7,0,0.0,5,261,low_value
p_001243,casual,MX,ios,mid,organic,0,0,48,2024-11-13,2024-12-31,6,6.8,0,0.0,0,0,low_value
p_000559,casual,ES,android,low,organic,0,1,48,2024-04-17,2024-06-04,6,6.5,0,0.0,6,210,low_value
p_000982,casual,FR,ios,low,organic,0,0,48,2024-11-13,2024-12-31,6,6.6,0,0.0,4,0,low_value
p_000593,casual,IN,android,low,unity_ads,0,1,48,2024-01-24,2024-03-12,6,6.5,0,0.0,0,294,low_value
p_000649,casual,US,android,low,tiktok,0,1,48,2024-05-07,2024-06-24,6,5.7,0,0.0,7,190,low_value
p_001117,casual,CA,android,high,facebook,0,1,48,2024-06-07,2024-07-25,6,7.6,0,0.0,2,159,low_value
p_000877,casual,GB,ios,low,organic,0,1,49,2024-08-26,2024-10-14,6,6.1,0,0.0,8,78,low_value
p_000564,casual,KR,android,low,facebook,0,1,49,2024-11-11,2024-12-30,6,6.4,0,0.0,8,1,low_value
p_001701,casual,IN,android,mid,unity_ads,0,1,49,2024-05-26,2024-07-14,6,5.3,0,0.0,6,170,low_value
p_001597,casual,US,android,mid,google,0,1,49,2024-09-07,2024-10-26,6,6.3,0,0.0,0,66,low_value
p_001608,casual,BR,ios,high,applovin,0,1,50,2024-06-14,2024-08-03,6,6.8,0,0.0,7,150,low_value
p_000878,casual,US,ios,high,tiktok,0,1,50,2024-09-25,2024-11-14,6,7.0,0,0.0,5,47,low_value
p_001284,casual,IT,ios,high,organic,0,1,50,2024-07-11,2024-08-30,6,7.2,0,0.0,5,123,low_value
p_001620,casual,AR,android,mid,facebook,0,1,51,2024-06-28,2024-08-18,6,5.5,0,0.0,5,135,low_value
p_001025,casual,US,android,low,organic,0,1,51,2024-04-10,2024-05-31,6,5.2,0,0.0,4,214,low_value
p_001312,casual,TR,ios,mid,google,0,0,51,2024-11-10,2024-12-31,6,5.3,0,0.0,8,0,low_value
p_000462,casual,RU,ios,high,facebook,0,1,51,2024-07-08,2024-08-28,6,6.2,0,0.0,0,125,low_value
p_000677,casual,US,android,low,tiktok,0,1,52,2024-03-31,2024-05-22,6,6.2,0,0.0,1,223,low_value
p_000967,casual,JP,android,low,unity_ads,0,1,52,2024-10-18,2024-12-09,6,6.1,0,0.0,4,22,low_value
p_000487,casual,IN,ios,mid,google,0,1,52,2024-06-12,2024-08-03,6,7.0,0,0.0,2,150,low_value
p_001382,casual,US,android,high,organic,0,1,52,2024-10-06,2024-11-27,6,7.9,0,0.0,1,34,low_value
p_000516,casual,US,android,low,tiktok,0,0,52,2024-11-09,2024-12-31,6,7.3,0,0.0,7,0,low_value
p_001735,casual,AR,android,mid,organic,0,1,54,2024-08-21,2024-10-14,6,6.7,0,0.0,1,78,low_value
p_001761,casual,AU,android,mid,facebook,0,1,54,2024-08-12,2024-10-05,6,7.2,0,0.0,5,87,low_value
p_001255,casual,AR,android,mid,organic,0,1,54,2024-02-26,2024-04-20,6,8.3,0,0.0,2,255,low_value
p_001553,casual,US,android,mid,facebook,0,1,54,2024-01-31,2024-03-25,6,4.6,0,0.0,5,281,low_value
p_001047,casual,US,android,mid,organic,0,1,55,2024-05-13,2024-07-07,6,6.7,0,0.0,3,177,low_value
p_000329,casual,PL,ios,high,google,0,1,55,2024-10-20,2024-12-14,6,6.1,0,0.0,7,17,low_value
p_001776,casual,AR,android,low,organic,0,1,56,2024-01-15,2024-03-11,6,6.2,0,0.0,4,295,low_value
p_001176,casual,IN,android,low,organic,0,1,56,2024-08-09,2024-10-04,6,5.2,0,0.0,0,88,low_value
p_001703,casual,US,ios,mid,facebook,0,1,57,2024-09-10,2024-11-06,6,6.9,0,0.0,2,55,low_value
p_000352,casual,AR,ios,mid,other,0,1,57,2024-07-11,2024-09-06,6,7.0,0,0.0,3,116,low_value
p_000600,casual,FR,android,mid,facebook,0,1,58,2024-08-26,2024-10-23,6,7.3,0,0.0,4,69,low_value
p_001746,casual,TH,ios,low,organic,0,1,58,2024-01-15,2024-03-13,6,7.3,0,0.0,3,293,low_value
p_001141,casual,US,android,mid,applovin,0,1,59,2024-09-06,2024-11-04,6,6.6,0,0.0,1,57,low_value
p_000466,casual,KR,android,mid,organic,0,1,60,2024-06-02,2024-08-01,6,6.1,0,0.0,4,152,low_value
p_000797,casual,JP,ios,high,organic,0,1,60,2024-04-13,2024-06-12,6,6.4,0,0.0,8,202,low_value
p_001098,casual,FR,ios,low,google,0,1,61,2024-09-10,2024-11-10,6,6.6,0,0.0,7,51,low_value
p_000616,casual,FR,android,mid,google,0,1,61,2024-01-11,2024-03-12,6,5.4,0,0.0,1,294,low_value
p_001549,casual,US,android,mid,applovin,0,1,62,2024-07-02,2024-09-02,6,6.7,0,0.0,8,120,low_value
p_001158,casual,CA,android,low,other,0,1,62,2024-02-01,2024-04-03,6,6.0,0,0.0,5,272,low_value
p_001331,casual,DE,android,mid,tiktok,0,0,62,2024-10-30,2024-12-31,6,6.8,0,0.0,7,0,low_value
p_001559,casual,JP,ios,high,applovin,0,1,62,2024-09-06,2024-11-07,6,5.6,0,0.0,2,54,low_value
p_000614,casual,KR,android,low,google,0,1,63,2024-09-11,2024-11-13,6,6.4,0,0.0,1,48,low_value
p_001576,casual,GB,ios,low,facebook,0,1,65,2024-06-11,2024-08-15,6,4.5,0,0.0,7,138,low_value
p_001074,casual,IT,ios,high,applovin,0,1,65,2024-01-19,2024-03-24,6,6.7,0,0.0,3,282,low_value
p_001386,casual,NL,android,mid,facebook,0,1,65,2024-05-22,2024-07-26,6,6.2,0,0.0,7,158,low_value
p_001058,casual,US,android,high,organic,0,1,65,2024-02-22,2024-04-27,6,8.4,0,0.0,4,248,low_value
p_000850,casual,US,ios,low,unity_ads,0,1,66,2024-09-09,2024-11-14,6,5.4,0,0.0,6,47,low_value
p_000571,casual,TR,ios,mid,organic,0,1,67,2024-02-21,2024-04-28,6,7.5,0,0.0,7,247,low_value
p_000955,casual,US,ios,mid,facebook,0,0,68,2024-10-24,2024-12-31,6,6.4,0,0.0,4,0,low_value
p_000656,casual,US,android,low,facebook,0,1,68,2024-08-30,2024-11-06,6,5.4,0,0.0,4,55,low_value
p_001235,casual,NL,android,low,facebook,0,1,68,2024-03-06,2024-05-13,6,6.1,0,0.0,1,232,low_value
p_001591,casual,GB,android,mid,other,0,1,68,2024-10-10,2024-12-17,6,6.9,0,0.0,3,14,low_value
p_000925,casual,JP,ios,high,facebook,0,1,68,2024-08-30,2024-11-06,6,6.5,0,0.0,4,55,low_value
p_000569,casual,GB,android,mid,organic,0,1,69,2024-05-04,2024-07-12,6,6.3,0,0.0,1,172,low_value
p_001615,casual,JP,android,mid,organic,0,1,70,2024-08-30,2024-11-08,6,7.1,0,0.0,1,53,low_value
p_001425,casual,US,android,mid,organic,0,1,71,2024-02-28,2024-05-09,6,8.3,0,0.0,8,236,low_value
p_000973,casual,DE,ios,mid,organic,0,0,71,2024-10-21,2024-12-31,6,7.3,0,0.0,2,0,low_value
p_001127,casual,DE,ios,low,tiktok,0,1,71,2024-05-03,2024-07-13,6,5.6,0,0.0,6,171,low_value
p_000563,casual,US,ios,high,tiktok,0,1,72,2024-06-01,2024-08-12,6,5.3,0,0.0,0,141,low_value
p_001758,casual,TR,ios,mid,tiktok,0,1,72,2024-05-09,2024-07-20,6,6.2,0,0.0,5,164,low_value
p_000472,casual,BR,ios,mid,organic,0,1,73,2024-04-07,2024-06-19,6,5.6,0,0.0,4,195,low_value
p_000828,casual,US,android,low,google,0,1,73,2024-09-07,2024-11-19,6,7.6,0,0.0,4,42,low_value
p_001467,casual,US,android,low,applovin,0,1,74,2024-03-23,2024-06-05,6,8.1,0,0.0,8,209,low_value
p_001362,casual,DE,android,low,tiktok,0,1,74,2024-04-18,2024-07-01,6,6.3,0,0.0,0,183,low_value
p_000509,casual,US,ios,mid,other,0,0,0,2024-12-31,2024-12-31,0,0.0,0,0.0,3,0,low_value
p_000268,early_churn,JP,android,low,organic,0,1,2,2024-02-25,2024-02-27,1,4.0,0,0.0,0,308,low_value
p_000244,early_churn,CA,android,mid,facebook,0,1,1,2024-04-30,2024-05-01,0,0.0,0,0.0,0,244,low_value
p_000671,casual,CA,android,mid,organic,0,1,75,2024-06-01,2024-08-15,6,6.2,0,0.0,8,138,low_value
p_000609,casual,GB,ios,mid,organic,0,1,75,2024-04-07,2024-06-21,6,6.6,0,0.0,5,193,low_value
p_000786,casual,GB,android,high,tiktok,0,1,75,2024-05-01,2024-07-15,6,6.2,0,0.0,1,169,low_value
p_000896,casual,US,ios,mid,facebook,0,1,76,2024-03-24,2024-06-08,6,5.3,0,0.0,2,206,low_value
p_001710,casual,DE,ios,low,organic,0,1,79,2024-01-19,2024-04-07,6,6.8,0,0.0,1,268,low_value
p_000779,casual,AU,ios,mid,organic,0,1,80,2024-04-19,2024-07-08,6,5.8,0,0.0,7,176,low_value
p_000693,casual,IN,ios,high,tiktok,0,1,80,2024-06-14,2024-09-02,6,6.3,0,0.0,3,120,low_value
p_000759,casual,ID,android,mid,tiktok,0,1,81,2024-07-07,2024-09-26,6,6.6,0,0.0,3,96,low_value
p_001182,casual,FR,ios,mid,facebook,0,0,83,2024-10-09,2024-12-31,6,7.1,0,0.0,1,0,low_value
p_001650,casual,AR,android,mid,organic,0,1,83,2024-04-03,2024-06-25,6,7.1,0,0.0,7,189,low_value
p_001156,casual,CA,android,mid,applovin,0,1,85,2024-07-23,2024-10-16,6,6.5,0,0.0,1,76,low_value
p_000347,casual,CA,ios,high,organic,0,1,85,2024-02-14,2024-05-09,6,5.0,0,0.0,1,236,low_value
p_001499,casual,TR,ios,mid,facebook,0,1,85,2024-07-07,2024-09-30,6,6.4,0,0.0,3,92,low_value
p_001669,casual,US,ios,mid,organic,0,1,86,2024-04-14,2024-07-09,6,5.4,0,0.0,1,175,low_value
p_000758,casual,TR,android,mid,facebook,0,1,87,2024-07-15,2024-10-10,6,7.3,0,0.0,3,82,low_value
p_000992,casual,US,ios,mid,google,0,1,87,2024-07-18,2024-10-13,6,6.7,0,0.0,0,79,low_value
p_000805,casual,DE,ios,mid,google,0,1,89,2024-07-09,2024-10-06,6,6.3,0,0.0,6,86,low_value
p_000402,casual,FR,android,mid,organic,0,1,90,2024-09-29,2024-12-28,6,5.7,0,0.0,5,3,low_value
p_001169,casual,TR,android,mid,organic,0,1,90,2024-02-15,2024-05-15,6,7.2,0,0.0,2,230,low_value
p_001949,burst,IT,ios,low,facebook,0,1,7,2024-02-04,2024-02-11,7,15.7,0,0.0,12,324,low_value
p_001835,burst,JP,android,mid,other,0,1,7,2024-02-17,2024-02-24,7,13.4,0,0.0,12,311,low_value
p_001900,burst,IN,ios,mid,applovin,0,1,7,2024-04-05,2024-04-12,7,11.8,0,0.0,8,263,low_value
p_001911,burst,US,ios,mid,organic,0,1,8,2024-07-03,2024-07-11,7,9.2,0,0.0,15,173,low_value
p_001878,burst,CA,android,low,tiktok,0,0,8,2024-12-23,2024-12-31,7,14.3,0,0.0,3,0,low_value
p_001892,burst,DE,android,mid,applovin,0,1,8,2024-08-03,2024-08-11,7,13.9,0,0.0,19,142,low_value
p_002079,burst,GB,android,mid,google,0,1,8,2024-12-23,2024-12-31,7,10.9,0,0.0,8,0,low_value
p_001974,burst,BR,android,low,facebook,0,1,9,2024-05-05,2024-05-14,7,10.1,0,0.0,12,231,low_value
p_002067,burst,IN,ios,high,google,0,1,9,2024-04-27,2024-05-06,7,9.8,0,0.0,8,239,low_value
p_002031,burst,TH,android,mid,google,0,1,9,2024-04-20,2024-04-29,7,12.4,0,0.0,5,246,low_value
p_001801,burst,GB,ios,low,organic,0,1,9,2024-02-14,2024-02-23,7,13.9,0,0.0,13,312,low_value
p_001931,burst,MX,android,high,applovin,0,1,9,2024-06-22,2024-07-01,7,11.9,0,0.0,8,183,low_value
p_002092,burst,JP,android,low,tiktok,0,1,9,2024-11-19,2024-11-28,7,14.2,0,0.0,3,33,low_value
p_001810,burst,FR,android,mid,facebook,0,1,9,2024-02-03,2024-02-12,7,9.6,0,0.0,12,323,low_value
p_002099,burst,BR,android,low,organic,0,0,9,2024-12-22,2024-12-31,7,17.6,0,0.0,9,0,low_value
p_001864,burst,MX,android,low,google,0,1,10,2024-06-09,2024-06-19,7,10.3,0,0.0,16,195,low_value
p_001912,burst,FR,ios,high,google,0,1,10,2024-02-29,2024-03-10,7,11.8,0,0.0,15,296,low_value
p_002006,burst,IN,android,mid,organic,0,1,10,2024-03-27,2024-04-06,7,12.5,0,0.0,15,269,low_value
p_001905,burst,US,ios,mid,applovin,0,1,10,2024-06-05,2024-06-15,7,12.1,0,0.0,9,199,low_value
p_002035,burst,US,android,mid,facebook,0,1,11,2024-06-23,2024-07-04,7,8.9,0,0.0,10,180,low_value
p_002041,burst,IT,ios,mid,facebook,0,1,11,2024-08-24,2024-09-04,7,13.0,0,0.0,18,118,low_value
p_001841,burst,IT,ios,mid,organic,0,1,11,2024-11-15,2024-11-26,7,12.0,0,0.0,16,35,low_value
p_001955,burst,TR,android,high,tiktok,0,1,11,2024-10-19,2024-10-30,7,15.4,0,0.0,15,62,low_value
p_001820,burst,NL,ios,mid,organic,0,1,12,2024-03-10,2024-03-22,7,16.1,0,0.0,6,284,low_value
p_002072,burst,AU,ios,high,organic,0,1,12,2024-11-15,2024-11-27,7,11.0,0,0.0,6,34,low_value
p_000219,early_churn,JP,ios,high,facebook,0,1,2,2024-08-20,2024-08-22,1,4.9,0,0.0,0,131,low_value
p_002008,burst,CA,android,low,organic,0,1,13,2024-07-11,2024-07-24,7,13.0,0,0.0,9,160,low_value
p_001953,burst,DE,ios,low,google,0,0,13,2024-12-18,2024-12-31,7,12.1,0,0.0,5,0,low_value
p_002070,burst,BR,ios,low,applovin,0,1,15,2024-08-05,2024-08-20,7,12.4,0,0.0,6,133,low_value
p_002062,burst,US,android,mid,organic,0,1,16,2024-03-28,2024-04-13,7,12.4,0,0.0,15,262,low_value
p_001889,burst,BR,android,low,organic,0,1,18,2024-05-09,2024-05-27,7,14.1,0,0.0,18,218,low_value
p_001853,burst,ES,android,mid,applovin,0,1,18,2024-11-12,2024-11-30,7,13.0,0,0.0,11,31,low_value
p_002023,burst,DE,ios,high,applovin,0,1,18,2024-08-10,2024-08-28,7,12.4,0,0.0,12,125,low_value
p_001866,burst,US,ios,low,applovin,0,1,20,2024-05-20,2024-06-09,7,14.7,0,0.0,4,205,low_value
p_000654,casual,GB,android,mid,unity_ads,0,1,28,2024-11-07,2024-12-05,7,7.2,0,0.0,4,26,low_value
p_001178,casual,AR,android,high,tiktok,0,1,33,2024-01-18,2024-02-20,7,6.5,0,0.0,3,315,low_value
p_001678,casual,JP,android,mid,tiktok,0,1,36,2024-11-15,2024-12-21,7,6.7,0,0.0,1,10,low_value
p_000610,casual,US,ios,mid,applovin,0,0,36,2024-11-25,2024-12-31,7,7.1,0,0.0,3,0,low_value
p_001602,casual,MX,ios,high,tiktok,0,0,39,2024-11-22,2024-12-31,7,7.2,0,0.0,4,0,low_value
p_000794,casual,ES,android,mid,tiktok,0,1,39,2024-02-02,2024-03-12,7,7.1,0,0.0,2,294,low_value
p_000742,casual,US,ios,low,organic,0,1,39,2024-04-19,2024-05-28,7,7.0,0,0.0,0,217,low_value
p_001172,casual,JP,android,low,organic,0,1,40,2024-03-30,2024-05-09,7,6.8,0,0.0,3,236,low_value
p_000591,casual,US,android,high,organic,0,1,41,2024-05-17,2024-06-27,7,5.3,0,0.0,7,187,low_value
p_001044,casual,DE,ios,high,google,0,1,41,2024-07-19,2024-08-29,7,4.8,0,0.0,4,124,low_value
p_001440,casual,US,android,high,google,0,0,43,2024-11-18,2024-12-31,7,6.5,0,0.0,6,0,low_value
p_001529,casual,IN,android,low,facebook,0,1,44,2024-06-01,2024-07-15,7,6.5,0,0.0,0,169,low_value
p_000863,casual,GB,android,low,facebook,0,1,44,2024-11-10,2024-12-24,7,6.2,0,0.0,0,7,low_value
p_001275,casual,US,android,mid,organic,0,1,44,2024-10-12,2024-11-25,7,7.9,0,0.0,3,36,low_value
p_001535,casual,US,ios,mid,facebook,0,1,46,2024-09-23,2024-11-08,7,6.6,0,0.0,4,53,low_value
p_001522,casual,AU,ios,mid,organic,0,1,46,2024-04-05,2024-05-21,7,6.4,0,0.0,2,224,low_value
p_000442,casual,DE,android,mid,facebook,0,0,46,2024-11-15,2024-12-31,7,7.1,0,0.0,4,0,low_value
p_000565,casual,AR,ios,mid,facebook,0,1,46,2024-06-13,2024-07-29,7,8.2,0,0.0,6,155,low_value
p_000736,casual,JP,ios,mid,facebook,0,1,47,2024-03-26,2024-05-12,7,5.6,0,0.0,6,233,low_value
p_001145,casual,ES,android,high,other,0,1,47,2024-01-11,2024-02-27,7,7.2,0,0.0,4,308,low_value
p_000498,casual,US,android,low,organic,0,1,47,2024-03-23,2024-05-09,7,5.8,0,0.0,3,236,low_value
p_000447,casual,SE,android,low,facebook,0,1,47,2024-02-15,2024-04-02,7,7.2,0,0.0,8,273,low_value
p_000511,casual,IN,android,low,organic,0,1,48,2024-04-15,2024-06-02,7,6.3,0,0.0,2,212,low_value
p_001498,casual,DE,android,mid,organic,0,1,48,2024-08-18,2024-10-05,7,6.1,0,0.0,3,87,low_value
p_000551,casual,US,ios,mid,organic,0,1,50,2024-08-12,2024-10-01,7,6.5,0,0.0,5,91,low_value
p_001544,casual,US,android,low,google,0,1,50,2024-05-03,2024-06-22,7,6.6,0,0.0,0,192,low_value
p_000681,casual,US,android,high,organic,0,1,50,2024-03-21,2024-05-10,7,8.3,0,0.0,5,235,low_value
p_001336,casual,IT,ios,high,applovin,0,1,52,2024-06-06,2024-07-28,7,7.2,0,0.0,8,156,low_value
p_000956,casual,TH,android,high,other,0,1,53,2024-09-14,2024-11-06,7,6.5,0,0.0,8,55,low_value
p_001791,casual,US,android,mid,other,0,1,53,2024-05-08,2024-06-30,7,5.1,0,0.0,1,184,low_value
p_000814,casual,US,ios,low,tiktok,0,1,55,2024-02-05,2024-03-31,7,6.1,0,0.0,2,275,low_value
p_001781,casual,US,ios,high,organic,0,0,55,2024-11-06,2024-12-31,7,6.9,0,0.0,5,0,low_value
p_001154,casual,DE,ios,mid,other,0,1,55,2024-08-08,2024-10-02,7,6.8,0,0.0,5,90,low_value
p_000841,casual,IN,android,high,applovin,0,1,56,2024-04-14,2024-06-09,7,6.8,0,0.0,1,205,low_value
p_000652,casual,KR,ios,mid,google,0,1,56,2024-02-05,2024-04-01,7,7.0,0,0.0,5,274,low_value
p_001372,casual,FR,android,low,tiktok,0,1,56,2024-10-03,2024-11-28,7,7.3,0,0.0,0,33,low_value
p_000431,casual,RU,android,mid,organic,0,1,57,2024-07-13,2024-09-08,7,6.8,0,0.0,3,114,low_value
p_000465,casual,US,android,high,facebook,0,1,57,2024-05-14,2024-07-10,7,6.8,0,0.0,4,174,low_value
p_000936,casual,TH,ios,low,applovin,0,1,57,2024-05-02,2024-06-28,7,6.8,0,0.0,8,186,low_value
p_001023,casual,US,android,mid,facebook,0,1,58,2024-09-04,2024-11-01,7,7.3,0,0.0,3,60,low_value
p_000421,casual,BR,android,low,google,0,1,59,2024-08-21,2024-10-19,7,6.1,0,0.0,0,73,low_value
p_000481,casual,US,ios,high,organic,0,1,60,2024-04-25,2024-06-24,7,5.0,0,0.0,5,190,low_value
p_001279,casual,BR,android,mid,tiktok,0,1,60,2024-04-22,2024-06-21,7,5.4,0,0.0,6,193,low_value
p_000991,casual,AR,android,low,other,0,1,60,2024-03-07,2024-05-06,7,6.1,0,0.0,5,239,low_value
p_001610,casual,AR,android,low,unity_ads,0,1,60,2024-02-03,2024-04-03,7,6.4,0,0.0,3,272,low_value
p_000618,casual,GB,android,mid,organic,0,1,61,2024-08-31,2024-10-31,7,7.2,0,0.0,3,61,low_value
p_001249,casual,US,android,low,facebook,0,1,61,2024-09-15,2024-11-15,7,5.6,0,0.0,6,46,low_value
p_000931,casual,US,ios,low,organic,0,1,61,2024-06-07,2024-08-07,7,6.1,0,0.0,7,146,low_value
p_001475,casual,DE,android,mid,applovin,0,1,61,2024-04-08,2024-06-08,7,5.3,0,0.0,3,206,low_value
p_001428,casual,CA,android,mid,tiktok,0,1,62,2024-08-03,2024-10-04,7,6.3,0,0.0,2,88,low_value
p_000503,casual,IN,android,mid,facebook,0,1,62,2024-02-04,2024-04-06,7,7.9,0,0.0,1,269,low_value
p_000461,casual,GB,android,low,tiktok,0,1,62,2024-01-04,2024-03-06,7,7.1,0,0.0,2,300,low_value
p_001731,casual,CA,android,mid,facebook,0,1,62,2024-02-10,2024-04-12,7,6.3,0,0.0,1,263,low_value
p_001506,casual,AU,ios,mid,facebook,0,1,62,2024-06-09,2024-08-10,7,7.4,0,0.0,4,143,low_value
p_001464,casual,MX,ios,high,google,0,1,62,2024-09-06,2024-11-07,7,8.0,0,0.0,0,54,low_value
p_000872,casual,SE,android,low,facebook,0,1,63,2024-02-22,2024-04-25,7,6.8,0,0.0,0,250,low_value
p_000574,casual,US,android,mid,facebook,0,1,63,2024-02-17,2024-04-20,7,6.4,0,0.0,0,255,low_value
p_001029,casual,TH,android,low,facebook,0,1,64,2024-05-29,2024-08-01,7,7.1,0,0.0,6,152,low_value
p_001361,casual,US,android,low,organic,0,1,64,2024-08-17,2024-10-20,7,6.5,0,0.0,3,72,low_value
p_000769,casual,JP,ios,high,organic,0,1,64,2024-09-18,2024-11-21,7,6.9,0,0.0,6,40,low_value
p_001233,casual,US,android,low,tiktok,0,1,66,2024-04-02,2024-06-07,7,4.7,0,0.0,4,207,low_value
p_001051,casual,JP,android,mid,organic,0,1,66,2024-05-05,2024-07-10,7,6.4,0,0.0,2,174,low_value
p_001377,casual,US,android,high,facebook,0,1,67,2024-10-10,2024-12-16,7,6.8,0,0.0,0,15,low_value
p_000359,casual,US,ios,low,other,0,1,67,2024-03-11,2024-05-17,7,8.2,0,0.0,6,228,low_value
p_000630,casual,ES,ios,mid,organic,0,1,67,2024-01-14,2024-03-21,7,5.6,0,0.0,4,285,low_value
p_000573,casual,IN,android,mid,tiktok,0,1,67,2024-07-23,2024-09-28,7,5.8,0,0.0,0,94,low_value
p_001403,casual,FR,ios,low,facebook,0,1,67,2024-01-17,2024-03-24,7,6.4,0,0.0,4,282,low_value
p_000444,casual,IN,android,low,applovin,0,1,68,2024-08-07,2024-10-14,7,5.8,0,0.0,1,78,low_value
p_000824,casual,DE,android,low,organic,0,1,68,2024-02-08,2024-04-16,7,7.5,0,0.0,7,259,low_value
p_000502,casual,US,android,low,applovin,0,1,68,2024-10-19,2024-12-26,7,5.7,0,0.0,4,5,low_value
p_000811,casual,ES,ios,high,applovin,0,1,68,2024-08-06,2024-10-13,7,6.0,0,0.0,6,79,low_value
p_001603,casual,JP,android,mid,facebook,0,1,68,2024-09-16,2024-11-23,7,6.0,0,0.0,6,38,low_value
p_001756,casual,DE,android,mid,tiktok,0,1,69,2024-05-30,2024-08-07,7,7.2,0,0.0,3,146,low_value
p_000602,casual,US,android,high,organic,0,1,69,2024-06-26,2024-09-03,7,7.2,0,0.0,3,119,low_value
p_000933,casual,US,android,low,organic,0,1,69,2024-08-28,2024-11-05,7,5.9,0,0.0,6,56,low_value
p_001068,casual,JP,android,mid,google,0,1,70,2024-06-15,2024-08-24,7,6.0,0,0.0,2,129,low_value
p_000869,casual,IN,ios,mid,applovin,0,1,71,2024-10-12,2024-12-22,7,7.6,0,0.0,0,9,low_value
p_000806,casual,IN,android,mid,tiktok,0,1,71,2024-05-22,2024-08-01,7,6.2,0,0.0,5,152,low_value
p_000840,casual,MX,ios,high,unity_ads,0,1,72,2024-09-19,2024-11-30,7,6.5,0,0.0,2,31,low_value
p_000741,casual,GB,ios,low,organic,0,1,72,2024-09-20,2024-12-01,7,7.2,0,0.0,1,30,low_value
p_001677,casual,US,android,mid,google,0,1,72,2024-08-30,2024-11-10,7,5.6,0,0.0,6,51,low_value
p_000375,casual,DE,ios,high,organic,0,1,73,2024-10-15,2024-12-27,7,5.5,0,0.0,6,4,low_value
p_001718,casual,DE,ios,mid,organic,0,1,73,2024-08-30,2024-11-11,7,7.6,0,0.0,3,50,low_value
p_000318,casual,US,android,mid,google,0,1,73,2024-10-09,2024-12-21,7,5.6,0,0.0,7,10,low_value
p_000528,casual,US,android,mid,facebook,0,1,73,2024-07-03,2024-09-14,7,6.5,0,0.0,3,108,low_value
p_000847,casual,MX,ios,mid,facebook,0,1,74,2024-04-03,2024-06-16,7,6.3,0,0.0,6,198,low_value
p_000827,casual,JP,ios,mid,organic,0,1,74,2024-01-18,2024-04-01,7,7.1,0,0.0,3,274,low_value
p_000532,casual,US,android,low,facebook,0,1,76,2024-07-12,2024-09-26,7,5.1,0,0.0,8,96,low_value
p_001681,casual,JP,android,high,applovin,0,1,76,2024-02-19,2024-05-05,7,5.8,0,0.0,0,240,low_value
p_001456,casual,US,android,mid,tiktok,0,1,76,2024-05-20,2024-08-04,7,5.8,0,0.0,6,149,low_value
p_001212,casual,US,ios,mid,google,0,1,77,2024-05-28,2024-08-13,7,6.6,0,0.0,7,140,low_value
p_000428,casual,ES,android,low,google,0,1,77,2024-09-23,2024-12-09,7,6.7,0,0.0,6,22,low_value
p_000258,early_churn,US,android,mid,google,0,1,2,2024-02-07,2024-02-09,1,3.4,0,0.0,1,326,low_value
p_001082,casual,GB,ios,mid,facebook,0,1,78,2024-01-31,2024-04-18,7,7.9,0,0.0,2,257,low_value
p_001470,casual,GB,ios,low,organic,0,1,78,2024-03-16,2024-06-02,7,6.3,0,0.0,8,212,low_value
p_000739,casual,NL,android,mid,organic,0,1,78,2024-07-15,2024-10-01,7,6.4,0,0.0,7,91,low_value
p_001302,casual,FR,android,mid,applovin,0,1,79,2024-01-18,2024-04-06,7,5.8,0,0.0,5,269,low_value
p_001048,casual,KR,ios,mid,organic,0,1,79,2024-06-16,2024-09-03,7,6.6,0,0.0,5,119,low_value
p_000856,casual,AU,android,low,applovin,0,1,80,2024-05-28,2024-08-16,7,5.2,0,0.0,7,137,low_value
p_000617,casual,US,ios,low,organic,0,1,81,2024-02-23,2024-05-14,7,6.8,0,0.0,6,231,low_value
p_001551,casual,RU,android,high,organic,0,1,81,2024-10-02,2024-12-22,7,6.8,0,0.0,3,9,low_value
p_000327,casual,MX,android,low,applovin,0,1,82,2024-07-25,2024-10-15,7,7.8,0,0.0,5,77,low_value
p_001276,casual,IT,ios,mid,facebook,0,1,82,2024-08-30,2024-11-20,7,6.1,0,0.0,7,41,low_value
p_001443,casual,FR,android,mid,organic,0,1,82,2024-03-03,2024-05-24,7,7.5,0,0.0,0,221,low_value
p_000501,casual,CA,ios,mid,organic,0,1,82,2024-03-13,2024-06-03,7,5.8,0,0.0,2,211,low_value
p_000636,casual,MX,ios,low,facebook,0,1,83,2024-10-09,2024-12-31,7,7.6,0,0.0,6,0,low_value
p_000734,casual,BR,ios,mid,google,0,1,83,2024-04-23,2024-07-15,7,6.3,0,0.0,6,169,low_value
p_000350,casual,IN,android,low,organic,0,1,83,2024-02-26,2024-05-19,7,5.9,0,0.0,3,226,low_value
p_000812,casual,TR,ios,high,organic,0,1,85,2024-07-18,2024-10-11,7,5.6,0,0.0,0,81,low_value
p_001111,casual,US,android,low,applovin,0,1,85,2024-09-12,2024-12-06,7,5.3,0,0.0,2,25,low_value
p_001389,casual,RU,android,low,organic,0,1,86,2024-01-31,2024-04-26,7,6.9,0,0.0,2,249,low_value
p_000641,casual,JP,ios,high,organic,0,1,86,2024-08-01,2024-10-26,7,6.8,0,0.0,4,66,low_value
p_000242,early_churn,US,android,mid,tiktok,0,1,3,2024-08-04,2024-08-07,1,1.8,0,0.0,0,146,low_value
p_001585,casual,US,android,mid,applovin,0,1,87,2024-05-10,2024-08-05,7,6.1,0,0.0,6,148,low_value
p_000680,casual,PL,android,high,tiktok,0,1,87,2024-05-26,2024-08-21,7,6.9,0,0.0,2,132,low_value
p_001259,casual,IN,ios,mid,tiktok,0,1,87,2024-07-29,2024-10-24,7,6.3,0,0.0,4,68,low_value
p_001194,casual,ID,ios,mid,tiktok,0,1,88,2024-08-15,2024-11-11,7,6.1,0,0.0,1,50,low_value
p_001563,casual,KR,android,mid,organic,0,1,88,2024-01-24,2024-04-21,7,6.2,0,0.0,5,254,low_value
p_000911,casual,GB,ios,high,facebook,0,1,89,2024-07-09,2024-10-06,7,7.0,0,0.0,2,86,low_value
p_001507,casual,TR,android,mid,organic,0,1,89,2024-03-23,2024-06-20,7,7.3,0,0.0,2,194,low_value
p_001304,casual,ID,ios,mid,organic,0,1,90,2024-08-20,2024-11-18,7,6.3,0,0.0,2,43,low_value
p_000727,casual,NL,android,mid,facebook,0,1,90,2024-01-18,2024-04-17,7,7.2,0,0.0,5,258,low_value
p_000046,early_churn,JP,android,low,organic,0,1,2,2024-02-10,2024-02-12,1,3.8,0,0.0,0,323,low_value
p_001985,burst,US,android,low,tiktok,0,1,7,2024-12-18,2024-12-25,8,15.1,0,0.0,19,6,low_value
p_001994,burst,SE,android,mid,facebook,0,1,7,2024-09-15,2024-09-22,8,13.4,0,0.0,13,100,low_value
p_001970,burst,ES,android,mid,facebook,0,1,8,2024-11-03,2024-11-11,8,14.0,0,0.0,10,50,low_value
p_001854,burst,GB,android,low,organic,0,1,9,2024-04-05,2024-04-14,8,11.7,0,0.0,7,261,low_value
p_001859,burst,GB,ios,mid,organic,0,1,9,2024-06-01,2024-06-10,8,12.9,0,0.0,13,204,low_value
p_001915,burst,ES,android,low,organic,0,1,10,2024-04-05,2024-04-15,8,12.5,0,0.0,14,260,low_value
p_002087,burst,BR,ios,high,google,0,1,10,2024-08-09,2024-08-19,8,13.0,0,0.0,6,134,low_value
p_001987,burst,TR,android,high,tiktok,0,1,11,2024-02-17,2024-02-28,8,14.2,0,0.0,11,307,low_value
p_001952,burst,US,android,mid,other,0,1,11,2024-01-20,2024-01-31,8,11.0,0,0.0,8,335,low_value
p_001907,burst,JP,android,mid,google,0,1,12,2024-09-06,2024-09-18,8,12.9,0,0.0,17,104,low_value
p_001855,burst,TR,android,high,organic,0,1,12,2024-12-08,2024-12-20,8,15.7,0,0.0,14,11,low_value
p_001934,burst,DE,android,low,organic,0,1,12,2024-03-21,2024-04-02,8,11.2,0,0.0,11,273,low_value
p_001966,burst,JP,android,mid,organic,0,1,12,2024-02-02,2024-02-14,8,12.2,0,0.0,8,321,low_value
p_001906,burst,DE,ios,high,organic,0,1,13,2024-07-29,2024-08-11,8,11.1,0,0.0,20,142,low_value
p_001995,burst,TR,android,low,organic,0,1,13,2024-07-31,2024-08-13,8,12.4,0,0.0,11,140,low_value
p_002084,burst,FR,ios,high,facebook,0,1,16,2024-03-29,2024-04-14,8,13.2,0,0.0,15,261,low_value
p_001825,burst,IN,android,mid,tiktok,0,1,16,2024-08-13,2024-08-29,8,14.5,0,0.0,4,124,low_value
p_002069,burst,US,android,low,tiktok,0,0,17,2024-12-14,2024-12-31,8,10.5,0,0.0,4,0,low_value
p_002042,burst,GB,ios,mid,applovin,0,1,17,2024-06-16,2024-07-03,8,11.8,0,0.0,19,181,low_value
p_001809,burst,US,ios,low,organic,0,1,17,2024-10-30,2024-11-16,8,11.2,0,0.0,16,45,low_value
p_002086,burst,US,android,mid,organic,0,1,17,2024-04-05,2024-04-22,8,10.6,0,0.0,14,253,low_value
p_001858,burst,GB,ios,high,organic,0,1,18,2024-07-09,2024-07-27,8,10.9,0,0.0,8,157,low_value
p_000071,early_churn,IT,android,mid,google,0,1,2,2024-03-27,2024-03-29,1,1.8,0,0.0,0,277,low_value
p_002021,burst,AU,ios,low,organic,0,1,19,2024-06-21,2024-07-10,8,14.3,0,0.0,19,174,low_value
p_001975,burst,US,android,mid,organic,0,1,20,2024-05-31,2024-06-20,8,13.8,0,0.0,11,194,low_value
p_000928,casual,US,ios,low,facebook,0,0,25,2024-12-06,2024-12-31,8,6.5,0,0.0,6,0,low_value
p_000696,casual,JP,android,mid,organic,0,1,29,2024-05-06,2024-06-04,8,7.4,0,0.0,7,210,low_value
p_000663,casual,AU,android,mid,facebook,0,1,32,2024-05-01,2024-06-02,8,7.5,0,0.0,5,212,low_value
p_001130,casual,DE,ios,high,tiktok,0,1,33,2024-10-18,2024-11-20,8,7.4,0,0.0,1,41,low_value
p_000816,casual,MX,android,mid,organic,0,1,36,2024-06-05,2024-07-11,8,5.6,0,0.0,5,173,low_value
p_001388,casual,ES,ios,low,facebook,0,1,37,2024-03-31,2024-05-07,8,6.5,0,0.0,2,238,low_value
p_001560,casual,MX,android,mid,facebook,0,1,39,2024-05-19,2024-06-27,8,7.9,0,0.0,0,187,low_value
p_000679,casual,KR,android,high,applovin,0,1,42,2024-07-03,2024-08-14,8,7.5,0,0.0,4,139,low_value
p_001435,casual,US,ios,high,facebook,0,1,44,2024-07-20,2024-09-02,8,6.7,0,0.0,2,120,low_value
p_000580,casual,DE,android,mid,google,0,0,44,2024-11-17,2024-12-31,8,7.3,0,0.0,6,0,low_value
p_001228,casual,IT,android,high,google,0,1,47,2024-08-11,2024-09-27,8,7.7,0,0.0,2,95,low_value
p_001682,casual,JP,android,low,organic,0,1,47,2024-06-13,2024-07-30,8,5.6,0,0.0,5,154,low_value
p_000430,casual,BR,android,high,google,0,1,49,2024-04-11,2024-05-30,8,6.8,0,0.0,4,215,low_value
p_001632,casual,US,ios,high,facebook,0,1,50,2024-02-22,2024-04-12,8,7.0,0,0.0,6,263,low_value
p_000709,casual,US,android,mid,facebook,0,1,51,2024-06-14,2024-08-04,8,6.0,0,0.0,6,149,low_value
p_001521,casual,DE,android,low,applovin,0,1,52,2024-05-21,2024-07-12,8,6.8,0,0.0,4,172,low_value
p_001184,casual,US,ios,low,organic,0,1,52,2024-02-21,2024-04-13,8,5.6,0,0.0,2,262,low_value
p_001045,casual,US,android,low,facebook,0,1,53,2024-07-07,2024-08-29,8,6.7,0,0.0,4,124,low_value
p_001358,casual,AU,android,mid,organic,0,1,53,2024-04-06,2024-05-29,8,6.6,0,0.0,1,216,low_value
p_001081,casual,US,ios,high,google,0,0,53,2024-11-08,2024-12-31,8,5.4,0,0.0,3,0,low_value
p_001123,casual,DE,android,mid,applovin,0,1,54,2024-02-02,2024-03-27,8,6.2,0,0.0,1,279,low_value
p_001777,casual,JP,android,mid,other,0,1,55,2024-10-11,2024-12-05,8,6.2,0,0.0,2,26,low_value
p_001397,casual,IN,android,high,google,0,1,55,2024-01-11,2024-03-06,8,6.2,0,0.0,5,300,low_value
p_000777,casual,JP,android,mid,unity_ads,0,1,56,2024-09-05,2024-10-31,8,6.1,0,0.0,5,61,low_value
p_001195,casual,KR,android,mid,organic,0,1,57,2024-07-28,2024-09-23,8,6.0,0,0.0,4,99,low_value
p_001523,casual,AU,android,mid,organic,0,1,57,2024-09-22,2024-11-18,8,6.1,0,0.0,6,43,low_value
p_001330,casual,PH,ios,high,other,0,1,58,2024-07-24,2024-09-20,8,6.6,0,0.0,8,102,low_value
p_000783,casual,RU,android,mid,facebook,0,1,59,2024-01-07,2024-03-06,8,7.0,0,0.0,3,300,low_value
p_000873,casual,IN,android,high,facebook,0,1,59,2024-09-12,2024-11-10,8,6.7,0,0.0,3,51,low_value
p_000624,casual,AU,android,mid,google,0,0,59,2024-11-02,2024-12-31,8,7.2,0,0.0,0,0,low_value
p_001592,casual,MX,ios,mid,facebook,0,1,62,2024-07-06,2024-09-06,8,7.6,0,0.0,4,116,low_value
p_001354,casual,TH,ios,low,tiktok,0,1,64,2024-08-20,2024-10-23,8,6.7,0,0.0,3,69,low_value
p_000642,casual,FR,ios,low,tiktok,0,1,64,2024-04-28,2024-07-01,8,6.9,0,0.0,1,183,low_value
p_000670,casual,NL,android,mid,organic,0,0,65,2024-10-27,2024-12-31,8,7.1,0,0.0,5,0,low_value
p_000307,casual,BR,android,mid,google,0,1,65,2024-07-06,2024-09-09,8,7.4,0,0.0,8,113,low_value
p_001502,casual,US,android,low,unity_ads,0,1,66,2024-07-15,2024-09-19,8,6.5,0,0.0,1,103,low_value
p_001024,casual,DE,android,low,google,0,1,67,2024-02-21,2024-04-28,8,5.4,0,0.0,1,247,low_value
p_001083,casual,SE,android,low,tiktok,0,1,67,2024-04-24,2024-06-30,8,6.5,0,0.0,6,184,low_value
p_000519,casual,US,ios,low,organic,0,1,67,2024-08-09,2024-10-15,8,5.2,0,0.0,0,77,low_value
p_001468,casual,MX,android,mid,unity_ads,0,1,68,2024-01-16,2024-03-24,8,5.4,0,0.0,1,282,low_value
p_001724,casual,US,android,mid,organic,0,0,69,2024-10-23,2024-12-31,8,6.0,0,0.0,1,0,low_value
p_001742,casual,GB,ios,high,tiktok,0,1,69,2024-04-04,2024-06-12,8,6.2,0,0.0,1,202,low_value
p_000597,casual,NL,android,low,facebook,0,1,70,2024-01-27,2024-04-06,8,5.6,0,0.0,1,269,low_value
p_000543,casual,US,ios,low,facebook,0,1,71,2024-10-12,2024-12-22,8,7.3,0,0.0,8,9,low_value
p_000527,casual,AU,android,mid,facebook,0,1,71,2024-03-16,2024-05-26,8,7.3,0,0.0,1,219,low_value
p_000392,casual,AR,android,mid,tiktok,0,1,72,2024-09-20,2024-12-01,8,6.7,0,0.0,3,30,low_value
p_000310,casual,US,android,high,applovin,0,1,73,2024-02-04,2024-04-17,8,6.7,0,0.0,6,258,low_value
p_001450,casual,US,ios,low,organic,0,1,73,2024-07-19,2024-09-30,8,5.4,0,0.0,7,92,low_value
p_001685,casual,US,ios,mid,tiktok,0,1,73,2024-09-14,2024-11-26,8,6.4,0,0.0,5,35,low_value
p_001661,casual,CA,android,mid,organic,0,1,74,2024-07-18,2024-09-30,8,6.5,0,0.0,0,92,low_value
p_001115,casual,AR,android,high,google,0,1,75,2024-03-08,2024-05-22,8,5.9,0,0.0,1,223,low_value
p_000330,casual,JP,android,high,facebook,0,1,75,2024-01-11,2024-03-26,8,6.9,0,0.0,0,280,low_value
p_001209,casual,US,ios,high,facebook,0,1,75,2024-02-18,2024-05-03,8,5.8,0,0.0,6,242,low_value
p_001465,casual,MX,android,mid,tiktok,0,1,77,2024-05-31,2024-08-16,8,7.5,0,0.0,0,137,low_value
p_001218,casual,BR,android,high,organic,0,1,77,2024-05-25,2024-08-10,8,6.4,0,0.0,4,143,low_value
p_001515,casual,ID,ios,mid,organic,0,1,77,2024-07-30,2024-10-15,8,6.8,0,0.0,4,77,low_value
p_001524,casual,ES,ios,high,organic,0,1,78,2024-05-21,2024-08-07,8,6.0,0,0.0,0,146,low_value
p_000976,casual,GB,android,low,unity_ads,0,1,78,2024-05-14,2024-07-31,8,7.0,0,0.0,8,153,low_value
p_001478,casual,GB,ios,high,google,0,1,79,2024-07-10,2024-09-27,8,5.9,0,0.0,2,95,low_value
p_000895,casual,PL,android,mid,applovin,0,1,80,2024-08-22,2024-11-10,8,7.3,0,0.0,5,51,low_value
p_000700,casual,DE,ios,mid,applovin,0,1,80,2024-06-15,2024-09-03,8,6.1,0,0.0,4,119,low_value
p_001604,casual,JP,ios,high,organic,0,0,80,2024-10-12,2024-12-31,8,6.0,0,0.0,8,0,low_value
p_000858,casual,FR,android,mid,organic,0,1,81,2024-06-16,2024-09-05,8,6.5,0,0.0,3,117,low_value
p_000436,casual,US,android,mid,organic,0,1,81,2024-09-23,2024-12-13,8,7.3,0,0.0,0,18,low_value
p_000547,casual,TH,ios,mid,facebook,0,1,83,2024-05-26,2024-08-17,8,7.8,0,0.0,5,136,low_value
p_000596,casual,JP,ios,high,organic,0,1,84,2024-06-14,2024-09-06,8,5.3,0,0.0,7,116,low_value
p_001421,casual,AR,android,mid,facebook,0,1,85,2024-05-11,2024-08-04,8,7.5,0,0.0,6,149,low_value
p_001550,casual,US,android,high,other,0,1,85,2024-02-26,2024-05-21,8,5.6,0,0.0,4,224,low_value
p_001290,casual,US,android,mid,applovin,0,1,85,2024-03-15,2024-06-08,8,7.3,0,0.0,5,206,low_value
p_001319,casual,NL,ios,low,facebook,0,1,86,2024-04-03,2024-06-28,8,6.3,0,0.0,6,186,low_value
p_000545,casual,GB,ios,high,google,0,1,86,2024-09-06,2024-12-01,8,5.7,0,0.0,7,30,low_value
p_001538,casual,US,android,mid,organic,0,0,88,2024-10-04,2024-12-31,8,6.3,0,0.0,2,0,low_value
p_001497,casual,US,ios,high,facebook,0,1,88,2024-01-14,2024-04-11,8,5.8,0,0.0,1,264,low_value
p_001285,casual,US,android,low,organic,0,1,89,2024-02-06,2024-05-05,8,5.6,0,0.0,4,240,low_value
p_000913,casual,ES,android,mid,applovin,0,1,89,2024-01-07,2024-04-05,8,6.0,0,0.0,0,270,low_value
p_001324,casual,US,android,low,applovin,0,1,89,2024-06-11,2024-09-08,8,6.9,0,0.0,8,114,low_value
p_000994,casual,ES,android,low,google,0,1,90,2024-08-18,2024-11-16,8,5.7,0,0.0,3,45,low_value
p_000590,casual,NL,android,mid,applovin,0,1,90,2024-02-11,2024-05-11,8,5.9,0,0.0,7,234,low_value
p_001950,burst,KR,ios,mid,organic,0,1,7,2024-12-21,2024-12-28,9,14.4,0,0.0,7,3,low_value
p_001888,burst,JP,ios,low,facebook,0,1,8,2024-01-28,2024-02-05,9,11.7,0,0.0,5,330,low_value
p_000048,early_churn,IN,ios,high,organic,0,1,2,2024-11-21,2024-11-23,1,2.6,0,0.0,1,38,low_value
p_001833,burst,US,android,low,facebook,0,0,9,2024-12-22,2024-12-31,9,12.9,0,0.0,16,0,low_value
p_001941,burst,PL,ios,high,facebook,0,1,9,2024-05-24,2024-06-02,9,11.9,0,0.0,17,212,low_value
p_002095,burst,AR,ios,mid,unity_ads,0,1,11,2024-12-12,2024-12-23,9,12.9,0,0.0,11,8,low_value
p_001803,burst,KR,android,low,google,0,0,11,2024-12-20,2024-12-31,9,13.7,0,0.0,7,0,low_value
p_001860,burst,AR,android,mid,tiktok,0,1,12,2024-03-14,2024-03-26,9,11.9,0,0.0,9,280,low_value
p_002050,burst,JP,android,low,google,0,1,13,2024-05-22,2024-06-04,9,13.0,0,0.0,11,210,low_value
p_001872,burst,US,ios,high,facebook,0,1,13,2024-07-23,2024-08-05,9,10.7,0,0.0,20,148,low_value
p_002073,burst,BR,android,low,facebook,0,1,13,2024-04-06,2024-04-19,9,13.0,0,0.0,6,256,low_value
p_001980,burst,GB,android,low,unity_ads,0,1,13,2024-03-04,2024-03-17,9,14.2,0,0.0,10,289,low_value
p_002002,burst,MX,ios,high,organic,0,1,14,2024-08-31,2024-09-14,9,13.2,0,0.0,17,108,low_value
p_002098,burst,US,android,high,organic,0,1,16,2024-12-04,2024-12-20,9,10.4,0,0.0,13,11,low_value
p_002028,burst,KR,android,high,organic,0,1,16,2024-01-08,2024-01-24,9,12.3,0,0.0,1,342,low_value
p_002075,burst,JP,ios,mid,tiktok,0,1,16,2024-08-21,2024-09-06,9,13.0,0,0.0,14,116,low_value
p_000021,early_churn,FR,ios,high,tiktok,0,1,2,2024-07-16,2024-07-18,1,4.6,0,0.0,1,166,low_value
p_001839,burst,JP,android,low,facebook,0,1,16,2024-04-24,2024-05-10,9,11.2,0,0.0,10,235,low_value
p_001978,burst,RU,ios,mid,applovin,0,1,17,2024-11-17,2024-12-04,9,11.4,0,0.0,10,27,low_value
p_001893,burst,US,android,low,google,0,1,19,2024-09-30,2024-10-19,9,14.2,0,0.0,6,73,low_value
p_001846,burst,TR,android,mid,facebook,0,1,20,2024-07-02,2024-07-22,9,11.6,0,0.0,7,162,low_value
p_001371,casual,US,android,low,organic,0,1,40,2024-05-22,2024-07-01,9,7.3,0,0.0,8,183,low_value
p_000647,casual,ES,ios,mid,organic,0,1,42,2024-09-14,2024-10-26,9,6.8,0,0.0,6,66,low_value
p_000615,casual,US,ios,mid,organic,0,0,48,2024-11-13,2024-12-31,9,6.5,0,0.0,6,0,low_value
p_000433,casual,DE,ios,mid,organic,0,1,48,2024-08-30,2024-10-17,9,7.2,0,0.0,4,75,low_value
p_000396,casual,US,ios,high,organic,0,1,50,2024-08-21,2024-10-10,9,6.9,0,0.0,1,82,low_value
p_001286,casual,TH,android,mid,google,0,1,52,2024-10-05,2024-11-26,9,6.9,0,0.0,7,35,low_value
p_000972,casual,FR,ios,mid,organic,0,1,53,2024-10-10,2024-12-02,9,7.1,0,0.0,7,29,low_value
p_000439,casual,DE,android,low,organic,0,1,54,2024-04-23,2024-06-16,9,5.9,0,0.0,1,198,low_value
p_000510,casual,KR,android,low,other,0,1,54,2024-10-16,2024-12-09,9,6.0,0,0.0,3,22,low_value
p_000328,casual,US,ios,high,facebook,0,1,55,2024-03-22,2024-05-16,9,6.1,0,0.0,6,229,low_value
p_001525,casual,SE,ios,high,organic,0,1,58,2024-07-29,2024-09-25,9,5.2,0,0.0,5,97,low_value
p_000536,casual,RU,ios,high,organic,0,1,59,2024-10-03,2024-12-01,9,6.7,0,0.0,6,30,low_value
p_001100,casual,DE,ios,mid,organic,0,1,60,2024-01-22,2024-03-22,9,7.7,0,0.0,2,284,low_value
p_000008,early_churn,IN,android,high,organic,0,1,2,2024-05-14,2024-05-16,1,1.4,0,0.0,1,229,low_value
p_000387,casual,US,android,low,organic,0,1,61,2024-02-15,2024-04-16,9,6.5,0,0.0,7,259,low_value
p_001342,casual,US,ios,high,google,0,1,61,2024-10-07,2024-12-07,9,6.2,0,0.0,5,24,low_value
p_001080,casual,US,android,high,other,0,1,62,2024-06-04,2024-08-05,9,5.9,0,0.0,5,148,low_value
p_001356,casual,BR,ios,high,facebook,0,1,63,2024-10-02,2024-12-04,9,7.2,0,0.0,6,27,low_value
p_000757,casual,PL,android,low,google,0,1,64,2024-10-02,2024-12-05,9,6.3,0,0.0,5,26,low_value
p_001484,casual,MX,android,mid,organic,0,1,64,2024-05-19,2024-07-22,9,5.9,0,0.0,3,162,low_value
p_000480,casual,IN,android,low,facebook,0,1,65,2024-08-01,2024-10-05,9,5.9,0,0.0,4,87,low_value
p_001151,casual,AU,ios,high,applovin,0,1,66,2024-03-01,2024-05-06,9,5.8,0,0.0,8,239,low_value
p_000648,casual,PL,android,mid,organic,0,0,66,2024-10-26,2024-12-31,9,7.0,0,0.0,7,0,low_value
p_000577,casual,GB,android,low,tiktok,0,1,66,2024-10-22,2024-12-27,9,6.8,0,0.0,3,4,low_value
p_001626,casual,SE,android,mid,applovin,0,1,67,2024-01-21,2024-03-28,9,7.3,0,0.0,6,278,low_value
p_001598,casual,AU,android,mid,organic,0,1,69,2024-06-03,2024-08-11,9,6.7,0,0.0,0,142,low_value
p_001545,casual,US,android,mid,google,0,1,70,2024-07-26,2024-10-04,9,6.2,0,0.0,4,88,low_value
p_001104,casual,CA,ios,high,organic,0,1,72,2024-03-24,2024-06-04,9,6.3,0,0.0,0,210,low_value
p_000415,casual,BR,ios,mid,unity_ads,0,1,72,2024-05-18,2024-07-29,9,6.9,0,0.0,1,155,low_value
p_000620,casual,US,ios,mid,applovin,0,1,73,2024-04-30,2024-07-12,9,6.2,0,0.0,1,172,low_value
p_000882,casual,GB,android,low,applovin,0,1,73,2024-01-28,2024-04-10,9,6.8,0,0.0,3,265,low_value
p_000506,casual,IN,ios,mid,tiktok,0,1,74,2024-07-14,2024-09-26,9,5.9,0,0.0,1,96,low_value
p_001037,casual,MX,android,mid,organic,0,1,75,2024-03-13,2024-05-27,9,6.0,0,0.0,3,218,low_value
p_000839,casual,IT,ios,mid,google,0,0,76,2024-10-16,2024-12-31,9,5.6,0,0.0,0,0,low_value
p_001112,casual,KR,android,mid,facebook,0,1,77,2024-01-06,2024-03-23,9,6.3,0,0.0,4,283,low_value
p_000497,casual,MX,android,low,facebook,0,1,78,2024-01-22,2024-04-09,9,4.6,0,0.0,3,266,low_value
p_000368,casual,ES,ios,mid,applovin,0,0,78,2024-10-14,2024-12-31,9,6.0,0,0.0,3,0,low_value
p_001573,casual,US,android,low,tiktok,0,1,78,2024-04-11,2024-06-28,9,5.6,0,0.0,5,186,low_value
p_001423,casual,IN,ios,mid,tiktok,0,0,78,2024-10-14,2024-12-31,9,6.6,0,0.0,6,0,low_value
p_000646,casual,US,ios,mid,tiktok,0,1,79,2024-08-29,2024-11-16,9,6.5,0,0.0,2,45,low_value
p_000303,casual,DE,ios,mid,facebook,0,1,79,2024-07-12,2024-09-29,9,7.4,0,0.0,7,93,low_value
p_001387,casual,BR,android,mid,organic,0,1,81,2024-01-30,2024-04-20,9,5.6,0,0.0,1,255,low_value
p_001160,casual,US,android,low,applovin,0,1,81,2024-05-31,2024-08-20,9,7.7,0,0.0,7,133,low_value
p_001272,casual,MX,android,low,google,0,1,82,2024-05-14,2024-08-04,9,5.0,0,0.0,4,149,low_value
p_001767,casual,BR,android,low,tiktok,0,1,82,2024-03-13,2024-06-03,9,5.8,0,0.0,8,211,low_value
p_001488,casual,IN,ios,mid,facebook,0,1,82,2024-07-28,2024-10-18,9,5.6,0,0.0,3,74,low_value
p_000388,casual,RU,android,low,tiktok,0,1,83,2024-03-02,2024-05-24,9,5.9,0,0.0,8,221,low_value
p_000881,casual,JP,ios,mid,organic,0,1,83,2024-03-30,2024-06-21,9,7.8,0,0.0,7,193,low_value
p_000325,casual,GB,android,high,organic,0,1,84,2024-09-26,2024-12-19,9,6.7,0,0.0,6,12,low_value
p_000479,casual,RU,android,high,google,0,1,84,2024-09-08,2024-12-01,9,7.1,0,0.0,5,30,low_value
p_000791,casual,RU,android,mid,tiktok,0,1,84,2024-09-10,2024-12-03,9,6.5,0,0.0,3,28,low_value
p_000419,casual,DE,android,mid,applovin,0,1,86,2024-07-15,2024-10-09,9,6.2,0,0.0,1,83,low_value
p_001035,casual,TR,android,mid,facebook,0,1,86,2024-09-18,2024-12-13,9,7.5,0,0.0,1,18,low_value
p_000361,casual,KR,android,low,unity_ads,0,1,87,2024-06-18,2024-09-13,9,7.4,0,0.0,8,109,low_value
p_000440,casual,JP,android,mid,organic,0,1,88,2024-08-28,2024-11-24,9,5.9,0,0.0,3,37,low_value
p_000908,casual,BR,ios,low,facebook,0,1,88,2024-02-09,2024-05-07,9,7.7,0,0.0,2,238,low_value
p_000899,casual,NL,ios,mid,organic,0,1,88,2024-06-14,2024-09-10,9,6.9,0,0.0,2,112,low_value
p_001505,casual,IN,android,low,facebook,0,1,88,2024-06-04,2024-08-31,9,6.6,0,0.0,6,122,low_value
p_001040,casual,GB,android,mid,applovin,0,1,89,2024-03-18,2024-06-15,9,6.1,0,0.0,4,199,low_value
p_001052,casual,JP,android,high,facebook,0,1,89,2024-09-11,2024-12-09,9,6.9,0,0.0,7,22,low_value
p_000930,casual,DE,android,mid,organic,0,1,89,2024-03-18,2024-06-15,9,5.7,0,0.0,2,199,low_value
p_000713,casual,AU,android,low,organic,0,1,90,2024-01-24,2024-04-23,9,7.4,0,0.0,4,252,low_value
p_000032,early_churn,GB,android,low,organic,0,1,2,2024-08-23,2024-08-25,1,1.6,0,0.0,0,128,low_value
p_001984,burst,US,ios,mid,tiktok,0,1,8,2024-06-18,2024-06-26,10,13.0,0,0.0,4,188,low_value
p_001944,burst,MX,android,low,organic,0,1,10,2024-05-13,2024-05-23,10,13.2,0,0.0,11,222,low_value
p_001879,burst,DE,android,low,tiktok,0,1,11,2024-03-04,2024-03-15,10,11.9,0,0.0,11,291,low_value
p_002076,burst,US,android,low,organic,0,1,11,2024-04-28,2024-05-09,10,13.0,0,0.0,14,236,low_value
p_001804,burst,PL,ios,high,unity_ads,0,1,11,2024-03-05,2024-03-16,10,10.7,0,0.0,15,290,low_value
p_001895,burst,MX,ios,mid,organic,0,1,12,2024-05-23,2024-06-04,10,11.5,0,0.0,8,210,low_value
p_001988,burst,BR,android,low,facebook,0,1,12,2024-03-22,2024-04-03,10,13.2,0,0.0,15,272,low_value
p_001997,burst,DE,android,low,organic,0,1,13,2024-09-15,2024-09-28,10,11.8,0,0.0,12,94,low_value
p_001989,burst,GB,ios,mid,organic,0,1,14,2024-02-25,2024-03-10,10,14.0,0,0.0,11,296,low_value
p_001959,burst,US,ios,high,organic,0,1,14,2024-01-03,2024-01-17,10,12.3,0,0.0,0,349,low_value
p_001848,burst,DE,android,mid,organic,0,0,14,2024-12-17,2024-12-31,10,11.4,0,0.0,3,0,low_value
p_001836,burst,JP,android,low,unity_ads,0,1,14,2024-12-16,2024-12-30,10,13.2,0,0.0,6,1,low_value
p_001857,burst,PH,ios,mid,facebook,0,1,14,2024-11-25,2024-12-09,10,12.5,0,0.0,4,22,low_value
p_001913,burst,US,ios,low,tiktok,0,1,15,2024-02-17,2024-03-03,10,13.9,0,0.0,9,303,low_value
p_001882,burst,TH,ios,high,google,0,1,15,2024-08-01,2024-08-16,10,13.0,0,0.0,12,137,low_value
p_002033,burst,DE,android,low,facebook,0,1,15,2024-05-31,2024-06-15,10,13.9,0,0.0,12,199,low_value
p_002004,burst,IN,ios,mid,organic,0,1,16,2024-08-26,2024-09-11,10,13.2,0,0.0,8,111,low_value
p_001962,burst,JP,ios,mid,tiktok,0,1,16,2024-07-02,2024-07-18,10,15.2,0,0.0,7,166,low_value
p_001814,burst,DE,android,mid,tiktok,0,1,16,2024-09-23,2024-10-09,10,12.7,0,0.0,6,83,low_value
p_000248,early_churn,IT,ios,mid,organic,0,1,2,2024-03-05,2024-03-07,1,3.6,0,0.0,0,299,low_value
p_001958,burst,JP,ios,high,other,0,1,17,2024-01-20,2024-02-06,10,13.9,0,0.0,4,329,low_value
p_001967,burst,GB,android,low,facebook,0,1,17,2024-05-25,2024-06-11,10,13.8,0,0.0,11,203,low_value
p_001921,burst,IN,ios,high,google,0,1,17,2024-02-08,2024-02-25,10,10.5,0,0.0,9,310,low_value
p_002037,burst,GB,android,mid,applovin,0,1,18,2024-06-17,2024-07-05,10,11.8,0,0.0,7,179,low_value
p_001880,burst,CA,android,mid,google,0,1,18,2024-10-03,2024-10-21,10,11.7,0,0.0,6,71,low_value
p_002081,burst,MX,ios,mid,applovin,0,1,19,2024-05-23,2024-06-11,10,13.9,0,0.0,13,203,low_value
p_001806,burst,GB,ios,mid,organic,0,1,20,2024-01-24,2024-02-13,10,11.9,0,0.0,8,322,low_value
p_002018,burst,AR,android,high,applovin,0,1,21,2024-10-01,2024-10-22,10,13.5,0,0.0,14,70,low_value
p_001960,burst,US,android,low,google,0,1,21,2024-07-29,2024-08-19,10,10.1,0,0.0,7,134,low_value
p_000668,casual,AR,android,mid,tiktok,0,0,43,2024-11-18,2024-12-31,10,6.4,0,0.0,1,0,low_value
p_000348,casual,DE,ios,high,facebook,0,1,46,2024-01-19,2024-03-05,10,6.5,0,0.0,6,301,low_value
p_001213,casual,JP,android,low,tiktok,0,1,51,2024-10-05,2024-11-25,10,6.1,0,0.0,2,36,low_value
p_001634,casual,CA,ios,mid,applovin,0,1,52,2024-05-13,2024-07-04,10,6.4,0,0.0,8,180,low_value
p_001462,casual,GB,ios,mid,facebook,0,1,53,2024-05-30,2024-07-22,10,6.4,0,0.0,7,162,low_value
p_000655,casual,GB,android,mid,organic,0,1,55,2024-08-13,2024-10-07,10,6.7,0,0.0,3,85,low_value
p_001292,casual,KR,ios,low,google,0,1,57,2024-07-28,2024-09-23,10,7.6,0,0.0,2,99,low_value
p_000985,casual,TR,android,low,tiktok,0,1,57,2024-02-23,2024-04-20,10,6.5,0,0.0,6,255,low_value
p_000376,casual,IN,ios,high,organic,0,1,57,2024-07-08,2024-09-03,10,6.5,0,0.0,1,119,low_value
p_001139,casual,US,android,mid,google,0,1,59,2024-07-13,2024-09-10,10,6.1,0,0.0,8,112,low_value
p_001369,casual,CA,android,high,organic,0,1,59,2024-05-18,2024-07-16,10,6.4,0,0.0,1,168,low_value
p_000306,casual,BR,android,low,applovin,0,1,61,2024-04-08,2024-06-08,10,5.2,0,0.0,6,206,low_value
p_000514,casual,JP,android,high,organic,0,1,62,2024-10-28,2024-12-29,10,5.7,0,0.0,3,2,low_value
p_000265,early_churn,RU,ios,mid,google,0,1,2,2024-05-21,2024-05-23,1,3.7,0,0.0,0,222,low_value
p_001778,casual,US,android,high,google,0,1,63,2024-03-25,2024-05-27,10,6.6,0,0.0,3,218,low_value
p_001396,casual,AU,ios,mid,organic,0,1,67,2024-04-04,2024-06-10,10,6.0,0,0.0,3,204,low_value
p_001759,casual,DE,ios,mid,organic,0,1,67,2024-05-07,2024-07-13,10,6.4,0,0.0,4,171,low_value
p_000408,casual,FR,ios,high,google,0,1,67,2024-07-03,2024-09-08,10,6.5,0,0.0,6,114,low_value
p_001333,casual,US,android,mid,facebook,0,1,67,2024-02-15,2024-04-22,10,6.2,0,0.0,2,253,low_value
p_001784,casual,US,android,high,tiktok,0,1,68,2024-08-25,2024-11-01,10,5.8,0,0.0,1,60,low_value
p_000340,casual,US,ios,mid,google,0,1,70,2024-03-20,2024-05-29,10,6.1,0,0.0,7,216,low_value
p_000834,casual,US,ios,low,facebook,0,1,70,2024-10-01,2024-12-10,10,5.1,0,0.0,3,21,low_value
p_001687,casual,GB,ios,high,applovin,0,1,71,2024-09-09,2024-11-19,10,5.6,0,0.0,5,42,low_value
p_000133,early_churn,JP,ios,high,google,0,1,2,2024-03-10,2024-03-12,1,2.5,0,0.0,1,294,low_value
p_001118,casual,JP,android,low,facebook,0,1,74,2024-03-03,2024-05-16,10,5.7,0,0.0,5,229,low_value
p_000485,casual,BR,ios,mid,organic,0,1,75,2024-06-29,2024-09-12,10,6.3,0,0.0,2,110,low_value
p_001084,casual,AR,ios,mid,google,0,1,75,2024-08-04,2024-10-18,10,6.5,0,0.0,7,74,low_value
p_000768,casual,AU,ios,mid,organic,0,1,75,2024-09-29,2024-12-13,10,5.2,0,0.0,5,18,low_value
p_000664,casual,PL,ios,high,google,0,1,77,2024-04-26,2024-07-12,10,6.3,0,0.0,4,172,low_value
p_001170,casual,US,ios,mid,unity_ads,0,1,77,2024-07-13,2024-09-28,10,5.8,0,0.0,0,94,low_value
p_000252,early_churn,BR,ios,low,tiktok,0,1,2,2024-01-04,2024-01-06,1,1.6,0,0.0,0,360,low_value
p_000546,casual,CA,android,mid,facebook,0,1,78,2024-09-05,2024-11-22,10,7.1,0,0.0,8,39,low_value
p_001335,casual,ID,android,mid,organic,0,1,78,2024-02-27,2024-05-15,10,6.1,0,0.0,1,230,low_value
p_000883,casual,DE,ios,mid,tiktok,0,1,79,2024-05-10,2024-07-28,10,7.1,0,0.0,7,156,low_value
p_000711,casual,US,android,mid,facebook,0,1,79,2024-08-20,2024-11-07,10,6.8,0,0.0,0,54,low_value
p_000773,casual,NL,android,low,organic,0,1,83,2024-06-03,2024-08-25,10,6.3,0,0.0,4,128,low_value
p_001043,casual,TR,android,low,organic,0,1,83,2024-06-02,2024-08-24,10,7.0,0,0.0,3,129,low_value
p_000705,casual,KR,ios,mid,facebook,0,1,84,2024-06-22,2024-09-14,10,6.2,0,0.0,5,108,low_value
p_000690,casual,KR,android,mid,applovin,0,1,84,2024-04-15,2024-07-08,10,6.5,0,0.0,1,176,low_value
p_000294,early_churn,IN,ios,high,facebook,0,1,2,2024-01-01,2024-01-03,1,4.0,0,0.0,0,363,low_value
p_000710,casual,TH,ios,high,organic,0,1,89,2024-05-12,2024-08-09,10,6.8,0,0.0,3,144,low_value
p_001768,casual,BR,android,low,tiktok,0,1,89,2024-08-18,2024-11-15,10,5.7,0,0.0,5,46,low_value
p_001831,burst,GB,android,low,facebook,0,1,8,2024-02-08,2024-02-16,11,13.9,0,0.0,5,319,low_value
p_001937,burst,US,ios,high,applovin,0,1,12,2024-11-23,2024-12-05,11,11.7,0,0.0,8,26,low_value
p_001942,burst,RU,ios,mid,organic,0,1,12,2024-01-20,2024-02-01,11,14.2,0,0.0,4,334,low_value
p_002044,burst,US,ios,mid,other,0,1,13,2024-09-12,2024-09-25,11,11.8,0,0.0,19,97,low_value
p_001929,burst,AU,ios,mid,organic,0,1,14,2024-06-28,2024-07-12,11,12.6,0,0.0,18,172,low_value
p_001986,burst,KR,ios,high,google,0,1,15,2024-08-09,2024-08-24,11,11.0,0,0.0,8,129,low_value
p_001876,burst,IT,android,high,organic,0,1,15,2024-06-16,2024-07-01,11,12.5,0,0.0,13,183,low_value
p_002020,burst,MX,ios,mid,facebook,0,1,16,2024-10-04,2024-10-20,11,11.1,0,0.0,17,72,low_value
p_002032,burst,MX,android,mid,facebook,0,1,16,2024-07-19,2024-08-04,11,12.5,0,0.0,14,149,low_value
p_002043,burst,CA,android,low,facebook,0,1,16,2024-03-02,2024-03-18,11,12.5,0,0.0,13,288,low_value
p_001862,burst,RU,ios,mid,organic,0,1,16,2024-01-26,2024-02-11,11,10.9,0,0.0,15,324,low_value
p_001910,burst,TH,android,low,organic,0,0,17,2024-12-14,2024-12-31,11,10.1,0,0.0,16,0,low_value
p_001873,burst,TH,android,mid,other,0,1,17,2024-04-15,2024-05-02,11,12.5,0,0.0,3,243,low_value
p_001933,burst,TR,android,high,organic,0,1,17,2024-08-14,2024-08-31,11,11.4,0,0.0,15,122,low_value
p_001948,burst,JP,ios,high,google,0,1,19,2024-04-19,2024-05-08,11,11.9,0,0.0,16,237,low_value
p_002012,burst,FR,ios,high,facebook,0,1,20,2024-09-28,2024-10-18,11,12.7,0,0.0,3,74,low_value
p_001909,burst,US,ios,high,organic,0,1,21,2024-12-01,2024-12-22,11,14.7,0,0.0,19,9,low_value
p_001927,burst,GB,ios,high,organic,0,1,21,2024-11-17,2024-12-08,11,12.3,0,0.0,9,23,low_value
p_002096,burst,ES,ios,mid,organic,0,1,21,2024-07-23,2024-08-13,11,12.6,0,0.0,17,140,low_value
p_001271,casual,BR,ios,mid,facebook,0,1,44,2024-10-24,2024-12-07,11,5.2,0,0.0,4,24,low_value
p_000965,casual,ID,android,low,organic,0,1,47,2024-11-12,2024-12-29,11,5.2,0,0.0,1,2,low_value
p_001503,casual,US,ios,high,tiktok,0,1,52,2024-10-05,2024-11-26,11,6.2,0,0.0,0,35,low_value
p_000912,casual,MX,ios,high,facebook,0,1,58,2024-01-27,2024-03-25,11,6.3,0,0.0,3,281,low_value
p_001748,casual,IT,android,low,google,0,1,61,2024-06-24,2024-08-24,11,6.7,0,0.0,4,129,low_value
p_001217,casual,JP,ios,high,organic,0,1,63,2024-01-13,2024-03-16,11,7.2,0,0.0,3,290,low_value
p_001298,casual,GB,ios,mid,organic,0,1,67,2024-03-03,2024-05-09,11,6.9,0,0.0,4,236,low_value
p_000443,casual,GB,ios,mid,applovin,0,1,68,2024-03-11,2024-05-18,11,6.2,0,0.0,4,227,low_value
p_001142,casual,US,android,mid,facebook,0,1,71,2024-02-11,2024-04-22,11,5.9,0,0.0,7,253,low_value
p_000717,casual,MX,ios,high,google,0,1,72,2024-08-31,2024-11-11,11,8.0,0,0.0,5,50,low_value
p_000450,casual,BR,ios,mid,google,0,1,74,2024-07-05,2024-09-17,11,4.8,0,0.0,3,105,low_value
p_000380,casual,IN,android,mid,other,0,1,74,2024-03-21,2024-06-03,11,6.2,0,0.0,8,211,low_value
p_001572,casual,US,ios,mid,facebook,0,1,76,2024-05-15,2024-07-30,11,6.1,0,0.0,5,154,low_value
p_000260,early_churn,US,ios,mid,applovin,0,1,2,2024-03-28,2024-03-30,1,4.8,0,0.0,1,276,low_value
p_000961,casual,BR,android,high,unity_ads,0,1,78,2024-07-20,2024-10-06,11,6.1,0,0.0,6,86,low_value
p_000474,casual,NL,ios,high,facebook,0,1,78,2024-07-12,2024-09-28,11,6.1,0,0.0,7,94,low_value
p_000772,casual,US,ios,mid,google,0,1,79,2024-04-18,2024-07-06,11,6.8,0,0.0,3,178,low_value
p_000313,casual,KR,ios,high,organic,0,1,79,2024-04-26,2024-07-14,11,5.6,0,0.0,5,170,low_value
p_001016,casual,JP,ios,high,google,0,1,81,2024-08-07,2024-10-27,11,6.3,0,0.0,1,65,low_value
p_001722,casual,US,android,mid,organic,0,1,81,2024-08-20,2024-11-09,11,6.5,0,0.0,5,52,low_value
p_001433,casual,FR,android,mid,tiktok,0,1,85,2024-05-15,2024-08-08,11,6.1,0,0.0,2,145,low_value
p_001406,casual,DE,android,mid,organic,0,1,89,2024-05-05,2024-08-02,11,6.3,0,0.0,4,151,low_value
p_000458,casual,US,android,high,organic,0,1,90,2024-08-31,2024-11-29,11,5.7,0,0.0,2,32,low_value
p_000131,early_churn,US,android,low,google,0,1,2,2024-12-08,2024-12-10,1,3.0,0,0.0,1,21,low_value
p_000278,early_churn,CA,android,mid,google,0,1,2,2024-07-05,2024-07-07,1,1.7,0,0.0,0,177,low_value
p_000036,early_churn,DE,ios,low,google,0,1,2,2024-12-26,2024-12-28,1,3.2,0,0.0,0,3,low_value
p_000099,early_churn,US,android,high,applovin,0,1,2,2024-07-27,2024-07-29,1,2.2,0,0.0,1,155,low_value
p_001971,burst,IN,ios,mid,tiktok,0,1,10,2024-08-18,2024-08-28,12,10.9,0,0.0,4,125,low_value
p_001908,burst,US,ios,mid,tiktok,0,1,10,2024-09-23,2024-10-03,12,14.5,0,0.0,4,89,low_value
p_002065,burst,ES,android,high,organic,0,1,13,2024-04-29,2024-05-12,12,11.8,0,0.0,9,233,low_value
p_001938,burst,IT,android,mid,unity_ads,0,1,14,2024-10-07,2024-10-21,12,13.4,0,0.0,10,71,low_value
p_001856,burst,US,ios,high,tiktok,0,1,15,2024-11-01,2024-11-16,12,12.0,0,0.0,15,45,low_value
p_001924,burst,CA,android,low,facebook,0,1,16,2024-03-03,2024-03-19,12,11.0,0,0.0,16,287,low_value
p_001827,burst,MX,android,mid,tiktok,0,1,16,2024-07-30,2024-08-15,12,11.5,0,0.0,14,138,low_value
p_001890,burst,TR,ios,mid,organic,0,1,16,2024-11-16,2024-12-02,12,12.1,0,0.0,16,29,low_value
p_002094,burst,AR,ios,low,applovin,0,1,17,2024-07-06,2024-07-23,12,12.2,0,0.0,8,161,low_value
p_001965,burst,BR,ios,high,organic,0,1,18,2024-05-24,2024-06-11,12,10.5,0,0.0,7,203,low_value
p_001956,burst,MX,android,low,facebook,0,1,18,2024-04-23,2024-05-11,12,13.6,0,0.0,12,234,low_value
p_001812,burst,CA,android,low,organic,0,1,19,2024-08-26,2024-09-14,12,13.3,0,0.0,9,108,low_value
p_001947,burst,DE,ios,high,organic,0,1,20,2024-09-10,2024-09-30,12,11.0,0,0.0,15,92,low_value
p_001838,burst,US,android,mid,facebook,0,1,21,2024-08-17,2024-09-07,12,15.0,0,0.0,15,115,low_value
p_001453,casual,CA,android,mid,organic,0,1,43,2024-03-17,2024-04-29,12,6.8,0,0.0,4,246,low_value
p_001436,casual,GB,ios,low,facebook,0,1,50,2024-02-16,2024-04-06,12,6.3,0,0.0,0,269,low_value
p_000084,early_churn,US,android,low,organic,0,1,2,2024-10-08,2024-10-10,1,2.9,0,0.0,0,82,low_value
p_000745,casual,CA,ios,high,organic,0,1,69,2024-07-21,2024-09-28,12,5.8,0,0.0,5,94,low_value
p_000201,early_churn,DE,android,high,facebook,0,1,2,2024-09-07,2024-09-09,1,4.9,0,0.0,1,113,low_value
p_000017,early_churn,AR,ios,mid,organic,0,1,2,2024-02-29,2024-03-02,1,2.4,0,0.0,1,304,low_value
p_001743,casual,AU,ios,mid,organic,0,1,75,2024-04-28,2024-07-12,12,7.2,0,0.0,2,172,low_value
p_001392,casual,MX,ios,mid,facebook,0,0,77,2024-10-15,2024-12-31,12,6.7,0,0.0,7,0,low_value
p_001193,casual,DE,android,low,organic,0,1,78,2024-09-04,2024-11-21,12,5.6,0,0.0,5,40,low_value
p_000418,casual,ES,android,high,organic,0,1,81,2024-05-31,2024-08-20,12,6.4,0,0.0,6,133,low_value
p_001586,casual,ID,android,low,applovin,0,0,81,2024-10-11,2024-12-31,12,7.1,0,0.0,5,0,low_value
p_000140,early_churn,KR,android,low,facebook,0,1,2,2024-12-04,2024-12-06,1,2.4,0,0.0,1,25,low_value
p_001034,casual,PL,ios,low,organic,0,1,82,2024-01-29,2024-04-20,12,6.3,0,0.0,3,255,low_value
p_000855,casual,DE,android,mid,organic,0,1,84,2024-05-20,2024-08-12,12,6.9,0,0.0,1,141,low_value
p_000198,early_churn,ID,android,mid,facebook,0,1,2,2024-07-24,2024-07-26,1,1.1,0,0.0,1,158,low_value
p_000386,casual,US,android,mid,google,0,1,84,2024-02-18,2024-05-12,12,5.8,0,0.0,1,233,low_value
p_001113,casual,FR,android,low,organic,0,1,85,2024-01-20,2024-04-14,12,6.7,0,0.0,5,261,low_value
p_000964,casual,US,android,low,google,0,1,86,2024-07-02,2024-09-26,12,6.3,0,0.0,1,96,low_value
p_001490,casual,GB,android,mid,organic,0,1,86,2024-07-28,2024-10-22,12,6.5,0,0.0,0,70,low_value
p_001447,casual,US,android,mid,applovin,0,1,87,2024-02-04,2024-05-01,12,6.9,0,0.0,1,244,low_value
p_001229,casual,RU,android,mid,tiktok,0,1,88,2024-06-25,2024-09-21,12,6.4,0,0.0,6,101,low_value
p_000817,casual,FR,android,mid,facebook,0,1,88,2024-01-28,2024-04-25,12,7.6,0,0.0,4,250,low_value
p_000960,casual,US,android,low,organic,0,1,89,2024-05-17,2024-08-14,12,6.8,0,0.0,5,139,low_value
p_000578,casual,US,android,high,facebook,0,1,89,2024-08-20,2024-11-17,12,6.0,0,0.0,2,44,low_value
p_001265,casual,KR,ios,high,organic,0,1,90,2024-01-29,2024-04-28,12,6.8,0,0.0,5,247,low_value
p_000104,early_churn,MX,android,mid,organic,0,1,2,2024-05-28,2024-05-30,1,4.0,0,0.0,0,215,low_value
p_000243,early_churn,GB,ios,high,google,0,1,2,2024-02-22,2024-02-24,1,2.0,0,0.0,1,311,low_value
p_001861,burst,MX,android,mid,tiktok,0,0,2,2024-12-29,2024-12-31,1,5.2,0,0.0,10,0,low_value
p_001885,burst,US,ios,mid,tiktok,0,1,11,2024-02-01,2024-02-12,13,14.0,0,0.0,12,323,low_value
p_002089,burst,US,ios,mid,applovin,0,1,11,2024-05-03,2024-05-14,13,12.6,0,0.0,9,231,low_value
p_001829,burst,FR,ios,mid,organic,0,1,12,2024-06-29,2024-07-11,13,11.6,0,0.0,18,173,low_value
p_001834,burst,AU,android,mid,tiktok,0,1,13,2024-10-24,2024-11-06,13,12.0,0,0.0,13,55,low_value
p_000123,early_churn,BR,ios,low,organic,0,1,2,2024-07-07,2024-07-09,1,1.0,0,0.0,1,175,low_value
p_002039,burst,ES,android,low,organic,0,1,15,2024-11-02,2024-11-17,13,14.9,0,0.0,9,44,low_value
p_002030,burst,GB,ios,mid,organic,0,1,16,2024-11-27,2024-12-13,13,10.1,0,0.0,9,18,low_value
p_002007,burst,PH,ios,mid,organic,0,1,16,2024-07-17,2024-08-02,13,12.3,0,0.0,19,151,low_value
p_001972,burst,AR,android,mid,organic,0,1,16,2024-04-16,2024-05-02,13,12.9,0,0.0,18,243,low_value
p_002029,burst,BR,android,low,organic,0,1,17,2024-08-05,2024-08-22,13,12.4,0,0.0,4,131,low_value
p_002015,burst,US,android,high,google,0,1,17,2024-05-18,2024-06-04,13,14.0,0,0.0,5,210,low_value
p_002038,burst,NL,android,mid,unity_ads,0,1,18,2024-12-02,2024-12-20,13,14.5,0,0.0,10,11,low_value
p_001865,burst,DE,ios,mid,organic,0,1,18,2024-10-29,2024-11-16,13,12.1,0,0.0,7,45,low_value
p_001969,burst,JP,ios,low,applovin,0,1,19,2024-07-28,2024-08-16,13,12.0,0,0.0,3,137,low_value
p_002011,burst,US,ios,high,organic,0,1,19,2024-10-25,2024-11-13,13,14.4,0,0.0,9,48,low_value
p_002059,burst,ES,android,low,organic,0,1,19,2024-01-16,2024-02-04,13,12.2,0,0.0,1,331,low_value
p_001847,burst,JP,ios,low,organic,0,1,19,2024-04-11,2024-04-30,13,11.4,0,0.0,5,245,low_value
p_001800,burst,DE,ios,low,facebook,0,1,19,2024-12-01,2024-12-20,13,12.7,0,0.0,16,11,low_value
p_001943,burst,US,android,low,tiktok,0,1,20,2024-01-30,2024-02-19,13,10.0,0,0.0,1,316,low_value
p_002013,burst,US,ios,mid,unity_ads,0,1,20,2024-05-07,2024-05-27,13,13.9,0,0.0,16,218,low_value
p_001925,burst,CA,ios,mid,other,0,1,20,2024-09-09,2024-09-29,13,11.7,0,0.0,5,93,low_value
p_001961,burst,JP,ios,mid,google,0,1,21,2024-09-28,2024-10-19,13,15.8,0,0.0,14,73,low_value
p_001264,casual,BR,android,low,tiktok,0,1,66,2024-06-13,2024-08-18,13,7.0,0,0.0,3,135,low_value
p_000720,casual,US,android,low,tiktok,0,1,68,2024-01-23,2024-03-31,13,5.9,0,0.0,3,275,low_value
p_001370,casual,US,android,mid,google,0,1,69,2024-07-03,2024-09-10,13,7.5,0,0.0,6,112,low_value
p_001635,casual,GB,android,mid,tiktok,0,1,70,2024-10-03,2024-12-12,13,6.5,0,0.0,0,19,low_value
p_001641,casual,DE,android,low,google,0,1,72,2024-04-16,2024-06-27,13,6.9,0,0.0,7,187,low_value
p_000272,early_churn,RU,ios,mid,tiktok,0,1,2,2024-05-20,2024-05-22,1,2.8,0,0.0,1,223,low_value
p_000136,early_churn,US,ios,mid,facebook,0,1,2,2024-02-21,2024-02-23,1,2.8,0,0.0,0,312,low_value
p_000707,casual,AR,android,low,google,0,1,76,2024-09-06,2024-11-21,13,6.4,0,0.0,5,40,low_value
p_001599,casual,US,android,high,unity_ads,0,1,82,2024-08-19,2024-11-09,13,6.6,0,0.0,8,52,low_value
p_000426,casual,BR,android,high,tiktok,0,1,82,2024-04-16,2024-07-07,13,6.8,0,0.0,1,177,low_value
p_000331,casual,US,android,low,tiktok,0,1,85,2024-03-13,2024-06-06,13,6.4,0,0.0,3,208,low_value
p_001306,casual,JP,ios,high,tiktok,0,1,85,2024-04-13,2024-07-07,13,7.0,0,0.0,4,177,low_value
p_000288,early_churn,US,android,mid,facebook,0,1,2,2024-11-25,2024-11-27,1,1.1,0,0.0,0,34,low_value
p_000240,early_churn,PH,android,mid,organic,0,1,2,2024-08-27,2024-08-29,1,1.2,0,0.0,1,124,low_value
p_000364,casual,JP,android,mid,google,0,1,88,2024-03-05,2024-06-01,13,7.3,0,0.0,6,213,low_value
p_001055,casual,US,android,low,tiktok,0,1,88,2024-02-14,2024-05-12,13,6.3,0,0.0,4,233,low_value
p_000035,early_churn,CA,android,low,unity_ads,0,1,2,2024-09-27,2024-09-29,1,2.8,0,0.0,1,93,low_value
p_000262,early_churn,IN,ios,high,facebook,0,1,2,2024-03-06,2024-03-08,1,2.9,0,0.0,1,298,low_value
p_000224,early_churn,GB,ios,high,google,0,1,2,2024-05-23,2024-05-25,1,3.9,0,0.0,0,220,low_value
p_000266,early_churn,US,android,mid,organic,0,1,2,2024-12-18,2024-12-20,1,3.0,0,0.0,0,11,low_value
p_000055,early_churn,TR,android,low,facebook,0,1,2,2024-12-10,2024-12-12,1,4.8,0,0.0,0,19,low_value
p_000085,early_churn,GB,android,mid,organic,0,1,2,2024-03-23,2024-03-25,1,4.6,0,0.0,1,281,low_value
p_000070,early_churn,GB,ios,mid,organic,0,1,1,2024-02-08,2024-02-09,1,4.0,0,0.0,1,326,low_value
p_000069,early_churn,AR,android,low,facebook,0,1,1,2024-05-03,2024-05-04,1,4.1,0,0.0,1,241,low_value
p_000120,early_churn,US,ios,mid,applovin,0,1,1,2024-05-25,2024-05-26,1,1.2,0,0.0,1,219,low_value
p_001840,burst,BR,ios,high,google,0,1,11,2024-10-01,2024-10-12,14,11.4,0,0.0,15,80,low_value
p_002093,burst,BR,ios,mid,tiktok,0,1,12,2024-07-22,2024-08-03,14,12.9,0,0.0,4,150,low_value
p_001951,burst,FR,android,mid,tiktok,0,1,12,2024-01-22,2024-02-03,14,13.5,0,0.0,8,332,low_value
p_000259,early_churn,US,android,low,applovin,0,1,1,2024-02-14,2024-02-15,1,4.5,0,0.0,0,320,low_value
p_002049,burst,CA,android,mid,organic,0,1,14,2024-10-03,2024-10-17,14,9.5,0,0.0,12,75,low_value
p_002066,burst,BR,android,low,google,0,1,15,2024-08-15,2024-08-30,14,13.2,0,0.0,4,123,low_value
p_001868,burst,PL,ios,low,applovin,0,1,16,2024-05-23,2024-06-08,14,11.9,0,0.0,19,206,low_value
p_002051,burst,DE,ios,high,organic,0,1,18,2024-01-11,2024-01-29,14,11.9,0,0.0,3,337,low_value
p_001850,burst,JP,android,low,unity_ads,0,1,19,2024-03-31,2024-04-19,14,12.8,0,0.0,18,256,low_value
p_002077,burst,DE,ios,mid,organic,0,1,19,2024-07-13,2024-08-01,14,12.2,0,0.0,19,152,low_value
p_001811,burst,IT,android,low,other,0,1,19,2024-05-24,2024-06-12,14,10.7,0,0.0,4,202,low_value
p_002010,burst,DE,android,mid,google,0,1,19,2024-08-26,2024-09-14,14,11.1,0,0.0,5,108,low_value
p_001822,burst,NL,ios,high,other,0,1,20,2024-07-21,2024-08-10,14,13.2,0,0.0,7,143,low_value
p_001851,burst,US,android,mid,applovin,0,1,20,2024-06-18,2024-07-08,14,13.0,0,0.0,6,176,low_value
p_002016,burst,BR,ios,mid,google,0,1,21,2024-03-08,2024-03-29,14,12.4,0,0.0,13,277,low_value
p_001982,burst,DE,ios,low,google,0,1,21,2024-02-14,2024-03-06,14,11.7,0,0.0,2,300,low_value
p_001983,burst,JP,android,low,google,0,1,21,2024-09-26,2024-10-17,14,13.1,0,0.0,3,75,low_value
p_000263,early_churn,BR,ios,mid,google,0,1,1,2024-06-23,2024-06-24,1,2.9,0,0.0,1,190,low_value
p_000708,casual,US,ios,mid,organic,0,0,79,2024-10-13,2024-12-31,14,6.3,0,0.0,5,0,low_value
p_000110,early_churn,US,android,high,facebook,0,1,1,2024-04-20,2024-04-21,1,4.5,0,0.0,1,254,low_value
p_000324,casual,RU,ios,mid,google,0,1,85,2024-07-02,2024-09-25,14,6.8,0,0.0,2,97,low_value
p_000010,early_churn,DE,ios,mid,unity_ads,0,1,1,2024-01-01,2024-01-02,1,1.1,0,0.0,0,364,low_value
p_000227,early_churn,KR,android,mid,organic,0,1,1,2024-11-05,2024-11-06,1,1.7,0,0.0,1,55,low_value
p_000082,early_churn,IN,android,mid,google,0,1,1,2024-02-10,2024-02-11,1,2.7,0,0.0,1,324,low_value
p_000076,early_churn,DE,ios,low,tiktok,0,1,1,2024-09-09,2024-09-10,1,2.7,0,0.0,1,112,low_value
p_000246,early_churn,TR,android,mid,facebook,0,1,1,2024-09-08,2024-09-09,1,2.5,0,0.0,1,113,low_value
p_000042,early_churn,FR,ios,high,applovin,0,1,1,2024-06-07,2024-06-08,1,1.4,0,0.0,0,206,low_value
p_002048,burst,JP,android,mid,google,0,1,12,2024-09-16,2024-09-28,15,11.5,0,0.0,18,94,low_value
p_001897,burst,KR,ios,mid,organic,0,1,14,2024-11-29,2024-12-13,15,13.5,0,0.0,15,18,low_value
p_001894,burst,JP,android,low,tiktok,0,1,14,2024-12-03,2024-12-17,15,12.7,0,0.0,6,14,low_value
p_002005,burst,DE,ios,high,organic,0,1,17,2024-08-04,2024-08-21,15,13.6,0,0.0,5,132,low_value
p_001899,burst,BR,ios,high,organic,0,1,17,2024-05-25,2024-06-11,15,13.8,0,0.0,4,203,low_value
p_000043,early_churn,BR,ios,high,facebook,0,1,1,2024-12-11,2024-12-12,1,2.7,0,0.0,1,19,low_value
p_001914,burst,US,ios,mid,organic,0,1,21,2024-03-15,2024-04-05,15,12.0,0,0.0,11,270,low_value
p_001120,casual,PL,android,low,facebook,0,1,74,2024-04-25,2024-07-08,15,6.8,0,0.0,0,176,low_value
p_000087,early_churn,US,ios,mid,organic,0,1,1,2024-10-05,2024-10-06,1,3.9,0,0.0,1,86,low_value
p_000003,early_churn,IT,android,high,organic,0,1,1,2024-06-20,2024-06-21,1,2.5,0,0.0,0,193,low_value
p_001565,casual,DE,ios,mid,organic,0,1,85,2024-07-26,2024-10-19,15,6.0,0,0.0,7,73,low_value
p_000237,early_churn,NL,android,mid,facebook,0,1,1,2024-06-08,2024-06-09,1,2.5,0,0.0,1,205,low_value
p_000182,early_churn,IT,android,low,organic,0,1,1,2024-08-10,2024-08-11,1,4.3,0,0.0,1,142,low_value
p_000281,early_churn,PH,android,mid,tiktok,0,1,1,2024-06-15,2024-06-16,1,2.7,0,0.0,1,198,low_value
p_000027,early_churn,SE,android,mid,organic,0,1,1,2024-06-30,2024-07-01,1,3.3,0,0.0,0,183,low_value
p_000109,early_churn,AU,android,low,organic,0,1,1,2024-03-26,2024-03-27,1,1.0,0,0.0,0,279,low_value
p_000213,early_churn,FR,android,mid,organic,0,1,1,2024-06-22,2024-06-23,1,3.9,0,0.0,1,191,low_value
p_000562,casual,US,android,low,google,0,0,1,2024-12-30,2024-12-31,1,3.4,0,0.0,2,0,low_value
p_002017,burst,IN,android,high,google,0,1,16,2024-01-02,2024-01-18,16,10.5,0,0.0,1,348,low_value
p_002036,burst,TR,ios,high,tiktok,0,1,16,2024-01-30,2024-02-15,16,13.5,0,0.0,3,320,low_value
p_001920,burst,FR,ios,mid,tiktok,0,1,20,2024-01-01,2024-01-21,16,11.6,0,0.0,2,345,low_value
p_001849,burst,GB,android,mid,google,0,0,20,2024-12-11,2024-12-31,16,12.1,0,0.0,14,0,low_value
p_002061,burst,US,ios,high,google,0,1,20,2024-02-14,2024-03-05,16,13.4,0,0.0,6,301,low_value
p_001816,burst,US,ios,low,organic,0,1,21,2024-05-17,2024-06-07,16,14.1,0,0.0,11,207,low_value
p_001871,burst,SE,ios,high,tiktok,0,1,21,2024-02-22,2024-03-14,16,12.9,0,0.0,11,292,low_value
p_002091,burst,GB,android,high,organic,0,1,21,2024-11-25,2024-12-16,16,14.8,0,0.0,7,15,low_value
p_000031,early_churn,US,android,low,applovin,0,1,1,2024-11-03,2024-11-04,1,1.8,0,0.0,1,57,low_value
p_000215,early_churn,BR,android,mid,facebook,0,1,1,2024-01-05,2024-01-06,1,4.0,0,0.0,0,360,low_value
p_000170,early_churn,GB,ios,mid,organic,0,1,1,2024-11-29,2024-11-30,1,1.5,0,0.0,1,31,low_value
p_000007,early_churn,MX,ios,mid,applovin,0,1,1,2024-10-06,2024-10-07,1,3.0,0,0.0,0,85,low_value
p_000086,early_churn,RU,android,high,organic,0,1,1,2024-03-04,2024-03-05,1,3.4,0,0.0,1,301,low_value
p_000287,early_churn,MX,android,mid,organic,0,1,1,2024-09-05,2024-09-06,1,4.5,0,0.0,0,116,low_value
p_000115,early_churn,US,ios,high,facebook,0,1,1,2024-07-28,2024-07-29,1,4.4,0,0.0,1,155,low_value
p_000173,early_churn,MX,android,low,organic,0,1,1,2024-01-25,2024-01-26,1,2.3,0,0.0,1,340,low_value
p_002027,burst,BR,android,high,facebook,0,1,13,2024-03-06,2024-03-19,17,11.2,0,0.0,7,287,low_value
p_002054,burst,MX,android,mid,tiktok,0,1,16,2024-03-24,2024-04-09,17,12.5,0,0.0,16,266,low_value
p_001824,burst,IN,android,low,tiktok,0,1,16,2024-05-29,2024-06-14,17,11.2,0,0.0,19,200,low_value
p_001993,burst,US,android,low,facebook,0,1,17,2024-10-09,2024-10-26,17,13.0,0,0.0,20,66,low_value
p_001991,burst,BR,ios,mid,organic,0,1,18,2024-09-12,2024-09-30,17,13.3,0,0.0,14,92,low_value
p_002000,burst,ID,ios,mid,organic,0,1,19,2024-01-31,2024-02-19,17,12.6,0,0.0,10,316,low_value
p_001902,burst,GB,android,low,facebook,0,1,19,2024-02-16,2024-03-06,17,11.8,0,0.0,9,300,low_value
p_002088,burst,FR,ios,high,google,0,1,19,2024-12-03,2024-12-22,17,12.4,0,0.0,16,9,low_value
p_001821,burst,US,android,high,facebook,0,1,20,2024-11-12,2024-12-02,17,13.1,0,0.0,12,29,low_value
p_002003,burst,TR,ios,high,organic,0,1,21,2024-10-16,2024-11-06,17,11.7,0,0.0,14,55,low_value
p_002046,burst,AU,android,mid,google,0,1,21,2024-02-17,2024-03-09,17,11.3,0,0.0,11,297,low_value
p_002055,burst,BR,android,high,facebook,0,1,21,2024-03-07,2024-03-28,17,11.0,0,0.0,18,278,low_value
p_000223,early_churn,MX,android,high,tiktok,0,1,1,2024-09-02,2024-09-03,1,2.6,0,0.0,1,119,low_value
p_000077,early_churn,US,android,mid,organic,0,1,1,2024-10-20,2024-10-21,1,2.0,0,0.0,0,71,low_value
p_000249,early_churn,PL,android,low,organic,0,1,1,2024-02-21,2024-02-22,1,3.9,0,0.0,1,313,low_value
p_000166,early_churn,US,android,high,other,0,1,1,2024-04-13,2024-04-14,1,3.1,0,0.0,1,261,low_value
p_000200,early_churn,JP,ios,mid,facebook,0,1,1,2024-04-03,2024-04-04,1,3.7,0,0.0,1,271,low_value
p_001932,burst,US,ios,low,organic,0,1,14,2024-01-14,2024-01-28,18,11.9,0,0.0,5,338,low_value
p_001930,burst,KR,ios,low,organic,0,1,18,2024-01-31,2024-02-18,18,12.8,0,0.0,8,317,low_value
p_001973,burst,FR,android,low,tiktok,0,1,19,2024-06-30,2024-07-19,18,13.5,0,0.0,6,165,low_value
p_000016,early_churn,GB,android,mid,facebook,0,1,1,2024-08-10,2024-08-11,1,4.7,0,0.0,0,142,low_value
p_001808,burst,MX,ios,mid,organic,0,1,20,2024-07-03,2024-07-23,18,13.0,0,0.0,5,161,low_value
p_001843,burst,KR,android,low,tiktok,0,1,20,2024-01-12,2024-02-01,18,13.3,0,0.0,5,334,low_value
p_001918,burst,MX,ios,mid,facebook,0,1,21,2024-05-16,2024-06-06,18,12.9,0,0.0,17,208,low_value
p_002019,burst,JP,ios,low,organic,0,1,21,2024-02-26,2024-03-18,18,11.4,0,0.0,10,288,low_value
p_000735,casual,DE,ios,mid,organic,0,1,57,2024-01-29,2024-03-26,18,6.4,0,0.0,3,280,low_value
p_001540,casual,BR,android,mid,google,0,1,84,2024-02-03,2024-04-27,18,6.5,0,0.0,5,248,low_value
p_000193,early_churn,ES,ios,mid,organic,0,1,1,2024-05-21,2024-05-22,1,4.3,0,0.0,1,223,low_value
p_000217,early_churn,RU,ios,low,organic,0,1,1,2024-09-15,2024-09-16,1,4.5,0,0.0,0,106,low_value
p_000122,early_churn,CA,ios,mid,tiktok,0,1,1,2024-02-04,2024-02-05,1,2.6,0,0.0,0,330,low_value
p_000096,early_churn,GB,android,low,applovin,0,1,1,2024-07-28,2024-07-29,1,4.7,0,0.0,0,155,low_value
p_000083,early_churn,RU,android,low,other,0,1,1,2024-05-05,2024-05-06,1,3.1,0,0.0,1,239,low_value
p_000181,early_churn,AR,android,mid,tiktok,0,1,1,2024-09-08,2024-09-09,1,3.6,0,0.0,1,113,low_value
p_000202,early_churn,US,android,mid,google,0,1,1,2024-11-05,2024-11-06,1,1.8,0,0.0,1,55,low_value
p_000047,early_churn,US,ios,mid,organic,0,1,1,2024-06-30,2024-07-01,1,1.4,0,0.0,0,183,low_value
p_000231,early_churn,PH,ios,low,facebook,0,1,1,2024-05-31,2024-06-01,1,2.4,0,0.0,0,213,low_value
p_000054,early_churn,GB,ios,mid,organic,0,1,1,2024-01-27,2024-01-28,1,1.9,0,0.0,0,338,low_value
p_000295,early_churn,PL,android,low,other,0,1,1,2024-10-12,2024-10-13,1,3.7,0,0.0,0,79,low_value
p_000117,early_churn,US,android,low,tiktok,0,0,0,2024-12-31,2024-12-31,1,2.2,0,0.0,1,0,low_value
p_001125,casual,KR,ios,mid,organic,0,0,0,2024-12-31,2024-12-31,1,4.7,0,0.0,5,0,low_value
p_000629,casual,JP,android,low,google,0,1,63,2024-09-19,2024-11-21,0,0.0,0,0.0,3,40,low_value
p_001368,casual,KR,android,mid,google,0,1,61,2024-06-28,2024-08-28,0,0.0,0,0.0,1,125,low_value
p_001780,casual,GB,ios,low,facebook,0,1,50,2024-03-11,2024-04-30,0,0.0,0,0.0,0,245,low_value
p_000470,casual,US,ios,mid,tiktok,0,0,49,2024-11-12,2024-12-31,0,0.0,0,0.0,3,0,low_value
p_001651,casual,GB,ios,mid,facebook,0,1,46,2024-05-01,2024-06-16,0,0.0,0,0.0,6,198,low_value
p_000389,casual,US,android,low,organic,0,1,45,2024-08-31,2024-10-15,0,0.0,0,0.0,1,77,low_value
p_000714,casual,PH,android,mid,unity_ads,0,1,43,2024-11-07,2024-12-20,0,0.0,0,0.0,0,11,low_value
p_001210,casual,IN,ios,low,facebook,0,1,43,2024-08-06,2024-09-18,0,0.0,0,0.0,0,104,low_value
p_001704,casual,IT,android,low,organic,0,1,42,2024-01-17,2024-02-28,0,0.0,0,0.0,0,307,low_value
p_001134,casual,MX,android,mid,applovin,0,1,37,2024-09-14,2024-10-21,0,0.0,0,0.0,4,71,low_value
p_001174,casual,MX,android,mid,google,0,1,37,2024-09-06,2024-10-13,0,0.0,0,0.0,1,79,low_value
p_000726,casual,PH,ios,mid,organic,0,1,35,2024-05-18,2024-06-22,0,0.0,0,0.0,1,192,low_value
p_000342,casual,MX,android,high,organic,0,1,35,2024-04-03,2024-05-08,0,0.0,0,0.0,0,237,low_value
p_000963,casual,US,android,low,organic,0,1,34,2024-01-13,2024-02-16,0,0.0,0,0.0,1,319,low_value
p_000966,casual,GB,ios,high,facebook,0,1,34,2024-02-04,2024-03-09,0,0.0,0,0.0,1,297,low_value
p_001870,burst,DE,android,mid,google,0,1,19,2024-01-09,2024-01-28,23,12.7,0,0.0,7,338,low_value
p_000981,casual,TR,ios,mid,facebook,0,1,33,2024-10-25,2024-11-27,0,0.0,0,0.0,8,34,low_value
p_001501,casual,BR,ios,high,organic,0,1,33,2024-08-04,2024-09-06,0,0.0,0,0.0,1,116,low_value
p_001144,casual,IT,android,high,google,0,1,32,2024-02-01,2024-03-04,0,0.0,0,0.0,5,302,low_value
p_000870,casual,JP,ios,mid,organic,0,1,32,2024-09-15,2024-10-17,0,0.0,0,0.0,5,75,low_value
p_001105,casual,GB,android,low,applovin,0,1,31,2024-01-14,2024-02-14,0,0.0,0,0.0,2,321,low_value
p_000957,casual,TH,ios,high,unity_ads,0,0,30,2024-12-01,2024-12-31,0,0.0,0,0.0,4,0,low_value
p_000789,casual,MX,ios,high,organic,0,1,28,2024-08-25,2024-09-22,0,0.0,0,0.0,6,100,low_value
p_001579,casual,JP,android,mid,facebook,0,1,27,2024-09-13,2024-10-10,0,0.0,0,0.0,2,82,low_value
p_000382,casual,BR,ios,high,organic,0,1,26,2024-02-20,2024-03-17,0,0.0,0,0.0,3,289,low_value
p_001041,casual,JP,android,low,organic,0,1,26,2024-05-09,2024-06-04,0,0.0,0,0.0,7,210,low_value
p_000544,casual,US,ios,low,google,0,1,25,2024-01-10,2024-02-04,0,0.0,0,0.0,0,331,low_value
p_001418,casual,US,ios,mid,tiktok,0,1,25,2024-08-17,2024-09-11,0,0.0,0,0.0,7,111,low_value
p_001431,casual,MX,android,high,organic,0,1,25,2024-01-02,2024-01-27,0,0.0,0,0.0,1,339,low_value
p_000731,casual,GB,android,low,google,0,1,25,2024-07-07,2024-08-01,0,0.0,0,0.0,4,152,low_value
p_000738,casual,IT,android,mid,organic,0,1,25,2024-04-06,2024-05-01,0,0.0,0,0.0,2,244,low_value
p_001647,casual,MX,android,low,tiktok,0,1,25,2024-06-15,2024-07-10,0,0.0,0,0.0,2,174,low_value
p_001057,casual,US,android,mid,google,0,0,24,2024-12-07,2024-12-31,0,0.0,0,0.0,3,0,low_value
p_001015,casual,AU,ios,mid,organic,0,1,24,2024-11-14,2024-12-08,0,0.0,0,0.0,3,23,low_value
p_001904,burst,US,android,low,organic,0,1,21,2024-03-17,2024-04-07,26,11.9,0,0.0,11,268,low_value
p_000803,casual,ID,android,mid,organic,0,1,23,2024-01-22,2024-02-14,0,0.0,0,0.0,0,321,low_value
p_000689,casual,JP,android,mid,applovin,0,1,23,2024-02-23,2024-03-17,0,0.0,0,0.0,3,289,low_value
p_000715,casual,GB,ios,low,google,0,0,23,2024-12-08,2024-12-31,0,0.0,0,0.0,5,0,low_value
p_000321,casual,US,android,mid,google,0,0,23,2024-12-08,2024-12-31,0,0.0,0,0.0,5,0,low_value
p_001832,burst,GB,ios,mid,organic,0,1,21,2024-12-01,2024-12-22,27,14.3,0,0.0,16,9,low_value
p_001072,casual,DE,android,mid,organic,0,1,23,2024-07-14,2024-08-06,0,0.0,0,0.0,4,147,low_value
p_002636,engaged,GB,ios,mid,applovin,0,1,142,2024-02-18,2024-07-09,27,19.2,0,0.0,64,175,low_value
p_001010,casual,ID,ios,high,facebook,0,1,23,2024-01-02,2024-01-25,0,0.0,0,0.0,1,341,low_value
p_001352,casual,TR,android,high,facebook,0,1,22,2024-03-19,2024-04-10,0,0.0,0,0.0,4,265,low_value
p_001607,casual,US,android,mid,organic,0,1,22,2024-01-29,2024-02-20,0,0.0,0,0.0,0,315,low_value
p_001446,casual,US,ios,mid,facebook,0,1,22,2024-10-03,2024-10-25,0,0.0,0,0.0,0,67,low_value
p_000796,casual,TH,ios,high,google,0,1,22,2024-03-30,2024-04-21,0,0.0,0,0.0,5,254,low_value
p_001288,casual,MX,android,mid,facebook,0,1,21,2024-01-26,2024-02-16,0,0.0,0,0.0,0,319,low_value
p_002221,engaged,FR,ios,mid,applovin,0,1,126,2024-01-23,2024-05-28,29,16.3,0,0.0,39,217,low_value
p_001715,casual,BR,android,mid,organic,0,1,21,2024-06-03,2024-06-24,0,0.0,0,0.0,3,190,low_value
p_001092,casual,GB,android,low,other,0,1,21,2024-06-16,2024-07-07,0,0.0,0,0.0,0,177,low_value
p_001684,casual,KR,ios,mid,facebook,0,1,20,2024-09-28,2024-10-18,0,0.0,0,0.0,2,74,low_value
p_001020,casual,US,android,mid,facebook,0,1,19,2024-04-15,2024-05-04,0,0.0,0,0.0,1,241,low_value
p_001460,casual,US,android,low,facebook,0,1,19,2024-11-13,2024-12-02,0,0.0,0,0.0,7,29,low_value
p_000775,casual,RU,android,mid,facebook,0,1,19,2024-07-24,2024-08-12,0,0.0,0,0.0,0,141,low_value
p_001707,casual,US,android,high,unity_ads,0,1,19,2024-06-18,2024-07-07,0,0.0,0,0.0,1,177,low_value
p_002584,engaged,GB,android,low,facebook,0,1,125,2024-07-05,2024-11-07,30,18.0,0,0.0,35,54,low_value
p_001223,casual,DE,android,low,facebook,0,1,19,2024-04-24,2024-05-13,0,0.0,0,0.0,5,232,low_value
p_001712,casual,US,android,mid,tiktok,0,0,18,2024-12-13,2024-12-31,0,0.0,0,0.0,0,0,low_value
p_000724,casual,GB,android,mid,applovin,0,0,18,2024-12-13,2024-12-31,0,0.0,0,0.0,1,0,low_value
p_001452,casual,CA,android,mid,tiktok,0,1,18,2024-08-21,2024-09-08,0,0.0,0,0.0,5,114,low_value
p_001694,casual,US,ios,mid,other,0,1,18,2024-01-20,2024-02-07,0,0.0,0,0.0,3,328,low_value
p_000934,casual,ES,android,mid,applovin,0,1,18,2024-02-18,2024-03-07,0,0.0,0,0.0,6,299,low_value
p_002260,engaged,IN,ios,mid,facebook,0,1,140,2024-01-24,2024-06-12,32,18.5,0,0.0,22,202,low_value
p_001359,casual,GB,android,mid,google,0,1,18,2024-11-16,2024-12-04,0,0.0,0,0.0,3,27,low_value
p_000611,casual,US,ios,mid,organic,0,0,18,2024-12-13,2024-12-31,0,0.0,0,0.0,5,0,low_value
p_002386,engaged,CA,android,mid,organic,0,1,124,2024-03-31,2024-08-02,33,17.7,0,0.0,38,151,low_value
p_002364,engaged,ID,ios,low,google,0,1,124,2024-02-22,2024-06-25,33,19.1,0,0.0,54,189,low_value
p_001227,casual,RU,android,mid,google,0,1,17,2024-05-08,2024-05-25,0,0.0,0,0.0,1,220,low_value
p_000586,casual,MX,ios,mid,facebook,0,1,17,2024-08-16,2024-09-02,0,0.0,0,0.0,4,120,low_value
p_000842,casual,US,android,high,unity_ads,0,1,17,2024-09-23,2024-10-10,0,0.0,0,0.0,2,82,low_value
p_002606,engaged,JP,ios,low,unity_ads,0,1,123,2024-06-20,2024-10-21,34,18.7,0,0.0,68,71,low_value
p_002440,engaged,US,android,low,applovin,0,1,137,2024-04-26,2024-09-10,34,16.4,0,0.0,26,112,low_value
p_001121,casual,NL,ios,mid,organic,0,1,17,2024-10-13,2024-10-30,0,0.0,0,0.0,1,62,low_value
p_001589,casual,CA,android,low,organic,0,1,17,2024-04-18,2024-05-05,0,0.0,0,0.0,6,240,low_value
p_001376,casual,US,ios,mid,applovin,0,1,17,2024-09-27,2024-10-14,0,0.0,0,0.0,8,78,low_value
p_002363,engaged,GB,android,high,google,0,1,137,2024-01-10,2024-05-26,35,16.0,0,0.0,50,219,low_value
p_001751,casual,KR,ios,high,google,0,1,16,2024-04-26,2024-05-12,0,0.0,0,0.0,8,233,low_value
p_002349,engaged,IN,android,low,facebook,0,1,146,2024-03-08,2024-08-01,35,18.4,0,0.0,45,152,low_value
p_001250,casual,US,android,mid,facebook,0,1,16,2024-05-07,2024-05-23,0,0.0,0,0.0,5,222,low_value
p_000833,casual,DE,ios,low,organic,0,0,16,2024-12-15,2024-12-31,0,0.0,0,0.0,6,0,low_value
p_002631,engaged,BR,android,low,applovin,0,1,123,2024-06-09,2024-10-10,36,18.0,0,0.0,56,82,low_value
p_000860,casual,ES,android,low,tiktok,0,1,16,2024-07-28,2024-08-13,0,0.0,0,0.0,1,140,low_value
p_002496,engaged,MX,android,high,tiktok,0,1,126,2024-01-22,2024-05-27,37,16.7,0,0.0,40,218,low_value
p_002402,engaged,JP,android,mid,google,0,1,131,2024-01-15,2024-05-25,37,15.7,0,0.0,51,220,low_value
p_002620,engaged,DE,android,mid,facebook,0,0,193,2024-06-21,2024-12-31,37,18.2,0,0.0,28,0,low_value
p_002420,engaged,AU,android,mid,organic,0,1,123,2024-06-02,2024-10-03,38,16.9,0,0.0,36,89,low_value
p_002358,engaged,RU,ios,mid,other,0,1,124,2024-07-06,2024-11-07,38,19.9,0,0.0,34,54,low_value
p_002387,engaged,CA,android,low,other,0,1,131,2024-01-23,2024-06-02,38,17.6,0,0.0,47,212,low_value
p_002456,engaged,US,android,low,organic,0,1,138,2024-06-01,2024-10-17,38,16.0,0,0.0,50,75,low_value
p_002398,engaged,KR,ios,mid,organic,0,1,144,2024-06-13,2024-11-04,38,17.0,0,0.0,57,57,low_value
p_002141,engaged,RU,ios,mid,organic,0,1,152,2024-04-27,2024-09-26,38,15.6,0,0.0,32,96,low_value
p_002613,engaged,BR,android,mid,applovin,0,1,155,2024-07-12,2024-12-14,38,17.4,0,0.0,33,17,low_value
p_002209,engaged,FR,android,low,facebook,0,0,165,2024-07-19,2024-12-31,38,17.0,0,0.0,55,0,low_value
p_000414,casual,CA,android,mid,organic,0,0,16,2024-12-15,2024-12-31,0,0.0,0,0.0,2,0,low_value
p_000435,casual,DE,android,mid,applovin,0,1,16,2024-03-01,2024-03-17,0,0.0,0,0.0,4,289,low_value
p_002111,engaged,US,android,mid,organic,0,1,127,2024-01-10,2024-05-16,39,19.0,0,0.0,52,229,low_value
p_002550,engaged,US,android,high,organic,0,1,127,2024-02-19,2024-06-25,39,17.2,0,0.0,21,189,low_value
p_002540,engaged,DE,android,mid,organic,0,1,127,2024-06-07,2024-10-12,39,15.4,0,0.0,48,80,low_value
p_002276,engaged,KR,ios,high,organic,0,1,130,2024-05-10,2024-09-17,39,18.2,0,0.0,59,105,low_value
p_002598,engaged,MX,android,high,facebook,0,1,132,2024-05-22,2024-10-01,39,16.9,0,0.0,40,91,low_value
p_002314,engaged,IN,android,high,applovin,0,1,135,2024-02-19,2024-07-03,39,18.3,0,0.0,27,181,low_value
p_002321,engaged,PH,android,mid,organic,0,1,138,2024-04-26,2024-09-11,39,17.0,0,0.0,43,111,low_value
p_000619,casual,RU,ios,mid,organic,0,1,16,2024-07-05,2024-07-21,0,0.0,0,0.0,7,163,low_value
p_001439,casual,IN,ios,mid,google,0,1,15,2024-03-26,2024-04-10,0,0.0,0,0.0,4,265,low_value
p_002171,engaged,BR,android,low,organic,0,1,121,2024-02-26,2024-06-26,40,17.2,0,0.0,23,188,low_value
p_002174,engaged,PH,android,low,tiktok,0,1,136,2024-04-02,2024-08-16,40,18.8,0,0.0,52,137,low_value
p_001234,casual,GB,android,mid,other,0,1,15,2024-09-16,2024-10-01,0,0.0,0,0.0,7,91,low_value
p_002357,engaged,US,android,mid,unity_ads,0,1,141,2024-01-21,2024-06-10,40,20.1,0,0.0,25,204,low_value
p_002534,engaged,GB,ios,mid,unity_ads,0,1,141,2024-01-13,2024-06-02,40,18.0,0,0.0,43,212,low_value
p_002268,engaged,RU,android,mid,google,0,1,146,2024-02-24,2024-07-19,40,18.6,0,0.0,25,165,low_value
p_002118,engaged,US,ios,high,applovin,0,1,157,2024-03-07,2024-08-11,40,18.0,0,0.0,35,142,low_value
p_002624,engaged,NL,android,low,other,0,0,165,2024-07-19,2024-12-31,40,18.1,0,0.0,33,0,low_value
p_002544,engaged,GB,android,mid,unity_ads,0,1,122,2024-03-18,2024-07-18,41,16.2,0,0.0,19,166,low_value
p_000846,casual,CA,ios,high,organic,0,1,15,2024-01-20,2024-02-04,0,0.0,0,0.0,1,331,low_value
p_002175,engaged,BR,android,low,tiktok,0,1,142,2024-04-15,2024-09-04,41,17.1,0,0.0,42,118,low_value
p_002272,engaged,US,ios,low,organic,0,1,154,2024-04-25,2024-09-26,41,17.3,0,0.0,54,96,low_value
p_002266,engaged,US,android,high,facebook,0,1,162,2024-03-09,2024-08-18,41,16.3,0,0.0,36,135,low_value
p_001744,casual,US,android,mid,facebook,0,0,15,2024-12-16,2024-12-31,0,0.0,0,0.0,2,0,low_value
p_002642,engaged,SE,ios,mid,facebook,0,1,122,2024-05-06,2024-09-05,42,18.0,0,0.0,38,117,low_value
p_002163,engaged,PL,ios,low,facebook,0,1,140,2024-03-16,2024-08-03,42,17.8,0,0.0,30,150,low_value
p_002579,engaged,US,android,low,organic,0,1,154,2024-07-15,2024-12-16,42,16.9,0,0.0,53,15,low_value
p_002155,engaged,US,android,mid,facebook,0,1,186,2024-02-09,2024-08-13,42,17.0,0,0.0,62,140,low_value
p_002338,engaged,DE,android,low,google,0,1,129,2024-07-09,2024-11-15,43,17.2,0,0.0,65,46,low_value
p_002184,engaged,RU,android,low,tiktok,0,1,129,2024-01-09,2024-05-17,43,15.7,0,0.0,24,228,low_value
p_002510,engaged,US,android,mid,facebook,0,1,146,2024-07-10,2024-12-03,43,17.3,0,0.0,67,28,low_value
p_002287,engaged,IT,ios,mid,organic,0,1,155,2024-04-27,2024-09-29,43,17.4,0,0.0,39,93,low_value
p_002518,engaged,CA,ios,high,facebook,0,1,155,2024-06-10,2024-11-12,43,17.9,0,0.0,53,49,low_value
p_002412,engaged,US,ios,mid,tiktok,0,1,167,2024-03-23,2024-09-06,43,17.4,0,0.0,35,116,low_value
p_002503,engaged,ID,ios,high,facebook,0,1,121,2024-05-02,2024-08-31,44,17.5,0,0.0,33,122,low_value
p_002472,engaged,BR,android,low,facebook,0,1,121,2024-04-25,2024-08-24,44,18.1,0,0.0,51,129,low_value
p_002211,engaged,GB,ios,mid,google,0,1,128,2024-03-17,2024-07-23,44,18.6,0,0.0,27,161,low_value
p_002140,engaged,US,ios,high,organic,0,1,130,2024-03-11,2024-07-19,44,18.0,0,0.0,54,165,low_value
p_002181,engaged,US,ios,mid,facebook,0,1,133,2024-03-02,2024-07-13,44,17.3,0,0.0,30,171,low_value
p_002695,engaged,AR,android,low,organic,0,1,127,2024-07-09,2024-11-13,45,17.8,0,0.0,21,48,low_value
p_002371,engaged,IT,ios,mid,applovin,0,1,131,2024-05-11,2024-09-19,45,18.3,0,0.0,31,103,low_value
p_002337,engaged,BR,android,mid,facebook,0,1,137,2024-07-05,2024-11-19,45,19.7,0,0.0,52,42,low_value
p_002682,engaged,CA,android,low,organic,0,1,138,2024-06-08,2024-10-24,45,17.8,0,0.0,30,68,low_value
p_002626,engaged,US,android,low,organic,0,0,165,2024-07-19,2024-12-31,45,18.8,0,0.0,42,0,low_value
p_002210,engaged,BR,ios,mid,facebook,0,0,173,2024-07-11,2024-12-31,45,19.8,0,0.0,20,0,low_value
p_002121,engaged,GB,ios,mid,organic,0,1,124,2024-06-01,2024-10-03,46,18.1,0,0.0,28,89,low_value
p_002195,engaged,US,android,mid,google,0,1,138,2024-04-25,2024-09-10,46,18.6,0,0.0,52,112,low_value
p_002342,engaged,US,android,mid,google,0,1,145,2024-02-26,2024-07-20,46,18.0,0,0.0,21,164,low_value
p_002686,engaged,MX,ios,mid,organic,0,1,149,2024-05-24,2024-10-20,46,17.4,0,0.0,27,72,low_value
p_002666,engaged,IT,android,high,facebook,0,1,154,2024-03-17,2024-08-18,46,18.4,0,0.0,62,135,low_value
p_002455,engaged,TR,android,mid,organic,0,1,162,2024-04-26,2024-10-05,46,20.0,0,0.0,61,87,low_value
p_002265,engaged,DE,android,low,organic,0,1,166,2024-02-24,2024-08-08,46,17.7,0,0.0,41,145,low_value
p_002252,engaged,GB,android,low,facebook,0,0,171,2024-07-13,2024-12-31,46,17.9,0,0.0,54,0,low_value
p_002418,engaged,JP,ios,low,google,0,0,171,2024-07-13,2024-12-31,46,17.0,0,0.0,33,0,low_value
p_002224,engaged,KR,android,mid,organic,0,1,176,2024-06-06,2024-11-29,46,15.2,0,0.0,40,32,low_value
p_002498,engaged,CA,ios,mid,google,0,1,180,2024-02-08,2024-08-06,46,18.1,0,0.0,49,147,low_value
p_002570,engaged,US,android,low,tiktok,0,1,184,2024-05-31,2024-12-01,46,17.9,0,0.0,20,30,low_value
p_002483,engaged,GB,ios,mid,unity_ads,0,1,186,2024-05-17,2024-11-19,46,19.4,0,0.0,31,42,low_value
p_001061,casual,FR,android,low,google,0,0,15,2024-12-16,2024-12-31,0,0.0,0,0.0,2,0,low_value
p_002458,engaged,CA,android,low,tiktok,0,1,124,2024-04-30,2024-09-01,47,18.1,0,0.0,25,121,low_value
p_002186,engaged,CA,ios,high,organic,0,1,149,2024-05-23,2024-10-19,47,18.9,0,0.0,58,73,low_value
p_002473,engaged,TR,ios,mid,organic,0,1,161,2024-02-14,2024-07-24,47,16.5,0,0.0,47,160,low_value
p_002250,engaged,MX,ios,low,tiktok,0,1,169,2024-04-21,2024-10-07,47,17.4,0,0.0,46,85,low_value
p_002441,engaged,FR,android,low,facebook,0,0,169,2024-07-15,2024-12-31,47,18.0,0,0.0,40,0,low_value
p_002229,engaged,AU,ios,high,organic,0,1,169,2024-01-29,2024-07-16,47,17.1,0,0.0,36,168,low_value
p_002581,engaged,BR,ios,mid,tiktok,0,1,172,2024-05-24,2024-11-12,47,17.2,0,0.0,55,49,low_value
p_002120,engaged,US,android,high,facebook,0,1,128,2024-05-06,2024-09-11,48,16.6,0,0.0,48,111,low_value
p_002590,engaged,FR,android,mid,organic,0,1,131,2024-05-10,2024-09-18,48,19.3,0,0.0,26,104,low_value
p_002289,engaged,IN,android,mid,google,0,1,140,2024-05-04,2024-09-21,48,17.2,0,0.0,64,101,low_value
p_002459,engaged,US,android,high,google,0,1,153,2024-06-05,2024-11-05,48,14.3,0,0.0,40,56,low_value
p_000484,casual,TH,android,low,facebook,0,1,14,2024-02-04,2024-02-18,0,0.0,0,0.0,4,317,low_value
p_002637,engaged,US,android,low,organic,0,1,173,2024-02-22,2024-08-13,48,18.8,0,0.0,38,140,low_value
p_002246,engaged,DE,android,mid,organic,0,1,182,2024-05-14,2024-11-12,48,15.5,0,0.0,27,49,low_value
p_001675,casual,KR,ios,high,facebook,0,1,14,2024-04-24,2024-05-08,0,0.0,0,0.0,1,237,low_value
p_002493,engaged,IN,ios,mid,tiktok,0,1,137,2024-07-09,2024-11-23,49,15.8,0,0.0,68,38,low_value
p_002172,engaged,BR,android,mid,organic,0,1,144,2024-02-24,2024-07-17,49,16.7,0,0.0,24,167,low_value
p_002574,engaged,US,android,low,applovin,0,1,145,2024-01-23,2024-06-16,49,16.0,0,0.0,34,198,low_value
p_002313,engaged,NL,android,low,organic,0,1,149,2024-02-01,2024-06-29,49,17.4,0,0.0,45,185,low_value
p_002301,engaged,ES,android,mid,organic,0,1,169,2024-06-20,2024-12-06,49,16.7,0,0.0,23,25,low_value
p_002623,engaged,TH,android,mid,organic,0,1,175,2024-03-20,2024-09-11,49,19.2,0,0.0,51,111,low_value
p_002622,engaged,ES,android,mid,google,0,0,189,2024-06-25,2024-12-31,49,16.7,0,0.0,42,0,low_value
p_002634,engaged,IT,android,mid,tiktok,0,0,196,2024-06-18,2024-12-31,49,19.2,0,0.0,31,0,low_value
p_001042,casual,PL,ios,low,organic,0,1,14,2024-03-20,2024-04-03,0,0.0,0,0.0,4,272,low_value
p_002435,engaged,GB,android,mid,unity_ads,0,1,132,2024-06-06,2024-10-16,50,17.5,0,0.0,27,76,low_value
p_002310,engaged,US,android,high,facebook,0,1,143,2024-03-10,2024-07-31,50,15.2,0,0.0,35,153,low_value
p_002200,engaged,FR,ios,high,google,0,1,144,2024-05-07,2024-09-28,50,18.4,0,0.0,49,94,low_value
p_002324,engaged,TH,android,low,tiktok,0,1,148,2024-05-24,2024-10-19,50,18.4,0,0.0,44,73,low_value
p_002257,engaged,GB,android,low,google,0,1,161,2024-05-12,2024-10-20,50,16.3,0,0.0,50,72,low_value
p_002325,engaged,IN,ios,mid,google,0,1,180,2024-03-16,2024-09-12,50,18.5,0,0.0,52,110,low_value
p_002237,engaged,IN,android,mid,unity_ads,0,1,143,2024-06-13,2024-11-03,51,18.4,0,0.0,26,58,low_value
p_002699,engaged,RU,ios,mid,google,0,1,158,2024-04-02,2024-09-07,51,18.2,0,0.0,41,115,low_value
p_002683,engaged,CA,android,mid,organic,0,1,158,2024-04-24,2024-09-29,51,16.5,0,0.0,51,93,low_value
p_002577,engaged,GB,android,high,organic,0,1,162,2024-03-25,2024-09-03,51,16.3,0,0.0,21,119,low_value
p_002388,engaged,BR,ios,high,organic,0,0,169,2024-07-15,2024-12-31,51,16.1,0,0.0,44,0,low_value
p_002127,engaged,IT,ios,mid,organic,0,0,171,2024-07-13,2024-12-31,51,18.4,0,0.0,39,0,low_value
p_002354,engaged,US,android,low,organic,0,0,190,2024-06-24,2024-12-31,51,15.9,0,0.0,29,0,low_value
p_002251,engaged,ES,android,low,organic,0,0,199,2024-06-15,2024-12-31,51,17.2,0,0.0,56,0,low_value
p_002531,engaged,PL,android,high,organic,0,1,207,2024-03-03,2024-09-26,51,19.1,0,0.0,35,96,low_value
p_002178,engaged,US,ios,mid,tiktok,0,1,221,2024-02-29,2024-10-07,51,15.7,0,0.0,41,85,low_value
p_001180,casual,RU,android,mid,organic,0,1,14,2024-05-02,2024-05-16,0,0.0,0,0.0,2,229,low_value
p_002269,engaged,FR,android,low,facebook,0,1,143,2024-01-16,2024-06-07,52,18.0,0,0.0,37,207,low_value
p_000905,casual,BR,android,mid,organic,0,0,14,2024-12-17,2024-12-31,0,0.0,0,0.0,5,0,low_value
p_002649,engaged,US,android,high,facebook,0,1,152,2024-04-07,2024-09-06,52,18.2,0,0.0,67,116,low_value
p_002481,engaged,ID,ios,low,organic,0,0,166,2024-07-18,2024-12-31,52,16.2,0,0.0,44,0,low_value
p_002100,engaged,ES,android,mid,tiktok,0,0,170,2024-07-14,2024-12-31,52,17.5,0,0.0,68,0,low_value
p_002383,engaged,US,ios,high,organic,0,0,174,2024-07-10,2024-12-31,52,17.4,0,0.0,31,0,low_value
p_002375,engaged,DE,android,low,facebook,0,1,175,2024-06-23,2024-12-15,52,17.9,0,0.0,43,16,low_value
p_002291,engaged,ES,android,mid,applovin,0,0,176,2024-07-08,2024-12-31,52,18.1,0,0.0,33,0,low_value
p_002681,engaged,US,ios,high,tiktok,0,0,179,2024-07-05,2024-12-31,52,16.9,0,0.0,46,0,low_value
p_002339,engaged,US,android,high,tiktok,0,1,185,2024-01-23,2024-07-26,52,18.6,0,0.0,32,158,low_value
p_002340,engaged,US,ios,mid,facebook,0,0,185,2024-06-29,2024-12-31,52,17.1,0,0.0,41,0,low_value
p_002414,engaged,DE,android,low,google,0,0,192,2024-06-22,2024-12-31,52,16.5,0,0.0,50,0,low_value
p_002232,engaged,KR,ios,low,organic,0,1,201,2024-05-24,2024-12-11,52,18.5,0,0.0,64,20,low_value
p_002551,engaged,US,ios,high,applovin,0,1,205,2024-03-01,2024-09-22,52,17.1,0,0.0,45,100,low_value
p_002629,engaged,JP,android,low,tiktok,0,1,132,2024-01-27,2024-06-07,53,17.0,0,0.0,17,207,low_value
p_002159,engaged,PH,android,low,facebook,0,1,139,2024-06-11,2024-10-28,53,17.3,0,0.0,69,64,low_value
p_002138,engaged,KR,ios,mid,applovin,0,1,145,2024-01-08,2024-06-01,53,17.0,0,0.0,27,213,low_value
p_002185,engaged,BR,ios,mid,organic,0,1,152,2024-05-18,2024-10-17,53,18.7,0,0.0,19,75,low_value
p_002546,engaged,US,android,high,organic,0,1,155,2024-03-03,2024-08-05,53,16.8,0,0.0,47,148,low_value
p_002487,engaged,AU,android,mid,organic,0,1,163,2024-02-15,2024-07-27,53,17.6,0,0.0,56,157,low_value
p_002596,engaged,DE,ios,high,google,0,0,173,2024-07-11,2024-12-31,53,19.5,0,0.0,31,0,low_value
p_002607,engaged,US,android,low,tiktok,0,1,174,2024-02-24,2024-08-16,53,16.7,0,0.0,49,137,low_value
p_002214,engaged,KR,android,high,organic,0,0,179,2024-07-05,2024-12-31,53,17.4,0,0.0,23,0,low_value
p_002523,engaged,BR,android,low,organic,0,0,187,2024-06-27,2024-12-31,53,17.5,0,0.0,43,0,low_value
p_002519,engaged,US,android,low,google,0,1,193,2024-03-30,2024-10-09,53,17.5,0,0.0,47,83,low_value
p_002663,engaged,JP,android,high,google,0,0,202,2024-06-12,2024-12-31,53,18.6,0,0.0,67,0,low_value
p_000525,casual,ID,android,low,organic,0,1,14,2024-01-02,2024-01-16,0,0.0,0,0.0,0,350,low_value
p_002241,engaged,US,ios,mid,facebook,0,1,135,2024-05-09,2024-09-21,54,18.4,0,0.0,26,101,low_value
p_002548,engaged,MX,android,low,applovin,0,1,158,2024-01-02,2024-06-08,54,17.5,0,0.0,31,206,low_value
p_002575,engaged,DE,ios,low,facebook,0,1,159,2024-04-20,2024-09-26,54,16.5,0,0.0,55,96,low_value
p_000868,casual,GB,ios,low,other,0,1,14,2024-03-29,2024-04-12,0,0.0,0,0.0,3,263,low_value
p_002568,engaged,AU,android,mid,organic,0,0,175,2024-07-09,2024-12-31,54,16.7,0,0.0,49,0,low_value
p_002592,engaged,GB,android,low,tiktok,0,1,175,2024-01-23,2024-07-16,54,16.9,0,0.0,21,168,low_value
p_002446,engaged,GB,android,mid,applovin,0,0,177,2024-07-07,2024-12-31,54,17.1,0,0.0,44,0,low_value
p_002652,engaged,DE,android,mid,organic,0,1,182,2024-05-30,2024-11-28,54,16.3,0,0.0,28,33,low_value
p_002150,engaged,ES,android,mid,google,0,0,200,2024-06-14,2024-12-31,54,16.4,0,0.0,33,0,low_value
p_002408,engaged,AU,ios,mid,google,0,0,202,2024-06-12,2024-12-31,54,17.5,0,0.0,27,0,low_value
p_002576,engaged,JP,android,low,organic,0,1,166,2024-06-05,2024-11-18,55,16.3,0,0.0,54,43,low_value
p_002242,engaged,DE,ios,mid,facebook,0,0,169,2024-07-15,2024-12-31,55,16.7,0,0.0,25,0,low_value
p_002513,engaged,IT,android,mid,tiktok,0,1,180,2024-06-29,2024-12-26,55,17.2,0,0.0,42,5,low_value
p_002669,engaged,BR,ios,mid,google,0,0,184,2024-06-30,2024-12-31,55,18.2,0,0.0,45,0,low_value
p_002501,engaged,PL,android,mid,organic,0,0,188,2024-06-26,2024-12-31,55,18.2,0,0.0,55,0,low_value
p_002537,engaged,US,ios,high,organic,0,1,192,2024-06-11,2024-12-20,55,19.5,0,0.0,33,11,low_value
p_002103,engaged,AU,android,mid,organic,0,1,198,2024-02-27,2024-09-12,55,17.9,0,0.0,36,110,low_value
p_002482,engaged,KR,ios,low,tiktok,0,1,199,2024-02-24,2024-09-10,55,17.3,0,0.0,50,112,low_value
p_002582,engaged,US,ios,mid,organic,0,0,200,2024-06-14,2024-12-31,55,17.9,0,0.0,70,0,low_value
p_002345,engaged,IT,android,high,tiktok,0,1,205,2024-03-02,2024-09-23,55,17.2,0,0.0,35,99,low_value
p_002411,engaged,JP,ios,mid,organic,0,1,211,2024-04-23,2024-11-20,55,17.2,0,0.0,60,41,low_value
p_002399,engaged,US,ios,low,applovin,0,1,138,2024-06-19,2024-11-04,56,16.1,0,0.0,43,57,low_value
p_002670,engaged,DE,android,low,google,0,1,153,2024-02-28,2024-07-30,56,16.2,0,0.0,53,154,low_value
p_002415,engaged,AR,android,mid,google,0,1,160,2024-05-10,2024-10-17,56,18.8,0,0.0,41,75,low_value
p_002230,engaged,IN,ios,high,facebook,0,1,161,2024-01-17,2024-06-26,56,17.7,0,0.0,32,188,low_value
p_002152,engaged,FR,android,mid,organic,0,0,170,2024-07-14,2024-12-31,56,18.2,0,0.0,53,0,low_value
p_002302,engaged,US,android,mid,tiktok,0,1,180,2024-01-26,2024-07-24,56,17.1,0,0.0,53,160,low_value
p_002253,engaged,US,android,low,google,0,0,186,2024-06-28,2024-12-31,56,16.6,0,0.0,61,0,low_value
p_002466,engaged,FR,android,mid,google,0,0,186,2024-06-28,2024-12-31,56,19.0,0,0.0,58,0,low_value
p_002378,engaged,US,android,mid,facebook,0,0,187,2024-06-27,2024-12-31,56,18.4,0,0.0,64,0,low_value
p_002284,engaged,US,ios,low,facebook,0,1,188,2024-01-31,2024-08-06,56,18.3,0,0.0,54,147,low_value
p_002231,engaged,ID,ios,mid,organic,0,1,190,2024-03-31,2024-10-07,56,17.9,0,0.0,19,85,low_value
p_002660,engaged,PL,ios,high,organic,0,1,195,2024-02-28,2024-09-10,56,16.2,0,0.0,52,112,low_value
p_002567,engaged,US,android,mid,tiktok,0,0,196,2024-06-18,2024-12-31,56,18.4,0,0.0,33,0,low_value
p_002539,engaged,JP,ios,low,organic,0,1,217,2024-03-04,2024-10-07,56,17.9,0,0.0,48,85,low_value
p_002618,engaged,DE,android,low,facebook,0,1,137,2024-03-06,2024-07-21,57,16.5,0,0.0,24,163,low_value
p_002263,engaged,JP,ios,high,organic,0,1,146,2024-01-07,2024-06-01,57,18.0,0,0.0,27,213,low_value
p_002512,engaged,US,ios,low,applovin,0,1,170,2024-04-10,2024-09-27,57,18.1,0,0.0,44,95,low_value
p_002640,engaged,US,ios,mid,tiktok,0,0,176,2024-07-08,2024-12-31,57,18.4,0,0.0,63,0,low_value
p_002293,engaged,FR,android,mid,facebook,0,1,180,2024-06-07,2024-12-04,57,18.8,0,0.0,52,27,low_value
p_002320,engaged,ES,android,low,facebook,0,1,181,2024-03-26,2024-09-23,57,17.1,0,0.0,53,99,low_value
p_002124,engaged,RU,ios,high,google,0,0,190,2024-06-24,2024-12-31,57,16.5,0,0.0,29,0,low_value
p_002133,engaged,MX,android,low,applovin,0,1,190,2024-01-20,2024-07-28,57,16.8,0,0.0,31,156,low_value
p_002397,engaged,AU,android,mid,organic,0,1,231,2024-01-14,2024-09-01,57,17.3,0,0.0,40,121,low_value
p_002685,engaged,BR,android,low,facebook,0,1,143,2024-03-02,2024-07-23,58,17.9,0,0.0,25,161,low_value
p_002593,engaged,US,ios,high,facebook,0,1,150,2024-03-11,2024-08-08,58,16.5,0,0.0,34,145,low_value
p_002247,engaged,IN,ios,mid,applovin,0,1,158,2024-02-08,2024-07-15,58,18.5,0,0.0,20,169,low_value
p_002471,engaged,US,ios,mid,organic,0,1,160,2024-07-08,2024-12-15,58,17.3,0,0.0,52,16,low_value
p_002279,engaged,MX,android,mid,applovin,0,0,165,2024-07-19,2024-12-31,58,16.4,0,0.0,58,0,low_value
p_002207,engaged,RU,android,mid,facebook,0,1,174,2024-03-09,2024-08-30,58,16.4,0,0.0,27,123,low_value
p_002492,engaged,US,ios,high,organic,0,1,184,2024-01-14,2024-07-16,58,18.1,0,0.0,58,168,low_value
p_002193,engaged,AU,ios,high,facebook,0,1,191,2024-01-19,2024-07-28,58,16.1,0,0.0,41,156,low_value
p_002541,engaged,KR,ios,high,facebook,0,1,198,2024-02-05,2024-08-21,58,17.9,0,0.0,31,132,low_value
p_002137,engaged,IN,ios,low,unity_ads,0,1,199,2024-01-12,2024-07-29,58,17.1,0,0.0,25,155,low_value
p_002294,engaged,JP,android,mid,google,0,1,200,2024-01-15,2024-08-02,58,19.2,0,0.0,27,151,low_value
p_002508,engaged,JP,android,low,applovin,0,1,218,2024-01-25,2024-08-30,58,14.6,0,0.0,21,123,low_value
p_002526,engaged,GB,android,low,organic,0,1,160,2024-02-18,2024-07-27,59,19.6,0,0.0,25,157,low_value
p_002646,engaged,DE,android,high,google,0,0,168,2024-07-16,2024-12-31,59,18.2,0,0.0,24,0,low_value
p_002183,engaged,US,ios,mid,applovin,0,0,178,2024-07-06,2024-12-31,59,17.3,0,0.0,64,0,low_value
p_002390,engaged,US,ios,mid,facebook,0,0,178,2024-07-06,2024-12-31,59,16.8,0,0.0,44,0,low_value
p_002580,engaged,IN,android,low,facebook,0,0,180,2024-07-04,2024-12-31,59,17.5,0,0.0,48,0,low_value
p_000344,casual,NL,android,mid,organic,0,1,14,2024-07-17,2024-07-31,0,0.0,0,0.0,3,153,low_value
p_002356,engaged,IN,ios,high,applovin,0,0,193,2024-06-21,2024-12-31,59,18.9,0,0.0,42,0,low_value
p_002555,engaged,GB,ios,mid,organic,0,1,204,2024-05-02,2024-11-22,59,19.9,0,0.0,44,39,low_value
p_002430,engaged,US,ios,mid,tiktok,0,0,211,2024-06-03,2024-12-31,59,17.2,0,0.0,49,0,low_value
p_002204,engaged,NL,android,high,organic,0,0,212,2024-06-02,2024-12-31,59,16.5,0,0.0,31,0,low_value
p_002395,engaged,TH,android,low,organic,0,1,216,2024-05-27,2024-12-29,59,16.6,0,0.0,23,2,low_value
p_002647,engaged,BR,android,low,facebook,0,0,187,2024-06-27,2024-12-31,60,17.0,0,0.0,64,0,low_value
p_002107,engaged,GB,ios,low,google,0,1,189,2024-02-16,2024-08-23,60,17.5,0,0.0,37,130,low_value
p_002336,engaged,US,android,low,facebook,0,1,193,2024-04-10,2024-10-20,60,16.8,0,0.0,57,72,low_value
p_002158,engaged,MX,ios,mid,facebook,0,0,195,2024-06-19,2024-12-31,60,17.3,0,0.0,37,0,low_value
p_002552,engaged,BR,android,high,organic,0,1,199,2024-06-05,2024-12-21,60,18.0,0,0.0,41,10,low_value
p_002465,engaged,DE,ios,mid,tiktok,0,1,201,2024-01-22,2024-08-10,60,18.4,0,0.0,39,143,low_value
p_002438,engaged,MX,android,mid,facebook,0,1,206,2024-05-01,2024-11-23,60,18.1,0,0.0,64,38,low_value
p_002218,engaged,ID,ios,mid,facebook,0,1,166,2024-05-20,2024-11-02,61,16.4,0,0.0,69,59,low_value
p_002117,engaged,FR,android,high,google,0,0,174,2024-07-10,2024-12-31,61,18.5,0,0.0,29,0,low_value
p_002285,engaged,ID,android,mid,tiktok,0,1,178,2024-04-10,2024-10-05,61,17.0,0,0.0,47,87,low_value
p_002556,engaged,CA,ios,high,tiktok,0,1,191,2024-06-22,2024-12-30,61,16.8,0,0.0,40,1,low_value
p_002644,engaged,CA,android,high,unity_ads,0,0,214,2024-05-31,2024-12-31,61,19.2,0,0.0,59,0,low_value
p_002303,engaged,US,ios,mid,google,0,1,158,2024-02-09,2024-07-16,62,15.6,0,0.0,22,168,low_value
p_002391,engaged,BR,ios,mid,google,0,0,165,2024-07-19,2024-12-31,62,17.3,0,0.0,32,0,low_value
p_001799,casual,TH,ios,high,tiktok,0,1,14,2024-05-12,2024-05-26,0,0.0,0,0.0,0,219,low_value
p_002488,engaged,BR,ios,high,facebook,0,1,180,2024-01-18,2024-07-16,62,18.9,0,0.0,43,168,low_value
p_002600,engaged,US,android,mid,facebook,0,0,181,2024-07-03,2024-12-31,62,18.9,0,0.0,21,0,low_value
p_002275,engaged,TR,android,mid,organic,0,1,181,2024-06-11,2024-12-09,62,16.6,0,0.0,43,22,low_value
p_002142,engaged,AU,android,low,tiktok,0,1,189,2024-02-02,2024-08-09,62,18.9,0,0.0,38,144,low_value
p_002116,engaged,RU,android,low,applovin,0,0,195,2024-06-19,2024-12-31,62,17.9,0,0.0,34,0,low_value
p_002194,engaged,US,android,mid,google,0,1,195,2024-04-14,2024-10-26,62,16.6,0,0.0,67,66,low_value
p_002419,engaged,US,android,low,organic,0,0,197,2024-06-17,2024-12-31,62,17.3,0,0.0,20,0,low_value
p_002507,engaged,IT,ios,low,organic,0,1,199,2024-03-23,2024-10-08,62,16.0,0,0.0,51,84,low_value
p_002633,engaged,US,android,low,applovin,0,0,200,2024-06-14,2024-12-31,62,19.1,0,0.0,27,0,low_value
p_002319,engaged,CA,ios,high,organic,0,0,204,2024-06-10,2024-12-31,62,19.1,0,0.0,28,0,low_value
p_002665,engaged,US,ios,mid,applovin,0,0,207,2024-06-07,2024-12-31,62,18.2,0,0.0,54,0,low_value
p_002331,engaged,BR,android,mid,organic,0,0,225,2024-05-20,2024-12-31,62,18.4,0,0.0,48,0,low_value
p_002365,engaged,IN,android,mid,organic,0,1,225,2024-02-03,2024-09-15,62,16.1,0,0.0,24,107,low_value
p_002597,engaged,MX,ios,high,google,0,0,231,2024-05-14,2024-12-31,62,17.1,0,0.0,41,0,low_value
p_002662,engaged,DE,android,low,organic,0,0,238,2024-05-07,2024-12-31,62,18.2,0,0.0,37,0,low_value
p_002532,engaged,DE,ios,mid,organic,0,1,136,2024-05-10,2024-09-23,63,16.3,0,0.0,66,99,low_value
p_002409,engaged,GB,ios,mid,facebook,0,1,166,2024-05-31,2024-11-13,63,18.8,0,0.0,41,48,low_value
p_002689,engaged,AR,android,mid,tiktok,0,0,169,2024-07-15,2024-12-31,63,17.6,0,0.0,51,0,low_value
p_002267,engaged,MX,android,high,facebook,0,1,177,2024-05-15,2024-11-08,63,17.3,0,0.0,54,53,low_value
p_002393,engaged,IN,android,low,applovin,0,0,178,2024-07-06,2024-12-31,63,17.2,0,0.0,31,0,low_value
p_002119,engaged,BR,android,low,unity_ads,0,0,181,2024-07-03,2024-12-31,63,18.8,0,0.0,33,0,low_value
p_002297,engaged,ES,android,low,facebook,0,0,184,2024-06-30,2024-12-31,63,17.1,0,0.0,36,0,low_value
p_002273,engaged,US,android,low,google,0,0,185,2024-06-29,2024-12-31,63,15.5,0,0.0,38,0,low_value
p_002462,engaged,DE,android,low,facebook,0,1,186,2024-03-11,2024-09-13,63,17.3,0,0.0,65,109,low_value
p_002143,engaged,JP,ios,mid,unity_ads,0,1,189,2024-04-27,2024-11-02,63,19.1,0,0.0,20,59,low_value
p_002329,engaged,US,android,mid,facebook,0,0,190,2024-06-24,2024-12-31,63,17.5,0,0.0,23,0,low_value
p_002693,engaged,US,android,mid,organic,0,1,199,2024-04-14,2024-10-30,63,15.8,0,0.0,35,62,low_value
p_002417,engaged,IN,android,mid,facebook,0,1,201,2024-02-29,2024-09-17,63,18.0,0,0.0,35,105,low_value
p_002405,engaged,US,android,high,other,0,0,210,2024-06-04,2024-12-31,63,17.7,0,0.0,62,0,low_value
p_002495,engaged,AR,android,mid,facebook,0,1,213,2024-05-08,2024-12-07,63,16.1,0,0.0,47,24,low_value
p_002678,engaged,SE,ios,mid,google,0,0,216,2024-05-29,2024-12-31,63,17.7,0,0.0,37,0,low_value
p_002589,engaged,RU,android,high,facebook,0,1,160,2024-05-24,2024-10-31,64,18.1,0,0.0,19,61,low_value
p_000613,casual,DE,android,high,organic,0,1,14,2024-10-29,2024-11-12,0,0.0,0,0.0,7,49,low_value
p_002182,engaged,JP,android,low,google,0,0,168,2024-07-16,2024-12-31,64,16.8,0,0.0,29,0,low_value
p_002290,engaged,CA,ios,low,organic,0,0,179,2024-07-05,2024-12-31,64,16.0,0,0.0,28,0,low_value
p_002645,engaged,MX,android,mid,applovin,0,1,180,2024-02-19,2024-08-17,64,15.9,0,0.0,62,136,low_value
p_002225,engaged,US,ios,high,unity_ads,0,0,185,2024-06-29,2024-12-31,64,17.8,0,0.0,42,0,low_value
p_002300,engaged,PL,ios,low,other,0,0,186,2024-06-28,2024-12-31,64,16.0,0,0.0,65,0,low_value
p_002655,engaged,MX,ios,mid,applovin,0,1,197,2024-04-09,2024-10-23,64,17.3,0,0.0,22,69,low_value
p_002603,engaged,TR,android,mid,unity_ads,0,0,197,2024-06-17,2024-12-31,64,17.5,0,0.0,35,0,low_value
p_002684,engaged,US,android,high,organic,0,1,199,2024-04-17,2024-11-02,64,18.4,0,0.0,56,59,low_value
p_002205,engaged,CA,ios,mid,applovin,0,0,203,2024-06-11,2024-12-31,64,17.9,0,0.0,66,0,low_value
p_002468,engaged,FR,android,low,organic,0,0,209,2024-06-05,2024-12-31,64,17.4,0,0.0,41,0,low_value
p_002335,engaged,JP,android,low,organic,0,0,211,2024-06-03,2024-12-31,64,17.0,0,0.0,27,0,low_value
p_002688,engaged,AU,android,mid,organic,0,0,213,2024-06-01,2024-12-31,64,17.7,0,0.0,30,0,low_value
p_002673,engaged,DE,android,mid,unity_ads,0,0,219,2024-05-26,2024-12-31,64,18.6,0,0.0,38,0,low_value
p_002632,engaged,ES,ios,high,organic,0,0,233,2024-05-12,2024-12-31,64,17.8,0,0.0,47,0,low_value
p_002151,engaged,AU,android,mid,organic,0,0,251,2024-04-24,2024-12-31,64,17.2,0,0.0,65,0,low_value
p_002197,engaged,AU,ios,high,google,0,1,161,2024-04-03,2024-09-11,65,16.7,0,0.0,67,111,low_value
p_002643,engaged,MX,android,mid,facebook,0,1,168,2024-02-08,2024-07-25,65,17.1,0,0.0,51,159,low_value
p_002559,engaged,DE,android,mid,facebook,0,0,192,2024-06-22,2024-12-31,65,16.6,0,0.0,34,0,low_value
p_002585,engaged,RU,ios,mid,google,0,0,195,2024-06-19,2024-12-31,65,17.8,0,0.0,65,0,low_value
p_002599,engaged,KR,android,mid,facebook,0,1,201,2024-02-20,2024-09-08,65,17.4,0,0.0,62,114,low_value
p_002676,engaged,MX,android,low,tiktok,0,0,203,2024-06-11,2024-12-31,65,17.5,0,0.0,49,0,low_value
p_002334,engaged,DE,android,mid,facebook,0,1,220,2024-01-23,2024-08-30,65,18.3,0,0.0,27,123,low_value
p_002630,engaged,US,ios,mid,other,0,0,255,2024-04-20,2024-12-31,65,17.2,0,0.0,41,0,low_value
p_002128,engaged,PH,android,mid,facebook,0,1,162,2024-01-30,2024-07-10,66,15.9,0,0.0,64,174,low_value
p_002403,engaged,US,ios,low,organic,0,0,181,2024-07-03,2024-12-31,66,16.4,0,0.0,48,0,low_value
p_002611,engaged,US,android,low,organic,0,1,189,2024-05-20,2024-11-25,66,18.2,0,0.0,45,36,low_value
p_002353,engaged,BR,android,low,google,0,0,194,2024-06-20,2024-12-31,66,16.1,0,0.0,20,0,low_value
p_002619,engaged,TH,android,low,tiktok,0,1,201,2024-01-03,2024-07-22,66,15.9,0,0.0,44,162,low_value
p_002132,engaged,TH,ios,mid,organic,0,1,212,2024-01-24,2024-08-23,66,17.7,0,0.0,41,130,low_value
p_002668,engaged,RU,android,low,other,0,1,216,2024-03-01,2024-10-03,66,17.2,0,0.0,35,89,low_value
p_002558,engaged,TR,android,low,google,0,1,216,2024-01-02,2024-08-05,66,17.7,0,0.0,34,148,low_value
p_002439,engaged,SE,android,mid,organic,0,1,218,2024-01-23,2024-08-28,66,17.3,0,0.0,38,125,low_value
p_002126,engaged,US,ios,mid,organic,0,1,228,2024-02-26,2024-10-11,66,16.8,0,0.0,49,81,low_value
p_002443,engaged,IN,android,high,google,0,0,237,2024-05-08,2024-12-31,66,19.2,0,0.0,51,0,low_value
p_002347,engaged,AU,android,low,facebook,0,1,133,2024-02-26,2024-07-08,67,17.9,0,0.0,33,176,low_value
p_002658,engaged,IT,android,mid,organic,0,0,174,2024-07-10,2024-12-31,67,17.2,0,0.0,48,0,low_value
p_002344,engaged,MX,android,low,organic,0,0,178,2024-07-06,2024-12-31,67,18.9,0,0.0,29,0,low_value
p_002602,engaged,ES,ios,mid,facebook,0,1,182,2024-04-29,2024-10-28,67,18.9,0,0.0,21,64,low_value
p_002201,engaged,DE,ios,low,facebook,0,0,191,2024-06-23,2024-12-31,67,17.0,0,0.0,22,0,low_value
p_002610,engaged,ES,android,low,applovin,0,0,204,2024-06-10,2024-12-31,67,15.5,0,0.0,55,0,low_value
p_002490,engaged,JP,ios,high,google,0,1,211,2024-01-18,2024-08-16,67,18.6,0,0.0,28,137,low_value
p_002511,engaged,US,android,low,unity_ads,0,1,218,2024-04-05,2024-11-09,67,17.9,0,0.0,57,52,low_value
p_002134,engaged,US,android,high,unity_ads,0,0,219,2024-05-26,2024-12-31,67,18.0,0,0.0,49,0,low_value
p_002226,engaged,GB,ios,high,facebook,0,0,223,2024-05-22,2024-12-31,67,16.8,0,0.0,40,0,low_value
p_000579,casual,US,android,low,facebook,0,1,14,2024-06-27,2024-07-11,0,0.0,0,0.0,2,173,low_value
p_002106,engaged,US,ios,high,google,0,1,237,2024-04-17,2024-12-10,67,17.3,0,0.0,68,21,low_value
p_002219,engaged,TH,android,high,organic,0,0,186,2024-06-28,2024-12-31,68,18.4,0,0.0,20,0,low_value
p_002514,engaged,US,android,low,organic,0,0,210,2024-06-04,2024-12-31,68,17.5,0,0.0,25,0,low_value
p_002520,engaged,DE,ios,low,organic,0,0,211,2024-06-03,2024-12-31,68,16.9,0,0.0,46,0,low_value
p_002509,engaged,FR,android,mid,google,0,1,211,2024-05-07,2024-12-04,68,17.5,0,0.0,48,27,low_value
p_002437,engaged,CA,android,mid,organic,0,0,215,2024-05-30,2024-12-31,68,16.6,0,0.0,46,0,low_value
p_002506,engaged,BR,android,mid,organic,0,1,216,2024-03-17,2024-10-19,68,17.1,0,0.0,64,73,low_value
p_002168,engaged,US,ios,mid,applovin,0,0,225,2024-05-20,2024-12-31,68,17.8,0,0.0,50,0,low_value
p_002535,engaged,FR,android,low,tiktok,0,0,244,2024-05-01,2024-12-31,68,17.6,0,0.0,20,0,low_value
p_002565,engaged,CA,ios,mid,facebook,0,1,276,2024-03-20,2024-12-21,68,17.5,0,0.0,37,10,low_value
p_002505,engaged,AU,ios,high,organic,0,1,277,2024-02-06,2024-11-09,68,18.7,0,0.0,29,52,low_value
p_002573,engaged,AU,android,mid,facebook,0,1,180,2024-03-01,2024-08-28,69,16.6,0,0.0,55,125,low_value
p_002295,engaged,US,ios,high,organic,0,0,194,2024-06-20,2024-12-31,69,17.8,0,0.0,51,0,low_value
p_002605,engaged,US,android,mid,google,0,0,199,2024-06-15,2024-12-31,69,16.6,0,0.0,62,0,low_value
p_002557,engaged,CA,android,high,applovin,0,1,204,2024-05-20,2024-12-10,69,19.1,0,0.0,40,21,low_value
p_002461,engaged,US,android,mid,applovin,0,1,208,2024-05-08,2024-12-02,69,17.0,0,0.0,19,29,low_value
p_002190,engaged,JP,ios,high,tiktok,0,1,222,2024-05-12,2024-12-20,69,17.8,0,0.0,32,11,low_value
p_002311,engaged,JP,ios,mid,organic,0,1,229,2024-03-01,2024-10-16,69,19.1,0,0.0,27,76,low_value
p_002385,engaged,NL,android,mid,tiktok,0,1,231,2024-04-25,2024-12-12,69,18.6,0,0.0,61,19,low_value
p_002469,engaged,DE,android,mid,applovin,0,0,255,2024-04-20,2024-12-31,69,18.4,0,0.0,51,0,low_value
p_002333,engaged,TR,android,high,google,0,1,172,2024-05-15,2024-11-03,70,17.6,0,0.0,66,58,low_value
p_002115,engaged,FR,ios,mid,organic,0,0,184,2024-06-30,2024-12-31,70,17.5,0,0.0,53,0,low_value
p_002404,engaged,DE,android,low,google,0,1,185,2024-02-22,2024-08-25,70,18.0,0,0.0,29,128,low_value
p_002309,engaged,GB,ios,mid,organic,0,1,187,2024-04-07,2024-10-11,70,17.9,0,0.0,29,81,low_value
p_002148,engaged,PL,android,low,tiktok,0,1,195,2024-02-29,2024-09-11,70,15.5,0,0.0,29,111,low_value
p_002401,engaged,DE,ios,mid,google,0,0,197,2024-06-17,2024-12-31,70,17.2,0,0.0,63,0,low_value
p_002428,engaged,US,ios,mid,facebook,0,1,198,2024-03-19,2024-10-03,70,17.2,0,0.0,49,89,low_value
p_002348,engaged,US,android,low,facebook,0,1,226,2024-01-18,2024-08-31,70,19.0,0,0.0,60,122,low_value
p_002131,engaged,US,android,mid,unity_ads,0,1,231,2024-04-21,2024-12-08,70,17.2,0,0.0,20,23,low_value
p_002359,engaged,US,ios,low,organic,0,1,234,2024-01-10,2024-08-31,70,17.5,0,0.0,19,122,low_value
p_002113,engaged,IN,android,mid,tiktok,0,0,236,2024-05-09,2024-12-31,70,18.0,0,0.0,55,0,low_value
p_002609,engaged,KR,android,low,facebook,0,1,209,2024-04-25,2024-11-20,71,19.1,0,0.0,55,41,low_value
p_002680,engaged,PH,android,low,google,0,1,214,2024-05-08,2024-12-08,71,17.7,0,0.0,42,23,low_value
p_002212,engaged,BR,android,mid,applovin,0,1,216,2024-03-18,2024-10-20,71,17.8,0,0.0,30,72,low_value
p_002500,engaged,IN,android,mid,facebook,0,1,217,2024-02-13,2024-09-17,71,17.0,0,0.0,67,105,low_value
p_002489,engaged,BR,android,low,organic,0,0,223,2024-05-22,2024-12-31,71,16.9,0,0.0,30,0,low_value
p_002445,engaged,US,android,high,tiktok,0,1,228,2024-03-01,2024-10-15,71,16.0,0,0.0,63,77,low_value
p_000684,casual,SE,android,high,google,0,1,14,2024-11-23,2024-12-07,0,0.0,0,0.0,3,24,low_value
p_002233,engaged,RU,ios,mid,facebook,0,1,235,2024-04-26,2024-12-17,71,17.6,0,0.0,35,14,low_value
p_002288,engaged,BR,android,low,unity_ads,0,0,244,2024-05-01,2024-12-31,71,15.3,0,0.0,55,0,low_value
p_002372,engaged,IT,android,low,tiktok,0,0,249,2024-04-26,2024-12-31,71,17.2,0,0.0,51,0,low_value
p_002561,engaged,RU,android,high,tiktok,0,1,263,2024-02-29,2024-11-18,71,18.1,0,0.0,25,43,low_value
p_002352,engaged,IT,ios,high,organic,0,0,263,2024-04-12,2024-12-31,71,18.3,0,0.0,24,0,low_value
p_002650,engaged,GB,android,mid,facebook,0,1,159,2024-04-19,2024-09-25,72,16.2,0,0.0,41,97,low_value
p_002384,engaged,IT,ios,low,tiktok,0,0,189,2024-06-25,2024-12-31,72,18.4,0,0.0,49,0,low_value
p_002125,engaged,PL,android,mid,organic,0,0,191,2024-06-23,2024-12-31,72,16.3,0,0.0,56,0,low_value
p_002436,engaged,KR,android,low,applovin,0,0,199,2024-06-15,2024-12-31,72,16.5,0,0.0,45,0,low_value
p_002591,engaged,DE,android,mid,tiktok,0,0,200,2024-06-14,2024-12-31,72,16.8,0,0.0,58,0,low_value
p_002258,engaged,IN,android,low,organic,0,0,201,2024-06-13,2024-12-31,72,17.7,0,0.0,36,0,low_value
p_002449,engaged,RU,android,high,organic,0,1,209,2024-05-17,2024-12-12,72,17.6,0,0.0,46,19,low_value
p_002165,engaged,JP,ios,low,organic,0,0,210,2024-06-04,2024-12-31,72,18.5,0,0.0,52,0,low_value
p_002108,engaged,JP,ios,high,organic,0,1,213,2024-04-30,2024-11-29,72,17.2,0,0.0,28,32,low_value
p_002315,engaged,BR,android,low,organic,0,1,222,2024-01-14,2024-08-23,72,16.3,0,0.0,61,130,low_value
p_002382,engaged,US,ios,low,organic,0,1,224,2024-04-29,2024-12-09,72,17.3,0,0.0,68,22,low_value
p_002102,engaged,BR,ios,mid,organic,0,1,224,2024-04-29,2024-12-09,72,17.1,0,0.0,30,22,low_value
p_002416,engaged,GB,android,mid,tiktok,0,0,234,2024-05-11,2024-12-31,72,16.0,0,0.0,45,0,low_value
p_002222,engaged,JP,android,mid,facebook,0,0,234,2024-05-11,2024-12-31,72,18.4,0,0.0,39,0,low_value
p_002153,engaged,IN,ios,mid,facebook,0,0,188,2024-06-26,2024-12-31,73,16.5,0,0.0,23,0,low_value
p_002367,engaged,AU,ios,high,organic,0,1,205,2024-02-10,2024-09-02,73,17.7,0,0.0,30,120,low_value
p_002304,engaged,KR,ios,mid,organic,0,1,205,2024-06-01,2024-12-23,73,16.6,0,0.0,61,8,low_value
p_002479,engaged,CA,android,mid,organic,0,0,226,2024-05-19,2024-12-31,73,16.8,0,0.0,57,0,low_value
p_002122,engaged,AR,ios,mid,google,0,0,226,2024-05-19,2024-12-31,73,18.0,0,0.0,66,0,low_value
p_002627,engaged,US,ios,mid,tiktok,0,0,236,2024-05-09,2024-12-31,73,16.9,0,0.0,45,0,low_value
p_002664,engaged,CA,android,mid,organic,0,1,252,2024-04-07,2024-12-15,73,16.5,0,0.0,23,16,low_value
p_002144,engaged,GB,ios,high,organic,0,0,262,2024-04-13,2024-12-31,73,17.7,0,0.0,51,0,low_value
p_002530,engaged,DE,android,low,organic,0,0,263,2024-04-12,2024-12-31,73,17.3,0,0.0,54,0,low_value
p_002671,engaged,CA,android,low,tiktok,0,1,279,2024-01-06,2024-10-11,73,18.1,0,0.0,34,81,low_value
p_002262,engaged,US,android,mid,organic,0,0,191,2024-06-23,2024-12-31,74,18.0,0,0.0,38,0,low_value
p_002406,engaged,DE,ios,high,google,0,1,206,2024-03-31,2024-10-23,74,18.3,0,0.0,20,69,low_value
p_002477,engaged,ES,android,mid,applovin,0,0,227,2024-05-18,2024-12-31,74,16.8,0,0.0,43,0,low_value
p_002635,engaged,FR,ios,mid,organic,0,0,228,2024-05-17,2024-12-31,74,16.2,0,0.0,36,0,low_value
p_002129,engaged,CA,android,low,facebook,0,0,229,2024-05-16,2024-12-31,74,16.9,0,0.0,54,0,low_value
p_001022,casual,MX,android,mid,facebook,0,0,14,2024-12-17,2024-12-31,0,0.0,0,0.0,1,0,low_value
p_002425,engaged,IN,ios,high,facebook,0,1,254,2024-02-28,2024-11-08,74,17.7,0,0.0,19,53,low_value
p_002521,engaged,JP,ios,high,facebook,0,1,257,2024-03-20,2024-12-02,74,18.2,0,0.0,56,29,low_value
p_002213,engaged,GB,android,high,organic,0,1,261,2024-01-22,2024-10-09,74,19.1,0,0.0,34,83,low_value
p_002281,engaged,ID,android,low,facebook,0,0,189,2024-06-25,2024-12-31,75,17.8,0,0.0,65,0,low_value
p_002318,engaged,US,ios,high,google,0,0,193,2024-06-21,2024-12-31,75,17.1,0,0.0,64,0,low_value
p_002614,engaged,US,android,mid,google,0,1,200,2024-01-25,2024-08-12,75,16.6,0,0.0,56,141,low_value
p_002467,engaged,ID,android,mid,organic,0,0,218,2024-05-27,2024-12-31,75,15.9,0,0.0,28,0,low_value
p_002270,engaged,US,android,low,organic,0,0,222,2024-05-23,2024-12-31,75,16.8,0,0.0,44,0,low_value
p_002460,engaged,US,android,mid,google,0,1,224,2024-05-16,2024-12-26,75,16.4,0,0.0,22,5,low_value
p_002323,engaged,GB,ios,high,applovin,0,1,233,2024-01-20,2024-09-09,75,18.3,0,0.0,46,113,low_value
p_002423,engaged,GB,android,low,organic,0,1,236,2024-03-20,2024-11-11,75,17.8,0,0.0,25,50,low_value
p_002698,engaged,IN,android,low,google,0,0,237,2024-05-08,2024-12-31,75,17.1,0,0.0,28,0,low_value
p_002504,engaged,DE,android,mid,google,0,0,250,2024-04-25,2024-12-31,75,18.5,0,0.0,35,0,low_value
p_002396,engaged,ES,android,low,google,0,1,270,2024-02-15,2024-11-11,75,16.8,0,0.0,26,50,low_value
p_002238,engaged,GB,android,mid,organic,0,0,191,2024-06-23,2024-12-31,76,17.7,0,0.0,49,0,low_value
p_002536,engaged,CA,android,low,tiktok,0,1,213,2024-02-25,2024-09-25,76,17.9,0,0.0,41,97,low_value
p_002180,engaged,US,ios,low,organic,0,1,215,2024-01-12,2024-08-14,76,16.9,0,0.0,52,139,low_value
p_002208,engaged,FR,ios,low,google,0,0,222,2024-05-23,2024-12-31,76,17.6,0,0.0,50,0,low_value
p_002373,engaged,GB,ios,mid,facebook,0,1,223,2024-04-14,2024-11-23,76,16.5,0,0.0,51,38,low_value
p_002433,engaged,KR,android,mid,organic,0,1,223,2024-04-19,2024-11-28,76,17.0,0,0.0,35,33,low_value
p_002104,engaged,US,android,mid,other,0,1,226,2024-04-26,2024-12-08,76,17.4,0,0.0,29,23,low_value
p_002176,engaged,NL,android,mid,applovin,0,1,244,2024-01-19,2024-09-19,76,18.0,0,0.0,37,103,low_value
p_002476,engaged,IN,android,mid,organic,0,1,249,2024-01-24,2024-09-29,76,17.7,0,0.0,26,93,low_value
p_002696,engaged,CA,ios,low,organic,0,0,259,2024-04-16,2024-12-31,76,17.4,0,0.0,31,0,low_value
p_002220,engaged,IN,android,low,tiktok,0,0,264,2024-04-11,2024-12-31,76,17.8,0,0.0,31,0,low_value
p_002380,engaged,AU,android,mid,organic,0,0,268,2024-04-07,2024-12-31,76,18.6,0,0.0,59,0,low_value
p_002571,engaged,US,android,mid,facebook,0,0,214,2024-05-31,2024-12-31,77,20.3,0,0.0,53,0,low_value
p_002189,engaged,DE,ios,low,facebook,0,1,224,2024-05-05,2024-12-15,77,18.8,0,0.0,42,16,low_value
p_002651,engaged,BR,android,mid,tiktok,0,0,238,2024-05-07,2024-12-31,77,16.7,0,0.0,31,0,low_value
p_002422,engaged,US,android,low,organic,0,1,243,2024-02-26,2024-10-26,77,18.0,0,0.0,49,66,low_value
p_002578,engaged,GB,ios,high,facebook,0,1,254,2024-04-20,2024-12-30,77,17.3,0,0.0,44,1,low_value
p_002280,engaged,TR,ios,mid,organic,0,1,257,2024-04-08,2024-12-21,77,18.0,0,0.0,55,10,low_value
p_002368,engaged,NL,android,low,organic,0,0,193,2024-06-21,2024-12-31,78,17.6,0,0.0,34,0,low_value
p_002491,engaged,FR,ios,high,unity_ads,0,1,208,2024-04-08,2024-11-02,78,17.5,0,0.0,55,59,low_value
p_002264,engaged,US,android,high,facebook,0,0,210,2024-06-04,2024-12-31,78,17.4,0,0.0,38,0,low_value
p_002161,engaged,DE,android,low,google,0,1,249,2024-01-17,2024-09-22,78,19.1,0,0.0,24,100,low_value
p_002480,engaged,US,ios,low,organic,0,0,269,2024-04-06,2024-12-31,78,16.9,0,0.0,61,0,low_value
p_002421,engaged,FR,android,high,tiktok,0,1,280,2024-01-28,2024-11-03,78,17.4,0,0.0,27,58,low_value
p_002625,engaged,IN,ios,high,organic,0,0,220,2024-05-25,2024-12-31,79,17.5,0,0.0,36,0,low_value
p_002278,engaged,SE,ios,high,applovin,0,0,227,2024-05-18,2024-12-31,79,17.6,0,0.0,39,0,low_value
p_002529,engaged,US,android,mid,facebook,0,1,228,2024-02-15,2024-09-30,79,17.1,0,0.0,35,92,low_value
p_002545,engaged,CA,android,high,facebook,0,0,243,2024-05-02,2024-12-31,79,17.9,0,0.0,41,0,low_value
p_002608,engaged,GB,ios,mid,organic,0,0,257,2024-04-18,2024-12-31,79,17.5,0,0.0,29,0,low_value
p_002271,engaged,AR,android,low,facebook,0,1,274,2024-02-10,2024-11-10,79,18.3,0,0.0,45,51,low_value
p_002312,engaged,FR,ios,high,organic,0,0,313,2024-02-22,2024-12-31,79,18.1,0,0.0,54,0,low_value
p_002346,engaged,KR,ios,mid,facebook,0,1,165,2024-04-05,2024-09-17,80,16.3,0,0.0,31,105,low_value
p_002162,engaged,US,ios,mid,organic,0,1,208,2024-02-27,2024-09-22,80,19.1,0,0.0,60,100,low_value
p_002563,engaged,MX,ios,high,tiktok,0,1,226,2024-02-04,2024-09-17,80,18.1,0,0.0,47,105,low_value
p_002166,engaged,US,ios,high,organic,0,0,228,2024-05-17,2024-12-31,80,17.1,0,0.0,67,0,low_value
p_002381,engaged,DE,android,high,organic,0,1,237,2024-02-23,2024-10-17,80,17.6,0,0.0,50,75,low_value
p_002256,engaged,US,android,low,google,0,1,239,2024-04-01,2024-11-26,80,17.0,0,0.0,31,35,low_value
p_002454,engaged,US,android,high,organic,0,1,249,2024-03-16,2024-11-20,80,16.3,0,0.0,24,41,low_value
p_002621,engaged,US,ios,mid,google,0,1,251,2024-03-07,2024-11-13,80,19.0,0,0.0,44,48,low_value
p_002586,engaged,ES,android,high,facebook,0,1,251,2024-01-18,2024-09-25,80,17.8,0,0.0,58,97,low_value
p_002432,engaged,RU,android,low,facebook,0,1,254,2024-02-15,2024-10-26,80,17.5,0,0.0,63,66,low_value
p_002306,engaged,US,ios,low,organic,0,0,273,2024-04-02,2024-12-31,80,16.0,0,0.0,56,0,low_value
p_002228,engaged,DE,android,mid,facebook,0,1,274,2024-03-31,2024-12-30,80,18.2,0,0.0,56,1,low_value
p_002533,engaged,US,android,low,organic,0,0,278,2024-03-28,2024-12-31,80,18.4,0,0.0,37,0,low_value
p_002147,engaged,US,ios,high,google,0,0,304,2024-03-02,2024-12-31,80,17.4,0,0.0,55,0,low_value
p_002299,engaged,AU,ios,mid,organic,0,1,202,2024-05-30,2024-12-18,81,17.0,0,0.0,49,13,low_value
p_002475,engaged,KR,android,low,organic,0,0,209,2024-06-05,2024-12-31,81,16.2,0,0.0,58,0,low_value
p_002516,engaged,AR,android,low,google,0,0,221,2024-05-24,2024-12-31,81,17.5,0,0.0,66,0,low_value
p_002243,engaged,KR,ios,high,facebook,0,1,222,2024-03-21,2024-10-29,81,17.1,0,0.0,55,63,low_value
p_002687,engaged,ES,ios,mid,other,0,1,240,2024-02-16,2024-10-13,81,17.7,0,0.0,37,79,low_value
p_002429,engaged,ES,ios,mid,organic,0,0,242,2024-05-03,2024-12-31,81,17.2,0,0.0,67,0,low_value
p_002442,engaged,IN,android,low,organic,0,0,255,2024-04-20,2024-12-31,81,18.3,0,0.0,27,0,low_value
p_002332,engaged,DE,android,mid,organic,0,1,199,2024-03-16,2024-10-01,82,18.0,0,0.0,25,91,low_value
p_002464,engaged,KR,ios,mid,organic,0,1,203,2024-01-16,2024-08-06,82,19.4,0,0.0,25,147,low_value
p_002112,engaged,NL,android,mid,tiktok,0,1,233,2024-03-28,2024-11-16,82,17.2,0,0.0,55,45,low_value
p_002595,engaged,US,android,high,organic,0,0,234,2024-05-11,2024-12-31,82,16.5,0,0.0,39,0,low_value
p_002296,engaged,ID,ios,mid,applovin,0,1,244,2024-03-07,2024-11-06,82,17.7,0,0.0,38,55,low_value
p_002538,engaged,US,android,high,organic,0,0,271,2024-04-04,2024-12-31,82,18.4,0,0.0,44,0,low_value
p_002206,engaged,CA,android,high,organic,0,1,288,2024-02-21,2024-12-05,82,17.4,0,0.0,22,26,low_value
p_002549,engaged,US,ios,high,tiktok,0,0,198,2024-06-16,2024-12-31,83,17.4,0,0.0,46,0,low_value
p_002236,engaged,MX,ios,mid,organic,0,0,206,2024-06-08,2024-12-31,83,17.7,0,0.0,45,0,low_value
p_002617,engaged,US,android,high,organic,0,1,227,2024-01-09,2024-08-23,83,17.5,0,0.0,49,130,low_value
p_002167,engaged,DE,ios,mid,applovin,0,0,230,2024-05-15,2024-12-31,83,17.7,0,0.0,64,0,low_value
p_002203,engaged,JP,android,mid,facebook,0,0,240,2024-05-05,2024-12-31,83,17.4,0,0.0,45,0,low_value
p_002604,engaged,GB,android,mid,tiktok,0,0,254,2024-04-21,2024-12-31,83,17.3,0,0.0,25,0,low_value
p_002667,engaged,IT,android,low,facebook,0,0,271,2024-04-04,2024-12-31,83,16.8,0,0.0,27,0,low_value
p_002328,engaged,RU,android,low,organic,0,1,293,2024-02-29,2024-12-18,83,18.8,0,0.0,34,13,low_value
p_002502,engaged,TR,ios,low,organic,0,1,238,2024-01-18,2024-09-12,84,18.7,0,0.0,23,110,low_value
p_002360,engaged,FR,ios,mid,tiktok,0,0,258,2024-04-17,2024-12-31,84,17.3,0,0.0,24,0,low_value
p_002486,engaged,IT,android,mid,organic,0,1,263,2024-03-03,2024-11-21,84,16.5,0,0.0,23,40,low_value
p_002453,engaged,US,android,mid,organic,0,0,265,2024-04-10,2024-12-31,84,17.2,0,0.0,27,0,low_value
p_002245,engaged,US,android,low,organic,0,1,270,2024-03-11,2024-12-06,84,18.2,0,0.0,25,25,low_value
p_002308,engaged,KR,android,mid,facebook,0,0,272,2024-04-03,2024-12-31,84,18.7,0,0.0,63,0,low_value
p_002105,engaged,IT,android,low,organic,0,0,300,2024-03-06,2024-12-31,84,16.2,0,0.0,53,0,low_value
p_002612,engaged,JP,android,mid,google,0,1,215,2024-01-24,2024-08-26,85,17.7,0,0.0,63,127,low_value
p_002343,engaged,FR,android,mid,tiktok,0,1,235,2024-01-05,2024-08-27,85,17.8,0,0.0,56,126,low_value
p_002298,engaged,US,ios,high,organic,0,1,241,2024-03-04,2024-10-31,85,17.6,0,0.0,61,61,low_value
p_002656,engaged,US,ios,mid,google,0,1,246,2024-03-07,2024-11-08,85,18.5,0,0.0,45,53,low_value
p_002648,engaged,US,ios,high,applovin,0,0,276,2024-03-30,2024-12-31,85,17.2,0,0.0,61,0,low_value
p_002355,engaged,IT,android,low,tiktok,0,1,284,2024-02-09,2024-11-19,85,16.5,0,0.0,25,42,low_value
p_002350,engaged,US,ios,mid,google,0,0,241,2024-05-04,2024-12-31,86,17.7,0,0.0,45,0,low_value
p_002139,engaged,US,ios,high,organic,0,0,258,2024-04-17,2024-12-31,86,18.1,0,0.0,44,0,low_value
p_002130,engaged,TH,ios,low,facebook,0,1,260,2024-01-15,2024-10-01,86,17.8,0,0.0,43,91,low_value
p_002191,engaged,US,android,mid,tiktok,0,1,269,2024-02-22,2024-11-17,86,17.3,0,0.0,43,44,low_value
p_002641,engaged,US,ios,mid,google,0,0,287,2024-03-19,2024-12-31,86,18.0,0,0.0,32,0,low_value
p_002499,engaged,GB,android,mid,organic,0,1,290,2024-01-20,2024-11-05,86,17.0,0,0.0,42,56,low_value
p_002244,engaged,KR,android,mid,tiktok,0,0,301,2024-03-05,2024-12-31,86,18.8,0,0.0,48,0,low_value
p_002407,engaged,US,android,mid,facebook,0,0,308,2024-02-27,2024-12-31,86,17.9,0,0.0,65,0,low_value
p_002369,engaged,MX,android,low,google,0,0,324,2024-02-11,2024-12-31,86,17.6,0,0.0,18,0,low_value
p_002379,engaged,JP,android,mid,facebook,0,0,221,2024-05-24,2024-12-31,87,17.4,0,0.0,60,0,low_value
p_002594,engaged,NL,android,low,google,0,1,227,2024-03-20,2024-11-02,87,18.0,0,0.0,50,59,low_value
p_002562,engaged,ES,ios,high,organic,0,0,235,2024-05-10,2024-12-31,87,17.9,0,0.0,18,0,low_value
p_002569,engaged,TH,android,high,google,0,0,255,2024-04-20,2024-12-31,87,16.4,0,0.0,36,0,low_value
p_002547,engaged,JP,ios,high,organic,0,1,260,2024-04-13,2024-12-29,87,17.2,0,0.0,56,2,low_value
p_002674,engaged,CA,android,low,tiktok,0,1,262,2024-01-04,2024-09-22,87,18.1,0,0.0,25,100,low_value
p_002169,engaged,IN,ios,low,applovin,0,1,267,2024-01-01,2024-09-24,87,16.9,0,0.0,25,98,low_value
p_002638,engaged,US,android,mid,facebook,0,1,275,2024-02-21,2024-11-22,87,17.9,0,0.0,32,39,low_value
p_002659,engaged,KR,android,high,organic,0,0,287,2024-03-19,2024-12-31,87,17.6,0,0.0,20,0,low_value
p_002164,engaged,KR,ios,mid,facebook,0,1,222,2024-05-11,2024-12-19,88,18.2,0,0.0,26,12,low_value
p_002234,engaged,MX,ios,mid,facebook,0,0,234,2024-05-11,2024-12-31,88,17.6,0,0.0,26,0,low_value
p_002202,engaged,AU,android,mid,tiktok,0,1,240,2024-02-22,2024-10-19,88,17.0,0,0.0,50,73,low_value
p_002474,engaged,PL,android,low,applovin,0,0,258,2024-04-17,2024-12-31,88,16.3,0,0.0,37,0,low_value
p_002156,engaged,US,android,high,organic,0,0,264,2024-04-11,2024-12-31,88,17.7,0,0.0,53,0,low_value
p_002654,engaged,TR,ios,low,google,0,0,270,2024-04-05,2024-12-31,88,18.3,0,0.0,34,0,low_value
p_002494,engaged,MX,ios,high,facebook,0,0,281,2024-03-25,2024-12-31,88,18.9,0,0.0,25,0,low_value
p_002601,engaged,KR,ios,high,facebook,0,0,334,2024-02-01,2024-12-31,88,17.8,0,0.0,50,0,low_value
p_002639,engaged,ID,android,mid,tiktok,0,1,280,2024-03-04,2024-12-09,89,18.2,0,0.0,65,22,low_value
p_002259,engaged,AU,android,low,unity_ads,0,1,282,2024-01-17,2024-10-25,89,18.0,0,0.0,40,67,low_value
p_002697,engaged,KR,android,high,other,0,1,324,2024-01-24,2024-12-13,89,17.5,0,0.0,27,18,low_value
p_002528,engaged,FR,ios,high,organic,0,1,340,2024-01-22,2024-12-27,89,17.2,0,0.0,52,4,low_value
p_002524,engaged,JP,ios,high,google,0,0,206,2024-06-08,2024-12-31,90,18.8,0,0.0,46,0,low_value
p_002515,engaged,DE,ios,low,organic,0,1,254,2024-03-12,2024-11-21,90,18.1,0,0.0,29,40,low_value
p_002235,engaged,AU,ios,low,google,0,1,263,2024-03-24,2024-12-12,90,18.0,0,0.0,65,19,low_value
p_002628,engaged,IT,ios,low,facebook,0,1,278,2024-02-28,2024-12-02,90,17.1,0,0.0,56,29,low_value
p_002457,engaged,RU,android,high,facebook,0,0,286,2024-03-20,2024-12-31,90,19.0,0,0.0,26,0,low_value
p_002572,engaged,CA,ios,low,tiktok,0,1,293,2024-02-06,2024-11-25,90,16.4,0,0.0,63,36,low_value
p_002497,engaged,TR,android,low,other,0,0,319,2024-02-16,2024-12-31,90,17.5,0,0.0,48,0,low_value
p_002694,engaged,US,android,mid,organic,0,1,248,2024-01-02,2024-09-06,91,17.8,0,0.0,53,116,low_value
p_002470,engaged,US,android,high,other,0,0,253,2024-04-22,2024-12-31,91,17.4,0,0.0,55,0,low_value
p_002110,engaged,FR,android,low,organic,0,0,259,2024-04-16,2024-12-31,91,17.1,0,0.0,51,0,low_value
p_002366,engaged,BR,android,low,other,0,0,277,2024-03-29,2024-12-31,91,18.4,0,0.0,53,0,low_value
p_002566,engaged,CA,android,high,unity_ads,0,1,284,2024-01-09,2024-10-19,91,17.6,0,0.0,51,73,low_value
p_002615,engaged,NL,android,low,google,0,0,288,2024-03-18,2024-12-31,91,17.3,0,0.0,46,0,low_value
p_002123,engaged,US,ios,mid,google,0,0,297,2024-03-09,2024-12-31,91,17.0,0,0.0,56,0,low_value
p_002525,engaged,US,ios,high,facebook,0,0,304,2024-03-02,2024-12-31,91,18.5,0,0.0,42,0,low_value
p_002227,engaged,US,ios,mid,organic,0,0,256,2024-04-19,2024-12-31,92,17.3,0,0.0,63,0,low_value
p_002199,engaged,ES,android,mid,facebook,0,1,276,2024-02-21,2024-11-23,92,18.0,0,0.0,39,38,low_value
p_002135,engaged,DE,ios,high,organic,0,0,283,2024-03-23,2024-12-31,92,16.6,0,0.0,29,0,low_value
p_002362,engaged,KR,android,mid,organic,0,1,292,2024-03-03,2024-12-20,92,17.1,0,0.0,38,11,low_value
p_002690,engaged,NL,ios,mid,other,0,0,220,2024-05-25,2024-12-31,93,16.9,0,0.0,42,0,low_value
p_002255,engaged,GB,ios,mid,organic,0,0,226,2024-05-19,2024-12-31,93,17.4,0,0.0,48,0,low_value
p_002283,engaged,PL,ios,mid,facebook,0,0,244,2024-05-01,2024-12-31,93,17.5,0,0.0,30,0,low_value
p_002447,engaged,KR,android,mid,applovin,0,0,246,2024-04-29,2024-12-31,93,17.6,0,0.0,24,0,low_value
p_002136,engaged,RU,android,mid,organic,0,1,286,2024-02-11,2024-11-23,93,18.0,0,0.0,32,38,low_value
p_002413,engaged,FR,ios,mid,tiktok,0,0,293,2024-03-13,2024-12-31,93,17.7,0,0.0,47,0,low_value
p_002543,engaged,ES,ios,mid,organic,0,1,297,2024-01-19,2024-11-11,93,17.2,0,0.0,28,50,low_value
p_002463,engaged,ID,ios,mid,organic,0,1,304,2024-02-24,2024-12-24,93,17.3,0,0.0,65,7,low_value
p_002188,engaged,FR,ios,high,organic,0,0,316,2024-02-19,2024-12-31,93,16.6,0,0.0,47,0,low_value
p_002254,engaged,BR,ios,mid,google,0,0,318,2024-02-17,2024-12-31,93,16.1,0,0.0,49,0,low_value
p_002248,engaged,GB,android,low,organic,0,0,258,2024-04-17,2024-12-31,94,17.9,0,0.0,48,0,low_value
p_002564,engaged,GB,ios,low,google,0,1,265,2024-04-02,2024-12-23,94,18.3,0,0.0,20,8,low_value
p_002170,engaged,US,android,low,organic,0,1,269,2024-02-25,2024-11-20,94,17.3,0,0.0,19,41,low_value
p_002261,engaged,US,android,low,tiktok,0,0,271,2024-04-04,2024-12-31,94,17.1,0,0.0,49,0,low_value
p_002223,engaged,ID,android,low,facebook,0,0,271,2024-04-04,2024-12-31,94,18.5,0,0.0,37,0,low_value
p_002400,engaged,GB,android,low,facebook,0,0,288,2024-03-18,2024-12-31,94,17.7,0,0.0,47,0,low_value
p_002677,engaged,US,ios,mid,organic,0,1,305,2024-02-11,2024-12-12,94,17.1,0,0.0,65,19,low_value
p_002192,engaged,GB,android,mid,organic,0,0,308,2024-02-27,2024-12-31,94,18.4,0,0.0,19,0,low_value
p_002282,engaged,FR,android,mid,google,0,1,279,2024-02-29,2024-12-04,95,16.7,0,0.0,65,27,low_value
p_002316,engaged,GB,ios,low,applovin,0,1,320,2024-01-03,2024-11-18,95,17.6,0,0.0,18,43,low_value
p_002424,engaged,US,ios,mid,facebook,0,1,224,2024-04-30,2024-12-10,96,16.1,0,0.0,23,21,low_value
p_002675,engaged,AU,ios,high,organic,0,0,250,2024-04-25,2024-12-31,96,17.4,0,0.0,65,0,low_value
p_002560,engaged,GB,android,mid,organic,0,0,257,2024-04-18,2024-12-31,96,18.4,0,0.0,30,0,low_value
p_002657,engaged,KR,android,low,facebook,0,0,269,2024-04-06,2024-12-31,96,17.9,0,0.0,61,0,low_value
p_002692,engaged,US,android,mid,applovin,0,1,271,2024-01-30,2024-10-27,96,18.1,0,0.0,56,65,low_value
p_002154,engaged,BR,android,mid,google,0,1,295,2024-01-20,2024-11-10,96,18.1,0,0.0,62,51,low_value
p_002517,engaged,TR,ios,low,organic,0,0,271,2024-04-04,2024-12-31,97,17.5,0,0.0,42,0,low_value
p_002146,engaged,IT,android,low,google,0,1,279,2024-03-16,2024-12-20,97,17.5,0,0.0,58,11,low_value
p_002196,engaged,US,android,low,tiktok,0,0,293,2024-03-13,2024-12-31,97,18.0,0,0.0,33,0,low_value
p_002217,engaged,ID,android,low,organic,0,0,301,2024-03-05,2024-12-31,97,15.9,0,0.0,35,0,low_value
p_002392,engaged,RU,ios,low,google,0,1,329,2024-01-15,2024-12-09,97,17.3,0,0.0,44,22,low_value
p_002101,engaged,JP,ios,high,applovin,0,0,275,2024-03-31,2024-12-31,98,17.8,0,0.0,54,0,low_value
p_002553,engaged,SE,android,low,tiktok,0,0,277,2024-03-29,2024-12-31,98,17.5,0,0.0,38,0,low_value
p_002322,engaged,US,android,low,organic,0,0,332,2024-02-03,2024-12-31,99,17.1,0,0.0,61,0,low_value
p_002410,engaged,US,ios,mid,facebook,0,0,271,2024-04-04,2024-12-31,100,18.5,0,0.0,49,0,low_value
p_002394,engaged,PH,android,low,tiktok,0,1,300,2024-01-10,2024-11-05,100,18.0,0,0.0,58,56,low_value
p_002431,engaged,IN,android,low,facebook,0,1,310,2024-01-21,2024-11-26,100,17.4,0,0.0,24,35,low_value
p_001155,casual,IT,ios,high,organic,0,0,13,2024-12-18,2024-12-31,0,0.0,0,0.0,1,0,low_value
p_002448,engaged,KR,android,high,facebook,0,1,294,2024-01-23,2024-11-12,101,17.4,0,0.0,32,49,low_value
p_002114,engaged,ES,android,high,unity_ads,0,0,282,2024-03-24,2024-12-31,102,17.3,0,0.0,19,0,low_value
p_002177,engaged,GB,android,low,google,0,0,316,2024-02-19,2024-12-31,102,17.5,0,0.0,26,0,low_value
p_002485,engaged,DE,ios,mid,organic,0,1,317,2024-01-23,2024-12-05,102,19.5,0,0.0,63,26,low_value
p_002542,engaged,BR,android,mid,google,0,0,319,2024-02-16,2024-12-31,102,18.1,0,0.0,56,0,low_value
p_001500,casual,DE,android,mid,google,0,0,11,2024-12-20,2024-12-31,0,0.0,0,0.0,4,0,low_value
p_002216,engaged,AR,android,mid,applovin,0,1,281,2024-02-14,2024-11-21,103,16.7,0,0.0,46,40,low_value
p_002173,engaged,CA,android,low,facebook,0,0,293,2024-03-13,2024-12-31,103,16.9,0,0.0,42,0,low_value
p_002330,engaged,DE,android,mid,organic,0,0,305,2024-03-01,2024-12-31,103,16.4,0,0.0,34,0,low_value
p_002444,engaged,JP,android,low,applovin,0,1,313,2024-02-18,2024-12-27,103,16.6,0,0.0,28,4,low_value
p_002451,engaged,IN,ios,low,facebook,0,1,312,2024-01-18,2024-11-25,104,16.4,0,0.0,62,36,low_value
p_002326,engaged,US,android,mid,organic,0,1,312,2024-01-20,2024-11-27,104,18.1,0,0.0,48,34,low_value
p_002361,engaged,US,android,high,organic,0,1,312,2024-01-15,2024-11-22,104,17.4,0,0.0,56,39,low_value
p_002239,engaged,TH,ios,high,facebook,0,1,262,2024-02-04,2024-10-23,106,17.3,0,0.0,45,69,low_value
p_002370,engaged,MX,ios,mid,facebook,0,1,305,2024-01-10,2024-11-10,106,17.6,0,0.0,43,51,low_value
p_002341,engaged,US,ios,mid,organic,0,1,308,2024-01-03,2024-11-06,106,16.0,0,0.0,19,55,low_value
p_002351,engaged,AR,ios,high,unity_ads,0,0,332,2024-02-03,2024-12-31,106,16.9,0,0.0,55,0,low_value
p_002179,engaged,US,ios,mid,tiktok,0,1,269,2024-01-24,2024-10-19,107,17.7,0,0.0,52,73,low_value
p_002376,engaged,TR,ios,high,organic,0,1,304,2024-02-26,2024-12-26,107,18.3,0,0.0,23,5,low_value
p_002277,engaged,AR,ios,mid,unity_ads,0,0,263,2024-04-12,2024-12-31,109,17.6,0,0.0,54,0,low_value
p_002672,engaged,PL,android,low,facebook,0,0,301,2024-03-05,2024-12-31,109,17.7,0,0.0,55,0,low_value
p_002145,engaged,AU,ios,high,other,0,0,305,2024-03-01,2024-12-31,109,17.7,0,0.0,49,0,low_value
p_002292,engaged,MX,ios,high,google,0,0,343,2024-01-23,2024-12-31,109,16.5,0,0.0,62,0,low_value
p_002160,engaged,US,ios,mid,organic,0,1,306,2024-01-09,2024-11-10,110,17.7,0,0.0,21,51,low_value
p_002588,engaged,RU,android,high,other,0,0,331,2024-02-04,2024-12-31,110,17.8,0,0.0,20,0,low_value
p_002616,engaged,BR,android,mid,facebook,0,0,340,2024-01-26,2024-12-31,110,17.9,0,0.0,38,0,low_value
p_002327,engaged,FR,ios,mid,tiktok,0,1,333,2024-01-27,2024-12-25,111,17.2,0,0.0,59,6,low_value
p_002286,engaged,RU,android,low,facebook,0,0,341,2024-01-25,2024-12-31,111,17.4,0,0.0,34,0,low_value
p_002215,engaged,GB,ios,mid,tiktok,0,0,320,2024-02-15,2024-12-31,112,16.9,0,0.0,23,0,low_value
p_000454,casual,US,ios,high,organic,0,0,11,2024-12-20,2024-12-31,0,0.0,0,0.0,8,0,low_value
p_002661,engaged,AU,android,mid,facebook,0,1,360,2024-01-01,2024-12-26,113,16.7,0,0.0,33,5,low_value
p_001281,casual,PH,android,mid,facebook,0,0,10,2024-12-21,2024-12-31,0,0.0,0,0.0,1,0,low_value
p_002389,engaged,DE,ios,mid,tiktok,0,0,313,2024-02-22,2024-12-31,115,17.8,0,0.0,44,0,low_value
p_002249,engaged,PH,android,low,facebook,0,1,328,2024-01-27,2024-12-20,115,17.4,0,0.0,53,11,low_value
p_002653,engaged,US,ios,high,organic,0,1,343,2024-01-07,2024-12-15,115,18.4,0,0.0,38,16,low_value
p_002274,engaged,IN,ios,high,tiktok,0,1,344,2024-01-18,2024-12-27,115,16.7,0,0.0,17,4,low_value
p_002679,engaged,TR,ios,mid,google,0,1,287,2024-03-13,2024-12-25,117,17.8,0,0.0,58,6,low_value
p_002374,engaged,AU,ios,mid,organic,0,1,326,2024-02-09,2024-12-31,117,17.6,0,0.0,32,0,low_value
p_002109,engaged,US,ios,mid,organic,0,0,336,2024-01-30,2024-12-31,117,17.4,0,0.0,50,0,low_value
p_002587,engaged,DE,android,mid,other,0,1,338,2024-01-18,2024-12-21,117,17.5,0,0.0,54,10,low_value
p_001409,casual,DE,android,mid,applovin,0,0,10,2024-12-21,2024-12-31,0,0.0,0,0.0,6,0,low_value
p_002240,engaged,KR,android,mid,google,0,0,318,2024-02-17,2024-12-31,119,19.0,0,0.0,39,0,low_value
p_001256,casual,KR,android,mid,google,0,0,8,2024-12-23,2024-12-31,0,0.0,0,0.0,8,0,low_value
p_001157,casual,AR,android,mid,organic,0,0,7,2024-12-24,2024-12-31,0,0.0,0,0.0,6,0,low_value
p_002187,engaged,IN,android,high,organic,0,1,358,2024-01-04,2024-12-27,121,18.8,0,0.0,45,4,low_value
p_000427,casual,CA,android,low,tiktok,0,0,7,2024-12-24,2024-12-31,0,0.0,0,0.0,0,0,low_value
p_001208,casual,RU,ios,low,organic,0,0,6,2024-12-25,2024-12-31,0,0.0,0,0.0,5,0,low_value
p_001216,casual,GB,android,high,organic,0,0,6,2024-12-25,2024-12-31,0,0.0,0,0.0,5,0,low_value
p_001391,casual,IT,ios,high,unity_ads,0,0,6,2024-12-25,2024-12-31,0,0.0,0,0.0,1,0,low_value
p_002157,engaged,MX,ios,low,facebook,0,1,352,2024-01-11,2024-12-28,124,18.1,0,0.0,38,3,low_value
p_001398,casual,JP,ios,mid,organic,0,0,5,2024-12-26,2024-12-31,0,0.0,0,0.0,1,0,low_value
p_001426,casual,BR,ios,mid,facebook,0,0,4,2024-12-27,2024-12-31,0,0.0,0,0.0,2,0,low_value
p_000203,early_churn,GB,android,low,organic,0,1,3,2024-10-02,2024-10-05,0,0.0,0,0.0,0,87,low_value
p_000141,early_churn,US,ios,mid,tiktok,0,1,3,2024-03-23,2024-03-26,0,0.0,0,0.0,0,280,low_value
p_000280,early_churn,GB,android,low,google,0,1,3,2024-04-19,2024-04-22,0,0.0,0,0.0,0,253,low_value
p_000134,early_churn,GB,android,mid,facebook,0,1,3,2024-04-16,2024-04-19,0,0.0,0,0.0,0,256,low_value
p_000216,early_churn,KR,ios,high,facebook,0,1,3,2024-07-07,2024-07-10,0,0.0,0,0.0,1,174,low_value
p_000066,early_churn,AU,android,mid,unity_ads,0,1,3,2024-11-08,2024-11-11,0,0.0,0,0.0,1,50,low_value
p_002691,engaged,DE,android,high,organic,0,0,347,2024-01-19,2024-12-31,129,17.7,0,0.0,36,0,low_value
p_000290,early_churn,AR,ios,mid,organic,0,1,3,2024-03-12,2024-03-15,0,0.0,0,0.0,0,291,low_value
p_000075,early_churn,CA,ios,mid,applovin,0,1,3,2024-06-12,2024-06-15,0,0.0,0,0.0,1,199,low_value
p_000060,early_churn,IN,ios,mid,applovin,0,1,3,2024-05-29,2024-06-01,0,0.0,0,0.0,0,213,low_value
p_001148,casual,PL,android,mid,organic,0,0,3,2024-12-28,2024-12-31,0,0.0,0,0.0,4,0,low_value
p_000005,early_churn,CA,android,low,organic,0,1,3,2024-12-08,2024-12-11,0,0.0,0,0.0,0,20,low_value
p_000039,early_churn,BR,ios,high,organic,0,1,3,2024-05-16,2024-05-19,0,0.0,0,0.0,1,226,low_value
p_000089,early_churn,US,android,low,google,0,1,3,2024-11-28,2024-12-01,0,0.0,0,0.0,1,30,low_value
p_000190,early_churn,IT,ios,mid,organic,0,1,3,2024-02-03,2024-02-06,0,0.0,0,0.0,0,329,low_value
p_000196,early_churn,IN,android,low,organic,0,1,3,2024-07-23,2024-07-26,0,0.0,0,0.0,1,158,low_value
p_002198,engaged,FR,ios,high,organic,0,1,318,2024-02-12,2024-12-26,133,16.8,0,0.0,51,5,low_value
p_000009,early_churn,US,android,mid,tiktok,0,1,3,2024-11-25,2024-11-28,0,0.0,0,0.0,0,33,low_value
p_000161,early_churn,JP,android,mid,organic,0,1,3,2024-05-11,2024-05-14,0,0.0,0,0.0,0,231,low_value
p_001334,casual,DE,android,low,organic,0,0,3,2024-12-28,2024-12-31,0,0.0,0,0.0,1,0,low_value
p_000097,early_churn,US,android,low,facebook,0,1,3,2024-04-20,2024-04-23,0,0.0,0,0.0,1,252,low_value
p_000256,early_churn,US,ios,high,google,0,1,3,2024-05-25,2024-05-28,0,0.0,0,0.0,1,217,low_value
p_000688,casual,US,android,mid,facebook,0,0,3,2024-12-28,2024-12-31,0,0.0,0,0.0,6,0,low_value
p_000188,early_churn,PL,ios,mid,google,0,1,3,2024-05-30,2024-06-02,0,0.0,0,0.0,0,212,low_value
p_000270,early_churn,US,android,low,facebook,0,1,3,2024-01-20,2024-01-23,0,0.0,0,0.0,0,343,low_value
p_000142,early_churn,US,ios,low,google,0,1,3,2024-12-21,2024-12-24,0,0.0,0,0.0,1,7,low_value
p_000147,early_churn,US,android,mid,organic,0,1,3,2024-11-01,2024-11-04,0,0.0,0,0.0,1,57,low_value
p_000293,early_churn,GB,android,low,google,0,1,3,2024-01-01,2024-01-04,0,0.0,0,0.0,0,362,low_value
p_000230,early_churn,MX,android,high,unity_ads,0,1,3,2024-06-23,2024-06-26,0,0.0,0,0.0,1,188,low_value
p_000238,early_churn,FR,android,low,unity_ads,0,1,3,2024-08-08,2024-08-11,0,0.0,0,0.0,1,142,low_value
p_000073,early_churn,JP,android,mid,tiktok,0,1,3,2024-10-13,2024-10-16,0,0.0,0,0.0,0,76,low_value
p_000118,early_churn,US,android,mid,google,0,1,3,2024-11-01,2024-11-04,0,0.0,0,0.0,0,57,low_value
p_000129,early_churn,US,android,high,organic,0,1,3,2024-04-24,2024-04-27,0,0.0,0,0.0,0,248,low_value
p_000261,early_churn,US,ios,mid,facebook,0,1,3,2024-11-13,2024-11-16,0,0.0,0,0.0,0,45,low_value
p_000002,early_churn,JP,ios,mid,organic,0,1,3,2024-07-02,2024-07-05,0,0.0,0,0.0,0,179,low_value
p_000253,early_churn,JP,ios,high,google,0,1,3,2024-02-19,2024-02-22,0,0.0,0,0.0,0,313,low_value
p_000189,early_churn,AU,android,low,google,0,1,3,2024-11-11,2024-11-14,0,0.0,0,0.0,0,47,low_value
p_000191,early_churn,AU,ios,mid,tiktok,0,1,3,2024-02-04,2024-02-07,0,0.0,0,0.0,0,328,low_value
p_000226,early_churn,CA,ios,mid,unity_ads,0,1,3,2024-06-18,2024-06-21,0,0.0,0,0.0,0,193,low_value
p_000041,early_churn,BR,ios,high,google,0,1,3,2024-02-13,2024-02-16,0,0.0,0,0.0,1,319,low_value
p_000169,early_churn,MX,ios,mid,unity_ads,0,1,3,2024-12-23,2024-12-26,0,0.0,0,0.0,0,5,low_value
p_000195,early_churn,US,android,mid,google,0,1,3,2024-05-29,2024-06-01,0,0.0,0,0.0,0,213,low_value
p_000187,early_churn,PH,android,mid,tiktok,0,1,3,2024-01-02,2024-01-05,0,0.0,0,0.0,0,361,low_value
p_001795,casual,PH,android,mid,google,0,0,3,2024-12-28,2024-12-31,0,0.0,0,0.0,2,0,low_value
p_000004,early_churn,ES,ios,mid,organic,0,1,2,2024-04-11,2024-04-13,0,0.0,0,0.0,0,262,low_value
p_001239,casual,AU,android,low,organic,0,0,2,2024-12-29,2024-12-31,0,0.0,0,0.0,8,0,low_value
p_000001,early_churn,AR,ios,high,applovin,0,1,2,2024-08-03,2024-08-05,0,0.0,0,0.0,1,148,low_value
p_000291,early_churn,GB,ios,high,facebook,0,1,2,2024-10-03,2024-10-05,0,0.0,0,0.0,0,87,low_value
p_000143,early_churn,PH,android,high,organic,0,1,2,2024-12-06,2024-12-08,0,0.0,0,0.0,0,23,low_value
p_000148,early_churn,US,ios,high,organic,0,1,2,2024-10-27,2024-10-29,0,0.0,0,0.0,1,63,low_value
p_000006,early_churn,US,ios,high,organic,0,1,2,2024-02-06,2024-02-08,0,0.0,0,0.0,0,327,low_value
p_000194,early_churn,MX,android,low,organic,0,1,2,2024-10-24,2024-10-26,0,0.0,0,0.0,0,66,low_value
p_000058,early_churn,US,ios,mid,organic,0,1,2,2024-07-11,2024-07-13,0,0.0,0,0.0,1,171,low_value
p_000271,early_churn,BR,ios,high,organic,0,1,2,2024-05-17,2024-05-19,0,0.0,0,0.0,0,226,low_value
p_000162,early_churn,AR,android,mid,facebook,0,1,2,2024-08-09,2024-08-11,0,0.0,0,0.0,0,142,low_value
p_000093,early_churn,IT,android,low,tiktok,0,1,2,2024-06-25,2024-06-27,0,0.0,0,0.0,1,187,low_value
p_000063,early_churn,BR,android,low,organic,0,1,2,2024-08-10,2024-08-12,0,0.0,0,0.0,1,141,low_value
p_000067,early_churn,AR,ios,high,organic,0,1,2,2024-06-07,2024-06-09,0,0.0,0,0.0,1,205,low_value
p_000095,early_churn,US,android,high,applovin,0,1,2,2024-09-06,2024-09-08,0,0.0,0,0.0,0,114,low_value
p_000150,early_churn,FR,ios,high,google,0,1,2,2024-03-30,2024-04-01,0,0.0,0,0.0,1,274,low_value
p_000074,early_churn,TH,ios,mid,applovin,0,1,2,2024-01-07,2024-01-09,0,0.0,0,0.0,0,357,low_value
p_000112,early_churn,US,android,mid,organic,0,1,2,2024-02-26,2024-02-28,0,0.0,0,0.0,1,307,low_value
p_000068,early_churn,ID,ios,mid,tiktok,0,1,2,2024-02-04,2024-02-06,0,0.0,0,0.0,0,329,low_value
p_000052,early_churn,US,android,mid,unity_ads,0,1,2,2024-02-15,2024-02-17,0,0.0,0,0.0,1,318,low_value
p_000269,early_churn,PL,android,high,applovin,0,1,2,2024-07-06,2024-07-08,0,0.0,0,0.0,1,176,low_value
p_000126,early_churn,US,android,mid,google,0,1,2,2024-01-23,2024-01-25,0,0.0,0,0.0,0,341,low_value
p_000030,early_churn,US,android,mid,organic,0,1,2,2024-07-05,2024-07-07,0,0.0,0,0.0,0,177,low_value
p_000176,early_churn,JP,android,high,unity_ads,0,1,2,2024-05-31,2024-06-02,0,0.0,0,0.0,1,212,low_value
p_001414,casual,AR,android,low,organic,0,0,2,2024-12-29,2024-12-31,0,0.0,0,0.0,5,0,low_value
p_000059,early_churn,CA,android,low,organic,0,1,2,2024-05-20,2024-05-22,0,0.0,0,0.0,1,223,low_value
p_000233,early_churn,DE,android,low,applovin,0,1,2,2024-09-17,2024-09-19,0,0.0,0,0.0,1,103,low_value
p_000130,early_churn,US,android,mid,organic,0,1,2,2024-01-08,2024-01-10,0,0.0,0,0.0,0,356,low_value
p_000119,early_churn,DE,android,high,organic,0,1,2,2024-11-24,2024-11-26,0,0.0,0,0.0,1,35,low_value
p_000339,casual,ES,android,low,organic,0,0,2,2024-12-29,2024-12-31,0,0.0,0,0.0,2,0,low_value
p_000000,early_churn,GB,android,mid,other,0,1,2,2024-07-03,2024-07-05,0,0.0,0,0.0,0,179,low_value
p_000050,early_churn,AR,ios,mid,google,0,1,2,2024-02-18,2024-02-20,0,0.0,0,0.0,1,315,low_value
p_000276,early_churn,FR,ios,mid,organic,0,1,2,2024-04-06,2024-04-08,0,0.0,0,0.0,0,267,low_value
p_000080,early_churn,PL,android,low,applovin,0,1,2,2024-08-18,2024-08-20,0,0.0,0,0.0,1,133,low_value
p_000205,early_churn,AR,android,low,organic,0,1,2,2024-04-23,2024-04-25,0,0.0,0,0.0,1,250,low_value
p_000121,early_churn,US,ios,high,applovin,0,1,2,2024-12-07,2024-12-09,0,0.0,0,0.0,0,22,low_value
p_000056,early_churn,CA,android,mid,tiktok,0,1,2,2024-10-28,2024-10-30,0,0.0,0,0.0,1,62,low_value
p_000092,early_churn,KR,ios,low,tiktok,0,1,2,2024-01-07,2024-01-09,0,0.0,0,0.0,0,357,low_value
p_000221,early_churn,US,ios,high,organic,0,1,2,2024-05-06,2024-05-08,0,0.0,0,0.0,1,237,low_value
p_000111,early_churn,AR,ios,high,organic,0,1,2,2024-09-29,2024-10-01,0,0.0,0,0.0,1,91,low_value
p_000254,early_churn,FR,ios,mid,google,0,1,1,2024-03-15,2024-03-16,0,0.0,0,0.0,1,290,low_value
p_000767,casual,BR,ios,mid,tiktok,0,0,1,2024-12-30,2024-12-31,0,0.0,0,0.0,4,0,low_value
p_001680,casual,JP,android,mid,tiktok,0,0,1,2024-12-30,2024-12-31,0,0.0,0,0.0,1,0,low_value
p_000184,early_churn,US,ios,high,tiktok,0,1,1,2024-08-07,2024-08-08,0,0.0,0,0.0,0,145,low_value
p_000228,early_churn,TR,ios,mid,facebook,0,1,1,2024-11-28,2024-11-29,0,0.0,0,0.0,1,32,low_value
p_000103,early_churn,ID,android,high,tiktok,0,1,1,2024-11-24,2024-11-25,0,0.0,0,0.0,1,36,low_value
p_000212,early_churn,US,ios,mid,applovin,0,1,1,2024-07-29,2024-07-30,0,0.0,0,0.0,1,154,low_value
p_000146,early_churn,CA,ios,high,facebook,0,1,1,2024-11-03,2024-11-04,0,0.0,0,0.0,1,57,low_value
p_000297,early_churn,BR,ios,low,google,0,1,1,2024-07-08,2024-07-09,0,0.0,0,0.0,1,175,low_value
p_000172,early_churn,US,ios,mid,organic,0,1,1,2024-05-14,2024-05-15,0,0.0,0,0.0,0,230,low_value
p_000185,early_churn,MX,android,low,organic,0,1,1,2024-03-29,2024-03-30,0,0.0,0,0.0,1,276,low_value
p_000113,early_churn,DE,android,low,facebook,0,1,1,2024-03-11,2024-03-12,0,0.0,0,0.0,1,294,low_value
p_000186,early_churn,US,android,mid,facebook,0,1,1,2024-10-01,2024-10-02,0,0.0,0,0.0,1,90,low_value
p_000251,early_churn,US,android,high,organic,0,1,1,2024-08-23,2024-08-24,0,0.0,0,0.0,0,129,low_value
p_000045,early_churn,IN,android,high,organic,0,1,1,2024-08-28,2024-08-29,0,0.0,0,0.0,0,124,low_value
p_000167,early_churn,AR,ios,mid,organic,0,1,1,2024-10-21,2024-10-22,0,0.0,0,0.0,0,70,low_value
p_000179,early_churn,ES,android,mid,unity_ads,0,1,1,2024-11-15,2024-11-16,0,0.0,0,0.0,1,45,low_value
p_000138,early_churn,IN,android,mid,facebook,0,1,1,2024-10-11,2024-10-12,0,0.0,0,0.0,0,80,low_value
p_000062,early_churn,US,ios,low,applovin,0,1,1,2024-03-09,2024-03-10,0,0.0,0,0.0,1,296,low_value
p_000011,early_churn,US,android,mid,unity_ads,0,1,1,2024-05-05,2024-05-06,0,0.0,0,0.0,0,239,low_value
p_000159,early_churn,GB,android,high,unity_ads,0,1,1,2024-08-11,2024-08-12,0,0.0,0,0.0,0,141,low_value
p_000289,early_churn,US,ios,mid,tiktok,0,1,1,2024-01-10,2024-01-11,0,0.0,0,0.0,0,355,low_value
p_000171,early_churn,MX,ios,high,organic,0,1,1,2024-08-21,2024-08-22,0,0.0,0,0.0,1,131,low_value
p_000232,early_churn,US,ios,mid,facebook,0,1,1,2024-05-19,2024-05-20,0,0.0,0,0.0,0,225,low_value
p_000015,early_churn,AU,ios,high,organic,0,1,1,2024-09-24,2024-09-25,0,0.0,0,0.0,1,97,low_value
p_000065,early_churn,US,ios,high,google,0,1,1,2024-09-25,2024-09-26,0,0.0,0,0.0,1,96,low_value
p_000296,early_churn,IN,ios,high,facebook,0,1,1,2024-04-08,2024-04-09,0,0.0,0,0.0,0,266,low_value
p_000078,early_churn,GB,android,high,tiktok,0,1,1,2024-12-14,2024-12-15,0,0.0,0,0.0,0,16,low_value
p_000155,early_churn,US,android,mid,organic,0,1,1,2024-08-06,2024-08-07,0,0.0,0,0.0,1,146,low_value
p_000209,early_churn,CA,android,high,tiktok,0,1,1,2024-08-14,2024-08-15,0,0.0,0,0.0,0,138,low_value
p_000033,early_churn,PL,android,low,organic,0,1,1,2024-09-29,2024-09-30,0,0.0,0,0.0,0,92,low_value
p_000079,early_churn,AU,android,mid,organic,0,1,1,2024-11-13,2024-11-14,0,0.0,0,0.0,1,47,low_value
p_000061,early_churn,RU,ios,low,google,0,1,1,2024-09-22,2024-09-23,0,0.0,0,0.0,1,99,low_value
p_000014,early_churn,BR,ios,high,google,0,1,1,2024-12-16,2024-12-17,0,0.0,0,0.0,0,14,low_value
p_000018,early_churn,FR,android,high,facebook,0,1,1,2024-01-02,2024-01-03,0,0.0,0,0.0,0,363,low_value
p_000283,early_churn,GB,ios,high,organic,0,1,1,2024-10-08,2024-10-09,0,0.0,0,0.0,1,83,low_value
p_001343,casual,FR,android,high,facebook,0,0,1,2024-12-30,2024-12-31,0,0.0,0,0.0,4,0,low_value
p_000267,early_churn,BR,ios,high,organic,0,1,1,2024-08-30,2024-08-31,0,0.0,0,0.0,0,122,low_value
p_000153,early_churn,US,ios,low,facebook,0,1,1,2024-05-19,2024-05-20,0,0.0,0,0.0,0,225,low_value
p_000298,early_churn,MX,android,low,facebook,0,1,1,2024-03-16,2024-03-17,0,0.0,0,0.0,0,289,low_value
p_000108,early_churn,TR,ios,mid,organic,0,1,1,2024-07-01,2024-07-02,0,0.0,0,0.0,0,182,low_value
p_000282,early_churn,TR,android,high,facebook,0,1,1,2024-04-21,2024-04-22,0,0.0,0,0.0,0,253,low_value
p_000210,early_churn,IT,android,mid,organic,0,1,1,2024-01-05,2024-01-06,0,0.0,0,0.0,0,360,low_value
p_000038,early_churn,JP,ios,mid,organic,0,1,1,2024-09-19,2024-09-20,0,0.0,0,0.0,0,102,low_value
p_000064,early_churn,FR,ios,low,organic,0,1,1,2024-07-16,2024-07-17,0,0.0,0,0.0,0,167,low_value
p_000151,early_churn,US,ios,high,unity_ads,0,1,1,2024-05-22,2024-05-23,0,0.0,0,0.0,0,222,low_value
p_000139,early_churn,US,ios,high,facebook,0,1,1,2024-09-10,2024-09-11,0,0.0,0,0.0,0,111,low_value
p_000154,early_churn,FR,ios,mid,applovin,0,1,1,2024-04-21,2024-04-22,0,0.0,0,0.0,0,253,low_value
p_000144,early_churn,BR,android,mid,organic,0,1,1,2024-01-01,2024-01-02,0,0.0,0,0.0,0,364,low_value
p_000145,early_churn,RU,ios,mid,organic,0,1,1,2024-09-29,2024-09-30,0,0.0,0,0.0,1,92,low_value
p_000157,early_churn,BR,android,high,organic,0,1,1,2024-04-06,2024-04-07,0,0.0,0,0.0,0,268,low_value
p_000028,early_churn,GB,ios,high,organic,0,1,1,2024-07-26,2024-07-27,0,0.0,0,0.0,0,157,low_value
p_000107,early_churn,SE,android,mid,organic,0,1,1,2024-06-28,2024-06-29,0,0.0,0,0.0,1,185,low_value
p_000897,casual,IN,ios,mid,organic,0,1,75,2024-05-09,2024-07-23,6,6.6,0,0.0,3,161,low_value
p_000809,casual,US,android,mid,tiktok,0,1,75,2024-01-23,2024-04-07,6,6.6,0,0.0,3,268,low_value
p_001332,casual,FR,ios,mid,google,0,1,87,2024-03-13,2024-06-08,7,6.7,0,0.0,3,206,low_value