player_id,archetype,install_date,country_code,platform,device_tier,acquisition_channel,is_payer,lifetime_days,last_active_date,is_churned,total_sessions,total_purchases,total_revenue_usd,total_social_interactions,friends_count
p_001433,casual,2024-05-15,FR,android,mid,tiktok,0,85,2024-08-08,1,11,0,0,15,1
p_002090,burst,2024-09-16,FR,android,low,organic,0,7,2024-09-23,1,4,0,0,16,2
p_002825,whale_payer,2024-02-28,MX,android,low,facebook,1,307,2024-12-31,0,196,32,305.68,76,8
p_001122,casual,2024-08-11,KR,ios,mid,organic,0,81,2024-10-31,1,5,0,0,15,3
p_001494,casual,2024-07-14,ES,ios,low,google,0,52,2024-09-04,1,5,0,0,11,1
p_001807,burst,2024-04-04,AU,android,high,google,1,15,2024-04-19,1,13,2,5.98,20,2
p_002657,engaged,2024-04-06,KR,android,low,facebook,0,269,2024-12-31,0,96,0,0,116,14
p_002392,engaged,2024-01-15,RU,ios,low,google,0,329,2024-12-09,1,97,0,0,92,12
p_000550,casual,2024-10-19,TH,ios,mid,facebook,0,61,2024-12-19,1,5,0,0,11,2
p_001795,casual,2024-12-28,PH,android,mid,google,0,3,2024-12-31,0,0,0,0,4,0
p_000244,early_churn,2024-04-30,CA,android,mid,facebook,0,1,2024-05-01,1,0,0,0,0,0
p_001282,casual,2024-12-02,TR,ios,high,google,0,29,2024-12-31,0,1,0,0,4,0
p_001166,casual,2024-04-06,US,android,high,organic,0,18,2024-04-24,1,4,0,0,9,1
p_002351,engaged,2024-02-03,AR,ios,high,unity_ads,0,332,2024-12-31,0,106,0,0,116,15
p_000485,casual,2024-06-29,BR,ios,mid,organic,0,75,2024-09-12,1,10,0,0,20,3
p_000308,casual,2024-04-11,JP,android,high,organic,0,32,2024-05-13,1,2,0,0,8,1
p_001657,casual,2024-04-07,GB,ios,high,organic,0,15,2024-04-22,1,1,0,0,8,1
p_002567,engaged,2024-06-18,US,android,mid,tiktok,0,196,2024-12-31,0,56,0,0,78,11
p_001678,casual,2024-11-15,JP,android,mid,tiktok,0,36,2024-12-21,1,7,0,0,11,1
p_001469,casual,2024-12-02,BR,android,mid,facebook,0,27,2024-12-29,1,2,0,0,13,1
p_002866,minnow_payer,2024-05-03,US,android,mid,tiktok,1,138,2024-09-18,1,21,4,3.96,27,3
p_000309,casual,2024-07-27,IT,ios,low,applovin,0,36,2024-09-01,1,4,0,0,15,5
p_001222,casual,2024-11-26,US,android,low,organic,0,20,2024-12-16,1,1,0,0,3,0
p_001981,burst,2024-12-28,FR,ios,mid,google,0,3,2024-12-31,0,2,0,0,7,1
p_002432,engaged,2024-02-15,RU,android,low,facebook,0,254,2024-10-26,1,80,0,0,106,16
p_000955,casual,2024-10-24,US,ios,mid,facebook,0,68,2024-12-31,0,6,0,0,16,0
p_002274,engaged,2024-01-18,IN,ios,high,tiktok,0,344,2024-12-27,1,115,0,0,75,5
p_002868,minnow_payer,2024-08-26,US,ios,mid,facebook,1,61,2024-10-26,1,9,5,27.95,23,5
p_001794,casual,2024-02-27,JP,android,mid,unity_ads,0,43,2024-04-10,1,4,0,0,9,1
p_001404,casual,2024-12-03,FR,android,low,applovin,0,28,2024-12-31,0,1,0,0,9,2
p_001689,casual,2024-03-26,DE,ios,high,organic,0,27,2024-04-22,1,1,0,0,7,0
p_001576,casual,2024-06-11,GB,ios,low,facebook,0,65,2024-08-15,1,6,0,0,20,4
p_001415,casual,2024-01-06,PH,ios,mid,applovin,0,32,2024-02-07,1,5,0,0,6,2
p_001850,burst,2024-03-31,JP,android,low,unity_ads,0,19,2024-04-19,1,14,0,0,22,6
p_002630,engaged,2024-04-20,US,ios,mid,other,0,255,2024-12-31,0,65,0,0,94,10
p_002030,burst,2024-11-27,GB,ios,mid,organic,0,16,2024-12-13,1,13,0,0,9,0
p_001243,casual,2024-11-13,MX,ios,mid,organic,0,48,2024-12-31,0,6,0,0,8,1
p_002878,minnow_payer,2024-01-20,AU,ios,mid,applovin,1,147,2024-06-15,1,29,15,26.85,21,1
p_002489,engaged,2024-05-22,BR,android,low,organic,0,223,2024-12-31,0,71,0,0,75,10
p_000617,casual,2024-02-23,US,ios,low,organic,0,81,2024-05-14,1,7,0,0,15,1
p_002770,whale_payer,2024-03-31,AR,android,low,facebook,1,275,2024-12-31,0,204,68,743.32,101,12
p_002081,burst,2024-05-23,MX,ios,mid,applovin,0,19,2024-06-11,1,10,0,0,18,0
p_002654,engaged,2024-04-05,TR,ios,low,google,0,270,2024-12-31,0,88,0,0,81,10
p_000107,early_churn,2024-06-28,SE,android,mid,organic,0,1,2024-06-29,1,0,0,0,2,0
p_002756,whale_payer,2024-01-24,US,ios,mid,tiktok,1,261,2024-10-11,1,207,71,837.29,57,8
p_001945,burst,2024-11-10,MX,android,mid,tiktok,0,8,2024-11-18,1,4,0,0,18,1
p_001852,burst,2024-10-19,CA,ios,low,google,0,10,2024-10-29,1,5,0,0,12,1
p_001963,burst,2024-07-09,KR,android,mid,google,0,8,2024-07-17,1,6,0,0,21,3
p_002860,minnow_payer,2024-07-27,JP,ios,high,organic,1,157,2024-12-31,0,20,3,7.97,45,4
p_002007,burst,2024-07-17,PH,ios,mid,organic,0,16,2024-08-02,1,13,0,0,25,1
p_002564,engaged,2024-04-02,GB,ios,low,google,0,265,2024-12-23,1,94,0,0,66,10
p_000111,early_churn,2024-09-29,AR,ios,high,organic,0,2,2024-10-01,1,0,0,0,1,0
p_000995,casual,2024-01-14,JP,android,low,facebook,0,42,2024-02-25,1,6,0,0,10,1
p_000028,early_churn,2024-07-26,GB,ios,high,organic,0,1,2024-07-27,1,0,0,0,0,0
p_001716,casual,2024-09-14,JP,android,low,organic,0,27,2024-10-11,1,3,0,0,12,1
p_001536,casual,2024-11-25,FR,ios,high,organic,0,36,2024-12-31,0,6,0,0,3,1
p_002204,engaged,2024-06-02,NL,android,high,organic,0,212,2024-12-31,0,59,0,0,58,10
p_002645,engaged,2024-02-19,MX,android,mid,applovin,0,180,2024-08-17,1,64,0,0,85,10
p_001652,casual,2024-02-17,DE,android,low,organic,0,23,2024-03-11,1,3,0,0,10,0
p_001159,casual,2024-07-13,US,ios,high,organic,0,72,2024-09-23,1,5,0,0,17,1
p_001579,casual,2024-09-13,JP,android,mid,facebook,0,27,2024-10-10,1,0,0,0,4,2
p_002644,engaged,2024-05-31,CA,android,high,unity_ads,0,214,2024-12-31,0,61,0,0,85,14
p_002541,engaged,2024-02-05,KR,ios,high,facebook,0,198,2024-08-21,1,58,0,0,55,8
p_001671,casual,2024-01-03,BR,android,low,applovin,0,63,2024-03-06,1,2,0,0,11,1
p_001015,casual,2024-11-14,AU,ios,mid,organic,0,24,2024-12-08,1,0,0,0,11,1
p_002123,engaged,2024-03-09,US,ios,mid,google,0,297,2024-12-31,0,91,0,0,104,11
p_002287,engaged,2024-04-27,IT,ios,mid,organic,0,155,2024-09-29,1,43,0,0,63,11
p_000157,early_churn,2024-04-06,BR,android,high,organic,0,1,2024-04-07,1,0,0,0,0,0
p_002060,burst,2024-10-12,KR,ios,high,google,0,12,2024-10-24,1,4,0,0,12,2
p_001930,burst,2024-01-31,KR,ios,low,organic,0,18,2024-02-18,1,18,0,0,12,1
p_001458,casual,2024-05-24,IN,ios,high,google,0,33,2024-06-26,1,2,0,0,10,4
p_002163,engaged,2024-03-16,PL,ios,low,facebook,0,140,2024-08-03,1,42,0,0,51,6
p_000440,casual,2024-08-28,JP,android,mid,organic,0,88,2024-11-24,1,9,0,0,20,4
p_001660,casual,2024-10-09,ID,android,mid,facebook,0,15,2024-10-24,1,2,0,0,7,0
p_000145,early_churn,2024-09-29,RU,ios,mid,organic,0,1,2024-09-30,1,0,0,0,1,0
p_002338,engaged,2024-07-09,DE,android,low,google,0,129,2024-11-15,1,43,0,0,88,8
p_002856,minnow_payer,2024-02-12,GB,android,mid,facebook,1,232,2024-10-01,1,29,12,36.88,54,6
p_000085,early_churn,2024-03-23,GB,android,mid,organic,0,2,2024-03-25,1,1,0,0,2,0
p_001492,casual,2024-11-19,BR,android,mid,google,1,40,2024-12-29,1,1,1,0.99,10,1
p_002803,whale_payer,2024-02-06,BR,ios,mid,google,1,329,2024-12-31,0,269,46,401.54,73,4
p_000639,casual,2024-03-07,GB,android,low,facebook,0,15,2024-03-22,1,2,0,0,7,2
p_001041,casual,2024-05-09,JP,android,low,organic,0,26,2024-06-04,1,0,0,0,9,0
p_000417,casual,2024-12-12,IN,ios,high,organic,0,16,2024-12-28,1,4,0,0,19,6
p_001736,casual,2024-08-03,JP,android,low,applovin,0,22,2024-08-25,1,2,0,0,4,1
p_001221,casual,2024-08-14,GB,android,low,google,0,17,2024-08-31,1,1,0,0,12,1
p_002150,engaged,2024-06-14,ES,android,mid,google,0,200,2024-12-31,0,54,0,0,57,3
p_002829,whale_payer,2024-04-30,RU,android,low,organic,1,222,2024-12-08,1,164,75,770.25,64,6
p_001261,casual,2024-08-11,MX,ios,high,facebook,1,61,2024-10-11,1,3,2,3.98,18,4
p_001654,casual,2024-01-08,US,ios,mid,facebook,0,48,2024-02-25,1,5,0,0,4,0
p_000608,casual,2024-02-02,BR,ios,low,facebook,0,49,2024-03-22,1,4,0,0,6,1
p_002523,engaged,2024-06-27,BR,android,low,organic,0,187,2024-12-31,0,53,0,0,74,7
p_000835,casual,2024-03-04,US,ios,low,facebook,0,22,2024-03-26,1,3,0,0,7,0
p_000094,early_churn,2024-07-19,TH,android,mid,organic,0,3,2024-07-22,1,1,0,0,0,0
p_001014,casual,2024-07-03,CA,ios,mid,google,0,20,2024-07-23,1,2,0,0,12,3
p_000513,casual,2024-01-11,GB,ios,high,facebook,0,26,2024-02-06,1,2,0,0,6,1
p_000820,casual,2024-09-16,US,ios,mid,organic,0,24,2024-10-10,1,2,0,0,12,2
p_002124,engaged,2024-06-24,RU,ios,high,google,0,190,2024-12-31,0,57,0,0,65,5
p_001990,burst,2024-12-23,AR,android,mid,facebook,0,8,2024-12-31,1,4,0,0,11,1
p_002995,minnow_payer,2024-02-16,JP,android,low,google,1,221,2024-09-24,1,30,7,18.93,44,6
p_002219,engaged,2024-06-28,TH,android,high,organic,0,186,2024-12-31,0,68,0,0,56,5
p_002199,engaged,2024-02-21,ES,android,mid,facebook,0,276,2024-11-23,1,92,0,0,91,10
p_002520,engaged,2024-06-03,DE,ios,low,organic,0,211,2024-12-31,0,68,0,0,82,12
p_002559,engaged,2024-06-22,DE,android,mid,facebook,0,192,2024-12-31,0,65,0,0,69,12
p_001950,burst,2024-12-21,KR,ios,mid,organic,0,7,2024-12-28,1,9,0,0,12,2
p_001907,burst,2024-09-06,JP,android,mid,google,0,12,2024-09-18,1,8,0,0,17,1
p_001749,casual,2024-05-05,DE,ios,mid,facebook,0,24,2024-05-29,1,1,0,0,9,0
p_002193,engaged,2024-01-19,AU,ios,high,facebook,0,191,2024-07-28,1,58,0,0,73,7
p_000650,casual,2024-09-13,US,ios,mid,organic,0,61,2024-11-13,1,3,0,0,10,1
p_000295,early_churn,2024-10-12,PL,android,low,other,0,1,2024-10-13,1,1,0,0,0,0
p_000221,early_churn,2024-05-06,US,ios,high,organic,0,2,2024-05-08,1,0,0,0,2,0
p_002017,burst,2024-01-02,IN,android,high,google,0,16,2024-01-18,1,16,0,0,2,1
p_000625,casual,2024-11-06,KR,android,low,tiktok,0,35,2024-12-11,1,3,0,0,11,0
p_001611,casual,2024-04-23,BR,android,high,other,0,62,2024-06-24,1,5,0,0,10,0
p_000677,casual,2024-03-31,US,android,low,tiktok,0,52,2024-05-22,1,6,0,0,7,0
p_002898,minnow_payer,2024-08-11,NL,android,high,facebook,1,142,2024-12-31,0,13,9,13.91,40,8
p_002760,whale_payer,2024-03-04,GB,android,low,unity_ads,1,302,2024-12-31,0,241,85,818.15,103,12
p_001717,casual,2024-07-28,US,android,low,organic,0,17,2024-08-14,1,2,0,0,2,0
p_002478,engaged,2024-06-19,CA,ios,high,other,1,139,2024-11-05,1,40,4,4.96,50,7
p_002500,engaged,2024-02-13,IN,android,mid,facebook,0,217,2024-09-17,1,71,0,0,107,12
p_001529,casual,2024-06-01,IN,android,low,facebook,0,44,2024-07-15,1,7,0,0,8,2
p_000362,casual,2024-05-11,SE,ios,high,facebook,0,19,2024-05-30,1,1,0,0,8,1
p_000785,casual,2024-04-04,AR,ios,mid,organic,0,45,2024-05-19,1,4,0,0,12,1
p_000101,early_churn,2024-07-26,US,ios,high,google,0,1,2024-07-27,1,3,0,0,0,0
p_000092,early_churn,2024-01-07,KR,ios,low,tiktok,0,2,2024-01-09,1,0,0,0,0,0
p_000553,casual,2024-10-20,BR,android,low,organic,0,72,2024-12-31,0,5,0,0,18,3
p_002721,whale_payer,2024-04-21,MX,ios,mid,applovin,1,254,2024-12-31,0,161,76,857.24,66,7
p_001721,casual,2024-07-02,US,android,mid,facebook,0,36,2024-08-07,1,2,0,0,9,1
p_002020,burst,2024-10-04,MX,ios,mid,facebook,0,16,2024-10-20,1,11,0,0,20,3
p_002570,engaged,2024-05-31,US,android,low,tiktok,0,184,2024-12-01,1,46,0,0,47,4
p_002016,burst,2024-03-08,BR,ios,mid,google,0,21,2024-03-29,1,14,0,0,15,3
p_001949,burst,2024-02-04,IT,ios,low,facebook,0,7,2024-02-11,1,7,0,0,15,3
p_000054,early_churn,2024-01-27,GB,ios,mid,organic,0,1,2024-01-28,1,1,0,0,0,0
p_001627,casual,2024-05-04,GB,android,high,unity_ads,0,14,2024-05-18,1,2,0,0,6,2
p_002005,burst,2024-08-04,DE,ios,high,organic,0,17,2024-08-21,1,15,0,0,7,0
p_001909,burst,2024-12-01,US,ios,high,organic,0,21,2024-12-22,1,11,0,0,24,0
p_002355,engaged,2024-02-09,IT,android,low,tiktok,0,284,2024-11-19,1,85,0,0,66,4
p_000144,early_churn,2024-01-01,BR,android,mid,organic,0,1,2024-01-02,1,0,0,0,0,0
p_001674,casual,2024-05-16,US,ios,high,organic,0,54,2024-07-09,1,5,0,0,15,3
p_000341,casual,2024-12-25,BR,ios,high,organic,0,6,2024-12-31,0,1,0,0,6,1
p_002480,engaged,2024-04-06,US,ios,low,organic,0,269,2024-12-31,0,78,0,0,94,9
p_001566,casual,2024-02-08,TH,ios,mid,unity_ads,0,52,2024-03-31,1,4,0,0,2,0
p_000057,early_churn,2024-11-09,GB,ios,mid,tiktok,0,1,2024-11-10,1,2,0,0,0,0
p_001606,casual,2024-04-25,DE,ios,high,unity_ads,0,15,2024-05-10,1,1,0,0,7,0
p_002600,engaged,2024-07-03,US,android,mid,facebook,0,181,2024-12-31,0,62,0,0,45,3
p_001622,casual,2024-04-28,GB,android,high,facebook,0,69,2024-07-06,1,4,0,0,18,5
p_002889,minnow_payer,2024-06-29,IN,android,mid,facebook,1,162,2024-12-08,1,16,16,78.84,28,6
p_001273,casual,2024-03-23,JP,ios,high,facebook,0,45,2024-05-07,1,6,0,0,11,0
p_000351,casual,2024-07-30,DE,android,mid,applovin,0,45,2024-09-13,1,4,0,0,14,1
p_002814,whale_payer,2024-05-08,TR,android,mid,google,1,237,2024-12-31,0,177,85,875.15,85,15
p_002367,engaged,2024-02-10,AU,ios,high,organic,0,205,2024-09-02,1,73,0,0,65,6
p_000543,casual,2024-10-12,US,ios,low,facebook,0,71,2024-12-22,1,8,0,0,22,3
p_001293,casual,2024-07-23,IT,ios,mid,organic,0,55,2024-09-16,1,5,0,0,17,6
p_001820,burst,2024-03-10,NL,ios,mid,organic,0,12,2024-03-22,1,7,0,0,8,0
p_000987,casual,2024-08-09,RU,android,mid,organic,0,57,2024-10-05,1,5,0,0,7,1
p_000328,casual,2024-03-22,US,ios,high,facebook,0,55,2024-05-16,1,9,0,0,14,3
p_000756,casual,2024-04-12,JP,android,low,applovin,0,35,2024-05-17,1,4,0,0,5,2
p_002490,engaged,2024-01-18,JP,ios,high,google,0,211,2024-08-16,1,67,0,0,49,5
p_001441,casual,2024-01-25,ES,android,mid,unity_ads,0,41,2024-03-06,1,4,0,0,8,0
p_000425,casual,2024-07-25,GB,ios,high,organic,0,44,2024-09-07,1,4,0,0,13,0
p_000327,casual,2024-07-25,MX,android,low,applovin,0,82,2024-10-15,1,7,0,0,15,1
p_001670,casual,2024-06-07,TR,android,mid,tiktok,0,40,2024-07-17,1,3,0,0,13,3
p_002378,engaged,2024-06-27,US,android,mid,facebook,0,187,2024-12-31,0,56,0,0,97,12
p_000187,early_churn,2024-01-02,PH,android,mid,tiktok,0,3,2024-01-05,1,0,0,0,0,0
p_002668,engaged,2024-03-01,RU,android,low,other,0,216,2024-10-03,1,66,0,0,65,12
p_000459,casual,2024-11-20,IN,android,high,applovin,0,35,2024-12-25,1,5,0,0,12,0
p_002317,engaged,2024-03-12,IN,android,mid,organic,1,169,2024-08-28,1,54,10,21.9,79,8
p_001303,casual,2024-04-28,GB,android,mid,facebook,0,44,2024-06-11,1,4,0,0,17,1
p_002861,minnow_payer,2024-06-14,US,android,low,facebook,1,80,2024-09-02,1,15,16,68.84,26,5
p_001866,burst,2024-05-20,US,ios,low,applovin,0,20,2024-06-09,1,7,0,0,10,2
p_001248,casual,2024-03-12,BR,android,low,facebook,0,69,2024-05-20,1,1,0,0,13,2
p_000500,casual,2024-09-26,BR,android,low,applovin,0,38,2024-11-03,1,2,0,0,14,0
p_000732,casual,2024-02-13,ES,android,mid,google,0,15,2024-02-28,1,1,0,0,2,0
p_000154,early_churn,2024-04-21,FR,ios,mid,applovin,0,1,2024-04-22,1,0,0,0,0,0
p_000383,casual,2024-09-14,CA,ios,high,unity_ads,0,49,2024-11-02,1,2,0,0,13,5
p_001231,casual,2024-03-21,SE,android,low,organic,0,34,2024-04-24,1,4,0,0,6,1
p_000242,early_churn,2024-08-04,US,android,mid,tiktok,0,3,2024-08-07,1,1,0,0,0,0
p_002954,minnow_payer,2024-09-03,TH,ios,high,facebook,1,119,2024-12-31,0,23,7,32.93,22,5
p_000555,casual,2024-01-28,KR,android,high,facebook,0,28,2024-02-25,1,2,0,0,7,1
p_000398,casual,2024-04-08,US,ios,mid,organic,0,19,2024-04-27,1,3,0,0,7,0
p_000199,early_churn,2024-12-24,US,ios,low,tiktok,0,3,2024-12-27,1,2,0,0,1,0
p_001528,casual,2024-12-08,CA,ios,high,organic,0,23,2024-12-31,0,2,0,0,9,1
p_002463,engaged,2024-02-24,ID,ios,mid,organic,0,304,2024-12-24,1,93,0,0,128,14
p_001491,casual,2024-06-26,KR,ios,mid,applovin,0,71,2024-09-05,1,5,0,0,17,3
p_000139,early_churn,2024-09-10,US,ios,high,facebook,0,1,2024-09-11,1,0,0,0,1,0
p_000481,casual,2024-04-25,US,ios,high,organic,0,60,2024-06-24,1,7,0,0,13,3
p_000316,casual,2024-04-10,IT,android,mid,organic,0,18,2024-04-28,1,2,0,0,7,1
p_001512,casual,2024-02-16,ES,android,mid,facebook,0,45,2024-04-01,1,4,0,0,7,2
p_001864,burst,2024-06-09,MX,android,low,google,0,10,2024-06-19,1,7,0,0,18,3
p_000823,casual,2024-04-15,US,ios,low,applovin,0,16,2024-05-01,1,1,0,0,4,1
p_000055,early_churn,2024-12-10,TR,android,low,facebook,0,2,2024-12-12,1,1,0,0,1,0
p_001179,casual,2024-05-27,CA,android,mid,organic,0,44,2024-07-10,1,6,0,0,10,1
p_002948,minnow_payer,2024-04-25,DE,android,low,other,1,237,2024-12-18,1,29,16,30.84,45,10
p_000266,early_churn,2024-12-18,US,android,mid,organic,0,2,2024-12-20,1,1,0,0,1,1
p_002780,whale_payer,2024-03-14,US,android,low,facebook,1,292,2024-12-31,0,220,87,862.13,81,16
p_000514,casual,2024-10-28,JP,android,high,organic,0,62,2024-12-29,1,10,0,0,10,0
p_001089,casual,2024-03-10,US,ios,high,tiktok,0,23,2024-04-02,1,3,0,0,12,2
p_002035,burst,2024-06-23,US,android,mid,facebook,0,11,2024-07-04,1,7,0,0,10,1
p_001789,casual,2024-01-09,KR,android,mid,facebook,0,28,2024-02-06,1,1,0,0,3,0
p_000231,early_churn,2024-05-31,PH,ios,low,facebook,0,1,2024-06-01,1,1,0,0,1,0
p_002694,engaged,2024-01-02,US,android,mid,organic,0,248,2024-09-06,1,91,0,0,86,10
p_000195,early_churn,2024-05-29,US,android,mid,google,0,3,2024-06-01,1,0,0,0,0,0
p_002321,engaged,2024-04-26,PH,android,mid,organic,0,138,2024-09-11,1,39,0,0,69,10
p_000125,early_churn,2024-06-10,FR,ios,mid,organic,0,3,2024-06-13,1,2,0,0,1,0
p_000966,casual,2024-02-04,GB,ios,high,facebook,0,34,2024-03-09,1,0,0,0,6,0
p_000169,early_churn,2024-12-23,MX,ios,mid,unity_ads,0,3,2024-12-26,1,0,0,0,0,0
p_001205,casual,2024-07-26,IT,ios,mid,facebook,0,21,2024-08-16,1,1,0,0,18,4
p_001720,casual,2024-12-11,JP,ios,high,facebook,0,20,2024-12-31,0,1,0,0,6,2
p_000312,casual,2024-05-29,BR,ios,high,organic,0,26,2024-06-24,1,4,0,0,3,1
p_000406,casual,2024-07-02,DE,ios,mid,organic,0,65,2024-09-05,1,5,0,0,23,2
p_002646,engaged,2024-07-16,DE,android,high,google,0,168,2024-12-31,0,59,0,0,44,8
p_000845,casual,2024-01-05,JP,android,low,google,0,56,2024-03-01,1,5,0,0,7,1
p_001602,casual,2024-11-22,MX,ios,high,tiktok,0,39,2024-12-31,0,7,0,0,13,1
p_002611,engaged,2024-05-20,US,android,low,organic,0,189,2024-11-25,1,66,0,0,77,11
p_000370,casual,2024-12-08,PL,android,mid,applovin,0,23,2024-12-31,0,6,0,0,11,1
p_000047,early_churn,2024-06-30,US,ios,mid,organic,0,1,2024-07-01,1,1,0,0,1,0
p_000192,early_churn,2024-03-20,BR,ios,mid,organic,0,2,2024-03-22,1,2,0,0,0,0
p_000056,early_churn,2024-10-28,CA,android,mid,tiktok,0,2,2024-10-30,1,0,0,0,2,0
p_002275,engaged,2024-06-11,TR,android,mid,organic,0,181,2024-12-09,1,62,0,0,64,6
p_002619,engaged,2024-01-03,TH,android,low,tiktok,0,201,2024-07-22,1,66,0,0,77,10
p_001668,casual,2024-01-31,BR,ios,mid,organic,0,52,2024-03-23,1,5,0,0,18,2
p_000941,casual,2024-08-29,GB,ios,mid,organic,0,38,2024-10-06,1,5,0,0,9,1
p_001092,casual,2024-06-16,GB,android,low,other,0,21,2024-07-07,1,0,0,0,6,0
p_002853,minnow_payer,2024-03-30,US,android,mid,organic,1,247,2024-12-02,1,34,12,49.88,44,8
p_000456,casual,2024-09-22,US,android,mid,google,0,23,2024-10-15,1,6,0,0,3,0
p_002716,whale_payer,2024-06-06,ES,ios,high,organic,1,201,2024-12-24,1,130,60,612.4,53,12
p_000403,casual,2024-02-27,US,android,mid,applovin,0,15,2024-03-13,1,1,0,0,5,2
p_001703,casual,2024-09-10,US,ios,mid,facebook,0,57,2024-11-06,1,6,0,0,18,2
p_001289,casual,2024-04-30,TH,android,low,organic,0,23,2024-05-23,1,3,0,0,4,0
p_000041,early_churn,2024-02-13,BR,ios,high,google,0,3,2024-02-16,1,0,0,0,1,0
p_001045,casual,2024-07-07,US,android,low,facebook,0,53,2024-08-29,1,8,0,0,8,0
p_002063,burst,2024-05-25,NL,android,mid,google,0,9,2024-06-03,1,5,0,0,14,1
p_001197,casual,2024-10-25,KR,ios,high,facebook,0,63,2024-12-27,1,5,0,0,15,1
p_001240,casual,2024-02-14,BR,ios,low,tiktok,0,27,2024-03-12,1,3,0,0,9,0
p_002437,engaged,2024-05-30,CA,android,mid,organic,0,215,2024-12-31,0,68,0,0,82,8
p_002676,engaged,2024-06-11,MX,android,low,tiktok,0,203,2024-12-31,0,65,0,0,93,6
p_001332,casual,2024-03-13,FR,ios,mid,google,0,87,2024-06-08,1,7,0,0,18,2
p_000705,casual,2024-06-22,KR,ios,mid,facebook,0,84,2024-09-14,1,10,0,0,21,4
p_001661,casual,2024-07-18,CA,android,mid,organic,0,74,2024-09-30,1,8,0,0,15,0
p_002477,engaged,2024-05-18,ES,android,mid,applovin,0,227,2024-12-31,0,74,0,0,82,15
p_001366,casual,2024-04-12,US,android,mid,tiktok,0,76,2024-06-27,1,2,0,0,19,4
p_000999,casual,2024-08-29,KR,android,low,applovin,0,77,2024-11-14,1,3,0,0,26,3
p_000023,early_churn,2024-05-10,CA,ios,mid,applovin,0,3,2024-05-13,1,1,0,0,0,0
p_000397,casual,2024-06-08,US,ios,mid,organic,0,37,2024-07-15,1,3,0,0,16,3
p_001411,casual,2024-12-09,CA,ios,high,facebook,0,22,2024-12-31,0,4,0,0,11,0
p_001543,casual,2024-11-29,TR,android,high,google,0,32,2024-12-31,0,5,0,0,17,2
p_002996,minnow_payer,2024-09-06,US,android,mid,facebook,1,116,2024-12-31,0,20,12,63.88,11,1
p_002022,burst,2024-12-13,BR,ios,mid,applovin,1,13,2024-12-26,1,7,3,7.97,10,2
p_001064,casual,2024-07-21,GB,ios,high,facebook,0,54,2024-09-13,1,4,0,0,13,2
p_000890,casual,2024-04-17,US,ios,high,facebook,0,36,2024-05-23,1,3,0,0,6,1
p_000385,casual,2024-04-16,BR,android,low,google,0,22,2024-05-08,1,1,0,0,1,1
p_000151,early_churn,2024-05-22,US,ios,high,unity_ads,0,1,2024-05-23,1,0,0,0,0,0
p_000559,casual,2024-04-17,ES,android,low,organic,0,48,2024-06-04,1,6,0,0,16,2
p_001974,burst,2024-05-05,BR,android,low,facebook,0,9,2024-05-14,1,7,0,0,13,3
p_001776,casual,2024-01-15,AR,android,low,organic,0,56,2024-03-11,1,6,0,0,10,3
p_001215,casual,2024-01-11,US,ios,low,applovin,0,16,2024-01-27,1,3,0,0,2,0
p_002137,engaged,2024-01-12,IN,ios,low,unity_ads,0,199,2024-07-29,1,58,0,0,50,5
p_002257,engaged,2024-05-12,GB,android,low,google,0,161,2024-10-20,1,50,0,0,83,12
p_001085,casual,2024-06-30,CA,ios,mid,unity_ads,0,80,2024-09-18,1,4,0,0,12,2
p_000594,casual,2024-08-11,MX,android,low,unity_ads,0,20,2024-08-31,1,1,0,0,2,0
p_000450,casual,2024-07-05,BR,ios,mid,google,0,74,2024-09-17,1,11,0,0,21,7
p_000895,casual,2024-08-22,PL,android,mid,applovin,0,80,2024-11-10,1,8,0,0,19,2
p_001867,burst,2024-02-20,US,ios,low,facebook,0,9,2024-02-29,1,6,0,0,7,2
p_001070,casual,2024-03-25,US,ios,mid,tiktok,0,35,2024-04-29,1,3,0,0,12,0
p_000600,casual,2024-08-26,FR,android,mid,facebook,0,58,2024-10-23,1,6,0,0,13,0
p_000792,casual,2024-02-20,US,android,low,organic,0,61,2024-04-21,1,5,0,0,10,0
p_002445,engaged,2024-03-01,US,android,high,tiktok,0,228,2024-10-15,1,71,0,0,90,12
p_002869,minnow_payer,2024-02-11,US,android,low,organic,1,245,2024-10-13,1,39,7,11.93,45,10
p_000679,casual,2024-07-03,KR,android,high,applovin,0,42,2024-08-14,1,8,0,0,11,1
p_002702,whale_payer,2024-01-02,BR,android,mid,organic,1,288,2024-10-16,1,219,81,771.19,75,9
p_001532,casual,2024-05-14,GB,ios,mid,tiktok,0,55,2024-07-08,1,3,0,0,15,2
p_002662,engaged,2024-05-07,DE,android,low,organic,0,238,2024-12-31,0,62,0,0,63,11
p_001444,casual,2024-10-13,CA,android,high,tiktok,0,32,2024-11-14,1,2,0,0,11,3
p_001291,casual,2024-03-29,IT,ios,high,other,0,18,2024-04-16,1,1,0,0,3,0
p_002190,engaged,2024-05-12,JP,ios,high,tiktok,0,222,2024-12-20,1,69,0,0,69,8
p_001445,casual,2024-04-08,JP,ios,mid,unity_ads,0,29,2024-05-07,1,4,0,0,10,2
p_002685,engaged,2024-03-02,BR,android,low,facebook,0,143,2024-07-23,1,58,0,0,46,3
p_001614,casual,2024-08-14,AU,android,low,organic,0,85,2024-11-07,1,2,0,0,17,4
p_001837,burst,2024-06-20,IN,ios,high,facebook,0,9,2024-06-29,1,5,0,0,16,1
p_000454,casual,2024-12-20,US,ios,high,organic,0,11,2024-12-31,0,0,0,0,10,1
p_000121,early_churn,2024-12-07,US,ios,high,applovin,0,2,2024-12-09,1,0,0,0,1,0
p_000778,casual,2024-01-23,JP,android,mid,facebook,0,57,2024-03-20,1,4,0,0,9,1
p_000371,casual,2024-10-06,PL,android,low,organic,0,21,2024-10-27,1,2,0,0,2,1
p_001911,burst,2024-07-03,US,ios,mid,organic,0,8,2024-07-11,1,7,0,0,15,1
p_001002,casual,2024-09-19,US,ios,low,facebook,0,51,2024-11-09,1,2,0,0,7,0
p_002021,burst,2024-06-21,AU,ios,low,organic,0,19,2024-07-10,1,8,0,0,24,3
p_001428,casual,2024-08-03,CA,android,mid,tiktok,0,62,2024-10-04,1,7,0,0,12,1
p_000566,casual,2024-01-27,US,android,mid,google,0,54,2024-03-21,1,3,0,0,5,0
p_002366,engaged,2024-03-29,BR,android,low,other,0,277,2024-12-31,0,91,0,0,106,12
p_002181,engaged,2024-03-02,US,ios,mid,facebook,0,133,2024-07-13,1,44,0,0,55,4
p_001854,burst,2024-04-05,GB,android,low,organic,0,9,2024-04-14,1,8,0,0,8,1
p_002151,engaged,2024-04-24,AU,android,mid,organic,0,251,2024-12-31,0,64,0,0,111,12
p_002260,engaged,2024-01-24,IN,ios,mid,facebook,0,140,2024-06-12,1,32,0,0,40,2
p_001946,burst,2024-04-27,US,ios,low,organic,0,11,2024-05-08,1,5,0,0,17,3
p_002549,engaged,2024-06-16,US,ios,high,tiktok,0,198,2024-12-31,0,83,0,0,77,7
p_001032,casual,2024-08-18,JP,ios,high,facebook,0,48,2024-10-05,1,3,0,0,11,0
p_000832,casual,2024-07-22,GB,android,mid,facebook,0,47,2024-09-07,1,1,0,0,16,5
p_002528,engaged,2024-01-22,FR,ios,high,organic,0,340,2024-12-27,1,89,0,0,103,6
p_001272,casual,2024-05-14,MX,android,low,google,0,82,2024-08-04,1,9,0,0,14,3
p_000421,casual,2024-08-21,BR,android,low,google,0,59,2024-10-19,1,7,0,0,13,3
p_000205,early_churn,2024-04-23,AR,android,low,organic,0,2,2024-04-25,1,0,0,0,3,1
p_001938,burst,2024-10-07,IT,android,mid,unity_ads,0,14,2024-10-21,1,12,0,0,14,3
p_002471,engaged,2024-07-08,US,ios,mid,organic,0,160,2024-12-15,1,58,0,0,79,12
p_001409,casual,2024-12-21,DE,android,mid,applovin,0,10,2024-12-31,0,0,0,0,9,2
p_000793,casual,2024-02-22,DE,android,mid,tiktok,0,56,2024-04-18,1,4,0,0,11,1
p_000064,early_churn,2024-07-16,FR,ios,low,organic,0,1,2024-07-17,1,0,0,0,0,0
p_000664,casual,2024-04-26,PL,ios,high,google,0,77,2024-07-12,1,10,0,0,16,2
p_001435,casual,2024-07-20,US,ios,high,facebook,0,44,2024-09-02,1,8,0,0,6,0
p_000310,casual,2024-02-04,US,android,high,applovin,0,73,2024-04-17,1,8,0,0,18,2
p_001026,casual,2024-07-31,US,android,low,facebook,0,24,2024-08-24,1,4,0,0,11,0
p_000916,casual,2024-12-22,BR,android,low,applovin,0,9,2024-12-31,0,2,0,0,8,0
p_002974,minnow_payer,2024-09-03,BR,ios,low,organic,1,119,2024-12-31,0,23,6,7.94,36,6
p_001447,casual,2024-02-04,US,android,mid,applovin,0,87,2024-05-01,1,12,0,0,9,1
p_001985,burst,2024-12-18,US,android,low,tiktok,0,7,2024-12-25,1,8,0,0,20,4
p_001647,casual,2024-06-15,MX,android,low,tiktok,0,25,2024-07-10,1,0,0,0,11,2
p_001977,burst,2024-05-10,GB,android,low,organic,0,8,2024-05-18,1,3,0,0,8,1
p_002637,engaged,2024-02-22,US,android,low,organic,0,173,2024-08-13,1,48,0,0,69,12
p_000437,casual,2024-01-25,US,android,low,google,0,52,2024-03-17,1,2,0,0,7,0
p_000051,early_churn,2024-12-21,US,ios,low,tiktok,0,3,2024-12-24,1,1,0,0,0,0
p_002271,engaged,2024-02-10,AR,android,low,facebook,0,274,2024-11-10,1,79,0,0,88,14
p_000418,casual,2024-05-31,ES,android,high,organic,0,81,2024-08-20,1,12,0,0,24,3
p_000419,casual,2024-07-15,DE,android,mid,applovin,0,86,2024-10-09,1,9,0,0,16,2
p_002824,whale_payer,2024-04-11,DE,ios,low,organic,1,264,2024-12-31,0,183,54,553.46,81,16
p_002597,engaged,2024-05-14,MX,ios,high,google,0,231,2024-12-31,0,62,0,0,72,12
p_001630,casual,2024-02-27,MX,ios,low,organic,0,47,2024-04-14,1,6,0,0,11,2
p_002742,whale_payer,2024-04-15,TR,android,low,unity_ads,1,231,2024-12-02,1,159,84,826.16,73,11
p_002512,engaged,2024-04-10,US,ios,low,applovin,0,170,2024-09-27,1,57,0,0,75,10
p_002805,whale_payer,2024-03-15,PL,ios,high,google,1,279,2024-12-19,1,196,34,347.66,83,14
p_002110,engaged,2024-04-16,FR,android,low,organic,0,259,2024-12-31,0,91,0,0,89,16
p_000207,early_churn,2024-12-01,US,ios,mid,facebook,0,3,2024-12-04,1,2,0,0,0,0
p_000869,casual,2024-10-12,IN,ios,mid,applovin,0,71,2024-12-22,1,7,0,0,6,1
p_001969,burst,2024-07-28,JP,ios,low,applovin,0,19,2024-08-16,1,13,0,0,11,1
p_001599,casual,2024-08-19,US,android,high,unity_ads,0,82,2024-11-09,1,13,0,0,19,2
p_000202,early_churn,2024-11-05,US,android,mid,google,0,1,2024-11-06,1,1,0,0,2,1
p_002616,engaged,2024-01-26,BR,android,mid,facebook,0,340,2024-12-31,0,110,0,0,101,11
p_000181,early_churn,2024-09-08,AR,android,mid,tiktok,0,1,2024-09-09,1,1,0,0,2,0
p_002486,engaged,2024-03-03,IT,android,mid,organic,0,263,2024-11-21,1,84,0,0,65,8
p_000334,casual,2024-05-21,US,android,low,tiktok,0,21,2024-06-11,1,4,0,0,10,1
p_000986,casual,2024-02-04,US,android,low,tiktok,0,16,2024-02-20,1,1,0,0,5,2
p_001142,casual,2024-02-11,US,android,mid,facebook,0,71,2024-04-22,1,11,0,0,14,1
p_000990,casual,2024-03-26,TR,android,mid,applovin,0,19,2024-04-14,1,5,0,0,6,0
p_001821,burst,2024-11-12,US,android,high,facebook,0,20,2024-12-02,1,17,0,0,15,1
p_001713,casual,2024-06-21,MX,ios,mid,organic,0,16,2024-07-07,1,2,0,0,3,0
p_000466,casual,2024-06-02,KR,android,mid,organic,0,60,2024-08-01,1,6,0,0,11,2
p_000522,casual,2024-10-24,CA,android,mid,organic,0,34,2024-11-27,1,5,0,0,14,1
p_001715,casual,2024-06-03,BR,android,mid,organic,0,21,2024-06-24,1,0,0,0,9,2
p_001203,casual,2024-02-09,GB,android,mid,google,0,24,2024-03-04,1,1,0,0,8,0
p_002045,burst,2024-04-15,MX,android,high,google,0,11,2024-04-26,1,6,0,0,9,0
p_002875,minnow_payer,2024-07-13,AU,android,mid,tiktok,1,80,2024-10-01,1,14,13,58.87,12,1
p_000856,casual,2024-05-28,AU,android,low,applovin,0,80,2024-08-16,1,7,0,0,27,3
p_000620,casual,2024-04-30,US,ios,mid,applovin,0,73,2024-07-12,1,9,0,0,13,1
p_001842,burst,2024-08-08,DE,ios,high,facebook,0,10,2024-08-18,1,4,0,0,21,5
p_001621,casual,2024-04-19,TR,ios,high,applovin,0,29,2024-05-18,1,1,0,0,4,0
p_000923,casual,2024-12-16,IT,android,low,facebook,0,15,2024-12-31,0,2,0,0,8,3
p_000880,casual,2024-05-07,TR,android,high,facebook,0,85,2024-07-31,1,5,0,0,16,2
p_002186,engaged,2024-05-23,CA,ios,high,organic,0,149,2024-10-19,1,47,0,0,80,14
p_000798,casual,2024-12-07,IN,android,low,facebook,0,24,2024-12-31,0,1,0,0,7,0
p_000124,early_churn,2024-05-31,BR,ios,mid,facebook,0,3,2024-06-03,1,1,0,0,0,0
p_000083,early_churn,2024-05-05,RU,android,low,other,0,1,2024-05-06,1,1,0,0,1,0
p_001294,casual,2024-03-19,IN,ios,low,tiktok,0,20,2024-04-08,1,1,0,0,2,0
p_000875,casual,2024-06-02,US,ios,high,unity_ads,0,58,2024-07-30,1,5,0,0,11,2
p_000387,casual,2024-02-15,US,android,low,organic,0,61,2024-04-16,1,9,0,0,20,0
p_002307,engaged,2024-06-11,TR,ios,high,applovin,1,130,2024-10-19,1,36,3,22.97,83,8
p_000789,casual,2024-08-25,MX,ios,high,organic,0,28,2024-09-22,1,0,0,0,10,0
p_002499,engaged,2024-01-20,GB,android,mid,organic,0,290,2024-11-05,1,86,0,0,83,9
p_000874,casual,2024-11-22,TR,android,low,organic,0,39,2024-12-31,0,4,0,0,11,1
p_001077,casual,2024-04-04,BR,android,mid,facebook,0,33,2024-05-07,1,1,0,0,14,0
p_002887,minnow_payer,2024-09-29,US,android,high,applovin,1,93,2024-12-31,0,11,5,40.95,20,2
p_002524,engaged,2024-06-08,JP,ios,high,google,0,206,2024-12-31,0,90,0,0,78,5
p_002526,engaged,2024-02-18,GB,android,low,organic,0,160,2024-07-27,1,59,0,0,52,6
p_000504,casual,2024-10-19,US,android,low,applovin,0,22,2024-11-10,1,1,0,0,7,2
p_001112,casual,2024-01-06,KR,android,mid,facebook,0,77,2024-03-23,1,9,0,0,14,2
p_000871,casual,2024-08-28,BR,android,low,organic,0,24,2024-09-21,1,4,0,0,7,0
p_002544,engaged,2024-03-18,GB,android,mid,unity_ads,0,122,2024-07-18,1,41,0,0,36,3
p_002170,engaged,2024-02-25,US,android,low,organic,0,269,2024-11-20,1,94,0,0,67,6
p_000038,early_churn,2024-09-19,JP,ios,mid,organic,0,1,2024-09-20,1,0,0,0,0,0
p_001174,casual,2024-09-06,MX,android,mid,google,0,37,2024-10-13,1,0,0,0,5,0
p_000495,casual,2024-06-16,JP,ios,mid,applovin,0,69,2024-08-24,1,4,0,0,15,2
p_002451,engaged,2024-01-18,IN,ios,low,facebook,0,312,2024-11-25,1,104,0,0,106,17
p_002881,minnow_payer,2024-07-21,SE,android,mid,google,1,163,2024-12-31,0,24,3,3.97,35,5
p_000482,casual,2024-08-09,US,ios,mid,google,0,27,2024-09-05,1,1,0,0,7,2
p_001562,casual,2024-11-24,US,android,low,organic,0,37,2024-12-31,0,3,0,0,8,3
p_000812,casual,2024-07-18,TR,ios,high,organic,0,85,2024-10-11,1,7,0,0,17,4
p_002598,engaged,2024-05-22,MX,android,high,facebook,0,132,2024-10-01,1,39,0,0,58,3
p_000809,casual,2024-01-23,US,android,mid,tiktok,0,75,2024-04-07,1,6,0,0,13,0
p_001708,casual,2024-05-14,FR,ios,mid,tiktok,0,54,2024-07-07,1,4,0,0,12,0
p_000840,casual,2024-09-19,MX,ios,high,unity_ads,0,72,2024-11-30,1,7,0,0,15,3
p_000758,casual,2024-07-15,TR,android,mid,facebook,0,87,2024-10-10,1,6,0,0,27,4
p_002953,minnow_payer,2024-09-01,US,android,high,applovin,1,121,2024-12-31,0,18,10,15.9,26,4
p_002982,minnow_payer,2024-03-27,BR,ios,high,tiktok,1,173,2024-09-16,1,25,4,3.96,43,2
p_000736,casual,2024-03-26,JP,ios,mid,facebook,0,47,2024-05-12,1,7,0,0,17,4
p_000226,early_churn,2024-06-18,CA,ios,mid,unity_ads,0,3,2024-06-21,1,0,0,0,1,0
p_000473,casual,2024-11-14,US,android,high,facebook,0,36,2024-12-20,1,6,0,0,9,0
p_002511,engaged,2024-04-05,US,android,low,unity_ads,0,218,2024-11-09,1,67,0,0,86,18
p_000772,casual,2024-04-18,US,ios,mid,google,0,79,2024-07-06,1,11,0,0,14,2
p_001556,casual,2024-12-14,JP,android,high,facebook,0,17,2024-12-31,0,1,0,0,8,0
p_002368,engaged,2024-06-21,NL,android,low,organic,0,193,2024-12-31,0,78,0,0,57,8
p_002254,engaged,2024-02-17,BR,ios,mid,google,0,318,2024-12-31,0,93,0,0,88,15
p_002551,engaged,2024-03-01,US,ios,high,applovin,0,205,2024-09-22,1,52,0,0,75,9
p_001991,burst,2024-09-12,BR,ios,mid,organic,0,18,2024-09-30,1,17,0,0,16,3
p_000838,casual,2024-03-25,KR,android,mid,facebook,0,62,2024-05-26,1,4,0,0,12,2
p_002000,burst,2024-01-31,ID,ios,mid,organic,0,19,2024-02-19,1,17,0,0,14,1
p_002732,whale_payer,2024-02-05,DE,ios,high,google,1,269,2024-10-31,1,237,67,663.33,82,11
p_000453,casual,2024-07-22,NL,ios,high,other,0,45,2024-09-05,1,6,0,0,9,3
p_002411,engaged,2024-04-23,JP,ios,mid,organic,0,211,2024-11-20,1,55,0,0,88,6
p_000640,casual,2024-06-18,MX,android,low,tiktok,0,86,2024-09-12,1,5,0,0,21,3
p_001094,casual,2024-06-03,TR,android,low,google,0,27,2024-06-30,1,4,0,0,7,2
p_001917,burst,2024-03-30,ES,android,mid,organic,0,9,2024-04-08,1,5,0,0,12,2
p_000707,casual,2024-09-06,AR,android,low,google,0,76,2024-11-21,1,13,0,0,15,2
p_000877,casual,2024-08-26,GB,ios,low,organic,0,49,2024-10-14,1,6,0,0,15,1
p_001307,casual,2024-07-07,MX,ios,mid,unity_ads,0,55,2024-08-31,1,5,0,0,8,1
p_002029,burst,2024-08-05,BR,android,low,organic,0,17,2024-08-22,1,13,0,0,10,0
p_000096,early_churn,2024-07-28,GB,android,low,applovin,0,1,2024-07-29,1,1,0,0,1,0
p_001465,casual,2024-05-31,MX,android,mid,tiktok,0,77,2024-08-16,1,8,0,0,14,3
p_002752,whale_payer,2024-05-15,US,android,mid,tiktok,1,224,2024-12-25,1,144,47,503.53,61,9
p_000488,casual,2024-09-22,TR,ios,high,organic,0,48,2024-11-09,1,5,0,0,9,1
p_000636,casual,2024-10-09,MX,ios,low,facebook,0,83,2024-12-31,1,7,0,0,21,4
p_002438,engaged,2024-05-01,MX,android,mid,facebook,0,206,2024-11-23,1,60,0,0,107,12
p_001653,casual,2024-07-24,US,android,low,organic,0,36,2024-08-29,1,2,0,0,14,1
p_002931,minnow_payer,2024-05-16,IN,ios,low,facebook,1,78,2024-08-02,1,11,14,26.86,28,3
p_000588,casual,2024-11-20,BR,ios,mid,organic,0,37,2024-12-27,1,4,0,0,6,0
p_000210,early_churn,2024-01-05,IT,android,mid,organic,0,1,2024-01-06,1,0,0,0,0,0
p_000855,casual,2024-05-20,DE,android,mid,organic,0,84,2024-08-12,1,12,0,0,14,1
p_002862,minnow_payer,2024-02-04,US,ios,mid,unity_ads,1,188,2024-08-10,1,28,16,38.84,41,4
p_002571,engaged,2024-05-31,US,android,mid,facebook,0,214,2024-12-31,0,77,0,0,84,11
p_000483,casual,2024-11-15,IN,ios,high,unity_ads,0,46,2024-12-31,0,4,0,0,8,1
p_000080,early_churn,2024-08-18,PL,android,low,applovin,0,2,2024-08-20,1,0,0,0,1,0
p_001787,casual,2024-07-19,DE,ios,mid,organic,0,59,2024-09-16,1,3,0,0,16,6
p_000508,casual,2024-11-17,JP,android,low,organic,0,38,2024-12-25,1,6,0,0,12,1
p_000476,casual,2024-02-23,AU,ios,low,organic,0,25,2024-03-19,1,3,0,0,5,1
p_001549,casual,2024-07-02,US,android,mid,applovin,0,62,2024-09-02,1,6,0,0,24,0
p_000191,early_churn,2024-02-04,AU,ios,mid,tiktok,0,3,2024-02-07,1,0,0,0,0,0
p_000554,casual,2024-04-02,US,ios,high,facebook,0,30,2024-05-02,1,4,0,0,2,0
p_002655,engaged,2024-04-09,MX,ios,mid,applovin,0,197,2024-10-23,1,64,0,0,49,9
p_002383,engaged,2024-07-10,US,ios,high,organic,0,174,2024-12-31,0,52,0,0,59,7
p_001265,casual,2024-01-29,KR,ios,high,organic,0,90,2024-04-28,1,12,0,0,14,6
p_001098,casual,2024-09-10,FR,ios,low,google,0,61,2024-11-10,1,6,0,0,15,4
p_002937,minnow_payer,2024-04-17,GB,ios,high,organic,1,167,2024-10-01,1,22,14,44.86,44,3
p_001792,casual,2024-12-15,SE,android,mid,applovin,0,16,2024-12-31,0,1,0,0,5,1
p_000282,early_churn,2024-04-21,TR,android,high,facebook,0,1,2024-04-22,1,0,0,0,0,0
p_002488,engaged,2024-01-18,BR,ios,high,facebook,0,180,2024-07-16,1,62,0,0,73,9
p_001462,casual,2024-05-30,GB,ios,mid,facebook,0,53,2024-07-22,1,10,0,0,13,2
p_000956,casual,2024-09-14,TH,android,high,other,0,53,2024-11-06,1,7,0,0,17,1
p_002184,engaged,2024-01-09,RU,android,low,tiktok,0,129,2024-05-17,1,43,0,0,38,5
p_000974,casual,2024-12-15,CA,ios,high,organic,0,16,2024-12-31,0,2,0,0,7,3
p_000122,early_churn,2024-02-04,CA,ios,mid,tiktok,0,1,2024-02-05,1,1,0,0,0,0
p_002273,engaged,2024-06-29,US,android,low,google,0,185,2024-12-31,0,63,0,0,69,8
p_002802,whale_payer,2024-02-06,JP,android,high,tiktok,1,329,2024-12-31,0,218,41,400.59,104,13
p_002396,engaged,2024-02-15,ES,android,low,google,0,270,2024-11-11,1,75,0,0,58,5
p_001552,casual,2024-02-22,CA,android,mid,applovin,0,54,2024-04-16,1,5,0,0,11,1
p_002218,engaged,2024-05-20,ID,ios,mid,facebook,0,166,2024-11-02,1,61,0,0,96,9
p_002067,burst,2024-04-27,IN,ios,high,google,0,9,2024-05-06,1,7,0,0,13,1
p_001577,casual,2024-04-25,US,android,low,tiktok,0,67,2024-07-01,1,5,0,0,9,0
p_002916,minnow_payer,2024-05-19,US,ios,high,applovin,1,226,2024-12-31,0,31,5,9.95,46,3
p_002761,whale_payer,2024-07-12,PL,android,low,organic,1,172,2024-12-31,0,135,72,647.28,52,4
p_000685,casual,2024-07-27,CA,ios,low,organic,0,31,2024-08-27,1,3,0,0,3,1
p_002563,engaged,2024-02-04,MX,ios,high,tiktok,0,226,2024-09-17,1,80,0,0,70,7
p_000375,casual,2024-10-15,DE,ios,high,organic,0,73,2024-12-27,1,7,0,0,19,2
p_001858,burst,2024-07-09,GB,ios,high,organic,0,18,2024-07-27,1,8,0,0,16,3
p_000814,casual,2024-02-05,US,ios,low,tiktok,0,55,2024-03-31,1,7,0,0,6,3
p_001285,casual,2024-02-06,US,android,low,organic,0,89,2024-05-05,1,8,0,0,11,4
p_000541,casual,2024-06-25,IT,android,mid,organic,0,75,2024-09-08,1,6,0,0,16,1
p_001228,casual,2024-08-11,IT,android,high,google,0,47,2024-09-27,1,8,0,0,12,2
p_001785,casual,2024-12-01,JP,ios,high,facebook,0,30,2024-12-31,0,3,0,0,10,1
p_000765,casual,2024-10-16,JP,android,mid,organic,0,19,2024-11-04,1,2,0,0,2,0
p_000771,casual,2024-10-13,JP,android,mid,facebook,0,29,2024-11-11,1,3,0,0,14,2
p_000542,casual,2024-06-02,TH,android,mid,facebook,0,35,2024-07-07,1,3,0,0,12,1
p_001546,casual,2024-10-09,JP,ios,mid,organic,0,55,2024-12-03,1,5,0,0,9,2
p_002605,engaged,2024-06-15,US,android,mid,google,0,199,2024-12-31,0,69,0,0,95,8
p_000701,casual,2024-12-07,US,ios,high,organic,0,24,2024-12-31,0,1,0,0,3,2
p_001309,casual,2024-12-07,MX,ios,high,facebook,0,24,2024-12-31,0,2,0,0,9,1
p_000494,casual,2024-08-09,US,android,low,facebook,0,36,2024-09-14,1,2,0,0,4,0
p_001440,casual,2024-11-18,US,android,high,google,0,43,2024-12-31,0,7,0,0,16,4
p_002012,burst,2024-09-28,FR,ios,high,facebook,0,20,2024-10-18,1,11,0,0,6,0
p_002738,whale_payer,2024-02-28,GB,ios,mid,organic,1,202,2024-09-17,1,140,64,703.36,77,14
p_002162,engaged,2024-02-27,US,ios,mid,organic,0,208,2024-09-22,1,80,0,0,94,14
p_002476,engaged,2024-01-24,IN,android,mid,organic,0,249,2024-09-29,1,76,0,0,75,13
p_000217,early_churn,2024-09-15,RU,ios,low,organic,0,1,2024-09-16,1,1,0,0,0,0
p_000957,casual,2024-12-01,TH,ios,high,unity_ads,0,30,2024-12-31,0,0,0,0,6,1
p_001328,casual,2024-08-25,US,ios,mid,other,0,59,2024-10-23,1,4,0,0,18,3
p_001769,casual,2024-12-06,DE,ios,mid,tiktok,0,25,2024-12-31,1,1,0,0,11,1
p_001031,casual,2024-01-03,NL,android,low,google,0,83,2024-03-26,1,4,0,0,10,1
p_002723,whale_payer,2024-02-10,FR,android,high,facebook,1,258,2024-10-25,1,211,84,704.16,64,10
p_002339,engaged,2024-01-23,US,android,high,tiktok,0,185,2024-07-26,1,52,0,0,58,12
p_002556,engaged,2024-06-22,CA,ios,high,tiktok,0,191,2024-12-30,1,61,0,0,63,9
p_000629,casual,2024-09-19,JP,android,low,google,0,63,2024-11-21,1,0,0,0,10,1
p_000883,casual,2024-05-10,DE,ios,mid,tiktok,0,79,2024-07-28,1,10,0,0,25,6
p_002118,engaged,2024-03-07,US,ios,high,applovin,0,157,2024-08-11,1,40,0,0,56,10
p_000108,early_churn,2024-07-01,TR,ios,mid,organic,0,1,2024-07-02,1,0,0,0,0,0
p_002822,whale_payer,2024-02-03,BR,android,low,google,1,332,2024-12-31,0,220,58,617.42,96,18
p_002772,whale_payer,2024-06-27,IN,android,low,google,1,187,2024-12-31,0,131,79,854.21,71,9
p_000749,casual,2024-07-14,IT,ios,low,google,0,39,2024-08-22,1,3,0,0,11,3
p_001317,casual,2024-03-28,BR,android,mid,facebook,0,44,2024-05-11,1,5,0,0,5,1
p_002588,engaged,2024-02-04,RU,android,high,other,0,331,2024-12-31,0,110,0,0,72,10
p_002885,minnow_payer,2024-06-15,AU,android,low,organic,1,131,2024-10-24,1,23,18,40.82,26,4
p_000531,casual,2024-12-27,RU,android,mid,applovin,0,4,2024-12-31,0,1,0,0,2,0
p_002018,burst,2024-10-01,AR,android,high,applovin,0,21,2024-10-22,1,10,0,0,16,1
p_001267,casual,2024-03-01,DE,android,mid,facebook,0,65,2024-05-05,1,1,0,0,14,1
p_002221,engaged,2024-01-23,FR,ios,mid,applovin,0,126,2024-05-28,1,29,0,0,55,7
p_002617,engaged,2024-01-09,US,android,high,organic,0,227,2024-08-23,1,83,0,0,79,7
p_000250,early_churn,2024-03-06,IN,ios,high,tiktok,0,3,2024-03-09,1,2,0,0,0,0
p_000276,early_churn,2024-04-06,FR,ios,mid,organic,0,2,2024-04-08,1,0,0,0,2,0
p_002509,engaged,2024-05-07,FR,android,mid,google,0,211,2024-12-04,1,68,0,0,82,11
p_000946,casual,2024-11-06,MX,ios,low,organic,0,14,2024-11-20,1,3,0,0,7,1
p_001037,casual,2024-03-13,MX,android,mid,organic,0,75,2024-05-27,1,9,0,0,19,3
p_000486,casual,2024-01-29,GB,ios,high,organic,0,51,2024-03-20,1,5,0,0,16,2
p_002750,whale_payer,2024-04-20,MX,android,high,other,1,211,2024-11-17,1,161,80,869.2,63,9
p_002979,minnow_payer,2024-07-12,PL,ios,high,facebook,1,136,2024-11-25,1,24,16,65.84,30,5
p_002111,engaged,2024-01-10,US,android,mid,organic,0,127,2024-05-16,1,39,0,0,66,7
p_000628,casual,2024-09-05,BR,android,mid,tiktok,0,40,2024-10-15,1,3,0,0,6,0
p_000034,early_churn,2024-05-01,ES,android,mid,organic,0,3,2024-05-04,1,2,0,0,1,0
p_001582,casual,2024-01-09,NL,android,high,organic,0,55,2024-03-04,1,3,0,0,6,0
p_002031,burst,2024-04-20,TH,android,mid,google,0,9,2024-04-29,1,7,0,0,6,2
p_000759,casual,2024-07-07,ID,android,mid,tiktok,0,81,2024-09-26,1,6,0,0,18,2
p_000884,casual,2024-08-31,CA,android,mid,tiktok,0,27,2024-09-27,1,2,0,0,4,1
p_002117,engaged,2024-07-10,FR,android,high,google,0,174,2024-12-31,0,61,0,0,54,6
p_002555,engaged,2024-05-02,GB,ios,mid,organic,0,204,2024-11-22,1,59,0,0,81,10
p_002408,engaged,2024-06-12,AU,ios,mid,google,0,202,2024-12-31,0,54,0,0,53,6
p_001535,casual,2024-09-23,US,ios,mid,facebook,0,46,2024-11-08,1,7,0,0,11,1
p_001181,casual,2024-04-25,FR,android,mid,facebook,0,42,2024-06-06,1,3,0,0,9,0
p_002464,engaged,2024-01-16,KR,ios,mid,organic,0,203,2024-08-06,1,82,0,0,56,5
p_002340,engaged,2024-06-29,US,ios,mid,facebook,0,185,2024-12-31,0,52,0,0,82,7
p_000197,early_churn,2024-09-03,DE,ios,low,facebook,0,3,2024-09-06,1,1,0,0,1,0
p_002202,engaged,2024-02-22,AU,android,mid,tiktok,0,240,2024-10-19,1,88,0,0,83,15
p_000738,casual,2024-04-06,IT,android,mid,organic,0,25,2024-05-01,1,0,0,0,5,1
p_001935,burst,2024-01-19,AU,ios,high,organic,0,11,2024-01-30,1,6,0,0,9,3
p_001010,casual,2024-01-02,ID,ios,high,facebook,0,23,2024-01-25,1,0,0,0,2,1
p_000499,casual,2024-03-11,FR,ios,high,organic,0,15,2024-03-26,1,1,0,0,2,0
p_002880,minnow_payer,2024-02-18,BR,ios,mid,unity_ads,1,129,2024-06-26,1,23,4,4.96,22,5
p_002517,engaged,2024-04-04,TR,ios,low,organic,0,271,2024-12-31,0,97,0,0,85,11
p_002101,engaged,2024-03-31,JP,ios,high,applovin,0,275,2024-12-31,0,98,0,0,102,19
p_001278,casual,2024-06-27,GB,ios,low,facebook,0,15,2024-07-12,1,1,0,0,8,1
p_002546,engaged,2024-03-03,US,android,high,organic,0,155,2024-08-05,1,53,0,0,73,6
p_001819,burst,2024-10-17,NL,android,low,organic,0,8,2024-10-25,1,2,0,0,19,7
p_002003,burst,2024-10-16,TR,ios,high,organic,0,21,2024-11-06,1,17,0,0,20,5
p_001855,burst,2024-12-08,TR,android,high,organic,0,12,2024-12-20,1,8,0,0,16,1
p_001648,casual,2024-08-26,IN,android,high,other,0,19,2024-09-14,1,1,0,0,7,1
p_001100,casual,2024-01-22,DE,ios,mid,organic,0,60,2024-03-22,1,9,0,0,12,5
p_001223,casual,2024-04-24,DE,android,low,facebook,0,19,2024-05-13,1,0,0,0,11,3
p_001834,burst,2024-10-24,AU,android,mid,tiktok,0,13,2024-11-06,1,13,0,0,14,1
p_001673,casual,2024-11-22,US,android,low,tiktok,0,39,2024-12-31,0,3,0,0,12,2
p_002928,minnow_payer,2024-02-19,US,android,mid,applovin,1,238,2024-10-14,1,30,21,77.79,58,10
p_001524,casual,2024-05-21,ES,ios,high,organic,0,78,2024-08-07,1,8,0,0,8,1
p_002999,minnow_payer,2024-07-29,MX,android,mid,facebook,1,73,2024-10-10,1,13,4,42.96,22,4
p_000204,early_churn,2024-05-26,RU,ios,high,applovin,0,3,2024-05-29,1,1,0,0,2,0
p_001609,casual,2024-05-12,US,android,mid,organic,0,51,2024-07-02,1,2,0,0,8,2
p_001835,burst,2024-02-17,JP,android,mid,other,0,7,2024-02-24,1,7,0,0,13,1
p_001879,burst,2024-03-04,DE,android,low,tiktok,0,11,2024-03-15,1,10,0,0,14,1
p_000029,early_churn,2024-08-02,RU,ios,mid,organic,0,2,2024-08-04,1,2,0,0,2,0
p_000733,casual,2024-09-10,BR,android,mid,google,0,45,2024-10-25,1,3,0,0,12,1
p_000764,casual,2024-08-21,US,ios,mid,other,0,20,2024-09-10,1,3,0,0,11,1
p_002448,engaged,2024-01-23,KR,android,high,facebook,0,294,2024-11-12,1,101,0,0,67,7
p_000224,early_churn,2024-05-23,GB,ios,high,google,0,2,2024-05-25,1,1,0,0,0,0
p_002806,whale_payer,2024-07-05,AU,android,low,google,1,179,2024-12-31,0,126,84,941.16,81,6
p_002093,burst,2024-07-22,BR,ios,mid,tiktok,0,12,2024-08-03,1,14,0,0,9,0
p_002925,minnow_payer,2024-08-19,GB,ios,mid,google,1,134,2024-12-31,0,20,11,59.89,26,1
p_002347,engaged,2024-02-26,AU,android,low,facebook,0,133,2024-07-08,1,67,0,0,59,10
p_002593,engaged,2024-03-11,US,ios,high,facebook,0,150,2024-08-08,1,58,0,0,56,5
p_001057,casual,2024-12-07,US,android,mid,google,0,24,2024-12-31,0,0,0,0,8,1
p_000361,casual,2024-06-18,KR,android,low,unity_ads,0,87,2024-09-13,1,9,0,0,20,4
p_002740,whale_payer,2024-03-14,JP,android,mid,facebook,1,292,2024-12-31,0,212,66,695.34,97,10
p_002620,engaged,2024-06-21,DE,android,mid,facebook,0,193,2024-12-31,0,37,0,0,66,11
p_000401,casual,2024-12-06,US,ios,high,google,0,25,2024-12-31,0,2,0,0,7,0
p_000193,early_churn,2024-05-21,ES,ios,mid,organic,0,1,2024-05-22,1,1,0,0,2,0
p_001830,burst,2024-04-20,MX,ios,mid,unity_ads,0,7,2024-04-27,1,4,0,0,16,1
p_002669,engaged,2024-06-30,BR,ios,mid,google,0,184,2024-12-31,0,55,0,0,69,9
p_000384,casual,2024-03-01,BR,ios,high,unity_ads,0,46,2024-04-16,1,2,0,0,5,0
p_002423,engaged,2024-03-20,GB,android,low,organic,0,236,2024-11-11,1,75,0,0,67,10
p_000053,early_churn,2024-06-27,MX,ios,high,organic,0,3,2024-06-30,1,1,0,0,1,0
p_000870,casual,2024-09-15,JP,ios,mid,organic,0,32,2024-10-17,1,0,0,0,11,0
p_001927,burst,2024-11-17,GB,ios,high,organic,0,21,2024-12-08,1,11,0,0,11,1
p_000959,casual,2024-06-18,GB,android,low,google,0,30,2024-07-18,1,3,0,0,6,2
p_001625,casual,2024-12-18,US,android,low,organic,0,13,2024-12-31,0,3,0,0,7,0
p_001149,casual,2024-05-12,KR,android,mid,google,0,18,2024-05-30,1,2,0,0,3,0
p_000585,casual,2024-11-18,US,android,low,organic,0,43,2024-12-31,0,1,0,0,8,2
p_000757,casual,2024-10-02,PL,android,low,google,0,64,2024-12-05,1,9,0,0,17,1
p_001897,burst,2024-11-29,KR,ios,mid,organic,0,14,2024-12-13,1,15,0,0,18,2
p_001585,casual,2024-05-10,US,android,mid,applovin,0,87,2024-08-05,1,7,0,0,22,4
p_000665,casual,2024-02-13,US,android,mid,organic,1,84,2024-05-07,1,4,2,1.98,11,0
p_002469,engaged,2024-04-20,DE,android,mid,applovin,0,255,2024-12-31,0,69,0,0,89,11
p_000206,early_churn,2024-01-27,US,ios,low,google,0,3,2024-01-30,1,1,0,0,0,0
p_000843,casual,2024-03-01,KR,ios,low,organic,0,66,2024-05-06,1,3,0,0,12,3
p_000618,casual,2024-08-31,GB,android,mid,organic,0,61,2024-10-31,1,7,0,0,11,1
p_001801,burst,2024-02-14,GB,ios,low,organic,0,9,2024-02-23,1,7,0,0,14,2
p_000709,casual,2024-06-14,US,android,mid,facebook,0,51,2024-08-04,1,8,0,0,18,5
p_001727,casual,2024-11-18,US,ios,mid,applovin,0,27,2024-12-15,1,2,0,0,9,3
p_001288,casual,2024-01-26,MX,android,mid,facebook,0,21,2024-02-16,1,0,0,0,0,0
p_000687,casual,2024-08-30,US,android,mid,applovin,0,65,2024-11-03,1,5,0,0,12,2
p_001082,casual,2024-01-31,GB,ios,mid,facebook,0,78,2024-04-18,1,7,0,0,21,1
p_002798,whale_payer,2024-05-23,US,ios,low,organic,1,222,2024-12-31,0,158,77,843.23,61,10
p_002440,engaged,2024-04-26,US,android,low,applovin,0,137,2024-09-10,1,34,0,0,53,5
p_000961,casual,2024-07-20,BR,android,high,unity_ads,0,78,2024-10-06,1,11,0,0,16,0
p_002370,engaged,2024-01-10,MX,ios,mid,facebook,0,305,2024-11-10,1,106,0,0,94,12
p_002577,engaged,2024-03-25,GB,android,high,organic,0,162,2024-09-03,1,51,0,0,48,5
p_002446,engaged,2024-07-07,GB,android,mid,applovin,0,177,2024-12-31,0,54,0,0,72,8
p_001277,casual,2024-02-16,FR,ios,low,organic,0,47,2024-04-03,1,4,0,0,16,2
p_002276,engaged,2024-05-10,KR,ios,high,organic,0,130,2024-09-17,1,39,0,0,74,8
p_002873,minnow_payer,2024-04-09,IT,android,mid,tiktok,1,153,2024-09-09,1,29,17,69.83,37,5
p_002106,engaged,2024-04-17,US,ios,high,google,0,237,2024-12-10,1,67,0,0,102,15
p_002304,engaged,2024-06-01,KR,ios,mid,organic,0,205,2024-12-23,1,73,0,0,88,12
p_000897,casual,2024-05-09,IN,ios,mid,organic,0,75,2024-07-23,1,6,0,0,20,0
p_001206,casual,2024-09-05,GB,ios,mid,organic,0,23,2024-09-28,1,1,0,0,5,0
p_000444,casual,2024-08-07,IN,android,low,applovin,0,68,2024-10-14,1,7,0,0,11,1
p_001705,casual,2024-03-05,FR,android,high,facebook,0,17,2024-03-22,1,1,0,0,10,2
p_000016,early_churn,2024-08-10,GB,android,mid,facebook,0,1,2024-08-11,1,1,0,0,1,0
p_000189,early_churn,2024-11-11,AU,android,low,google,0,3,2024-11-14,1,0,0,0,1,0
p_001601,casual,2024-03-18,JP,ios,high,organic,0,46,2024-05-03,1,5,0,0,9,2
p_000682,casual,2024-01-20,IN,ios,mid,applovin,0,21,2024-02-10,1,2,0,0,3,1
p_001973,burst,2024-06-30,FR,android,low,tiktok,0,19,2024-07-19,1,18,0,0,12,0
p_002026,burst,2024-03-08,KR,ios,high,applovin,0,9,2024-03-17,1,6,0,0,2,0
p_002419,engaged,2024-06-17,US,android,low,organic,0,197,2024-12-31,0,62,0,0,46,7
p_002329,engaged,2024-06-24,US,android,mid,facebook,0,190,2024-12-31,0,63,0,0,56,4
p_000761,casual,2024-07-15,BR,android,low,facebook,0,30,2024-08-14,1,2,0,0,8,1
p_001191,casual,2024-07-30,ID,ios,low,organic,0,36,2024-09-04,1,5,0,0,14,1
p_002094,burst,2024-07-06,AR,ios,low,applovin,0,17,2024-07-23,1,12,0,0,9,1
p_000262,early_churn,2024-03-06,IN,ios,high,facebook,0,2,2024-03-08,1,1,0,0,2,0
p_002179,engaged,2024-01-24,US,ios,mid,tiktok,0,269,2024-10-19,1,107,0,0,92,18
p_000298,early_churn,2024-03-16,MX,android,low,facebook,0,1,2024-03-17,1,0,0,0,0,0
p_002706,whale_payer,2024-03-26,KR,android,mid,organic,1,269,2024-12-20,1,201,61,662.39,68,9
p_002533,engaged,2024-03-28,US,android,low,organic,0,278,2024-12-31,0,80,0,0,79,6
p_000763,casual,2024-12-20,DE,android,high,google,0,11,2024-12-31,0,2,0,0,9,1
p_002105,engaged,2024-03-06,IT,android,low,organic,0,300,2024-12-31,0,84,0,0,102,20
p_002498,engaged,2024-02-08,CA,ios,mid,google,0,180,2024-08-06,1,46,0,0,75,14
p_000253,early_churn,2024-02-19,JP,ios,high,google,0,3,2024-02-22,1,0,0,0,3,0
p_000674,casual,2024-05-04,GB,android,high,unity_ads,0,14,2024-05-18,1,3,0,0,8,1
p_000561,casual,2024-04-29,US,ios,high,organic,0,26,2024-05-25,1,6,0,0,8,1
p_000247,early_churn,2024-05-21,US,ios,mid,facebook,0,1,2024-05-22,1,2,0,0,1,0
p_002473,engaged,2024-02-14,TR,ios,mid,organic,0,161,2024-07-24,1,47,0,0,74,11
p_000180,early_churn,2024-04-07,KR,android,mid,google,0,3,2024-04-10,1,1,0,0,2,1
p_001878,burst,2024-12-23,CA,android,low,tiktok,0,8,2024-12-31,0,7,0,0,4,0
p_002483,engaged,2024-05-17,GB,ios,mid,unity_ads,0,186,2024-11-19,1,46,0,0,56,4
p_001186,casual,2024-10-13,US,android,low,google,0,42,2024-11-24,1,4,0,0,5,0
p_002224,engaged,2024-06-06,KR,android,mid,organic,0,176,2024-11-29,1,46,0,0,64,12
p_002481,engaged,2024-07-18,ID,ios,low,organic,0,166,2024-12-31,0,52,0,0,79,3
p_001420,casual,2024-08-06,US,android,mid,google,0,60,2024-10-05,1,5,0,0,7,0
p_000200,early_churn,2024-04-03,JP,ios,mid,facebook,0,1,2024-04-04,1,1,0,0,1,0
p_000611,casual,2024-12-13,US,ios,mid,organic,0,18,2024-12-31,0,0,0,0,9,1
p_001831,burst,2024-02-08,GB,android,low,facebook,0,8,2024-02-16,1,11,0,0,6,1
p_000672,casual,2024-05-05,IT,ios,low,facebook,0,46,2024-06-20,1,2,0,0,14,2
p_002724,whale_payer,2024-04-03,FR,android,mid,organic,1,203,2024-10-23,1,151,56,588.44,56,12
p_002874,minnow_payer,2024-08-04,US,ios,mid,tiktok,1,149,2024-12-31,0,16,9,19.91,34,4
p_000753,casual,2024-10-09,DE,android,high,facebook,0,37,2024-11-15,1,6,0,0,16,3
p_000050,early_churn,2024-02-18,AR,ios,mid,google,0,2,2024-02-20,1,0,0,0,1,0
p_001892,burst,2024-08-03,DE,android,mid,applovin,0,8,2024-08-11,1,7,0,0,23,3
p_002369,engaged,2024-02-11,MX,android,low,google,0,324,2024-12-31,0,86,0,0,66,13
p_002402,engaged,2024-01-15,JP,android,mid,google,0,131,2024-05-25,1,37,0,0,65,10
p_002385,engaged,2024-04-25,NL,android,mid,tiktok,0,231,2024-12-12,1,69,0,0,93,14
p_001526,casual,2024-11-18,ES,ios,low,organic,0,31,2024-12-19,1,3,0,0,5,0
p_000958,casual,2024-12-16,DE,ios,low,tiktok,0,15,2024-12-31,0,1,0,0,8,1
p_000889,casual,2024-08-18,ES,android,mid,unity_ads,0,35,2024-09-22,1,1,0,0,16,2
p_000166,early_churn,2024-04-13,US,android,high,other,0,1,2024-04-14,1,1,0,0,1,0
p_001007,casual,2024-11-06,FR,android,mid,organic,0,31,2024-12-07,1,4,0,0,5,0
p_001781,casual,2024-11-06,US,ios,high,organic,0,55,2024-12-31,0,7,0,0,13,3
p_000249,early_churn,2024-02-21,PL,android,low,organic,0,1,2024-02-22,1,1,0,0,1,0
p_001695,casual,2024-11-09,US,ios,low,organic,0,14,2024-11-23,1,3,0,0,6,1
p_002843,whale_payer,2024-07-16,NL,ios,high,organic,1,168,2024-12-31,0,101,51,541.49,78,7
p_001923,burst,2024-03-10,MX,android,low,applovin,0,8,2024-03-18,1,3,0,0,5,0
p_001135,casual,2024-10-31,IN,android,low,tiktok,0,24,2024-11-24,1,1,0,0,10,1
p_002109,engaged,2024-01-30,US,ios,mid,organic,0,336,2024-12-31,0,117,0,0,101,12
p_000882,casual,2024-01-28,GB,android,low,applovin,0,73,2024-04-10,1,9,0,0,13,2
p_002008,burst,2024-07-11,CA,android,low,organic,0,13,2024-07-24,1,7,0,0,10,1
p_002679,engaged,2024-03-13,TR,ios,mid,google,0,287,2024-12-25,1,117,0,0,117,8
p_000851,casual,2024-08-06,DE,ios,mid,tiktok,0,23,2024-08-29,1,2,0,0,7,0
p_001279,casual,2024-04-22,BR,android,mid,tiktok,0,60,2024-06-21,1,7,0,0,14,1
p_002796,whale_payer,2024-02-21,US,ios,mid,applovin,1,247,2024-10-25,1,178,53,594.47,68,6
p_000517,casual,2024-04-14,MX,android,mid,facebook,0,35,2024-05-19,1,2,0,0,10,1
p_001934,burst,2024-03-21,DE,android,low,organic,0,12,2024-04-02,1,8,0,0,13,3
p_000411,casual,2024-05-09,TH,android,low,organic,0,33,2024-06-11,1,2,0,0,10,3
p_001375,casual,2024-11-28,JP,ios,mid,organic,0,33,2024-12-31,0,1,0,0,8,1
p_001926,burst,2024-05-11,ES,android,high,google,0,9,2024-05-20,1,5,0,0,9,2
p_001575,casual,2024-10-12,NL,android,mid,organic,0,29,2024-11-10,1,2,0,0,10,1
p_001774,casual,2024-01-17,US,android,low,tiktok,0,38,2024-02-24,1,4,0,0,3,1
p_002552,engaged,2024-06-05,BR,android,high,organic,0,199,2024-12-21,1,60,0,0,78,11
p_000363,casual,2024-05-31,DE,android,mid,organic,0,18,2024-06-18,1,4,0,0,13,4
p_000997,casual,2024-11-08,DE,android,mid,google,0,53,2024-12-31,0,3,0,0,12,3
p_000937,casual,2024-11-23,US,android,high,other,0,38,2024-12-31,0,4,0,0,11,0
p_001516,casual,2024-04-02,JP,android,mid,organic,0,43,2024-05-15,1,2,0,0,16,0
p_002155,engaged,2024-02-09,US,android,mid,facebook,0,186,2024-08-13,1,42,0,0,88,5
p_000538,casual,2024-11-23,JP,android,high,other,0,38,2024-12-31,0,2,0,0,14,3
p_000000,early_churn,2024-07-03,GB,android,mid,other,0,2,2024-07-05,1,0,0,0,2,0
p_001022,casual,2024-12-17,MX,android,mid,facebook,0,14,2024-12-31,0,0,0,0,5,1
p_001257,casual,2024-03-06,DE,android,mid,organic,0,54,2024-04-29,1,2,0,0,12,2
p_000597,casual,2024-01-27,NL,android,low,facebook,0,70,2024-04-06,1,8,0,0,7,0
p_002897,minnow_payer,2024-01-17,IT,android,mid,organic,1,143,2024-06-08,1,35,24,85.76,28,6
p_002439,engaged,2024-01-23,SE,android,mid,organic,0,218,2024-08-28,1,66,0,0,74,11
p_001700,casual,2024-05-26,US,android,mid,organic,0,50,2024-07-15,1,3,0,0,11,1
p_002334,engaged,2024-01-23,DE,android,mid,facebook,0,220,2024-08-30,1,65,0,0,60,10
p_002212,engaged,2024-03-18,BR,android,mid,applovin,0,216,2024-10-20,1,71,0,0,62,7
p_000458,casual,2024-08-31,US,android,high,organic,0,90,2024-11-29,1,11,0,0,12,0
p_002797,whale_payer,2024-01-01,US,android,low,organic,1,271,2024-09-28,1,215,69,750.31,56,10
p_000935,casual,2024-11-08,US,android,low,google,0,53,2024-12-31,0,4,0,0,18,1
p_002595,engaged,2024-05-11,US,android,high,organic,0,234,2024-12-31,0,82,0,0,75,9
p_000077,early_churn,2024-10-20,US,android,mid,organic,0,1,2024-10-21,1,1,0,0,1,0
p_001195,casual,2024-07-28,KR,android,mid,organic,0,57,2024-09-23,1,8,0,0,12,3
p_000944,casual,2024-03-02,GB,ios,high,tiktok,0,68,2024-05-09,1,5,0,0,9,0
p_000399,casual,2024-05-21,US,android,mid,applovin,0,80,2024-08-09,1,4,0,0,12,1
p_000339,casual,2024-12-29,ES,android,low,organic,0,2,2024-12-31,0,0,0,0,2,0
p_002929,minnow_payer,2024-05-18,JP,android,low,organic,1,71,2024-07-28,1,5,24,120.76,25,6
p_002966,minnow_payer,2024-06-16,TR,android,low,organic,1,173,2024-12-06,1,29,19,47.81,36,5
p_000119,early_churn,2024-11-24,DE,android,high,organic,0,2,2024-11-26,1,0,0,0,1,0
p_000730,casual,2024-03-30,US,android,high,applovin,0,25,2024-04-24,1,1,0,0,8,0
p_000360,casual,2024-06-20,PH,ios,high,facebook,0,29,2024-07-19,1,5,0,0,14,1
p_000223,early_churn,2024-09-02,MX,android,high,tiktok,0,1,2024-09-03,1,1,0,0,1,0
p_001150,casual,2024-08-05,MX,android,mid,organic,0,26,2024-08-31,1,1,0,0,9,1
p_000128,early_churn,2024-05-10,TH,android,low,organic,0,3,2024-05-13,1,1,0,0,3,0
p_000153,early_churn,2024-05-19,US,ios,low,facebook,0,1,2024-05-20,1,0,0,0,1,0
p_000989,casual,2024-03-19,US,android,low,facebook,0,27,2024-04-15,1,5,0,0,8,1
p_000906,casual,2024-04-05,AU,ios,low,google,0,30,2024-05-05,1,3,0,0,5,0
p_000684,casual,2024-11-23,SE,android,high,google,0,14,2024-12-07,1,0,0,0,6,0
p_000173,early_churn,2024-01-25,MX,android,low,organic,0,1,2024-01-26,1,1,0,0,1,0
p_002011,burst,2024-10-25,US,ios,high,organic,0,19,2024-11-13,1,13,0,0,12,4
p_002968,minnow_payer,2024-05-08,GB,android,mid,facebook,1,121,2024-09-06,1,7,16,82.84,36,4
p_002071,burst,2024-04-28,BR,ios,mid,facebook,0,9,2024-05-07,1,6,0,0,15,2
p_000382,casual,2024-02-20,BR,ios,high,organic,0,26,2024-03-17,1,0,0,0,5,0
p_002656,engaged,2024-03-07,US,ios,mid,google,0,246,2024-11-08,1,85,0,0,90,12
p_002328,engaged,2024-02-29,RU,android,low,organic,0,293,2024-12-18,1,83,0,0,79,15
p_001392,casual,2024-10-15,MX,ios,mid,facebook,0,77,2024-12-31,0,12,0,0,21,1
p_001914,burst,2024-03-15,US,ios,mid,organic,0,21,2024-04-05,1,15,0,0,14,2
p_000331,casual,2024-03-13,US,android,low,tiktok,0,85,2024-06-06,1,13,0,0,21,2
p_002777,whale_payer,2024-05-20,US,android,mid,facebook,1,225,2024-12-31,0,152,79,778.21,60,7
p_000130,early_churn,2024-01-08,US,android,mid,organic,0,2,2024-01-10,1,0,0,0,0,0
p_000683,casual,2024-07-12,US,android,low,organic,0,42,2024-08-23,1,2,0,0,12,2
p_000314,casual,2024-07-15,BR,android,high,organic,0,73,2024-09-26,1,3,0,0,11,1
p_000813,casual,2024-01-18,US,android,mid,unity_ads,0,84,2024-04-11,1,3,0,0,19,2
p_002813,whale_payer,2024-04-07,US,ios,mid,google,1,268,2024-12-31,0,201,70,660.3,97,5
p_002762,whale_payer,2024-07-18,AU,android,mid,organic,1,166,2024-12-31,0,119,76,819.24,59,5
p_001620,casual,2024-06-28,AR,android,mid,facebook,0,51,2024-08-18,1,6,0,0,22,5
p_002728,whale_payer,2024-07-08,US,android,low,tiktok,1,176,2024-12-31,0,124,64,525.36,68,8
p_001111,casual,2024-09-12,US,android,low,applovin,0,85,2024-12-06,1,7,0,0,13,2
p_002103,engaged,2024-02-27,AU,android,mid,organic,0,198,2024-09-12,1,55,0,0,65,7
p_002640,engaged,2024-07-08,US,ios,mid,tiktok,0,176,2024-12-31,0,57,0,0,96,12
p_001537,casual,2024-09-25,US,android,high,applovin,0,31,2024-10-26,1,6,0,0,10,2
p_002032,burst,2024-07-19,MX,android,mid,facebook,0,16,2024-08-04,1,11,0,0,16,2
p_001972,burst,2024-04-16,AR,android,mid,organic,0,16,2024-05-02,1,13,0,0,20,2
p_002730,whale_payer,2024-03-20,KR,ios,high,facebook,1,261,2024-12-06,1,178,52,511.48,87,10
p_002505,engaged,2024-02-06,AU,ios,high,organic,0,277,2024-11-09,1,68,0,0,65,7
p_001256,casual,2024-12-23,KR,android,mid,google,0,8,2024-12-31,0,0,0,0,9,2
p_000333,casual,2024-08-15,KR,android,mid,tiktok,0,32,2024-09-16,1,3,0,0,11,2
p_001377,casual,2024-10-10,US,android,high,facebook,0,67,2024-12-16,1,7,0,0,6,1
p_001358,casual,2024-04-06,AU,android,mid,organic,0,53,2024-05-29,1,8,0,0,6,0
p_001175,casual,2024-11-22,KR,android,low,google,0,39,2024-12-31,0,2,0,0,15,3
p_001514,casual,2024-11-29,TR,ios,low,organic,0,31,2024-12-30,1,2,0,0,15,4
p_001252,casual,2024-04-17,DE,android,mid,google,0,79,2024-07-05,1,3,0,0,17,2
p_000267,early_churn,2024-08-30,BR,ios,high,organic,0,1,2024-08-31,1,0,0,0,2,0
p_002561,engaged,2024-02-29,RU,android,high,tiktok,0,263,2024-11-18,1,71,0,0,56,8
p_000342,casual,2024-04-03,MX,android,high,organic,0,35,2024-05-08,1,0,0,0,6,0
p_002426,engaged,2024-06-06,JP,ios,low,facebook,1,208,2024-12-31,0,49,8,15.92,83,13
p_002944,minnow_payer,2024-03-15,RU,ios,mid,organic,1,88,2024-06-11,1,14,24,102.76,26,4
p_001323,casual,2024-03-21,US,android,low,organic,0,79,2024-06-08,1,2,0,0,11,2
p_001548,casual,2024-08-26,ES,android,mid,facebook,0,72,2024-11-06,1,5,0,0,18,0
p_001359,casual,2024-11-16,GB,android,mid,google,0,18,2024-12-04,1,0,0,0,4,0
p_000115,early_churn,2024-07-28,US,ios,high,facebook,0,1,2024-07-29,1,1,0,0,3,1
p_001844,burst,2024-12-28,US,ios,high,organic,0,3,2024-12-31,0,3,0,0,11,5
p_000908,casual,2024-02-09,BR,ios,low,facebook,0,88,2024-05-07,1,9,0,0,15,4
p_002923,minnow_payer,2024-10-05,GB,ios,high,facebook,1,87,2024-12-31,0,19,10,25.9,16,2
p_001965,burst,2024-05-24,BR,ios,high,organic,0,18,2024-06-11,1,12,0,0,7,1
p_002401,engaged,2024-06-17,DE,ios,mid,google,0,197,2024-12-31,0,70,0,0,90,12
p_001518,casual,2024-06-24,US,android,low,organic,0,21,2024-07-15,1,2,0,0,8,1
p_000002,early_churn,2024-07-02,JP,ios,mid,organic,0,3,2024-07-05,1,0,0,0,2,1
p_002965,minnow_payer,2024-04-26,IN,android,mid,google,1,97,2024-08-01,1,14,12,35.88,22,2
p_001931,burst,2024-06-22,MX,android,high,applovin,0,9,2024-07-01,1,7,0,0,9,2
p_001061,casual,2024-12-16,FR,android,low,google,0,15,2024-12-31,0,0,0,0,4,0
p_001937,burst,2024-11-23,US,ios,high,applovin,0,12,2024-12-05,1,11,0,0,9,2
p_000972,casual,2024-10-10,FR,ios,mid,organic,0,53,2024-12-02,1,9,0,0,20,3
p_001140,casual,2024-07-02,US,android,mid,organic,0,42,2024-08-13,1,5,0,0,19,1
p_002098,burst,2024-12-04,US,android,high,organic,0,16,2024-12-20,1,9,0,0,14,0
p_000446,casual,2024-01-24,KR,ios,high,google,0,56,2024-03-20,1,4,0,0,9,0
p_001218,casual,2024-05-25,BR,android,high,organic,0,77,2024-08-10,1,8,0,0,21,4
p_001901,burst,2024-04-19,KR,android,high,facebook,0,7,2024-04-26,1,4,0,0,11,1
p_000261,early_churn,2024-11-13,US,ios,mid,facebook,0,3,2024-11-16,1,0,0,0,0,0
p_000607,casual,2024-01-02,GB,android,low,google,0,35,2024-02-06,1,2,0,0,4,1
p_002774,whale_payer,2024-06-25,US,ios,high,organic,1,189,2024-12-31,0,148,40,420.6,50,6
p_000474,casual,2024-07-12,NL,ios,high,facebook,0,78,2024-09-28,1,11,0,0,21,2
p_002252,engaged,2024-07-13,GB,android,low,facebook,0,171,2024-12-31,0,46,0,0,91,10
p_000654,casual,2024-11-07,GB,android,mid,unity_ads,0,28,2024-12-05,1,7,0,0,7,0
p_002682,engaged,2024-06-08,CA,android,low,organic,0,138,2024-10-24,1,45,0,0,52,5
p_000658,casual,2024-10-10,BR,android,mid,facebook,0,45,2024-11-24,1,2,0,0,15,5
p_000731,casual,2024-07-07,GB,android,low,google,0,25,2024-08-01,1,0,0,0,11,2
p_001696,casual,2024-03-16,TH,android,mid,organic,0,49,2024-05-04,1,3,0,0,13,4
p_000996,casual,2024-11-28,JP,android,mid,facebook,0,33,2024-12-31,0,5,0,0,5,0
p_000853,casual,2024-10-07,US,android,high,facebook,0,27,2024-11-03,1,1,0,0,8,0
p_000911,casual,2024-07-09,GB,ios,high,facebook,0,89,2024-10-06,1,7,0,0,18,2
p_000439,casual,2024-04-23,DE,android,low,organic,0,54,2024-06-16,1,9,0,0,14,4
p_000022,early_churn,2024-12-19,GB,android,low,organic,0,1,2024-12-20,1,2,0,0,1,0
p_000787,casual,2024-04-08,US,android,low,organic,0,47,2024-05-25,1,3,0,0,9,0
p_000416,casual,2024-11-28,TR,ios,high,organic,0,17,2024-12-15,1,2,0,0,1,0
p_001976,burst,2024-12-25,TR,android,mid,organic,0,6,2024-12-31,0,2,0,0,16,4
p_001480,casual,2024-04-08,US,ios,high,organic,0,46,2024-05-24,1,4,0,0,5,0
p_002667,engaged,2024-04-04,IT,android,low,facebook,0,271,2024-12-31,0,83,0,0,68,5
p_001779,casual,2024-05-25,MX,ios,high,organic,0,54,2024-07-18,1,5,0,0,9,1
p_000035,early_churn,2024-09-27,CA,android,low,unity_ads,0,2,2024-09-29,1,1,0,0,2,1
p_000129,early_churn,2024-04-24,US,android,high,organic,0,3,2024-04-27,1,0,0,0,2,1
p_001939,burst,2024-12-14,AU,ios,high,google,0,7,2024-12-21,1,6,0,0,12,2
p_000448,casual,2024-09-06,US,android,low,applovin,0,89,2024-12-04,1,3,0,0,19,2
p_001533,casual,2024-03-03,SE,android,low,organic,0,73,2024-05-15,1,4,0,0,9,2
p_000967,casual,2024-10-18,JP,android,low,unity_ads,0,52,2024-12-09,1,6,0,0,17,5
p_001432,casual,2024-10-13,US,android,mid,organic,0,44,2024-11-26,1,3,0,0,14,3
p_002415,engaged,2024-05-10,AR,android,mid,google,0,160,2024-10-17,1,56,0,0,74,9
p_002046,burst,2024-02-17,AU,android,mid,google,0,21,2024-03-09,1,17,0,0,13,2
p_001343,casual,2024-12-30,FR,android,high,facebook,0,1,2024-12-31,0,0,0,0,6,1
p_001943,burst,2024-01-30,US,android,low,tiktok,0,20,2024-02-19,1,13,0,0,4,1
p_001900,burst,2024-04-05,IN,ios,mid,applovin,0,7,2024-04-12,1,7,0,0,8,1
p_000438,casual,2024-05-02,KR,ios,low,facebook,0,35,2024-06-06,1,4,0,0,8,1
p_001741,casual,2024-11-11,US,ios,high,google,0,50,2024-12-31,0,3,0,0,14,1
p_001360,casual,2024-07-13,IT,android,low,organic,0,50,2024-09-01,1,4,0,0,11,1
p_000680,casual,2024-05-26,PL,android,high,tiktok,0,87,2024-08-21,1,7,0,0,14,0
p_000164,early_churn,2024-01-28,US,android,mid,applovin,0,3,2024-01-31,1,1,0,0,0,0
p_002628,engaged,2024-02-28,IT,ios,low,facebook,0,278,2024-12-02,1,90,0,0,95,7
p_000556,casual,2024-09-18,IN,ios,mid,organic,0,22,2024-10-10,1,2,0,0,9,0
p_000818,casual,2024-05-29,DE,android,high,organic,0,49,2024-07-17,1,3,0,0,13,1
p_001151,casual,2024-03-01,AU,ios,high,applovin,0,66,2024-05-06,1,9,0,0,18,1
p_000264,early_churn,2024-02-01,AR,android,low,organic,0,2,2024-02-03,1,2,0,0,1,0
p_000699,casual,2024-08-09,US,ios,mid,facebook,0,65,2024-10-13,1,2,0,0,10,2
p_002409,engaged,2024-05-31,GB,ios,mid,facebook,0,166,2024-11-13,1,63,0,0,61,9
p_002781,whale_payer,2024-05-18,IN,ios,high,facebook,1,227,2024-12-31,0,168,41,462.59,64,5
p_002901,minnow_payer,2024-01-11,BR,android,mid,google,1,249,2024-09-16,1,33,17,38.83,50,6
p_000579,casual,2024-06-27,US,android,low,facebook,0,14,2024-07-11,1,0,0,0,3,1
p_002148,engaged,2024-02-29,PL,android,low,tiktok,0,195,2024-09-11,1,70,0,0,59,5
p_000808,casual,2024-07-22,GB,android,low,organic,0,48,2024-09-08,1,1,0,0,17,3
p_002398,engaged,2024-06-13,KR,ios,mid,organic,0,144,2024-11-04,1,38,0,0,85,9
p_001551,casual,2024-10-02,RU,android,high,organic,0,81,2024-12-22,1,7,0,0,23,2
p_001054,casual,2024-07-26,CA,ios,mid,organic,0,58,2024-09-22,1,4,0,0,13,2
p_001664,casual,2024-12-17,IT,android,low,facebook,0,14,2024-12-31,0,2,0,0,5,0
p_000240,early_churn,2024-08-27,PH,android,mid,organic,0,2,2024-08-29,1,1,0,0,2,0
p_000391,casual,2024-03-02,FR,ios,low,facebook,0,69,2024-05-10,1,5,0,0,11,3
p_000487,casual,2024-06-12,IN,ios,mid,google,0,52,2024-08-03,1,6,0,0,12,0
p_002904,minnow_payer,2024-08-15,TR,android,high,organic,1,124,2024-12-17,1,18,4,36.96,35,4
p_000283,early_churn,2024-10-08,GB,ios,high,organic,0,1,2024-10-09,1,0,0,0,1,0
p_001756,casual,2024-05-30,DE,android,mid,tiktok,0,69,2024-08-07,1,7,0,0,10,0
p_001586,casual,2024-10-11,ID,android,low,applovin,0,81,2024-12-31,0,12,0,0,27,2
p_002357,engaged,2024-01-21,US,android,mid,unity_ads,0,141,2024-06-10,1,40,0,0,45,4
p_000635,casual,2024-09-18,US,android,low,google,0,32,2024-10-20,1,4,0,0,6,0
p_001354,casual,2024-08-20,TH,ios,low,tiktok,0,64,2024-10-23,1,8,0,0,14,1
p_000796,casual,2024-03-30,TH,ios,high,google,0,22,2024-04-21,1,0,0,0,7,1
p_001376,casual,2024-09-27,US,ios,mid,applovin,0,17,2024-10-14,1,0,0,0,10,2
p_001631,casual,2024-11-10,TH,android,low,organic,0,35,2024-12-15,1,3,0,0,10,2
p_000619,casual,2024-07-05,RU,ios,mid,organic,0,16,2024-07-21,1,0,0,0,10,2
p_001214,casual,2024-02-27,ES,android,low,other,0,40,2024-04-07,1,2,0,0,7,0
p_000301,casual,2024-05-12,DE,ios,mid,organic,0,54,2024-07-05,1,5,0,0,6,0
p_001144,casual,2024-02-01,IT,android,high,google,0,32,2024-03-04,1,0,0,0,10,0
p_001039,casual,2024-05-11,IN,ios,mid,organic,0,87,2024-08-06,1,5,0,0,22,2
p_001213,casual,2024-10-05,JP,android,low,tiktok,0,51,2024-11-25,1,10,0,0,10,0
p_000602,casual,2024-06-26,US,android,high,organic,0,69,2024-09-03,1,7,0,0,16,1
p_002712,whale_payer,2024-07-12,US,ios,mid,tiktok,1,172,2024-12-31,0,121,62,622.38,55,9
p_001665,casual,2024-10-15,DE,ios,high,facebook,0,77,2024-12-31,0,3,0,0,11,0
p_002128,engaged,2024-01-30,PH,android,mid,facebook,0,162,2024-07-10,1,66,0,0,86,9
p_000018,early_churn,2024-01-02,FR,android,high,facebook,0,1,2024-01-03,1,0,0,0,0,0
p_001704,casual,2024-01-17,IT,android,low,organic,0,42,2024-02-28,1,0,0,0,5,2
p_001163,casual,2024-10-25,US,ios,high,organic,0,28,2024-11-22,1,6,0,0,10,2
p_002096,burst,2024-07-23,ES,ios,mid,organic,0,21,2024-08-13,1,11,0,0,24,4
p_000671,casual,2024-06-01,CA,android,mid,organic,0,75,2024-08-15,1,6,0,0,26,3
p_000395,casual,2024-09-14,US,android,high,organic,0,33,2024-10-17,1,2,0,0,14,1
p_001072,casual,2024-07-14,DE,android,mid,organic,0,23,2024-08-06,1,0,0,0,9,2
p_001541,casual,2024-03-30,MX,ios,mid,organic,0,51,2024-05-20,1,3,0,0,13,5
p_001156,casual,2024-07-23,CA,android,mid,applovin,0,85,2024-10-16,1,6,0,0,14,1
p_001683,casual,2024-10-11,TH,ios,mid,facebook,0,36,2024-11-16,1,1,0,0,5,0
p_000810,casual,2024-04-09,IN,ios,mid,organic,0,53,2024-06-01,1,5,0,0,8,3
p_002963,minnow_payer,2024-08-08,US,android,low,tiktok,1,145,2024-12-31,0,22,23,44.77,27,2
p_000118,early_churn,2024-11-01,US,android,mid,google,0,3,2024-11-04,1,0,0,0,0,0
p_000288,early_churn,2024-11-25,US,android,mid,facebook,0,2,2024-11-27,1,1,0,0,0,0
p_001975,burst,2024-05-31,US,android,mid,organic,0,20,2024-06-20,1,8,0,0,15,3
p_002384,engaged,2024-06-25,IT,ios,low,tiktok,0,189,2024-12-31,0,72,0,0,84,11
p_001342,casual,2024-10-07,US,ios,high,google,0,61,2024-12-07,1,9,0,0,15,1
p_002282,engaged,2024-02-29,FR,android,mid,google,0,279,2024-12-04,1,95,0,0,113,12
p_000507,casual,2024-01-10,DE,android,mid,applovin,0,62,2024-03-12,1,4,0,0,12,3
p_001765,casual,2024-12-11,CA,android,high,organic,0,20,2024-12-31,0,2,0,0,4,0
p_002013,burst,2024-05-07,US,ios,mid,unity_ads,0,20,2024-05-27,1,13,0,0,21,1
p_001874,burst,2024-10-15,KR,ios,high,organic,0,12,2024-10-27,1,6,0,0,21,3
p_002621,engaged,2024-03-07,US,ios,mid,google,0,251,2024-11-13,1,80,0,0,78,8
p_002643,engaged,2024-02-08,MX,android,mid,facebook,0,168,2024-07-25,1,65,0,0,78,14
p_002956,minnow_payer,2024-06-19,FR,ios,low,other,1,195,2024-12-31,0,22,14,50.86,41,7
p_001405,casual,2024-09-03,GB,android,low,facebook,0,66,2024-11-08,1,5,0,0,24,1
p_002572,engaged,2024-02-06,CA,ios,low,tiktok,0,293,2024-11-25,1,90,0,0,107,11
p_001292,casual,2024-07-28,KR,ios,low,google,0,57,2024-09-23,1,10,0,0,10,0
p_002747,whale_payer,2024-02-18,RU,android,mid,organic,1,256,2024-10-31,1,195,53,553.47,58,10
p_001097,casual,2024-04-12,DE,android,low,google,0,39,2024-05-21,1,6,0,0,13,2
p_000321,casual,2024-12-08,US,android,mid,google,0,23,2024-12-31,0,0,0,0,8,1
p_000613,casual,2024-10-29,DE,android,high,organic,0,14,2024-11-12,1,0,0,0,9,3
p_002049,burst,2024-10-03,CA,android,mid,organic,0,14,2024-10-17,1,14,0,0,16,3
p_000239,early_churn,2024-01-03,US,android,mid,organic,0,3,2024-01-06,1,1,0,0,0,0
p_001387,casual,2024-01-30,BR,android,mid,organic,0,81,2024-04-20,1,9,0,0,13,2
p_001530,casual,2024-11-08,AU,android,low,applovin,0,53,2024-12-31,0,3,0,0,17,1
p_000899,casual,2024-06-14,NL,ios,mid,organic,0,88,2024-09-10,1,9,0,0,21,2
p_001320,casual,2024-02-05,GB,android,mid,organic,0,34,2024-03-10,1,4,0,0,6,0
p_000797,casual,2024-04-13,JP,ios,high,organic,0,60,2024-06-12,1,6,0,0,15,2
p_002250,engaged,2024-04-21,MX,ios,low,tiktok,0,169,2024-10-07,1,47,0,0,76,9
p_002462,engaged,2024-03-11,DE,android,low,facebook,0,186,2024-09-13,1,63,0,0,86,12
p_000548,casual,2024-10-13,ES,android,mid,applovin,0,34,2024-11-16,1,2,0,0,14,1
p_002596,engaged,2024-07-11,DE,ios,high,google,0,173,2024-12-31,0,53,0,0,59,7
p_000445,casual,2024-12-21,US,android,high,organic,0,10,2024-12-31,0,1,0,0,5,1
p_002941,minnow_payer,2024-06-07,DE,android,high,applovin,1,116,2024-10-01,1,25,20,63.8,15,4
p_001826,burst,2024-12-19,AR,ios,high,organic,0,11,2024-12-30,1,4,0,0,16,0
p_000830,casual,2024-11-30,US,android,low,organic,0,31,2024-12-31,0,1,0,0,6,0
p_001446,casual,2024-10-03,US,ios,mid,facebook,0,22,2024-10-25,1,0,0,0,4,0
p_002084,burst,2024-03-29,FR,ios,high,facebook,0,16,2024-04-14,1,8,0,0,18,1
p_001883,burst,2024-05-06,US,android,mid,applovin,0,11,2024-05-17,1,5,0,0,7,0
p_002326,engaged,2024-01-20,US,android,mid,organic,0,312,2024-11-27,1,104,0,0,98,13
p_002809,whale_payer,2024-06-18,PL,android,low,organic,1,196,2024-12-31,0,132,58,619.42,63,11
p_001699,casual,2024-02-23,IN,ios,low,facebook,0,24,2024-03-18,1,1,0,0,4,1
p_000978,casual,2024-10-10,PL,android,mid,google,0,52,2024-12-01,1,2,0,0,12,0
p_002607,engaged,2024-02-24,US,android,low,tiktok,0,174,2024-08-16,1,53,0,0,77,8
p_001095,casual,2024-12-01,KR,ios,high,organic,0,28,2024-12-29,1,3,0,0,12,1
p_002236,engaged,2024-06-08,MX,ios,mid,organic,0,206,2024-12-31,0,83,0,0,78,9
p_001772,casual,2024-12-04,AR,android,mid,google,0,27,2024-12-31,0,3,0,0,11,0
p_000381,casual,2024-05-01,US,android,mid,organic,0,30,2024-05-31,1,1,0,0,12,2
p_000748,casual,2024-07-16,CA,android,low,organic,0,42,2024-08-27,1,5,0,0,17,0
p_002820,whale_payer,2024-03-02,US,ios,high,organic,1,304,2024-12-31,0,199,76,824.24,105,12
p_001449,casual,2024-08-01,US,ios,high,organic,0,54,2024-09-24,1,3,0,0,15,1
p_000496,casual,2024-09-09,US,android,mid,google,0,14,2024-09-23,1,1,0,0,3,0
p_001875,burst,2024-06-13,JP,ios,low,facebook,1,9,2024-06-22,1,6,2,1.98,16,4
p_001748,casual,2024-06-24,IT,android,low,google,0,61,2024-08-24,1,11,0,0,14,2
p_001217,casual,2024-01-13,JP,ios,high,organic,0,63,2024-03-16,1,11,0,0,11,0
p_002041,burst,2024-08-24,IT,ios,mid,facebook,0,11,2024-09-04,1,7,0,0,23,6
p_001889,burst,2024-05-09,BR,android,low,organic,0,18,2024-05-27,1,7,0,0,20,2
p_000464,casual,2024-01-08,US,ios,high,tiktok,0,38,2024-02-15,1,4,0,0,2,1
p_001659,casual,2024-11-23,KR,android,high,organic,0,38,2024-12-31,0,2,0,0,4,1
p_002188,engaged,2024-02-19,FR,ios,high,organic,0,316,2024-12-31,0,93,0,0,87,13
p_001244,casual,2024-09-30,BR,android,high,google,0,75,2024-12-14,1,5,0,0,12,3
p_002240,engaged,2024-02-17,KR,android,mid,google,0,318,2024-12-31,0,119,0,0,77,11
p_000098,early_churn,2024-05-28,BR,ios,low,tiktok,0,2,2024-05-30,1,3,0,0,0,0
p_002002,burst,2024-08-31,MX,ios,high,organic,0,14,2024-09-14,1,9,0,0,19,1
p_000963,casual,2024-01-13,US,android,low,organic,0,34,2024-02-16,1,0,0,0,4,0
p_000567,casual,2024-05-30,SE,android,mid,google,0,40,2024-07-09,1,2,0,0,7,1
p_002935,minnow_payer,2024-06-02,KR,android,high,facebook,1,84,2024-08-25,1,12,14,26.86,17,1
p_002811,whale_payer,2024-02-03,US,android,low,applovin,1,270,2024-10-30,1,185,88,906.12,54,10
p_000073,early_churn,2024-10-13,JP,android,mid,tiktok,0,3,2024-10-16,1,0,0,0,1,0
p_001906,burst,2024-07-29,DE,ios,high,organic,0,13,2024-08-11,1,8,0,0,20,2
p_001640,casual,2024-06-18,ES,ios,mid,organic,0,29,2024-07-17,1,4,0,0,7,0
p_002665,engaged,2024-06-07,US,ios,mid,applovin,0,207,2024-12-31,0,62,0,0,89,10
p_001437,casual,2024-08-08,DE,ios,high,organic,0,43,2024-09-20,1,5,0,0,9,0
p_000752,casual,2024-08-07,BR,android,low,unity_ads,0,44,2024-09-20,1,1,0,0,3,0
p_001481,casual,2024-03-16,US,android,mid,google,0,54,2024-05-09,1,5,0,0,12,2
p_002297,engaged,2024-06-30,ES,android,low,facebook,0,184,2024-12-31,0,63,0,0,66,10
p_002443,engaged,2024-05-08,IN,android,high,google,0,237,2024-12-31,0,66,0,0,87,8
p_000950,casual,2024-04-18,RU,ios,high,applovin,0,24,2024-05-12,1,2,0,0,9,1
p_001924,burst,2024-03-03,CA,android,low,facebook,0,16,2024-03-19,1,12,0,0,17,3
p_000287,early_churn,2024-09-05,MX,android,mid,organic,0,1,2024-09-06,1,1,0,0,0,0
p_002581,engaged,2024-05-24,BR,ios,mid,tiktok,0,172,2024-11-12,1,47,0,0,78,8
p_001828,burst,2024-11-25,ID,android,high,facebook,1,18,2024-12-13,1,15,6,13.94,18,5
p_001623,casual,2024-04-26,AR,android,low,organic,0,46,2024-06-11,1,2,0,0,11,3
p_000233,early_churn,2024-09-17,DE,android,low,applovin,0,2,2024-09-19,1,0,0,0,1,0
p_001046,casual,2024-03-04,AR,android,low,google,0,44,2024-04-17,1,2,0,0,4,2
p_001009,casual,2024-10-10,DE,android,mid,facebook,0,67,2024-12-16,1,4,0,0,20,4
p_002267,engaged,2024-05-15,MX,android,high,facebook,0,177,2024-11-08,1,63,0,0,75,8
p_001797,casual,2024-03-05,US,android,low,facebook,0,21,2024-03-26,1,4,0,0,3,1
p_002243,engaged,2024-03-21,KR,ios,high,facebook,0,222,2024-10-29,1,81,0,0,95,9
p_002911,minnow_payer,2024-05-12,FR,android,mid,applovin,1,184,2024-11-12,1,23,13,35.87,43,7
p_002757,whale_payer,2024-07-16,CA,android,mid,facebook,1,168,2024-12-31,0,126,89,998.11,83,10
p_002028,burst,2024-01-08,KR,android,high,organic,0,16,2024-01-24,1,9,0,0,3,0
p_002677,engaged,2024-02-11,US,ios,mid,organic,0,305,2024-12-12,1,94,0,0,120,17
p_002883,minnow_payer,2024-05-06,JP,android,high,applovin,1,107,2024-08-21,1,15,14,39.86,30,4
p_002576,engaged,2024-06-05,JP,android,low,organic,0,166,2024-11-18,1,55,0,0,94,17
p_000284,early_churn,2024-08-03,GB,android,high,organic,0,3,2024-08-06,1,1,0,0,1,0
p_002397,engaged,2024-01-14,AU,android,mid,organic,0,231,2024-09-01,1,57,0,0,74,8
p_000292,early_churn,2024-05-04,FR,ios,high,organic,0,3,2024-05-07,1,1,0,0,1,0
p_002154,engaged,2024-01-20,BR,android,mid,google,0,295,2024-11-10,1,96,0,0,106,10
p_002165,engaged,2024-06-04,JP,ios,low,organic,0,210,2024-12-31,0,72,0,0,79,16
p_002197,engaged,2024-04-03,AU,ios,high,google,0,161,2024-09-11,1,65,0,0,88,12
p_002343,engaged,2024-01-05,FR,android,mid,tiktok,0,235,2024-08-27,1,85,0,0,87,12
p_000524,casual,2024-11-27,IN,ios,high,google,0,34,2024-12-31,0,2,0,0,10,0
p_000647,casual,2024-09-14,ES,ios,mid,organic,0,42,2024-10-26,1,9,0,0,15,4
p_001815,burst,2024-12-18,MX,android,mid,organic,1,13,2024-12-31,0,14,6,10.94,15,2
p_001056,casual,2024-07-09,DE,android,mid,google,0,58,2024-09-05,1,5,0,0,14,3
p_001895,burst,2024-05-23,MX,ios,mid,organic,0,12,2024-06-04,1,10,0,0,11,0
p_002037,burst,2024-06-17,GB,android,mid,applovin,0,18,2024-07-05,1,10,0,0,10,1
p_000429,casual,2024-05-22,KR,android,low,facebook,0,29,2024-06-20,1,2,0,0,11,0
p_001341,casual,2024-06-04,KR,android,high,google,0,48,2024-07-22,1,4,0,0,11,0
p_002841,whale_payer,2024-02-29,DE,ios,low,organic,1,228,2024-10-14,1,149,70,733.3,61,7
p_000014,early_churn,2024-12-16,BR,ios,high,google,0,1,2024-12-17,1,0,0,0,0,0
p_001067,casual,2024-08-07,US,android,mid,facebook,0,58,2024-10-04,1,4,0,0,3,0
p_002333,engaged,2024-05-15,TR,android,high,google,0,172,2024-11-03,1,70,0,0,103,14
p_001018,casual,2024-06-27,DE,ios,high,organic,0,47,2024-08-13,1,3,0,0,8,1
p_002277,engaged,2024-04-12,AR,ios,mid,unity_ads,0,263,2024-12-31,0,109,0,0,96,11
p_000964,casual,2024-07-02,US,android,low,google,0,86,2024-09-26,1,12,0,0,20,4
p_001616,casual,2024-04-30,RU,android,mid,google,0,25,2024-05-25,1,1,0,0,3,0
p_001802,burst,2024-03-04,BR,android,low,unity_ads,0,7,2024-03-11,1,3,0,0,11,0
p_002788,whale_payer,2024-05-18,KR,ios,mid,organic,1,227,2024-12-31,0,171,32,324.68,100,15
p_000762,casual,2024-09-09,US,android,low,applovin,0,20,2024-09-29,1,3,0,0,10,0
p_002159,engaged,2024-06-11,PH,android,low,facebook,0,139,2024-10-28,1,53,0,0,91,11
p_001011,casual,2024-11-16,FR,ios,low,facebook,0,45,2024-12-31,0,1,0,0,6,1
p_000584,casual,2024-05-17,JP,ios,low,organic,0,49,2024-07-05,1,3,0,0,9,1
p_001632,casual,2024-02-22,US,ios,high,facebook,0,50,2024-04-12,1,8,0,0,13,0
p_001476,casual,2024-09-06,BR,android,high,tiktok,0,22,2024-09-28,1,6,0,0,10,1
p_002638,engaged,2024-02-21,US,android,mid,facebook,0,275,2024-11-22,1,87,0,0,74,9
p_000535,casual,2024-03-28,IN,android,mid,google,0,37,2024-05-04,1,3,0,0,8,0
p_002913,minnow_payer,2024-05-05,US,android,mid,facebook,1,166,2024-10-18,1,27,5,25.95,31,4
p_001412,casual,2024-06-27,AU,ios,mid,facebook,0,71,2024-09-06,1,4,0,0,18,1
p_001280,casual,2024-02-09,ID,ios,high,facebook,0,63,2024-04-12,1,5,0,0,10,1
p_000175,early_churn,2024-09-26,US,android,low,applovin,0,3,2024-09-29,1,2,0,0,0,0
p_002810,whale_payer,2024-05-13,JP,ios,high,facebook,1,232,2024-12-31,0,183,64,589.36,56,9
p_001813,burst,2024-08-26,US,android,low,organic,1,17,2024-09-12,1,10,3,10.97,7,2
p_002502,engaged,2024-01-18,TR,ios,low,organic,0,238,2024-09-12,1,84,0,0,47,6
p_000366,casual,2024-11-01,FR,android,low,applovin,0,46,2024-12-17,1,4,0,0,12,0
p_000861,casual,2024-12-31,US,android,mid,applovin,0,0,2024-12-31,0,0,0,0,1,0
p_001431,casual,2024-01-02,MX,android,high,organic,0,25,2024-01-27,1,0,0,0,3,0
p_001281,casual,2024-12-21,PH,android,mid,facebook,0,10,2024-12-31,0,0,0,0,2,0
p_000726,casual,2024-05-18,PH,ios,mid,organic,0,35,2024-06-22,1,0,0,0,8,2
p_001161,casual,2024-04-27,ES,android,low,organic,0,14,2024-05-11,1,3,0,0,7,0
p_001589,casual,2024-04-18,CA,android,low,organic,0,17,2024-05-05,1,0,0,0,9,1
p_000394,casual,2024-01-19,FR,ios,low,google,0,59,2024-03-18,1,5,0,0,9,1
p_000490,casual,2024-01-28,DE,android,low,organic,0,24,2024-02-21,1,4,0,0,7,1
p_001540,casual,2024-02-03,BR,android,mid,google,0,84,2024-04-27,1,18,0,0,18,5
p_000841,casual,2024-04-14,IN,android,high,applovin,0,56,2024-06-09,1,7,0,0,8,1
p_002744,whale_payer,2024-05-12,JP,android,mid,tiktok,1,233,2024-12-31,0,193,58,565.42,110,14
p_002406,engaged,2024-03-31,DE,ios,high,google,0,206,2024-10-23,1,74,0,0,60,5
p_002503,engaged,2024-05-02,ID,ios,high,facebook,0,121,2024-08-31,1,44,0,0,49,7
p_001719,casual,2024-05-18,DE,android,low,organic,0,30,2024-06-17,1,3,0,0,9,0
p_001732,casual,2024-07-22,CA,ios,mid,organic,0,47,2024-09-07,1,1,0,0,15,1
p_000059,early_churn,2024-05-20,CA,android,low,organic,0,2,2024-05-22,1,0,0,0,1,0
p_001624,casual,2024-05-16,KR,android,low,facebook,0,39,2024-06-24,1,2,0,0,13,4
p_001363,casual,2024-04-13,BR,android,low,organic,0,39,2024-05-22,1,5,0,0,10,3
p_000086,early_churn,2024-03-04,RU,android,high,organic,0,1,2024-03-05,1,1,0,0,1,0
p_002703,whale_payer,2024-05-31,TR,android,high,facebook,1,214,2024-12-31,0,157,81,858.19,73,12
p_001319,casual,2024-04-03,NL,ios,low,facebook,0,86,2024-06-28,1,8,0,0,17,2
p_001805,burst,2024-12-07,US,android,low,google,0,7,2024-12-14,1,2,0,0,17,1
p_001592,casual,2024-07-06,MX,ios,mid,facebook,0,62,2024-09-06,1,8,0,0,12,2
p_001407,casual,2024-03-13,US,android,mid,applovin,0,17,2024-03-30,1,2,0,0,6,1
p_002092,burst,2024-11-19,JP,android,low,tiktok,0,9,2024-11-28,1,7,0,0,3,0
p_002917,minnow_payer,2024-05-14,RU,android,mid,organic,1,105,2024-08-27,1,15,24,86.76,27,6
p_002529,engaged,2024-02-15,US,android,mid,facebook,0,228,2024-09-30,1,79,0,0,72,7
p_001613,casual,2024-12-14,TH,android,mid,facebook,0,17,2024-12-31,0,2,0,0,12,1
p_002759,whale_payer,2024-03-14,AU,android,low,unity_ads,1,239,2024-11-08,1,172,49,522.51,83,10
p_001385,casual,2024-02-23,BR,android,low,tiktok,0,19,2024-03-13,1,2,0,0,4,1
p_001709,casual,2024-02-13,KR,ios,mid,applovin,0,14,2024-02-27,1,3,0,0,8,2
p_002363,engaged,2024-01-10,GB,android,high,google,0,137,2024-05-26,1,35,0,0,65,8
p_000423,casual,2024-03-09,AU,ios,mid,organic,0,26,2024-04-04,1,6,0,0,7,0
p_002211,engaged,2024-03-17,GB,ios,mid,google,0,128,2024-07-23,1,44,0,0,43,5
p_002773,whale_payer,2024-05-08,US,android,mid,tiktok,1,205,2024-11-29,1,157,30,343.7,87,7
p_000985,casual,2024-02-23,TR,android,low,tiktok,0,57,2024-04-20,1,10,0,0,13,3
p_001084,casual,2024-08-04,AR,ios,mid,google,0,75,2024-10-18,1,10,0,0,17,3
p_002038,burst,2024-12-02,NL,android,mid,unity_ads,0,18,2024-12-20,1,13,0,0,15,1
p_001605,casual,2024-11-01,IN,ios,high,facebook,0,60,2024-12-31,0,3,0,0,12,2
p_002314,engaged,2024-02-19,IN,android,high,applovin,0,135,2024-07-03,1,39,0,0,48,6
p_000858,casual,2024-06-16,FR,android,mid,organic,0,81,2024-09-05,1,8,0,0,21,0
p_001329,casual,2024-05-03,GB,ios,high,organic,0,36,2024-06-08,1,2,0,0,17,4
p_002203,engaged,2024-05-05,JP,android,mid,facebook,0,240,2024-12-31,0,83,0,0,85,14
p_001414,casual,2024-12-29,AR,android,low,organic,0,2,2024-12-31,0,0,0,0,6,0
p_002905,minnow_payer,2024-07-08,NL,android,low,applovin,1,167,2024-12-22,1,20,3,11.97,37,5
p_002191,engaged,2024-02-22,US,android,mid,tiktok,0,269,2024-11-17,1,86,0,0,84,13
p_000583,casual,2024-11-20,MX,ios,mid,applovin,0,41,2024-12-31,0,2,0,0,12,1
p_001399,casual,2024-05-09,GB,ios,mid,organic,0,33,2024-06-11,1,4,0,0,3,0
p_002305,engaged,2024-07-16,CA,ios,mid,applovin,1,146,2024-12-09,1,52,2,2.98,41,5
p_000306,casual,2024-04-08,BR,android,low,applovin,0,61,2024-06-08,1,10,0,0,15,0
p_000136,early_churn,2024-02-21,US,ios,mid,facebook,0,2,2024-02-23,1,1,0,0,0,0
p_002455,engaged,2024-04-26,TR,android,mid,organic,0,162,2024-10-05,1,46,0,0,84,11
p_002739,whale_payer,2024-06-10,KR,android,low,organic,1,204,2024-12-31,0,157,67,658.33,69,9
p_001419,casual,2024-07-17,FR,ios,high,tiktok,0,31,2024-08-17,1,3,0,0,15,2
p_001438,casual,2024-12-05,US,android,mid,google,0,26,2024-12-31,0,1,0,0,11,0
p_000511,casual,2024-04-15,IN,android,low,organic,0,48,2024-06-02,1,7,0,0,10,0
p_002176,engaged,2024-01-19,NL,android,mid,applovin,0,244,2024-09-19,1,76,0,0,67,8
p_002164,engaged,2024-05-11,KR,ios,mid,facebook,0,222,2024-12-19,1,88,0,0,61,10
p_002348,engaged,2024-01-18,US,android,low,facebook,0,226,2024-08-31,1,70,0,0,96,11
p_000655,casual,2024-08-13,GB,android,mid,organic,0,55,2024-10-07,1,10,0,0,9,1
p_001478,casual,2024-07-10,GB,ios,high,google,0,79,2024-09-27,1,8,0,0,17,1
p_000622,casual,2024-08-11,CA,ios,high,google,0,43,2024-09-23,1,3,0,0,5,1
p_002180,engaged,2024-01-12,US,ios,low,organic,0,215,2024-08-14,1,76,0,0,81,6
p_001706,casual,2024-06-03,GB,ios,mid,organic,0,56,2024-07-29,1,4,0,0,14,1
p_001607,casual,2024-01-29,US,android,mid,organic,0,22,2024-02-20,1,0,0,0,2,0
p_000646,casual,2024-08-29,US,ios,mid,tiktok,0,79,2024-11-16,1,9,0,0,21,2
p_001145,casual,2024-01-11,ES,android,high,other,0,47,2024-02-27,1,7,0,0,7,1
p_002972,minnow_payer,2024-05-04,FR,android,low,organic,1,82,2024-07-25,1,15,5,22.95,21,2
p_001253,casual,2024-06-19,BR,ios,low,google,0,66,2024-08-24,1,4,0,0,14,2
p_001330,casual,2024-07-24,PH,ios,high,other,0,58,2024-09-20,1,8,0,0,14,1
p_002955,minnow_payer,2024-08-10,FR,android,mid,organic,1,134,2024-12-22,1,16,21,88.79,35,5
p_001101,casual,2024-06-16,JP,android,mid,organic,0,83,2024-09-07,1,3,0,0,16,1
p_001925,burst,2024-09-09,CA,ios,mid,other,0,20,2024-09-29,1,13,0,0,10,3
p_000435,casual,2024-03-01,DE,android,mid,applovin,0,16,2024-03-17,1,0,0,0,7,2
p_001259,casual,2024-07-29,IN,ios,mid,tiktok,0,87,2024-10-24,1,7,0,0,18,2
p_001425,casual,2024-02-28,US,android,mid,organic,0,71,2024-05-09,1,6,0,0,19,2
p_000359,casual,2024-03-11,US,ios,low,other,0,67,2024-05-17,1,7,0,0,16,2
p_001368,casual,2024-06-28,KR,android,mid,google,0,61,2024-08-28,1,0,0,0,9,0
p_000176,early_churn,2024-05-31,JP,android,high,unity_ads,0,2,2024-06-02,1,0,0,0,2,0
p_000980,casual,2024-11-19,MX,android,high,tiktok,0,42,2024-12-31,1,3,0,0,5,0
p_002354,engaged,2024-06-24,US,android,low,organic,0,190,2024-12-31,0,51,0,0,63,6
p_001730,casual,2024-09-13,TR,android,low,facebook,0,32,2024-10-15,1,2,0,0,8,1
p_002431,engaged,2024-01-21,IN,android,low,facebook,0,310,2024-11-26,1,100,0,0,70,11
p_000386,casual,2024-02-18,US,android,mid,google,0,84,2024-05-12,1,12,0,0,10,0
p_002594,engaged,2024-03-20,NL,android,low,google,0,227,2024-11-02,1,87,0,0,93,21
p_002659,engaged,2024-03-19,KR,android,high,organic,0,287,2024-12-31,0,87,0,0,63,9
p_001799,casual,2024-05-12,TH,ios,high,tiktok,0,14,2024-05-26,1,0,0,0,0,0
p_000472,casual,2024-04-07,BR,ios,mid,organic,0,73,2024-06-19,1,6,0,0,19,5
p_002427,engaged,2024-07-19,CA,android,mid,google,1,165,2024-12-31,0,64,8,16.92,77,8
p_000901,casual,2024-06-17,US,android,low,organic,0,36,2024-07-23,1,2,0,0,8,0
p_001509,casual,2024-12-22,US,android,low,facebook,0,9,2024-12-31,0,1,0,0,6,2
p_002684,engaged,2024-04-17,US,android,high,organic,0,199,2024-11-02,1,64,0,0,91,5
p_000991,casual,2024-03-07,AR,android,low,other,0,60,2024-05-06,1,7,0,0,13,1
p_001382,casual,2024-10-06,US,android,high,organic,0,52,2024-11-27,1,6,0,0,11,1
p_001103,casual,2024-03-16,GB,ios,mid,organic,0,53,2024-05-08,1,1,0,0,14,0
p_000503,casual,2024-02-04,IN,android,mid,facebook,0,62,2024-04-06,1,7,0,0,16,2
p_002497,engaged,2024-02-16,TR,android,low,other,0,319,2024-12-31,0,90,0,0,106,8
p_000631,casual,2024-02-16,TH,android,mid,organic,0,39,2024-03-26,1,5,0,0,11,2
p_002430,engaged,2024-06-03,US,ios,mid,tiktok,0,211,2024-12-31,0,59,0,0,85,14
p_001493,casual,2024-05-06,KR,android,low,facebook,0,29,2024-06-04,1,1,0,0,4,0
p_000971,casual,2024-04-25,PL,ios,mid,organic,0,51,2024-06-15,1,1,0,0,14,2
p_000061,early_churn,2024-09-22,RU,ios,low,google,0,1,2024-09-23,1,0,0,0,1,0
p_002673,engaged,2024-05-26,DE,android,mid,unity_ads,0,219,2024-12-31,0,64,0,0,66,4
p_000510,casual,2024-10-16,KR,android,low,other,0,54,2024-12-09,1,9,0,0,18,2
p_000272,early_churn,2024-05-20,RU,ios,mid,tiktok,0,2,2024-05-22,1,1,0,0,1,1
p_000478,casual,2024-11-02,FR,android,mid,applovin,0,29,2024-12-01,1,4,0,0,8,3
p_000123,early_churn,2024-07-07,BR,ios,low,organic,0,2,2024-07-09,1,1,0,0,2,1
p_002507,engaged,2024-03-23,IT,ios,low,organic,0,199,2024-10-08,1,62,0,0,74,9
p_002040,burst,2024-12-28,TR,android,high,facebook,0,3,2024-12-31,0,2,0,0,13,4
p_002233,engaged,2024-04-26,RU,ios,mid,facebook,0,235,2024-12-17,1,71,0,0,66,10
p_000285,early_churn,2024-04-04,KR,ios,mid,facebook,0,3,2024-04-07,1,3,0,0,0,0
p_002220,engaged,2024-04-11,IN,android,low,tiktok,0,264,2024-12-31,0,76,0,0,75,10
p_000563,casual,2024-06-01,US,ios,high,tiktok,0,72,2024-08-12,1,6,0,0,14,3
p_002850,minnow_payer,2024-07-28,BR,android,low,applovin,1,156,2024-12-31,0,21,13,52.87,28,4
p_000831,casual,2024-10-12,IN,ios,high,google,0,38,2024-11-19,1,6,0,0,14,3
p_000673,casual,2024-03-02,MX,android,mid,google,0,35,2024-04-06,1,5,0,0,8,0
p_002951,minnow_payer,2024-06-17,US,android,low,organic,1,170,2024-12-04,1,25,3,12.97,44,2
p_001322,casual,2024-09-12,ES,ios,mid,organic,0,38,2024-10-20,1,3,0,0,5,0
p_000030,early_churn,2024-07-05,US,android,mid,organic,0,2,2024-07-07,1,0,0,0,0,0
p_000610,casual,2024-11-25,US,ios,mid,applovin,0,36,2024-12-31,0,7,0,0,13,2
p_002266,engaged,2024-03-09,US,android,high,facebook,0,162,2024-08-18,1,41,0,0,57,6
p_001902,burst,2024-02-16,GB,android,low,facebook,0,19,2024-03-06,1,17,0,0,11,0
p_002988,minnow_payer,2024-01-29,ID,android,low,other,1,67,2024-04-05,1,14,12,56.88,15,2
p_002138,engaged,2024-01-08,KR,ios,mid,applovin,0,145,2024-06-01,1,53,0,0,40,4
p_001059,casual,2024-12-04,BR,android,mid,unity_ads,0,27,2024-12-31,0,2,0,0,17,2
p_001515,casual,2024-07-30,ID,ios,mid,organic,0,77,2024-10-15,1,8,0,0,20,1
p_001511,casual,2024-07-31,CA,ios,low,organic,0,85,2024-10-24,1,5,0,0,7,1
p_002135,engaged,2024-03-23,DE,ios,high,organic,0,283,2024-12-31,0,92,0,0,70,9
p_000126,early_churn,2024-01-23,US,android,mid,google,0,2,2024-01-25,1,0,0,0,0,0
p_002299,engaged,2024-05-30,AU,ios,mid,organic,0,202,2024-12-18,1,81,0,0,74,11
p_002069,burst,2024-12-14,US,android,low,tiktok,0,17,2024-12-31,0,8,0,0,6,1
p_001365,casual,2024-08-25,ES,android,mid,applovin,0,17,2024-09-11,1,1,0,0,5,1
p_002922,minnow_payer,2024-03-09,US,android,low,applovin,1,161,2024-08-17,1,33,19,49.81,36,8
p_002055,burst,2024-03-07,BR,android,high,facebook,0,21,2024-03-28,1,17,0,0,22,1
p_001086,casual,2024-08-20,CA,android,mid,organic,0,14,2024-09-03,1,2,0,0,4,0
p_002272,engaged,2024-04-25,US,ios,low,organic,0,154,2024-09-26,1,41,0,0,80,11
p_002249,engaged,2024-01-27,PH,android,low,facebook,0,328,2024-12-20,1,115,0,0,105,10
p_001747,casual,2024-06-07,JP,ios,low,tiktok,0,76,2024-08-22,1,5,0,0,30,5
p_002550,engaged,2024-02-19,US,android,high,organic,0,127,2024-06-25,1,39,0,0,43,6
p_001782,casual,2024-02-04,GB,ios,mid,organic,0,50,2024-03-25,1,2,0,0,11,0
p_001522,casual,2024-04-05,AU,ios,mid,organic,0,46,2024-05-21,1,7,0,0,11,0
p_001667,casual,2024-06-24,US,android,low,organic,0,46,2024-08-09,1,5,0,0,6,1
p_000547,casual,2024-05-26,TH,ios,mid,facebook,0,83,2024-08-17,1,8,0,0,17,2
p_001302,casual,2024-01-18,FR,android,mid,applovin,0,79,2024-04-06,1,7,0,0,15,1
p_001629,casual,2024-12-10,GB,android,mid,applovin,0,21,2024-12-31,0,2,0,0,11,2
p_001229,casual,2024-06-25,RU,android,mid,tiktok,0,88,2024-09-21,1,12,0,0,29,4
p_000229,early_churn,2024-04-02,KR,android,low,google,0,3,2024-04-05,1,1,0,0,0,0
p_000135,early_churn,2024-08-13,US,ios,mid,facebook,0,1,2024-08-14,1,2,0,0,0,0
p_002215,engaged,2024-02-15,GB,ios,mid,tiktok,0,320,2024-12-31,0,112,0,0,69,9
p_001350,casual,2024-08-09,ID,android,mid,organic,0,58,2024-10-06,1,5,0,0,8,1
p_001389,casual,2024-01-31,RU,android,low,organic,0,86,2024-04-26,1,7,0,0,14,2
p_001408,casual,2024-11-18,BR,android,low,google,0,23,2024-12-11,1,1,0,0,11,0
p_002854,minnow_payer,2024-06-23,TH,ios,mid,facebook,1,191,2024-12-31,0,24,8,50.92,41,7
p_000864,casual,2024-01-30,DE,ios,high,facebook,0,68,2024-04-07,1,5,0,0,16,1
p_001590,casual,2024-06-04,CA,android,mid,applovin,0,18,2024-06-22,1,1,0,0,2,0
p_002969,minnow_payer,2024-03-04,US,ios,mid,google,1,211,2024-10-01,1,28,22,66.78,42,5
p_002959,minnow_payer,2024-06-11,MX,android,low,tiktok,1,203,2024-12-31,0,26,24,110.76,47,3
p_002331,engaged,2024-05-20,BR,android,mid,organic,0,225,2024-12-31,0,62,0,0,79,9
p_001109,casual,2024-05-14,KR,ios,high,tiktok,0,74,2024-07-27,1,3,0,0,19,5
p_002672,engaged,2024-03-05,PL,android,low,facebook,0,301,2024-12-31,0,109,0,0,103,10
p_002238,engaged,2024-06-23,GB,android,mid,organic,0,191,2024-12-31,0,76,0,0,74,11
p_002942,minnow_payer,2024-04-12,GB,ios,low,facebook,1,235,2024-12-03,1,38,10,50.9,36,6
p_002918,minnow_payer,2024-02-29,ES,ios,mid,organic,1,112,2024-06-20,1,17,7,11.93,31,8
p_002185,engaged,2024-05-18,BR,ios,mid,organic,0,152,2024-10-17,1,53,0,0,43,9
p_000079,early_churn,2024-11-13,AU,android,mid,organic,0,1,2024-11-14,1,0,0,0,1,0
p_002146,engaged,2024-03-16,IT,android,low,google,0,279,2024-12-20,1,97,0,0,101,12
p_000606,casual,2024-10-05,BR,android,mid,facebook,0,60,2024-12-04,1,3,0,0,20,4
p_000824,casual,2024-02-08,DE,android,low,organic,0,68,2024-04-16,1,7,0,0,17,2
p_000984,casual,2024-07-20,ES,ios,low,google,0,68,2024-09-26,1,4,0,0,15,3
p_002454,engaged,2024-03-16,US,android,high,organic,0,249,2024-11-20,1,80,0,0,60,9
p_000587,casual,2024-02-14,CA,android,mid,google,0,63,2024-04-17,1,4,0,0,8,1
p_001075,casual,2024-11-16,GB,ios,high,organic,0,45,2024-12-31,0,3,0,0,3,0
p_000533,casual,2024-08-17,TH,android,mid,facebook,0,15,2024-09-01,1,3,0,0,11,0
p_001421,casual,2024-05-11,AR,android,mid,facebook,0,85,2024-08-04,1,8,0,0,22,1
p_000651,casual,2024-10-26,JP,android,mid,organic,0,46,2024-12-11,1,6,0,0,7,3
p_000933,casual,2024-08-28,US,android,low,organic,0,69,2024-11-05,1,7,0,0,18,5
p_001467,casual,2024-03-23,US,android,low,applovin,0,74,2024-06-05,1,6,0,0,17,1
p_000040,early_churn,2024-01-13,US,android,low,organic,0,2,2024-01-15,1,3,0,0,0,0
p_001913,burst,2024-02-17,US,ios,low,tiktok,0,15,2024-03-03,1,10,0,0,13,2
p_002077,burst,2024-07-13,DE,ios,mid,organic,0,19,2024-08-01,1,14,0,0,21,4
p_001899,burst,2024-05-25,BR,ios,high,organic,0,17,2024-06-11,1,15,0,0,5,1
p_001918,burst,2024-05-16,MX,ios,mid,facebook,0,21,2024-06-06,1,18,0,0,20,1
p_002014,burst,2024-06-30,US,ios,high,tiktok,0,9,2024-07-09,1,6,0,0,5,0
p_000305,casual,2024-01-09,PL,android,mid,facebook,0,31,2024-02-09,1,2,0,0,5,0
p_001021,casual,2024-11-13,DE,android,mid,facebook,0,34,2024-12-17,1,3,0,0,12,2
p_001000,casual,2024-03-18,US,ios,low,facebook,0,20,2024-04-07,1,3,0,0,12,1
p_000455,casual,2024-04-06,IT,ios,mid,tiktok,0,55,2024-05-31,1,5,0,0,9,0
p_002225,engaged,2024-06-29,US,ios,high,unity_ads,0,185,2024-12-31,0,64,0,0,69,3
p_000572,casual,2024-10-22,JP,android,mid,facebook,0,32,2024-11-23,1,3,0,0,8,0
p_001069,casual,2024-01-28,KR,android,mid,facebook,0,21,2024-02-18,1,1,0,0,7,1
p_002353,engaged,2024-06-20,BR,android,low,google,0,194,2024-12-31,0,66,0,0,56,3
p_001242,casual,2024-05-29,TH,android,mid,organic,0,14,2024-06-12,1,2,0,0,5,0
p_002149,engaged,2024-03-03,IN,android,low,other,1,191,2024-09-10,1,59,10,53.9,43,3
p_001327,casual,2024-03-17,US,ios,mid,google,0,41,2024-04-27,1,5,0,0,14,0
p_002989,minnow_payer,2024-04-03,US,android,mid,organic,1,78,2024-06-20,1,10,4,13.96,13,0
p_001898,burst,2024-12-23,US,ios,high,organic,0,8,2024-12-31,0,2,0,0,14,1
p_001091,casual,2024-08-16,US,android,low,organic,0,29,2024-09-14,1,3,0,0,8,2
p_002834,whale_payer,2024-06-30,JP,android,mid,organic,1,184,2024-12-31,0,126,41,399.59,69,12
p_002842,whale_payer,2024-05-10,RU,ios,high,organic,1,235,2024-12-31,0,173,55,614.45,91,10
p_000269,early_churn,2024-07-06,PL,android,high,applovin,0,2,2024-07-08,1,0,0,0,1,1
p_000427,casual,2024-12-24,CA,android,low,tiktok,0,7,2024-12-31,0,0,0,0,2,1
p_001786,casual,2024-05-22,NL,android,low,organic,0,33,2024-06-24,1,2,0,0,6,0
p_000238,early_churn,2024-08-08,FR,android,low,unity_ads,0,3,2024-08-11,1,0,0,0,4,0
p_000509,casual,2024-12-31,US,ios,mid,other,0,0,2024-12-31,0,0,0,0,3,0
p_002852,minnow_payer,2024-07-22,KR,ios,high,organic,1,158,2024-12-27,1,29,6,13.94,31,2
p_002558,engaged,2024-01-02,TR,android,low,google,0,216,2024-08-05,1,66,0,0,69,13
p_001081,casual,2024-11-08,US,ios,high,google,0,53,2024-12-31,0,8,0,0,14,0
p_000722,casual,2024-10-23,US,ios,high,facebook,0,66,2024-12-28,1,4,0,0,16,0
p_000776,casual,2024-08-10,ES,android,low,facebook,0,58,2024-10-07,1,5,0,0,16,3
p_002639,engaged,2024-03-04,ID,android,mid,tiktok,0,280,2024-12-09,1,89,0,0,111,13
p_001635,casual,2024-10-03,GB,android,mid,tiktok,0,70,2024-12-12,1,13,0,0,6,2
p_001110,casual,2024-02-12,RU,android,mid,unity_ads,0,55,2024-04-07,1,1,0,0,9,1
p_001861,burst,2024-12-29,MX,android,mid,tiktok,0,2,2024-12-31,0,1,0,0,10,2
p_000894,casual,2024-03-28,PL,ios,low,organic,0,16,2024-04-13,1,1,0,0,10,0
p_002303,engaged,2024-02-09,US,ios,mid,google,0,158,2024-07-16,1,62,0,0,49,6
p_001841,burst,2024-11-15,IT,ios,mid,organic,0,11,2024-11-26,1,7,0,0,17,1
p_000807,casual,2024-08-01,BR,android,mid,organic,0,43,2024-09-13,1,5,0,0,5,0
p_002560,engaged,2024-04-18,GB,android,mid,organic,0,257,2024-12-31,0,96,0,0,65,13
p_002228,engaged,2024-03-31,DE,android,mid,facebook,0,274,2024-12-30,1,80,0,0,88,13
p_000049,early_churn,2024-12-07,US,android,low,tiktok,0,3,2024-12-10,1,1,0,0,2,0
p_000700,casual,2024-06-15,DE,ios,mid,applovin,0,80,2024-09-03,1,8,0,0,17,3
p_001474,casual,2024-09-10,US,ios,mid,applovin,0,68,2024-11-17,1,5,0,0,19,3
p_000422,casual,2024-06-29,US,ios,low,organic,0,75,2024-09-12,1,3,0,0,16,5
p_000274,early_churn,2024-11-04,NL,android,low,google,0,1,2024-11-05,1,2,0,0,0,0
p_002735,whale_payer,2024-06-29,JP,ios,mid,other,1,185,2024-12-31,0,132,34,354.66,58,4
p_000532,casual,2024-07-12,US,android,low,facebook,0,76,2024-09-26,1,7,0,0,25,3
p_001093,casual,2024-03-29,NL,android,low,applovin,0,34,2024-05-02,1,5,0,0,10,3
p_000909,casual,2024-10-08,JP,android,mid,organic,0,24,2024-11-01,1,3,0,0,8,2
p_002316,engaged,2024-01-03,GB,ios,low,applovin,0,320,2024-11-18,1,95,0,0,54,7
p_000939,casual,2024-08-27,CA,ios,high,google,0,33,2024-09-29,1,4,0,0,11,1
p_000357,casual,2024-11-11,GB,android,high,google,0,35,2024-12-16,1,2,0,0,11,4
p_001691,casual,2024-05-28,BR,android,low,organic,0,27,2024-06-24,1,3,0,0,11,0
p_001263,casual,2024-06-17,JP,android,mid,organic,0,71,2024-08-27,1,4,0,0,18,1
p_000988,casual,2024-06-21,JP,android,mid,unity_ads,0,85,2024-09-14,1,3,0,0,22,4
p_001194,casual,2024-08-15,ID,ios,mid,tiktok,0,88,2024-11-11,1,7,0,0,15,1
p_001249,casual,2024-09-15,US,android,low,facebook,0,61,2024-11-15,1,7,0,0,15,4
p_001313,casual,2024-08-06,US,ios,low,organic,0,34,2024-09-09,1,2,0,0,11,0
p_002457,engaged,2024-03-20,RU,android,high,facebook,0,286,2024-12-31,0,90,0,0,62,9
p_002131,engaged,2024-04-21,US,android,mid,unity_ads,0,231,2024-12-08,1,70,0,0,71,12
p_002335,engaged,2024-06-03,JP,android,low,organic,0,211,2024-12-31,0,64,0,0,69,11
p_000745,casual,2024-07-21,CA,ios,high,organic,0,69,2024-09-28,1,12,0,0,14,2
p_000234,early_churn,2024-07-02,ES,android,high,unity_ads,0,3,2024-07-05,1,1,0,0,0,0
p_002664,engaged,2024-04-07,CA,android,mid,organic,0,252,2024-12-15,1,73,0,0,64,9
p_001951,burst,2024-01-22,FR,android,mid,tiktok,0,12,2024-02-03,1,14,0,0,10,1
p_001380,casual,2024-08-14,JP,android,low,organic,0,57,2024-10-10,1,1,0,0,13,2
p_002009,burst,2024-02-17,IN,ios,mid,facebook,0,8,2024-02-25,1,2,0,0,7,3
p_001580,casual,2024-11-18,ES,ios,high,organic,0,32,2024-12-20,1,5,0,0,15,2
p_001269,casual,2024-08-03,GB,android,high,organic,0,44,2024-09-16,1,2,0,0,12,1
p_000913,casual,2024-01-07,ES,android,mid,applovin,0,89,2024-04-05,1,8,0,0,9,0
p_000534,casual,2024-11-09,IN,ios,low,unity_ads,0,40,2024-12-19,1,1,0,0,13,1
p_002506,engaged,2024-03-17,BR,android,mid,organic,0,216,2024-10-19,1,68,0,0,106,14
p_002309,engaged,2024-04-07,GB,ios,mid,organic,0,187,2024-10-11,1,70,0,0,53,8
p_002417,engaged,2024-02-29,IN,android,mid,facebook,0,201,2024-09-17,1,63,0,0,73,8
p_000376,casual,2024-07-08,IN,ios,high,organic,0,57,2024-09-03,1,10,0,0,13,1
p_000804,casual,2024-02-29,US,ios,mid,unity_ads,0,30,2024-03-30,1,4,0,0,2,0
p_001724,casual,2024-10-23,US,android,mid,organic,0,69,2024-12-31,0,8,0,0,12,2
p_000920,casual,2024-06-06,US,android,mid,organic,0,61,2024-08-06,1,4,0,0,21,3
p_000243,early_churn,2024-02-22,GB,ios,high,google,0,2,2024-02-24,1,1,0,0,1,1
p_000865,casual,2024-11-19,DE,android,mid,organic,0,42,2024-12-31,0,2,0,0,13,1
p_001349,casual,2024-03-06,US,android,mid,applovin,0,55,2024-04-30,1,5,0,0,8,0
p_001997,burst,2024-09-15,DE,android,low,organic,0,13,2024-09-28,1,10,0,0,13,1
p_001296,casual,2024-03-29,US,android,high,organic,0,64,2024-06-01,1,4,0,0,16,2
p_000461,casual,2024-01-04,GB,android,low,tiktok,0,62,2024-03-06,1,7,0,0,8,2
p_000230,early_churn,2024-06-23,MX,android,high,unity_ads,0,3,2024-06-26,1,0,0,0,2,0
p_002057,burst,2024-12-26,DE,android,low,tiktok,0,5,2024-12-31,0,3,0,0,7,1
p_000007,early_churn,2024-10-06,MX,ios,mid,applovin,0,1,2024-10-07,1,1,0,0,1,0
p_000512,casual,2024-10-04,IN,android,mid,tiktok,0,68,2024-12-11,1,3,0,0,13,0
p_002998,minnow_payer,2024-04-15,KR,android,low,organic,1,204,2024-11-05,1,39,9,14.91,32,5
p_002386,engaged,2024-03-31,CA,android,mid,organic,0,124,2024-08-02,1,33,0,0,49,4
p_001074,casual,2024-01-19,IT,ios,high,applovin,0,65,2024-03-24,1,6,0,0,8,2
p_000163,early_churn,2024-12-18,CA,android,high,google,0,2,2024-12-20,1,2,0,0,1,0
p_002001,burst,2024-02-13,US,android,high,google,0,10,2024-02-23,1,5,0,0,8,1
p_000719,casual,2024-02-07,PL,ios,high,unity_ads,0,15,2024-02-22,1,1,0,0,4,0
p_001745,casual,2024-05-04,AR,ios,high,facebook,0,32,2024-06-05,1,4,0,0,8,2
p_000420,casual,2024-07-12,US,android,high,unity_ads,0,23,2024-08-04,1,5,0,0,1,0
p_001005,casual,2024-01-24,ES,ios,high,organic,0,14,2024-02-07,1,4,0,0,3,0
p_001961,burst,2024-09-28,JP,ios,mid,google,0,21,2024-10-19,1,13,0,0,20,3
p_002631,engaged,2024-06-09,BR,android,low,applovin,0,123,2024-10-10,1,36,0,0,73,9
p_000659,casual,2024-02-07,GB,android,mid,applovin,0,69,2024-04-16,1,5,0,0,12,3
p_002374,engaged,2024-02-09,AU,ios,mid,organic,0,326,2024-12-31,1,117,0,0,79,11
p_001859,burst,2024-06-01,GB,ios,mid,organic,0,9,2024-06-10,1,8,0,0,16,2
p_001391,casual,2024-12-25,IT,ios,high,unity_ads,0,6,2024-12-31,0,0,0,0,2,0
p_000325,casual,2024-09-26,GB,android,high,organic,0,84,2024-12-19,1,9,0,0,28,3
p_000551,casual,2024-08-12,US,ios,mid,organic,0,50,2024-10-01,1,7,0,0,15,4
p_001865,burst,2024-10-29,DE,ios,mid,organic,0,18,2024-11-16,1,13,0,0,10,1
p_001028,casual,2024-06-08,US,ios,high,organic,0,26,2024-07-04,1,1,0,0,5,1
p_000338,casual,2024-08-15,GB,android,mid,organic,0,74,2024-10-28,1,4,0,0,17,0
p_000463,casual,2024-07-03,DE,android,mid,google,0,35,2024-08-07,1,2,0,0,7,1
p_001910,burst,2024-12-14,TH,android,low,organic,0,17,2024-12-31,0,11,0,0,18,1
p_000436,casual,2024-09-23,US,android,mid,organic,0,81,2024-12-13,1,8,0,0,16,0
p_001655,casual,2024-08-11,DE,android,mid,facebook,0,33,2024-09-13,1,4,0,0,8,1
p_000599,casual,2024-12-04,TR,ios,mid,facebook,0,27,2024-12-31,0,1,0,0,7,0
p_002787,whale_payer,2024-06-25,JP,android,low,organic,1,189,2024-12-31,0,145,81,890.19,64,7
p_000940,casual,2024-02-08,DE,android,mid,applovin,0,28,2024-03-07,1,3,0,0,8,2
p_002382,engaged,2024-04-29,US,ios,low,organic,0,224,2024-12-09,1,72,0,0,99,16
p_002790,whale_payer,2024-04-16,IT,android,low,facebook,1,217,2024-11-19,1,155,43,457.57,90,9
p_002771,whale_payer,2024-01-09,TH,ios,high,facebook,1,241,2024-09-06,1,184,75,739.25,87,13
p_000020,early_churn,2024-08-18,DE,android,low,organic,0,3,2024-08-21,1,1,0,0,1,0
p_002818,whale_payer,2024-06-20,IN,ios,mid,organic,1,194,2024-12-31,0,181,39,320.61,94,8
p_000379,casual,2024-12-07,AU,ios,mid,organic,0,24,2024-12-31,0,2,0,0,12,0
p_002237,engaged,2024-06-13,IN,android,mid,unity_ads,0,143,2024-11-03,1,51,0,0,43,6
p_000994,casual,2024-08-18,ES,android,low,google,0,90,2024-11-16,1,8,0,0,18,2
p_001236,casual,2024-04-16,AU,android,low,tiktok,0,37,2024-05-23,1,5,0,0,6,0
p_002422,engaged,2024-02-26,US,android,low,organic,0,243,2024-10-26,1,77,0,0,96,6
p_000211,early_churn,2024-01-01,BR,ios,mid,organic,0,2,2024-01-03,1,2,0,0,0,0
p_002836,whale_payer,2024-05-18,JP,ios,low,organic,1,227,2024-12-31,0,161,56,664.44,66,9
p_001886,burst,2024-04-08,CA,android,mid,tiktok,0,11,2024-04-19,1,6,0,0,18,0
p_001771,casual,2024-11-21,FR,ios,high,applovin,0,37,2024-12-28,1,4,0,0,10,0
p_000025,early_churn,2024-01-05,CA,android,low,organic,0,3,2024-01-08,1,1,0,0,0,0
p_000605,casual,2024-08-12,GB,ios,low,facebook,0,43,2024-09-24,1,4,0,0,16,3
p_002298,engaged,2024-03-04,US,ios,high,organic,0,241,2024-10-31,1,85,0,0,98,13
p_001374,casual,2024-03-07,MX,android,mid,unity_ads,0,55,2024-05-01,1,5,0,0,9,3
p_002487,engaged,2024-02-15,AU,android,mid,organic,0,163,2024-07-27,1,53,0,0,77,14
p_002399,engaged,2024-06-19,US,ios,low,applovin,0,138,2024-11-04,1,56,0,0,64,6
p_000489,casual,2024-05-12,KR,android,high,organic,0,34,2024-06-15,1,6,0,0,9,0
p_000104,early_churn,2024-05-28,MX,android,mid,organic,0,2,2024-05-30,1,1,0,0,1,0
p_001896,burst,2024-12-09,US,ios,mid,organic,0,7,2024-12-16,1,4,0,0,22,3
p_002241,engaged,2024-05-09,US,ios,mid,facebook,0,135,2024-09-21,1,54,0,0,43,4
p_001992,burst,2024-07-31,US,ios,mid,organic,0,9,2024-08-09,1,4,0,0,8,1
p_001617,casual,2024-11-01,AU,android,low,organic,0,27,2024-11-28,1,3,0,0,12,3
p_000293,early_churn,2024-01-01,GB,android,low,google,0,3,2024-01-04,1,0,0,0,0,0
p_000033,early_churn,2024-09-29,PL,android,low,organic,0,1,2024-09-30,1,0,0,0,0,0
p_002729,whale_payer,2024-06-06,US,android,low,organic,1,208,2024-12-31,0,163,35,298.65,47,7
p_000670,casual,2024-10-27,NL,android,mid,organic,0,65,2024-12-31,0,8,0,0,15,2
p_000209,early_churn,2024-08-14,CA,android,high,tiktok,0,1,2024-08-15,1,0,0,0,0,0
p_002352,engaged,2024-04-12,IT,ios,high,organic,0,263,2024-12-31,0,71,0,0,68,7
p_001192,casual,2024-11-27,TR,ios,mid,organic,0,34,2024-12-31,0,2,0,0,7,0
p_000392,casual,2024-09-20,AR,android,mid,tiktok,0,72,2024-12-01,1,8,0,0,15,1
p_001739,casual,2024-04-21,JP,android,low,organic,0,16,2024-05-07,1,2,0,0,0,0
p_000441,casual,2024-09-28,TH,ios,mid,facebook,0,45,2024-11-12,1,2,0,0,18,1
p_002789,whale_payer,2024-04-15,TH,android,mid,other,1,260,2024-12-31,0,187,61,579.39,64,7
p_002116,engaged,2024-06-19,RU,android,low,applovin,0,195,2024-12-31,0,62,0,0,55,11
p_000147,early_churn,2024-11-01,US,android,mid,organic,0,3,2024-11-04,1,0,0,0,1,0
p_000299,early_churn,2024-07-13,IT,android,mid,organic,0,3,2024-07-16,1,2,0,0,2,0
p_000178,early_churn,2024-04-08,BR,android,high,organic,0,2,2024-04-10,1,2,0,0,1,0
p_000876,casual,2024-03-28,CA,ios,low,facebook,0,27,2024-04-24,1,2,0,0,8,0
p_002906,minnow_payer,2024-02-23,BR,android,low,applovin,1,171,2024-08-12,1,23,3,3.97,38,5
p_000457,casual,2024-05-19,CA,android,mid,organic,0,72,2024-07-30,1,4,0,0,17,2
p_001245,casual,2024-04-15,NL,android,high,facebook,0,25,2024-05-10,1,2,0,0,10,1
p_002795,whale_payer,2024-01-10,DE,android,low,tiktok,1,281,2024-10-17,1,177,90,930.1,70,9
p_000947,casual,2024-07-01,BR,android,mid,google,0,18,2024-07-19,1,2,0,0,11,2
p_001641,casual,2024-04-16,DE,android,low,google,0,72,2024-06-27,1,13,0,0,18,0
p_000142,early_churn,2024-12-21,US,ios,low,google,0,3,2024-12-24,1,0,0,0,2,0
p_002575,engaged,2024-04-20,DE,ios,low,facebook,0,159,2024-09-26,1,54,0,0,84,11
p_001226,casual,2024-06-27,IN,android,mid,applovin,0,45,2024-08-11,1,1,0,0,6,1
p_002056,burst,2024-06-27,GB,android,mid,organic,1,18,2024-07-15,1,8,3,10.97,9,2
p_002076,burst,2024-04-28,US,android,low,organic,0,11,2024-05-09,1,10,0,0,21,4
p_002270,engaged,2024-05-23,US,android,low,organic,0,222,2024-12-31,0,75,0,0,91,13
p_000754,casual,2024-06-11,DE,android,low,organic,0,66,2024-08-16,1,2,0,0,12,1
p_002930,minnow_payer,2024-07-30,US,ios,high,organic,1,154,2024-12-31,0,18,8,32.92,27,3
p_001707,casual,2024-06-18,US,android,high,unity_ads,0,19,2024-07-07,1,0,0,0,5,0
p_001470,casual,2024-03-16,GB,ios,low,organic,0,78,2024-06-02,1,7,0,0,12,1
p_002525,engaged,2024-03-02,US,ios,high,facebook,0,304,2024-12-31,0,91,0,0,97,14
p_002301,engaged,2024-06-20,ES,android,mid,organic,0,169,2024-12-06,1,49,0,0,47,7
p_001610,casual,2024-02-03,AR,android,low,unity_ads,0,60,2024-04-03,1,7,0,0,9,2
p_002947,minnow_payer,2024-10-03,DE,ios,high,organic,1,89,2024-12-31,0,10,24,119.76,31,4
p_000270,early_churn,2024-01-20,US,android,low,facebook,0,3,2024-01-23,1,0,0,0,0,0
p_002158,engaged,2024-06-19,MX,ios,mid,facebook,0,195,2024-12-31,0,60,0,0,73,12
p_001773,casual,2024-03-27,US,android,high,facebook,0,19,2024-04-15,1,3,0,0,10,3
p_002479,engaged,2024-05-19,CA,android,mid,organic,0,226,2024-12-31,0,73,0,0,95,17
p_002075,burst,2024-08-21,JP,ios,mid,tiktok,0,16,2024-09-06,1,9,0,0,17,3
p_001225,casual,2024-04-14,GB,android,low,facebook,0,61,2024-06-14,1,2,0,0,12,1
p_000188,early_churn,2024-05-30,PL,ios,mid,google,0,3,2024-06-02,1,0,0,0,1,0
p_002306,engaged,2024-04-02,US,ios,low,organic,0,273,2024-12-31,0,80,0,0,99,16
p_000657,casual,2024-12-03,US,android,low,applovin,0,28,2024-12-31,0,3,0,0,14,4
p_000460,casual,2024-10-13,US,android,mid,facebook,0,27,2024-11-09,1,1,0,0,7,0
p_001201,casual,2024-05-31,TH,android,mid,organic,0,82,2024-08-21,1,4,0,0,20,2
p_000678,casual,2024-05-24,FR,ios,high,organic,0,48,2024-07-11,1,4,0,0,13,1
p_002985,minnow_payer,2024-06-11,AR,android,mid,organic,1,203,2024-12-31,0,31,23,47.77,42,13
p_002864,minnow_payer,2024-08-29,IN,android,mid,organic,1,124,2024-12-31,0,22,25,75.75,30,3
p_002815,whale_payer,2024-03-17,BR,ios,mid,organic,1,265,2024-12-07,1,177,52,495.48,89,16
p_002872,minnow_payer,2024-05-03,GB,ios,low,organic,1,153,2024-10-03,1,28,23,62.77,44,5
p_002699,engaged,2024-04-02,RU,ios,mid,google,0,158,2024-09-07,1,51,0,0,73,11
p_002322,engaged,2024-02-03,US,android,low,organic,0,332,2024-12-31,0,99,0,0,102,17
p_000170,early_churn,2024-11-29,GB,ios,mid,organic,0,1,2024-11-30,1,1,0,0,1,0
p_002183,engaged,2024-07-06,US,ios,mid,applovin,0,178,2024-12-31,0,59,0,0,88,5
p_000052,early_churn,2024-02-15,US,android,mid,unity_ads,0,2,2024-02-17,1,0,0,0,1,0
p_000668,casual,2024-11-18,AR,android,mid,tiktok,0,43,2024-12-31,0,10,0,0,9,0
p_001130,casual,2024-10-18,DE,ios,high,tiktok,0,33,2024-11-20,1,8,0,0,6,1
p_002468,engaged,2024-06-05,FR,android,low,organic,0,209,2024-12-31,0,64,0,0,66,12
p_002839,whale_payer,2024-02-22,US,ios,mid,organic,1,202,2024-09-11,1,124,41,401.59,54,6
p_002122,engaged,2024-05-19,AR,ios,mid,google,0,226,2024-12-31,0,73,0,0,90,17
p_002263,engaged,2024-01-07,JP,ios,high,organic,0,146,2024-06-01,1,57,0,0,43,6
p_000609,casual,2024-04-07,GB,ios,mid,organic,0,75,2024-06-21,1,6,0,0,22,1
p_002115,engaged,2024-06-30,FR,ios,mid,organic,0,184,2024-12-31,0,70,0,0,92,11
p_000773,casual,2024-06-03,NL,android,low,organic,0,83,2024-08-25,1,10,0,0,10,1
p_002823,whale_payer,2024-03-15,JP,ios,high,organic,1,204,2024-10-05,1,138,57,525.43,57,10
p_000475,casual,2024-03-21,BR,android,mid,unity_ads,0,76,2024-06-05,1,3,0,0,16,3
p_002915,minnow_payer,2024-08-26,US,ios,high,tiktok,1,127,2024-12-31,0,16,24,60.76,21,0
p_002371,engaged,2024-05-11,IT,ios,mid,applovin,0,131,2024-09-19,1,45,0,0,44,11
p_000702,casual,2024-08-13,BR,ios,mid,organic,0,57,2024-10-09,1,4,0,0,13,5
p_001402,casual,2024-08-06,AU,android,mid,tiktok,0,53,2024-09-28,1,2,0,0,11,3
p_000279,early_churn,2024-07-23,AU,ios,mid,google,0,1,2024-07-24,1,2,0,0,0,0
p_001043,casual,2024-06-02,TR,android,low,organic,0,83,2024-08-24,1,10,0,0,10,0
p_001998,burst,2024-03-20,GB,ios,high,organic,0,13,2024-04-02,1,3,0,0,17,0
p_001735,casual,2024-08-21,AR,android,mid,organic,0,54,2024-10-14,1,6,0,0,10,1
p_000198,early_churn,2024-07-24,ID,android,mid,facebook,0,2,2024-07-26,1,1,0,0,1,0
p_002052,burst,2024-05-31,US,android,mid,organic,0,7,2024-06-07,1,6,0,0,5,1
p_001806,burst,2024-01-24,GB,ios,mid,organic,0,20,2024-02-13,1,10,0,0,9,2
p_001968,burst,2024-08-19,BR,android,high,google,1,9,2024-08-28,1,9,1,1.99,8,1
p_000790,casual,2024-12-15,GB,ios,mid,google,0,16,2024-12-31,0,1,0,0,4,0
p_001758,casual,2024-05-09,TR,ios,mid,tiktok,0,72,2024-07-20,1,6,0,0,14,1
p_001318,casual,2024-04-09,US,ios,high,google,0,47,2024-05-26,1,4,0,0,10,0
p_002786,whale_payer,2024-07-05,DE,android,low,other,1,179,2024-12-31,0,128,71,701.29,79,16
p_001634,casual,2024-05-13,CA,ios,mid,applovin,0,52,2024-07-04,1,10,0,0,23,2
p_002700,whale_payer,2024-01-30,ES,ios,high,applovin,1,332,2024-12-27,1,236,75,679.25,84,14
p_000907,casual,2024-03-03,JP,android,high,google,0,62,2024-05-04,1,5,0,0,16,0
p_002047,burst,2024-11-11,RU,ios,mid,google,0,12,2024-11-23,1,5,0,0,21,4
p_001040,casual,2024-03-18,GB,android,mid,applovin,0,89,2024-06-15,1,9,0,0,15,0
p_000648,casual,2024-10-26,PL,android,mid,organic,0,66,2024-12-31,0,9,0,0,20,2
p_000837,casual,2024-05-15,US,ios,mid,applovin,0,84,2024-08-07,1,1,0,0,14,2
p_000344,casual,2024-07-17,NL,android,mid,organic,0,14,2024-07-31,1,0,0,0,6,1
p_000564,casual,2024-11-11,KR,android,low,facebook,0,49,2024-12-30,1,6,0,0,16,1
p_000407,casual,2024-03-28,TR,ios,mid,unity_ads,0,33,2024-04-30,1,2,0,0,7,2
p_001788,casual,2024-02-18,US,ios,mid,google,0,71,2024-04-29,1,5,0,0,18,1
p_002350,engaged,2024-05-04,US,ios,mid,google,0,241,2024-12-31,0,86,0,0,93,11
p_002078,burst,2024-12-22,AR,ios,high,facebook,0,7,2024-12-29,1,5,0,0,13,2
p_001482,casual,2024-12-08,BR,ios,high,facebook,0,22,2024-12-30,1,3,0,0,5,1
p_001856,burst,2024-11-01,US,ios,high,tiktok,0,15,2024-11-16,1,12,0,0,16,2
p_002108,engaged,2024-04-30,JP,ios,high,organic,0,213,2024-11-29,1,72,0,0,52,7
p_002281,engaged,2024-06-25,ID,android,low,facebook,0,189,2024-12-31,0,75,0,0,106,7
p_001587,casual,2024-04-07,CA,android,low,facebook,0,71,2024-06-17,1,4,0,0,14,1
p_002633,engaged,2024-06-14,US,android,low,applovin,0,200,2024-12-31,0,62,0,0,54,6
p_002467,engaged,2024-05-27,ID,android,mid,organic,0,218,2024-12-31,0,75,0,0,69,7
p_000735,casual,2024-01-29,DE,ios,mid,organic,0,57,2024-03-26,1,18,0,0,9,3
p_001394,casual,2024-04-03,FR,android,low,tiktok,0,32,2024-05-05,1,5,0,0,3,1
p_000601,casual,2024-10-27,DE,android,low,other,0,35,2024-12-01,1,2,0,0,3,0
p_002921,minnow_payer,2024-04-06,DE,ios,high,facebook,1,103,2024-07-18,1,11,14,40.86,19,2
p_000072,early_churn,2024-08-25,AU,ios,mid,facebook,0,3,2024-08-28,1,1,0,0,1,0
p_002629,engaged,2024-01-27,JP,android,low,tiktok,0,132,2024-06-07,1,53,0,0,26,2
p_002924,minnow_payer,2024-01-31,PH,android,low,organic,1,135,2024-06-14,1,35,25,100.75,27,5
p_002214,engaged,2024-07-05,KR,android,high,organic,0,179,2024-12-31,0,53,0,0,45,3
p_000155,early_churn,2024-08-06,US,android,mid,organic,0,1,2024-08-07,1,0,0,0,1,0
p_000715,casual,2024-12-08,GB,ios,low,google,0,23,2024-12-31,0,0,0,0,10,0
p_000641,casual,2024-08-01,JP,ios,high,organic,0,86,2024-10-26,1,7,0,0,20,4
p_001121,casual,2024-10-13,NL,ios,mid,organic,0,17,2024-10-30,1,0,0,0,3,0
p_000068,early_churn,2024-02-04,ID,ios,mid,tiktok,0,2,2024-02-06,1,0,0,0,2,0
p_002708,whale_payer,2024-03-03,DE,android,low,organic,1,238,2024-10-27,1,177,39,409.61,78,13
p_001663,casual,2024-12-25,MX,android,high,facebook,0,6,2024-12-31,0,2,0,0,5,2
p_002132,engaged,2024-01-24,TH,ios,mid,organic,0,212,2024-08-23,1,66,0,0,73,7
p_002472,engaged,2024-04-25,BR,android,low,facebook,0,121,2024-08-24,1,44,0,0,76,11
p_001738,casual,2024-12-09,TR,android,mid,google,0,22,2024-12-31,0,4,0,0,3,1
p_001701,casual,2024-05-26,IN,android,mid,unity_ads,0,49,2024-07-14,1,6,0,0,13,2
p_001989,burst,2024-02-25,GB,ios,mid,organic,0,14,2024-03-10,1,10,0,0,14,6
p_001483,casual,2024-10-23,IN,android,mid,tiktok,0,69,2024-12-31,0,5,0,0,12,1
p_000666,casual,2024-11-19,MX,android,mid,facebook,0,41,2024-12-30,1,3,0,0,8,2
p_000479,casual,2024-09-08,RU,android,high,google,0,84,2024-12-01,1,9,0,0,15,0
p_000887,casual,2024-12-05,JP,android,high,facebook,0,24,2024-12-29,1,1,0,0,9,0
p_002768,whale_payer,2024-04-21,US,android,mid,tiktok,1,254,2024-12-31,0,202,46,540.54,69,7
p_001471,casual,2024-05-21,FR,ios,mid,facebook,0,58,2024-07-18,1,2,0,0,12,5
p_000922,casual,2024-08-05,FR,android,mid,google,0,40,2024-09-14,1,4,0,0,14,2
p_001593,casual,2024-07-17,GB,ios,high,google,0,71,2024-09-26,1,3,0,0,18,7
p_001584,casual,2024-09-15,US,android,low,organic,0,49,2024-11-03,1,5,0,0,12,2
p_001386,casual,2024-05-22,NL,android,mid,facebook,0,65,2024-07-26,1,6,0,0,18,2
p_000932,casual,2024-03-30,US,android,low,organic,0,56,2024-05-25,1,4,0,0,12,4
p_002376,engaged,2024-02-26,TR,ios,high,organic,0,304,2024-12-26,1,107,0,0,58,10
p_000615,casual,2024-11-13,US,ios,mid,organic,0,48,2024-12-31,0,9,0,0,11,2
p_000948,casual,2024-07-08,DE,android,high,unity_ads,0,38,2024-08-15,1,2,0,0,7,1
p_002380,engaged,2024-04-07,AU,android,mid,organic,0,268,2024-12-31,0,76,0,0,101,14
p_000112,early_churn,2024-02-26,US,android,mid,organic,0,2,2024-02-28,1,0,0,0,1,1
p_001143,casual,2024-04-21,US,android,low,applovin,0,34,2024-05-25,1,3,0,0,11,0
p_002156,engaged,2024-04-11,US,android,high,organic,0,264,2024-12-31,0,88,0,0,97,10
p_001948,burst,2024-04-19,JP,ios,high,google,0,19,2024-05-08,1,11,0,0,17,1
p_002153,engaged,2024-06-26,IN,ios,mid,facebook,0,188,2024-12-31,0,73,0,0,54,10
p_001827,burst,2024-07-30,MX,android,mid,tiktok,0,16,2024-08-15,1,12,0,0,14,2
p_000656,casual,2024-08-30,US,android,low,facebook,0,68,2024-11-06,1,6,0,0,8,2
p_001136,casual,2024-03-14,BR,ios,mid,organic,0,28,2024-04-11,1,2,0,0,11,4
p_001780,casual,2024-03-11,GB,ios,low,facebook,0,50,2024-04-30,1,0,0,0,10,1
p_001595,casual,2024-06-23,TR,android,mid,applovin,0,34,2024-07-27,1,6,0,0,7,1
p_002285,engaged,2024-04-10,ID,android,mid,tiktok,0,178,2024-10-05,1,61,0,0,77,7
p_000743,casual,2024-11-16,DE,android,low,facebook,0,45,2024-12-31,0,6,0,0,19,1
p_002247,engaged,2024-02-08,IN,ios,mid,applovin,0,158,2024-07-15,1,58,0,0,52,5
p_002997,minnow_payer,2024-03-22,CA,ios,mid,facebook,1,97,2024-06-27,1,14,25,92.75,21,3
p_000783,casual,2024-01-07,RU,android,mid,facebook,0,59,2024-03-06,1,8,0,0,10,2
p_000432,casual,2024-09-23,MX,ios,high,organic,0,41,2024-11-03,1,3,0,0,13,0
p_002410,engaged,2024-04-04,US,ios,mid,facebook,0,271,2024-12-31,0,100,0,0,97,13
p_002173,engaged,2024-03-13,CA,android,low,facebook,0,293,2024-12-31,0,103,0,0,85,16
p_002365,engaged,2024-02-03,IN,android,mid,organic,0,225,2024-09-15,1,62,0,0,56,4
p_000078,early_churn,2024-12-14,GB,android,high,tiktok,0,1,2024-12-15,1,0,0,0,1,0
p_002362,engaged,2024-03-03,KR,android,mid,organic,0,292,2024-12-20,1,92,0,0,95,12
p_002346,engaged,2024-04-05,KR,ios,mid,facebook,0,165,2024-09-17,1,80,0,0,72,14
p_000688,casual,2024-12-28,US,android,mid,facebook,0,3,2024-12-31,0,0,0,0,6,1
p_000695,casual,2024-08-26,KR,android,mid,tiktok,0,55,2024-10-20,1,5,0,0,12,0
p_001395,casual,2024-08-13,AR,ios,high,organic,0,51,2024-10-03,1,4,0,0,12,3
p_002749,whale_payer,2024-03-06,SE,android,mid,organic,1,217,2024-10-09,1,160,84,906.16,89,12
p_002601,engaged,2024-02-01,KR,ios,high,facebook,0,334,2024-12-31,0,88,0,0,107,14
p_000497,casual,2024-01-22,MX,android,low,facebook,0,78,2024-04-09,1,9,0,0,9,0
p_002976,minnow_payer,2024-03-25,PH,android,low,organic,1,131,2024-08-03,1,11,25,133.75,21,3
p_002938,minnow_payer,2024-04-06,GB,android,low,google,1,161,2024-09-14,1,29,11,32.89,37,4
p_001400,casual,2024-07-16,IT,android,mid,google,0,60,2024-09-14,1,2,0,0,14,2
p_000302,casual,2024-09-24,US,android,low,tiktok,0,32,2024-10-26,1,4,0,0,7,0
p_001235,casual,2024-03-06,NL,android,low,facebook,0,68,2024-05-13,1,6,0,0,13,1
p_000612,casual,2024-12-06,IT,android,mid,facebook,0,25,2024-12-31,0,5,0,0,8,3
p_000523,casual,2024-11-02,US,ios,low,organic,0,59,2024-12-31,0,5,0,0,9,0
p_001371,casual,2024-05-22,US,android,low,organic,0,40,2024-07-01,1,9,0,0,15,3
p_000296,early_churn,2024-04-08,IN,ios,high,facebook,0,1,2024-04-09,1,0,0,0,0,0
p_002683,engaged,2024-04-24,CA,android,mid,organic,0,158,2024-09-29,1,51,0,0,73,8
p_000074,early_churn,2024-01-07,TH,ios,mid,applovin,0,2,2024-01-09,1,0,0,0,0,0
p_000498,casual,2024-03-23,US,android,low,organic,0,47,2024-05-09,1,7,0,0,10,2
p_002053,burst,2024-05-10,CA,ios,mid,organic,0,11,2024-05-21,1,5,0,0,16,2
p_002042,burst,2024-06-16,GB,ios,mid,applovin,0,17,2024-07-03,1,8,0,0,22,0
p_001763,casual,2024-02-13,AU,ios,high,tiktok,0,43,2024-03-27,1,4,0,0,10,2
p_002504,engaged,2024-04-25,DE,android,mid,google,0,250,2024-12-31,0,75,0,0,78,8
p_000347,casual,2024-02-14,CA,ios,high,organic,0,85,2024-05-09,1,6,0,0,8,3
p_001124,casual,2024-01-24,TH,android,mid,facebook,0,37,2024-03-01,1,3,0,0,6,1
p_002719,whale_payer,2024-01-26,TR,ios,high,unity_ads,1,266,2024-10-18,1,198,83,812.17,97,7
p_002573,engaged,2024-03-01,AU,android,mid,facebook,0,180,2024-08-28,1,69,0,0,83,15
p_001567,casual,2024-11-02,US,ios,low,organic,0,19,2024-11-21,1,1,0,0,10,2
p_002265,engaged,2024-02-24,DE,android,low,organic,0,166,2024-08-08,1,46,0,0,67,5
p_000140,early_churn,2024-12-04,KR,android,low,facebook,0,2,2024-12-06,1,1,0,0,3,1
p_001348,casual,2024-08-03,ES,ios,mid,organic,0,18,2024-08-21,1,4,0,0,14,1
p_000694,casual,2024-02-27,ES,ios,mid,facebook,0,72,2024-05-09,1,3,0,0,9,0
p_002085,burst,2024-04-29,US,ios,high,facebook,0,14,2024-05-13,1,6,0,0,15,4
p_000775,casual,2024-07-24,RU,android,mid,facebook,0,19,2024-08-12,1,0,0,0,5,0
p_002412,engaged,2024-03-23,US,ios,mid,tiktok,0,167,2024-09-06,1,43,0,0,83,8
p_002405,engaged,2024-06-04,US,android,high,other,0,210,2024-12-31,0,63,0,0,96,10
p_001636,casual,2024-05-22,US,android,low,tiktok,0,47,2024-07-08,1,3,0,0,17,0
p_001822,burst,2024-07-21,NL,ios,high,other,0,20,2024-08-10,1,14,0,0,8,1
p_000868,casual,2024-03-29,GB,ios,low,other,0,14,2024-04-12,1,0,0,0,9,3
p_002725,whale_payer,2024-02-03,ES,android,low,facebook,1,238,2024-09-28,1,157,76,852.24,72,10
p_000303,casual,2024-07-12,DE,ios,mid,facebook,0,79,2024-09-29,1,9,0,0,22,5
p_001052,casual,2024-09-11,JP,android,high,facebook,0,89,2024-12-09,1,9,0,0,21,0
p_002019,burst,2024-02-26,JP,ios,low,organic,0,21,2024-03-18,1,18,0,0,13,2
p_000471,casual,2024-09-22,GB,ios,low,organic,0,84,2024-12-15,1,5,0,0,20,2
p_001326,casual,2024-05-31,MX,android,mid,organic,0,23,2024-06-23,1,4,0,0,7,1
p_002697,engaged,2024-01-24,KR,android,high,other,0,324,2024-12-13,1,89,0,0,79,8
p_000847,casual,2024-04-03,MX,ios,mid,facebook,0,74,2024-06-16,1,7,0,0,13,1
p_000017,early_churn,2024-02-29,AR,ios,mid,organic,0,2,2024-03-02,1,1,0,0,1,0
p_002136,engaged,2024-02-11,RU,android,mid,organic,0,286,2024-11-23,1,93,0,0,73,12
p_000836,casual,2024-01-26,JP,android,high,unity_ads,0,61,2024-03-27,1,2,0,0,11,0
p_002807,whale_payer,2024-07-08,MX,android,high,google,1,176,2024-12-31,0,122,56,502.44,51,7
p_000842,casual,2024-09-23,US,android,high,unity_ads,0,17,2024-10-10,1,0,0,0,4,0
p_001238,casual,2024-03-11,AU,ios,mid,applovin,0,28,2024-04-08,1,3,0,0,9,2
p_002733,whale_payer,2024-02-18,DE,android,low,organic,1,317,2024-12-31,0,220,66,628.34,61,8
p_001453,casual,2024-03-17,CA,android,mid,organic,0,43,2024-04-29,1,12,0,0,11,0
p_002120,engaged,2024-05-06,US,android,high,facebook,0,128,2024-09-11,1,48,0,0,65,9
p_000970,casual,2024-05-12,FR,ios,high,google,0,48,2024-06-29,1,5,0,0,14,4
p_001123,casual,2024-02-02,DE,android,mid,applovin,0,54,2024-03-27,1,8,0,0,7,0
p_001710,casual,2024-01-19,DE,ios,low,organic,0,79,2024-04-07,1,6,0,0,16,2
p_001544,casual,2024-05-03,US,android,low,google,0,50,2024-06-22,1,7,0,0,6,1
p_002515,engaged,2024-03-12,DE,ios,low,organic,0,254,2024-11-21,1,90,0,0,70,10
p_002808,whale_payer,2024-07-14,DE,android,low,facebook,1,170,2024-12-31,0,124,54,485.46,45,6
p_002201,engaged,2024-06-23,DE,ios,low,facebook,0,191,2024-12-31,0,67,0,0,60,13
p_002435,engaged,2024-06-06,GB,android,mid,unity_ads,0,132,2024-10-16,1,50,0,0,43,5
p_002194,engaged,2024-04-14,US,android,mid,google,0,195,2024-10-26,1,62,0,0,104,12
p_002642,engaged,2024-05-06,SE,ios,mid,facebook,0,122,2024-09-05,1,42,0,0,61,7
p_001178,casual,2024-01-18,AR,android,high,tiktok,0,33,2024-02-20,1,7,0,0,7,1
p_001030,casual,2024-02-04,TR,ios,mid,applovin,0,34,2024-03-09,1,4,0,0,8,2
p_002584,engaged,2024-07-05,GB,android,low,facebook,0,125,2024-11-07,1,30,0,0,60,5
p_001744,casual,2024-12-16,US,android,mid,facebook,0,15,2024-12-31,0,0,0,0,2,0
p_002776,whale_payer,2024-03-30,IN,ios,mid,facebook,1,204,2024-10-20,1,137,64,639.36,72,11
p_002172,engaged,2024-02-24,BR,android,mid,organic,0,144,2024-07-17,1,49,0,0,46,5
p_002308,engaged,2024-04-03,KR,android,mid,facebook,0,272,2024-12-31,0,84,0,0,105,15
p_002373,engaged,2024-04-14,GB,ios,mid,facebook,0,223,2024-11-23,1,76,0,0,86,10
p_002542,engaged,2024-02-16,BR,android,mid,google,0,319,2024-12-31,0,102,0,0,107,17
p_000150,early_churn,2024-03-30,FR,ios,high,google,0,2,2024-04-01,1,0,0,0,2,0
p_002710,whale_payer,2024-01-18,KR,ios,mid,facebook,1,215,2024-08-20,1,170,41,450.59,55,10
p_000201,early_churn,2024-09-07,DE,android,high,facebook,0,2,2024-09-09,1,1,0,0,2,0
p_001993,burst,2024-10-09,US,android,low,facebook,0,17,2024-10-26,1,17,0,0,24,4
p_002722,whale_payer,2024-04-30,DE,ios,mid,tiktok,1,231,2024-12-17,1,133,90,807.1,69,9
p_002859,minnow_payer,2024-03-10,BR,android,low,tiktok,1,133,2024-07-21,1,16,20,67.8,30,4
p_002288,engaged,2024-05-01,BR,android,low,unity_ads,0,244,2024-12-31,0,71,0,0,92,17
p_002763,whale_payer,2024-04-02,IN,android,mid,facebook,1,229,2024-11-17,1,147,80,791.2,81,10
p_002372,engaged,2024-04-26,IT,android,low,tiktok,0,249,2024-12-31,0,71,0,0,89,9
p_001658,casual,2024-10-11,CA,android,mid,unity_ads,0,51,2024-12-01,1,3,0,0,10,2
p_001523,casual,2024-09-22,AU,android,mid,organic,0,57,2024-11-18,1,8,0,0,16,1
p_000225,early_churn,2024-02-06,DE,ios,high,organic,0,3,2024-02-09,1,1,0,0,1,1
p_002753,whale_payer,2024-02-18,US,android,low,facebook,1,246,2024-10-21,1,184,45,461.55,63,4
p_001088,casual,2024-08-16,MX,android,mid,unity_ads,0,57,2024-10-12,1,2,0,0,14,1
p_002068,burst,2024-12-10,FR,android,mid,facebook,0,8,2024-12-18,1,3,0,0,6,2
p_001029,casual,2024-05-29,TH,android,low,facebook,0,64,2024-08-01,1,7,0,0,13,2
p_002519,engaged,2024-03-30,US,android,low,google,0,193,2024-10-09,1,53,0,0,77,12
p_001378,casual,2024-05-16,US,android,low,facebook,0,31,2024-06-16,1,2,0,0,10,4
p_000794,casual,2024-02-02,ES,android,mid,tiktok,0,39,2024-03-12,1,7,0,0,12,4
p_002492,engaged,2024-01-14,US,ios,high,organic,0,184,2024-07-16,1,58,0,0,84,13
p_002666,engaged,2024-03-17,IT,android,high,facebook,0,154,2024-08-18,1,46,0,0,87,11
p_000652,casual,2024-02-05,KR,ios,mid,google,0,56,2024-04-01,1,7,0,0,18,3
p_002139,engaged,2024-04-17,US,ios,high,organic,0,258,2024-12-31,0,86,0,0,80,15
p_000817,casual,2024-01-28,FR,android,mid,facebook,0,88,2024-04-25,1,12,0,0,19,3
p_001656,casual,2024-01-03,US,ios,low,organic,0,31,2024-02-03,1,3,0,0,1,0
p_000084,early_churn,2024-10-08,US,android,low,organic,0,2,2024-10-10,1,1,0,0,0,0
p_002458,engaged,2024-04-30,CA,android,low,tiktok,0,124,2024-09-01,1,47,0,0,48,5
p_002583,engaged,2024-06-07,US,android,mid,organic,1,157,2024-11-11,1,48,9,46.91,55,5
p_002470,engaged,2024-04-22,US,android,high,other,0,253,2024-12-31,0,91,0,0,95,10
p_000340,casual,2024-03-20,US,ios,mid,google,0,70,2024-05-29,1,10,0,0,13,2
p_001809,burst,2024-10-30,US,ios,low,organic,0,17,2024-11-16,1,8,0,0,20,2
p_000388,casual,2024-03-02,RU,android,low,tiktok,0,83,2024-05-24,1,9,0,0,15,3
p_002984,minnow_payer,2024-05-01,RU,ios,high,organic,1,201,2024-11-18,1,34,16,61.84,44,0
p_001270,casual,2024-08-11,IN,android,low,organic,0,28,2024-09-08,1,2,0,0,10,2
p_000596,casual,2024-06-14,JP,ios,high,organic,0,84,2024-09-06,1,8,0,0,18,1
p_001649,casual,2024-08-12,US,android,mid,unity_ads,0,37,2024-09-18,1,5,0,0,4,1
p_002950,minnow_payer,2024-06-15,IN,ios,mid,facebook,1,199,2024-12-31,0,20,12,42.88,49,6
p_002459,engaged,2024-06-05,US,android,high,google,0,153,2024-11-05,1,48,0,0,65,8
p_002177,engaged,2024-02-19,GB,android,low,google,0,316,2024-12-31,0,102,0,0,80,12
p_000442,casual,2024-11-15,DE,android,mid,facebook,0,46,2024-12-31,0,7,0,0,13,4
p_000410,casual,2024-09-19,IT,android,mid,tiktok,0,28,2024-10-17,1,2,0,0,7,1
p_002746,whale_payer,2024-06-30,RU,android,low,facebook,1,184,2024-12-31,0,128,64,669.36,58,12
p_001384,casual,2024-02-13,US,ios,low,organic,0,35,2024-03-19,1,3,0,0,14,2
p_002206,engaged,2024-02-21,CA,android,high,organic,0,288,2024-12-05,1,82,0,0,61,5
p_000900,casual,2024-03-28,BR,ios,mid,google,0,20,2024-04-17,1,6,0,0,7,0
p_002819,whale_payer,2024-06-19,US,ios,mid,facebook,1,195,2024-12-31,0,169,68,641.32,57,9
p_000630,casual,2024-01-14,ES,ios,mid,organic,0,67,2024-03-21,1,7,0,0,8,0
p_002625,engaged,2024-05-25,IN,ios,high,organic,0,220,2024-12-31,0,79,0,0,79,8
p_001016,casual,2024-08-07,JP,ios,high,google,0,81,2024-10-27,1,11,0,0,13,0
p_001196,casual,2024-08-17,JP,ios,mid,applovin,0,72,2024-10-28,1,3,0,0,17,3
p_001570,casual,2024-09-26,US,android,low,facebook,0,53,2024-11-18,1,4,0,0,12,3
p_000521,casual,2024-11-09,MX,android,low,facebook,0,24,2024-12-03,1,2,0,0,6,0
p_001204,casual,2024-02-06,FR,android,mid,applovin,0,22,2024-02-28,1,2,0,0,6,2
p_000491,casual,2024-10-24,MX,android,mid,organic,0,43,2024-12-06,1,2,0,0,17,1
p_001496,casual,2024-01-01,IN,android,mid,organic,0,26,2024-01-27,1,3,0,0,5,0
p_002693,engaged,2024-04-14,US,android,mid,organic,0,199,2024-10-30,1,63,0,0,67,11
p_001262,casual,2024-07-25,CA,ios,low,tiktok,0,33,2024-08-27,1,1,0,0,6,0
p_000852,casual,2024-03-09,TH,ios,mid,organic,0,25,2024-04-03,1,2,0,0,2,1
p_002993,minnow_payer,2024-04-15,JP,android,mid,google,1,110,2024-08-03,1,21,7,9.93,29,3
p_002902,minnow_payer,2024-05-07,DE,android,mid,facebook,1,144,2024-09-28,1,15,6,13.94,38,5
p_002129,engaged,2024-05-16,CA,android,low,facebook,0,229,2024-12-31,0,74,0,0,94,14
p_000412,casual,2024-10-20,JP,android,high,organic,0,28,2024-11-17,1,3,0,0,7,0
p_002114,engaged,2024-03-24,ES,android,high,unity_ads,0,282,2024-12-31,0,102,0,0,59,7
p_000713,casual,2024-01-24,AU,android,low,organic,0,90,2024-04-23,1,9,0,0,16,2
p_002565,engaged,2024-03-20,CA,ios,mid,facebook,0,276,2024-12-21,1,68,0,0,79,8
p_001581,casual,2024-12-26,JP,android,high,google,0,5,2024-12-31,0,2,0,0,3,0
p_001742,casual,2024-04-04,GB,ios,high,tiktok,0,69,2024-06-12,1,8,0,0,11,0
p_000886,casual,2024-10-19,ES,ios,high,facebook,0,73,2024-12-31,0,3,0,0,14,3
p_001633,casual,2024-07-21,CA,ios,mid,tiktok,0,57,2024-09-16,1,4,0,0,15,5
p_000368,casual,2024-10-14,ES,ios,mid,applovin,0,78,2024-12-31,0,9,0,0,11,1
p_002024,burst,2024-06-27,DE,android,mid,organic,0,9,2024-07-06,1,5,0,0,4,0
p_000929,casual,2024-08-12,FR,ios,low,facebook,0,56,2024-10-07,1,5,0,0,16,4
p_001777,casual,2024-10-11,JP,android,mid,other,0,55,2024-12-05,1,8,0,0,10,1
p_000846,casual,2024-01-20,CA,ios,high,organic,0,15,2024-02-04,1,0,0,0,1,0
p_002817,whale_payer,2024-01-03,IN,android,high,tiktok,1,356,2024-12-24,1,265,50,425.5,71,7
p_001466,casual,2024-06-19,US,android,mid,facebook,0,58,2024-08-16,1,5,0,0,13,1
p_000343,casual,2024-05-11,JP,android,low,organic,0,17,2024-05-28,1,2,0,0,7,1
p_002585,engaged,2024-06-19,RU,ios,mid,google,0,195,2024-12-31,0,65,0,0,100,13
p_001212,casual,2024-05-28,US,ios,mid,google,0,77,2024-08-13,1,7,0,0,17,6
p_001080,casual,2024-06-04,US,android,high,other,0,62,2024-08-05,1,9,0,0,24,1
p_000095,early_churn,2024-09-06,US,android,high,applovin,0,2,2024-09-08,1,0,0,0,0,0
p_002635,engaged,2024-05-17,FR,ios,mid,organic,0,228,2024-12-31,0,74,0,0,65,8
p_000116,early_churn,2024-09-01,US,ios,mid,facebook,0,3,2024-09-04,1,2,0,0,2,0
p_000215,early_churn,2024-01-05,BR,android,mid,facebook,0,1,2024-01-06,1,1,0,0,0,0
p_001711,casual,2024-09-13,JP,android,high,google,0,34,2024-10-17,1,4,0,0,12,2
p_002961,minnow_payer,2024-08-22,US,ios,mid,google,1,125,2024-12-25,1,13,8,21.92,27,4
p_002614,engaged,2024-01-25,US,android,mid,google,0,200,2024-08-12,1,75,0,0,90,17
p_000829,casual,2024-02-27,MX,android,low,organic,0,24,2024-03-22,1,2,0,0,7,0
p_001598,casual,2024-06-03,AU,android,mid,organic,0,69,2024-08-11,1,9,0,0,6,1
p_000414,casual,2024-12-15,CA,android,mid,organic,0,16,2024-12-31,0,0,0,0,5,0
p_000065,early_churn,2024-09-25,US,ios,high,google,0,1,2024-09-26,1,0,0,0,1,0
p_002167,engaged,2024-05-15,DE,ios,mid,applovin,0,230,2024-12-31,0,83,0,0,102,10
p_000549,casual,2024-01-19,MX,android,low,tiktok,0,40,2024-02-28,1,1,0,0,6,1
p_001396,casual,2024-04-04,AU,ios,mid,organic,0,67,2024-06-10,1,10,0,0,20,4
p_000031,early_churn,2024-11-03,US,android,low,applovin,0,1,2024-11-04,1,1,0,0,1,0
p_000592,casual,2024-03-30,CA,ios,low,facebook,0,33,2024-05-02,1,3,0,0,13,1
p_002059,burst,2024-01-16,ES,android,low,organic,0,19,2024-02-04,1,13,0,0,4,0
p_002591,engaged,2024-06-14,DE,android,mid,tiktok,0,200,2024-12-31,0,72,0,0,92,6
p_002688,engaged,2024-06-01,AU,android,mid,organic,0,213,2024-12-31,0,64,0,0,65,8
p_001527,casual,2024-05-15,BR,ios,mid,facebook,0,76,2024-07-30,1,3,0,0,27,4
p_002731,whale_payer,2024-03-18,US,ios,low,facebook,1,223,2024-10-27,1,165,38,411.62,95,12
p_000256,early_churn,2024-05-25,US,ios,high,google,0,3,2024-05-28,1,0,0,0,2,0
p_000236,early_churn,2024-05-27,KR,android,mid,facebook,0,3,2024-05-30,1,2,0,0,3,0
p_001940,burst,2024-08-28,CA,android,high,facebook,0,7,2024-09-04,1,5,0,0,8,0
p_002262,engaged,2024-06-23,US,android,mid,organic,0,191,2024-12-31,0,74,0,0,71,10
p_001105,casual,2024-01-14,GB,android,low,applovin,0,31,2024-02-14,1,0,0,0,5,0
p_000928,casual,2024-12-06,US,ios,low,facebook,0,25,2024-12-31,0,8,0,0,11,1
p_001038,casual,2024-07-19,JP,ios,mid,google,0,19,2024-08-07,1,5,0,0,6,3
p_001001,casual,2024-06-12,JP,android,low,organic,0,63,2024-08-14,1,4,0,0,15,2
p_001986,burst,2024-08-09,KR,ios,high,google,0,15,2024-08-24,1,11,0,0,11,2
p_002609,engaged,2024-04-25,KR,android,low,facebook,0,209,2024-11-20,1,71,0,0,75,5
p_000712,casual,2024-07-22,US,ios,high,google,0,18,2024-08-09,1,2,0,0,4,0
p_000562,casual,2024-12-30,US,android,low,google,0,1,2024-12-31,0,1,0,0,2,0
p_002618,engaged,2024-03-06,DE,android,low,facebook,0,137,2024-07-21,1,57,0,0,43,3
p_002833,whale_payer,2024-02-09,TR,android,low,facebook,1,203,2024-08-30,1,143,55,541.45,64,8
p_001929,burst,2024-06-28,AU,ios,mid,organic,0,14,2024-07-12,1,11,0,0,20,1
p_001189,casual,2024-03-12,JP,android,low,organic,0,25,2024-04-06,1,3,0,0,6,0
p_001642,casual,2024-10-27,BR,android,high,organic,0,47,2024-12-13,1,2,0,0,15,1
p_001034,casual,2024-01-29,PL,ios,low,organic,0,82,2024-04-20,1,12,0,0,13,2
p_001869,burst,2024-06-29,GB,ios,low,unity_ads,0,9,2024-07-08,1,6,0,0,7,0
p_000863,casual,2024-11-10,GB,android,low,facebook,0,44,2024-12-24,1,7,0,0,5,1
p_000099,early_churn,2024-07-27,US,android,high,applovin,0,2,2024-07-29,1,1,0,0,3,1
p_001460,casual,2024-11-13,US,android,low,facebook,0,19,2024-12-02,1,0,0,0,7,0
p_001063,casual,2024-07-19,CA,android,low,google,0,47,2024-09-04,1,1,0,0,7,1
p_002375,engaged,2024-06-23,DE,android,low,facebook,0,175,2024-12-15,1,52,0,0,72,8
p_001271,casual,2024-10-24,BR,ios,mid,facebook,0,44,2024-12-07,1,11,0,0,11,1
p_000213,early_churn,2024-06-22,FR,android,mid,organic,0,1,2024-06-23,1,1,0,0,1,0
p_001563,casual,2024-01-24,KR,android,mid,organic,0,88,2024-04-21,1,7,0,0,15,1
p_001200,casual,2024-08-10,TR,android,high,facebook,0,27,2024-09-06,1,1,0,0,6,4
p_002495,engaged,2024-05-08,AR,android,mid,facebook,0,213,2024-12-07,1,63,0,0,74,9
p_002890,minnow_payer,2024-06-27,US,ios,high,organic,1,61,2024-08-27,1,12,18,62.82,20,3
p_002828,whale_payer,2024-06-21,JP,ios,low,google,1,193,2024-12-31,0,115,55,557.45,63,11
p_000036,early_churn,2024-12-26,DE,ios,low,google,0,2,2024-12-28,1,1,0,0,0,0
p_001434,casual,2024-08-16,ID,android,mid,facebook,0,52,2024-10-07,1,2,0,0,15,2
p_000502,casual,2024-10-19,US,android,low,applovin,0,68,2024-12-26,1,7,0,0,15,3
p_000160,early_churn,2024-06-10,JP,ios,mid,organic,0,3,2024-06-13,1,1,0,0,0,0
p_000960,casual,2024-05-17,US,android,low,organic,0,89,2024-08-14,1,12,0,0,26,2
p_002670,engaged,2024-02-28,DE,android,low,google,0,153,2024-07-30,1,56,0,0,74,12
p_001224,casual,2024-07-11,IN,ios,mid,organic,0,60,2024-09-09,1,5,0,0,19,3
p_000626,casual,2024-03-08,US,android,mid,organic,0,67,2024-05-14,1,5,0,0,14,1
p_002407,engaged,2024-02-27,US,android,mid,facebook,0,308,2024-12-31,0,86,0,0,106,17
p_000468,casual,2024-07-20,US,ios,mid,organic,0,22,2024-08-11,1,2,0,0,6,0
p_001853,burst,2024-11-12,ES,android,mid,applovin,0,18,2024-11-30,1,7,0,0,14,0
p_002871,minnow_payer,2024-09-04,DE,android,mid,organic,1,118,2024-12-31,0,13,13,28.87,27,3
p_000526,casual,2024-05-06,IT,ios,low,facebook,0,24,2024-05-30,1,4,0,0,4,1
p_000067,early_churn,2024-06-07,AR,ios,high,organic,0,2,2024-06-09,1,0,0,0,1,1
p_000097,early_churn,2024-04-20,US,android,low,facebook,0,3,2024-04-23,1,0,0,0,1,0
p_002015,burst,2024-05-18,US,android,high,google,0,17,2024-06-04,1,13,0,0,6,0
p_002586,engaged,2024-01-18,ES,android,high,facebook,0,251,2024-09-25,1,80,0,0,102,10
p_001258,casual,2024-02-07,RU,ios,high,google,0,17,2024-02-24,1,4,0,0,0,0
p_002977,minnow_payer,2024-06-21,MX,ios,mid,tiktok,1,101,2024-09-30,1,17,25,93.75,21,4
p_001588,casual,2024-10-29,JP,ios,low,organic,0,63,2024-12-31,0,4,0,0,12,1
p_002845,whale_payer,2024-04-11,CA,android,low,facebook,1,230,2024-11-27,1,159,40,398.6,95,4
p_001752,casual,2024-11-15,US,ios,high,organic,0,35,2024-12-20,1,1,0,0,12,1
p_000816,casual,2024-06-05,MX,android,mid,organic,0,36,2024-07-11,1,8,0,0,7,1
p_000337,casual,2024-12-06,JP,ios,high,facebook,0,25,2024-12-31,0,1,0,0,13,2
p_002208,engaged,2024-05-23,FR,ios,low,google,0,222,2024-12-31,0,76,0,0,87,10
p_002521,engaged,2024-03-20,JP,ios,high,facebook,0,257,2024-12-02,1,74,0,0,101,14
p_001759,casual,2024-05-07,DE,ios,mid,organic,0,67,2024-07-13,1,10,0,0,16,3
p_000278,early_churn,2024-07-05,CA,android,mid,google,0,2,2024-07-07,1,1,0,0,1,0
p_001310,casual,2024-06-24,JP,ios,mid,google,0,59,2024-08-22,1,5,0,0,9,1
p_002083,burst,2024-03-27,IT,ios,high,facebook,0,8,2024-04-04,1,4,0,0,17,0
p_001459,casual,2024-05-07,JP,android,mid,organic,0,29,2024-06-05,1,2,0,0,3,0
p_002403,engaged,2024-07-03,US,ios,low,organic,0,181,2024-12-31,0,66,0,0,68,8
p_000013,early_churn,2024-02-22,GB,android,mid,google,0,1,2024-02-23,1,3,0,0,2,0
p_002713,whale_payer,2024-02-19,IN,android,high,organic,1,251,2024-10-27,1,195,37,482.63,62,7
p_002295,engaged,2024-06-20,US,ios,high,organic,0,194,2024-12-31,0,69,0,0,79,8
p_000879,casual,2024-01-29,BR,android,low,facebook,0,31,2024-02-29,1,2,0,0,6,1
p_000689,casual,2024-02-23,JP,android,mid,applovin,0,23,2024-03-17,1,0,0,0,4,0
p_001397,casual,2024-01-11,IN,android,high,google,0,55,2024-03-06,1,8,0,0,9,0
p_001171,casual,2024-12-20,DE,ios,mid,tiktok,0,11,2024-12-31,0,1,0,0,11,1
p_002543,engaged,2024-01-19,ES,ios,mid,organic,0,297,2024-11-11,1,93,0,0,70,8
p_000349,casual,2024-02-21,IN,ios,high,organic,0,60,2024-04-21,1,5,0,0,12,1
p_002485,engaged,2024-01-23,DE,ios,mid,organic,0,317,2024-12-05,1,102,0,0,108,16
p_000218,early_churn,2024-04-27,IN,android,low,organic,0,3,2024-04-30,1,1,0,0,2,0
p_001731,casual,2024-02-10,CA,android,mid,facebook,0,62,2024-04-12,1,7,0,0,14,2
p_002535,engaged,2024-05-01,FR,android,low,tiktok,0,244,2024-12-31,0,68,0,0,50,5
p_000081,early_churn,2024-06-23,TH,ios,low,unity_ads,0,3,2024-06-26,1,2,0,0,1,1
p_002847,whale_payer,2024-07-12,PL,ios,high,facebook,1,172,2024-12-31,0,127,59,700.41,68,10
p_002259,engaged,2024-01-17,AU,android,low,unity_ads,0,282,2024-10-25,1,89,0,0,83,10
p_000623,casual,2024-08-31,TH,ios,high,tiktok,0,76,2024-11-15,1,5,0,0,14,1
p_001102,casual,2024-11-03,US,ios,mid,organic,0,45,2024-12-18,1,2,0,0,6,0
p_000575,casual,2024-01-05,US,android,low,google,0,34,2024-02-08,1,3,0,0,3,0
p_002130,engaged,2024-01-15,TH,ios,low,facebook,0,260,2024-10-01,1,86,0,0,81,8
p_002226,engaged,2024-05-22,GB,ios,high,facebook,0,223,2024-12-31,0,67,0,0,82,9
p_001922,burst,2024-06-11,BR,android,low,organic,0,20,2024-07-01,1,6,0,0,20,2
p_001714,casual,2024-06-04,CA,android,high,tiktok,0,42,2024-07-16,1,4,0,0,3,1
p_000131,early_churn,2024-12-08,US,android,low,google,0,2,2024-12-10,1,1,0,0,1,1
p_001558,casual,2024-12-15,MX,ios,high,applovin,0,16,2024-12-31,0,1,0,0,7,0
p_000805,casual,2024-07-09,DE,ios,mid,google,0,89,2024-10-06,1,6,0,0,22,3
p_001455,casual,2024-01-09,BR,ios,high,tiktok,0,32,2024-02-10,1,4,0,0,7,0
p_002065,burst,2024-04-29,ES,android,high,organic,0,13,2024-05-12,1,12,0,0,11,0
p_000156,early_churn,2024-07-05,NL,ios,mid,other,0,3,2024-07-08,1,1,0,0,0,0
p_002627,engaged,2024-05-09,US,ios,mid,tiktok,0,236,2024-12-31,0,73,0,0,85,11
p_002912,minnow_payer,2024-08-31,JP,ios,mid,organic,1,63,2024-11-02,1,10,17,65.83,19,4
p_000927,casual,2024-11-20,GB,ios,mid,facebook,0,17,2024-12-07,1,1,0,0,12,4
p_001234,casual,2024-09-16,GB,android,mid,other,0,15,2024-10-01,1,0,0,0,11,1
p_002050,burst,2024-05-22,JP,android,low,google,0,13,2024-06-04,1,9,0,0,11,3
p_000926,casual,2024-05-14,AR,android,low,unity_ads,0,83,2024-08-05,1,4,0,0,18,2
p_000934,casual,2024-02-18,ES,android,mid,applovin,0,18,2024-03-07,1,0,0,0,8,2
p_001068,casual,2024-06-15,JP,android,mid,google,0,70,2024-08-24,1,7,0,0,10,1
p_001987,burst,2024-02-17,TR,android,high,tiktok,0,11,2024-02-28,1,8,0,0,12,1
p_001564,casual,2024-12-17,NL,android,low,organic,0,14,2024-12-31,0,1,0,0,12,2
p_001311,casual,2024-02-29,TR,android,low,unity_ads,0,21,2024-03-21,1,2,0,0,7,1
p_000739,casual,2024-07-15,NL,android,mid,organic,0,78,2024-10-01,1,7,0,0,18,2
p_002284,engaged,2024-01-31,US,ios,low,facebook,0,188,2024-08-06,1,56,0,0,83,11
p_001301,casual,2024-07-05,US,android,low,facebook,0,30,2024-08-04,1,2,0,0,9,0
p_000828,casual,2024-09-07,US,android,low,google,0,73,2024-11-19,1,6,0,0,13,2
p_002821,whale_payer,2024-03-22,US,android,low,unity_ads,1,284,2024-12-31,0,195,71,689.29,78,11
p_001882,burst,2024-08-01,TH,ios,high,google,0,15,2024-08-16,1,10,0,0,16,1
p_002390,engaged,2024-07-06,US,ios,mid,facebook,0,178,2024-12-31,0,59,0,0,70,12
p_000260,early_churn,2024-03-28,US,ios,mid,applovin,0,2,2024-03-30,1,1,0,0,1,1
p_000516,casual,2024-11-09,US,android,low,tiktok,0,52,2024-12-31,0,6,0,0,12,3
p_001113,casual,2024-01-20,FR,android,low,organic,0,85,2024-04-14,1,12,0,0,15,3
p_001416,casual,2024-06-22,IN,ios,low,organic,0,29,2024-07-21,1,2,0,0,7,1
p_002726,whale_payer,2024-04-13,FR,android,low,facebook,1,254,2024-12-23,1,174,82,794.18,71,3
p_002058,burst,2024-08-26,IN,ios,mid,organic,0,8,2024-09-03,1,4,0,0,10,2
p_001956,burst,2024-04-23,MX,android,low,facebook,0,18,2024-05-11,1,12,0,0,17,0
p_002292,engaged,2024-01-23,MX,ios,high,google,0,343,2024-12-31,0,109,0,0,113,9
p_000582,casual,2024-12-28,US,ios,mid,organic,0,3,2024-12-31,0,1,0,0,8,2
p_000751,casual,2024-01-27,TH,android,low,tiktok,0,41,2024-03-08,1,5,0,0,9,1
p_000734,casual,2024-04-23,BR,ios,mid,google,0,83,2024-07-15,1,7,0,0,24,2
p_000633,casual,2024-09-03,AR,android,low,facebook,0,25,2024-09-28,1,1,0,0,6,0
p_001078,casual,2024-02-15,ES,ios,low,tiktok,0,36,2024-03-22,1,2,0,0,9,3
p_002234,engaged,2024-05-11,MX,ios,mid,facebook,0,234,2024-12-31,0,88,0,0,55,9
p_002793,whale_payer,2024-02-09,US,android,high,tiktok,1,298,2024-12-03,1,241,55,525.45,84,12
p_001953,burst,2024-12-18,DE,ios,low,google,0,13,2024-12-31,0,7,0,0,8,1
p_002867,minnow_payer,2024-04-11,GB,android,low,organic,1,177,2024-10-05,1,30,19,50.81,49,5
p_002971,minnow_payer,2024-02-04,IN,android,low,organic,1,91,2024-05-05,1,12,5,17.95,17,1
p_002461,engaged,2024-05-08,US,android,mid,applovin,0,208,2024-12-02,1,69,0,0,46,2
p_000942,casual,2024-09-19,DE,android,mid,google,0,28,2024-10-17,1,2,0,0,7,0
p_002356,engaged,2024-06-21,IN,ios,high,applovin,0,193,2024-12-31,0,59,0,0,77,9
p_000827,casual,2024-01-18,JP,ios,mid,organic,0,74,2024-04-01,1,7,0,0,7,0
p_002441,engaged,2024-07-15,FR,android,low,facebook,0,169,2024-12-31,0,47,0,0,83,8
p_002251,engaged,2024-06-15,ES,android,low,organic,0,199,2024-12-31,0,51,0,0,72,8
p_001761,casual,2024-08-12,AU,android,mid,facebook,0,54,2024-10-05,1,6,0,0,13,4
p_001860,burst,2024-03-14,AR,android,mid,tiktok,0,12,2024-03-26,1,9,0,0,12,0
p_002534,engaged,2024-01-13,GB,ios,mid,unity_ads,0,141,2024-06-02,1,40,0,0,63,8
p_001539,casual,2024-05-27,GB,ios,low,applovin,0,58,2024-07-24,1,4,0,0,9,0
p_000873,casual,2024-09-12,IN,android,high,facebook,0,59,2024-11-10,1,8,0,0,9,1
p_002737,whale_payer,2024-06-21,CA,android,high,applovin,1,193,2024-12-31,0,141,37,327.63,48,8
p_001970,burst,2024-11-03,ES,android,mid,facebook,0,8,2024-11-11,1,8,0,0,11,2
p_000451,casual,2024-10-12,GB,ios,low,google,0,24,2024-11-05,1,2,0,0,14,0
p_001274,casual,2024-02-22,FR,ios,high,applovin,0,66,2024-04-28,1,5,0,0,16,1
p_001534,casual,2024-07-24,AU,ios,high,google,0,71,2024-10-03,1,4,0,0,11,2
p_002168,engaged,2024-05-20,US,ios,mid,applovin,0,225,2024-12-31,0,68,0,0,81,8
p_002826,whale_payer,2024-03-18,GB,android,low,organic,1,259,2024-12-02,1,167,34,310.66,63,10
p_001692,casual,2024-03-23,FR,ios,high,organic,0,47,2024-05-09,1,1,0,0,19,5
p_002792,whale_payer,2024-05-24,IT,ios,mid,facebook,1,221,2024-12-31,0,161,72,635.28,71,6
p_001565,casual,2024-07-26,DE,ios,mid,organic,0,85,2024-10-19,1,15,0,0,20,1
p_000063,early_churn,2024-08-10,BR,android,low,organic,0,2,2024-08-12,1,0,0,0,3,1
p_000430,casual,2024-04-11,BR,android,high,google,0,49,2024-05-30,1,8,0,0,13,1
p_000888,casual,2024-01-15,AU,ios,mid,google,0,29,2024-02-13,1,2,0,0,6,1
p_001486,casual,2024-06-05,US,android,mid,organic,1,37,2024-07-12,1,2,2,5.98,13,1
p_000294,early_churn,2024-01-01,IN,ios,high,facebook,0,2,2024-01-03,1,1,0,0,0,0
p_001694,casual,2024-01-20,US,ios,mid,other,0,18,2024-02-07,1,0,0,0,4,0
p_000766,casual,2024-02-16,DE,android,mid,organic,0,46,2024-04-02,1,2,0,0,5,1
p_001888,burst,2024-01-28,JP,ios,low,facebook,0,8,2024-02-05,1,9,0,0,5,0
p_000917,casual,2024-12-04,BR,ios,high,organic,0,27,2024-12-31,0,2,0,0,9,1
p_001868,burst,2024-05-23,PL,ios,low,applovin,0,16,2024-06-08,1,14,0,0,21,0
p_002449,engaged,2024-05-17,RU,android,high,organic,0,209,2024-12-12,1,72,0,0,79,5
p_001982,burst,2024-02-14,DE,ios,low,google,0,21,2024-03-06,1,14,0,0,6,1
p_001047,casual,2024-05-13,US,android,mid,organic,0,55,2024-07-07,1,6,0,0,15,4
p_001672,casual,2024-02-04,IN,android,mid,tiktok,0,50,2024-03-25,1,5,0,0,13,2
p_002152,engaged,2024-07-14,FR,android,mid,organic,0,170,2024-12-31,0,56,0,0,77,12
p_001507,casual,2024-03-23,TR,android,mid,organic,0,89,2024-06-20,1,7,0,0,20,2
p_002245,engaged,2024-03-11,US,android,low,organic,0,270,2024-12-06,1,84,0,0,64,9
p_001297,casual,2024-05-25,RU,android,mid,facebook,0,82,2024-08-15,1,5,0,0,9,1
p_000591,casual,2024-05-17,US,android,high,organic,0,41,2024-06-27,1,7,0,0,12,1
p_001723,casual,2024-07-27,JP,android,low,unity_ads,0,43,2024-09-08,1,4,0,0,15,4
p_002198,engaged,2024-02-12,FR,ios,high,organic,0,318,2024-12-26,1,133,0,0,101,14
p_002745,whale_payer,2024-04-02,MX,android,low,tiktok,1,273,2024-12-31,0,201,32,345.68,87,13
p_000093,early_churn,2024-06-25,IT,android,low,tiktok,0,2,2024-06-27,1,0,0,0,2,0
p_001160,casual,2024-05-31,US,android,low,applovin,0,81,2024-08-20,1,9,0,0,17,4
p_001170,casual,2024-07-13,US,ios,mid,unity_ads,0,77,2024-09-28,1,10,0,0,11,3
p_002054,burst,2024-03-24,MX,android,mid,tiktok,0,16,2024-04-09,1,17,0,0,19,4
p_000892,casual,2024-05-07,CA,ios,high,facebook,0,55,2024-07-01,1,3,0,0,11,2
p_000252,early_churn,2024-01-04,BR,ios,low,tiktok,0,2,2024-01-06,1,1,0,0,0,0
p_001119,casual,2024-05-21,US,android,low,organic,0,65,2024-07-25,1,1,0,0,11,0
p_001686,casual,2024-04-22,PH,android,low,facebook,0,36,2024-05-28,1,5,0,0,13,0
p_000965,casual,2024-11-12,ID,android,low,organic,0,47,2024-12-29,1,11,0,0,11,1
p_002341,engaged,2024-01-03,US,ios,mid,organic,0,308,2024-11-06,1,106,0,0,67,13
p_001767,casual,2024-03-13,BR,android,low,tiktok,0,82,2024-06-03,1,9,0,0,18,2
p_002178,engaged,2024-02-29,US,ios,mid,tiktok,0,221,2024-10-07,1,51,0,0,80,14
p_001132,casual,2024-08-05,GB,android,mid,google,0,36,2024-09-10,1,2,0,0,13,1
p_000529,casual,2024-04-25,PH,android,mid,facebook,0,30,2024-05-25,1,4,0,0,3,1
p_002300,engaged,2024-06-28,PL,ios,low,other,0,186,2024-12-31,0,64,0,0,98,13
p_000364,casual,2024-03-05,JP,android,mid,google,0,88,2024-06-01,1,13,0,0,22,1
p_001356,casual,2024-10-02,BR,ios,high,facebook,0,63,2024-12-04,1,9,0,0,17,1
p_002778,whale_payer,2024-04-25,SE,ios,low,organic,1,250,2024-12-31,0,180,33,282.67,74,9
p_000839,casual,2024-10-16,IT,ios,mid,google,0,76,2024-12-31,0,9,0,0,15,0
p_000326,casual,2024-08-19,ID,android,low,other,0,32,2024-09-20,1,4,0,0,10,1
p_001988,burst,2024-03-22,BR,android,low,facebook,0,12,2024-04-03,1,10,0,0,17,0
p_000896,casual,2024-03-24,US,ios,mid,facebook,0,76,2024-06-08,1,6,0,0,19,0
p_001996,burst,2024-11-02,US,ios,mid,organic,0,10,2024-11-12,1,4,0,0,12,2
p_000710,casual,2024-05-12,TH,ios,high,organic,0,89,2024-08-09,1,10,0,0,13,1
p_001920,burst,2024-01-01,FR,ios,mid,tiktok,0,20,2024-01-21,1,16,0,0,6,1
p_000779,casual,2024-04-19,AU,ios,mid,organic,0,80,2024-07-08,1,6,0,0,20,3
p_002095,burst,2024-12-12,AR,ios,mid,unity_ads,0,11,2024-12-23,1,9,0,0,13,0
p_002863,minnow_payer,2024-07-12,US,ios,high,tiktok,1,114,2024-11-03,1,16,13,46.87,25,2
p_001733,casual,2024-04-10,GB,android,mid,facebook,0,33,2024-05-13,1,5,0,0,10,0
p_002389,engaged,2024-02-22,DE,ios,mid,tiktok,0,313,2024-12-31,0,115,0,0,92,10
p_002296,engaged,2024-03-07,ID,ios,mid,applovin,0,244,2024-11-06,1,82,0,0,80,12
p_000539,casual,2024-03-23,BR,ios,high,other,0,76,2024-06-07,1,5,0,0,20,1
p_002080,burst,2024-09-22,FR,android,mid,tiktok,0,11,2024-10-03,1,5,0,0,9,1
p_002986,minnow_payer,2024-07-17,GB,android,low,organic,1,105,2024-10-30,1,12,9,17.91,31,7
p_002320,engaged,2024-03-26,ES,android,low,facebook,0,181,2024-09-23,1,57,0,0,76,5
p_001824,burst,2024-05-29,IN,android,low,tiktok,0,16,2024-06-14,1,17,0,0,22,4
p_000573,casual,2024-07-23,IN,android,mid,tiktok,0,67,2024-09-28,1,7,0,0,11,0
p_001079,casual,2024-10-26,JP,ios,mid,organic,0,19,2024-11-14,1,6,0,0,3,0
p_002327,engaged,2024-01-27,FR,ios,mid,tiktok,0,333,2024-12-25,1,111,0,0,97,9
p_002127,engaged,2024-07-13,IT,ios,mid,organic,0,171,2024-12-31,0,51,0,0,65,11
p_002943,minnow_payer,2024-08-16,BR,ios,mid,other,1,137,2024-12-31,0,26,21,62.79,30,2
p_002838,whale_payer,2024-05-08,US,ios,low,applovin,1,237,2024-12-31,0,206,52,526.48,92,10
p_000603,casual,2024-11-07,ES,ios,mid,google,0,54,2024-12-31,0,3,0,0,9,1
p_002062,burst,2024-03-28,US,android,mid,organic,0,16,2024-04-13,1,7,0,0,19,3
p_002187,engaged,2024-01-04,IN,android,high,organic,0,358,2024-12-27,1,121,0,0,89,16
p_002310,engaged,2024-03-10,US,android,high,facebook,0,143,2024-07-31,1,50,0,0,58,8
p_000133,early_churn,2024-03-10,JP,ios,high,google,0,2,2024-03-12,1,1,0,0,1,0
p_001158,casual,2024-02-01,CA,android,low,other,0,62,2024-04-03,1,6,0,0,17,0
p_001157,casual,2024-12-24,AR,android,mid,organic,0,7,2024-12-31,0,0,0,0,8,1
p_001401,casual,2024-12-13,JP,ios,high,tiktok,0,18,2024-12-31,0,1,0,0,8,1
p_002147,engaged,2024-03-02,US,ios,high,google,0,304,2024-12-31,0,80,0,0,116,16
p_001417,casual,2024-11-21,JP,android,mid,facebook,0,40,2024-12-31,0,3,0,0,12,1
p_000973,casual,2024-10-21,DE,ios,mid,organic,0,71,2024-12-31,0,6,0,0,12,0
p_002934,minnow_payer,2024-07-23,US,android,low,facebook,1,161,2024-12-31,0,22,22,84.78,24,5
p_000015,early_churn,2024-09-24,AU,ios,high,organic,0,1,2024-09-25,1,0,0,0,1,1
p_000661,casual,2024-10-27,JP,ios,high,organic,0,65,2024-12-31,0,4,0,0,13,3
p_002261,engaged,2024-04-04,US,android,low,tiktok,0,271,2024-12-31,0,94,0,0,95,10
p_002748,whale_payer,2024-01-10,US,ios,mid,google,1,210,2024-08-07,1,131,89,864.11,82,11
p_001024,casual,2024-02-21,DE,android,low,google,0,67,2024-04-28,1,8,0,0,11,3
p_002291,engaged,2024-07-08,ES,android,mid,applovin,0,176,2024-12-31,0,52,0,0,55,2
p_001060,casual,2024-06-01,JP,android,mid,organic,0,71,2024-08-11,1,4,0,0,16,3
p_001099,casual,2024-06-27,MX,ios,mid,facebook,0,45,2024-08-11,1,3,0,0,14,2
p_000982,casual,2024-11-13,FR,ios,low,organic,0,48,2024-12-31,0,6,0,0,18,1
p_000784,casual,2024-02-27,US,android,high,organic,0,86,2024-05-23,1,3,0,0,12,0
p_001637,casual,2024-09-10,IN,ios,mid,facebook,0,15,2024-09-25,1,1,0,0,4,1
p_000943,casual,2024-07-18,JP,android,mid,organic,0,55,2024-09-11,1,5,0,0,11,2
p_002893,minnow_payer,2024-03-30,IN,android,low,organic,1,130,2024-08-07,1,23,12,31.88,44,9
p_002425,engaged,2024-02-28,IN,ios,high,facebook,0,254,2024-11-08,1,74,0,0,53,9
p_001439,casual,2024-03-26,IN,ios,mid,google,0,15,2024-04-10,1,0,0,0,4,2
p_000232,early_churn,2024-05-19,US,ios,mid,facebook,0,1,2024-05-20,1,0,0,0,2,1
p_001334,casual,2024-12-28,DE,android,low,organic,0,3,2024-12-31,0,0,0,0,1,0
p_002765,whale_payer,2024-01-26,RU,ios,high,facebook,1,328,2024-12-19,1,217,63,717.37,74,13
p_001055,casual,2024-02-14,US,android,low,tiktok,0,88,2024-05-12,1,13,0,0,17,2
p_000604,casual,2024-11-24,TH,ios,high,facebook,0,37,2024-12-31,0,4,0,0,6,1
p_001305,casual,2024-02-22,RU,ios,mid,unity_ads,0,28,2024-03-21,1,3,0,0,2,0
p_001775,casual,2024-10-13,DE,ios,high,applovin,0,45,2024-11-27,1,5,0,0,12,0
p_000452,casual,2024-08-22,ES,android,low,google,0,52,2024-10-13,1,3,0,0,12,1
p_002554,engaged,2024-05-23,ID,android,mid,facebook,1,222,2024-12-31,0,53,7,34.93,87,8
p_000109,early_churn,2024-03-26,AU,android,low,organic,0,1,2024-03-27,1,1,0,0,0,0
p_001426,casual,2024-12-27,BR,ios,mid,facebook,0,4,2024-12-31,0,0,0,0,3,0
p_000930,casual,2024-03-18,DE,android,mid,organic,0,89,2024-06-15,1,9,0,0,17,0
p_002119,engaged,2024-07-03,BR,android,low,unity_ads,0,181,2024-12-31,0,63,0,0,62,7
p_002112,engaged,2024-03-28,NL,android,mid,tiktok,0,233,2024-11-16,1,82,0,0,91,6
p_002074,burst,2024-12-28,NL,android,low,tiktok,0,3,2024-12-31,0,3,0,0,13,0
p_001357,casual,2024-03-20,TH,ios,mid,google,0,75,2024-06-03,1,5,0,0,15,2
p_000802,casual,2024-06-11,ES,ios,mid,tiktok,0,28,2024-07-09,1,1,0,0,11,1
p_001561,casual,2024-09-26,US,ios,low,facebook,0,40,2024-11-05,1,3,0,0,8,0
p_002034,burst,2024-07-13,GB,android,mid,facebook,0,14,2024-07-27,1,6,0,0,14,2
p_001187,casual,2024-05-30,ID,android,mid,facebook,0,36,2024-07-05,1,3,0,0,14,3
p_001128,casual,2024-07-23,US,ios,high,google,0,87,2024-10-18,1,3,0,0,14,3
p_001870,burst,2024-01-09,DE,android,mid,google,0,19,2024-01-28,1,23,0,0,7,1
p_002952,minnow_payer,2024-09-07,KR,android,mid,facebook,1,115,2024-12-31,0,17,14,25.86,26,7
p_001994,burst,2024-09-15,SE,android,mid,facebook,0,7,2024-09-22,1,8,0,0,14,3
p_000171,early_churn,2024-08-21,MX,ios,high,organic,0,1,2024-08-22,1,0,0,0,2,0
p_000183,early_churn,2024-05-10,ES,ios,low,tiktok,0,2,2024-05-12,1,2,0,0,1,1
p_001757,casual,2024-02-22,US,android,high,organic,0,67,2024-04-29,1,1,0,0,11,1
p_002522,engaged,2024-06-26,SE,android,low,facebook,1,188,2024-12-31,0,48,2,10.98,80,5
p_000667,casual,2024-11-21,DE,android,mid,facebook,0,40,2024-12-31,0,3,0,0,11,2
p_002133,engaged,2024-01-20,MX,android,low,applovin,0,190,2024-07-28,1,57,0,0,55,13
p_001406,casual,2024-05-05,DE,android,mid,organic,0,89,2024-08-02,1,11,0,0,20,2
p_002453,engaged,2024-04-10,US,android,mid,organic,0,265,2024-12-31,0,84,0,0,70,7
p_000993,casual,2024-02-15,KR,ios,mid,google,0,55,2024-04-10,1,2,0,0,15,3
p_001919,burst,2024-06-08,US,ios,mid,tiktok,0,13,2024-06-21,1,6,0,0,16,3
p_002705,whale_payer,2024-04-03,ES,ios,low,google,1,209,2024-10-29,1,165,63,709.37,86,15
p_000289,early_churn,2024-01-10,US,ios,mid,tiktok,0,1,2024-01-11,1,0,0,0,1,0
p_000350,casual,2024-02-26,IN,android,low,organic,0,83,2024-05-19,1,7,0,0,18,5
p_002604,engaged,2024-04-21,GB,android,mid,tiktok,0,254,2024-12-31,0,83,0,0,56,13
p_002337,engaged,2024-07-05,BR,android,mid,facebook,0,137,2024-11-19,1,45,0,0,75,10
p_000662,casual,2024-08-10,GB,ios,high,unity_ads,0,37,2024-09-16,1,4,0,0,8,0
p_001912,burst,2024-02-29,FR,ios,high,google,0,10,2024-03-10,1,7,0,0,17,3
p_002695,engaged,2024-07-09,AR,android,low,organic,0,127,2024-11-13,1,45,0,0,36,5
p_001557,casual,2024-12-22,ES,ios,mid,facebook,0,9,2024-12-31,0,1,0,0,4,0
p_000106,early_churn,2024-12-16,FR,android,low,facebook,0,3,2024-12-19,1,1,0,0,1,0
p_001268,casual,2024-11-13,US,android,mid,organic,0,46,2024-12-29,1,4,0,0,6,0
p_001463,casual,2024-06-19,GB,android,mid,facebook,0,15,2024-07-04,1,1,0,0,7,0
p_002318,engaged,2024-06-21,US,ios,high,google,0,193,2024-12-31,0,75,0,0,91,9
p_000642,casual,2024-04-28,FR,ios,low,tiktok,0,64,2024-07-01,1,8,0,0,22,4
p_002088,burst,2024-12-03,FR,ios,high,google,0,19,2024-12-22,1,17,0,0,18,1
p_000161,early_churn,2024-05-11,JP,android,mid,organic,0,3,2024-05-14,1,0,0,0,1,0
p_002696,engaged,2024-04-16,CA,ios,low,organic,0,259,2024-12-31,0,76,0,0,64,9
p_001461,casual,2024-11-30,GB,android,high,facebook,0,31,2024-12-31,0,4,0,0,11,2
p_001851,burst,2024-06-18,US,android,mid,applovin,0,20,2024-07-08,1,14,0,0,8,1
p_000311,casual,2024-10-05,US,android,low,applovin,0,40,2024-11-14,1,4,0,0,15,3
p_001817,burst,2024-02-17,ID,ios,low,organic,0,19,2024-03-07,1,4,0,0,6,1
p_002474,engaged,2024-04-17,PL,android,low,applovin,0,258,2024-12-31,0,88,0,0,82,15
p_000265,early_churn,2024-05-21,RU,ios,mid,google,0,2,2024-05-23,1,1,0,0,1,0
p_002766,whale_payer,2024-03-09,FR,android,low,facebook,1,282,2024-12-16,1,192,35,418.65,64,5
p_000009,early_churn,2024-11-25,US,android,mid,tiktok,0,3,2024-11-28,1,0,0,0,0,0
p_000245,early_churn,2024-05-31,GB,android,mid,facebook,0,3,2024-06-03,1,1,0,0,0,0
p_002232,engaged,2024-05-24,KR,ios,low,organic,0,201,2024-12-11,1,52,0,0,91,13
p_001825,burst,2024-08-13,IN,android,mid,tiktok,0,16,2024-08-29,1,8,0,0,6,3
p_001308,casual,2024-11-27,RU,ios,mid,organic,0,34,2024-12-31,0,2,0,0,8,0
p_002613,engaged,2024-07-12,BR,android,mid,applovin,0,155,2024-12-14,1,38,0,0,52,7
p_000676,casual,2024-11-07,RU,ios,high,unity_ads,0,54,2024-12-31,0,4,0,0,13,2
p_000616,casual,2024-01-11,FR,android,mid,google,0,61,2024-03-12,1,6,0,0,9,0
p_000324,casual,2024-07-02,RU,ios,mid,google,0,85,2024-09-25,1,14,0,0,21,5
p_001172,casual,2024-03-30,JP,android,low,organic,0,40,2024-05-09,1,7,0,0,9,0
p_001344,casual,2024-02-03,IT,ios,high,facebook,0,48,2024-03-22,1,4,0,0,6,0
p_000949,casual,2024-01-26,BR,android,high,organic,0,14,2024-02-09,1,4,0,0,4,1
p_002870,minnow_payer,2024-05-30,JP,android,mid,tiktok,1,112,2024-09-19,1,13,14,30.86,21,5
p_000660,casual,2024-12-17,KR,android,mid,organic,0,14,2024-12-31,0,1,0,0,7,1
p_000196,early_churn,2024-07-23,IN,android,low,organic,0,3,2024-07-26,1,0,0,0,2,0
p_002209,engaged,2024-07-19,FR,android,low,facebook,0,165,2024-12-31,0,38,0,0,78,10
p_000374,casual,2024-05-28,GB,android,mid,tiktok,0,14,2024-06-11,1,3,0,0,3,0
p_001833,burst,2024-12-22,US,android,low,facebook,0,9,2024-12-31,0,9,0,0,16,2
p_000024,early_churn,2024-06-16,MX,android,low,applovin,0,3,2024-06-19,1,2,0,0,3,1
p_001718,casual,2024-08-30,DE,ios,mid,organic,0,73,2024-11-11,1,7,0,0,19,2
p_002569,engaged,2024-04-20,TH,android,high,google,0,255,2024-12-31,0,87,0,0,76,9
p_002647,engaged,2024-06-27,BR,android,low,facebook,0,187,2024-12-31,0,60,0,0,101,11
p_000577,casual,2024-10-22,GB,android,low,tiktok,0,66,2024-12-27,1,9,0,0,13,3
p_002465,engaged,2024-01-22,DE,ios,mid,tiktok,0,201,2024-08-10,1,60,0,0,63,17
p_002044,burst,2024-09-12,US,ios,mid,other,0,13,2024-09-25,1,11,0,0,21,4
p_002674,engaged,2024-01-04,CA,android,low,tiktok,0,262,2024-09-22,1,87,0,0,57,7
p_001155,casual,2024-12-18,IT,ios,high,organic,0,13,2024-12-31,0,0,0,0,4,1
p_000027,early_churn,2024-06-30,SE,android,mid,organic,0,1,2024-07-01,1,1,0,0,1,0
p_002548,engaged,2024-01-02,MX,android,low,applovin,0,158,2024-06-08,1,54,0,0,54,6
p_000755,casual,2024-04-29,PH,android,high,tiktok,0,37,2024-06-05,1,2,0,0,15,0
p_002189,engaged,2024-05-05,DE,ios,low,facebook,0,224,2024-12-15,1,77,0,0,73,5
p_001506,casual,2024-06-09,AU,ios,mid,facebook,0,62,2024-08-10,1,7,0,0,14,2
p_002175,engaged,2024-04-15,BR,android,low,tiktok,0,142,2024-09-04,1,41,0,0,57,5
p_000348,casual,2024-01-19,DE,ios,high,facebook,0,46,2024-03-05,1,10,0,0,12,2
p_001646,casual,2024-11-07,ID,android,mid,facebook,0,54,2024-12-31,0,3,0,0,20,2
p_001936,burst,2024-01-11,US,android,mid,facebook,0,13,2024-01-24,1,5,0,0,7,0
p_000352,casual,2024-07-11,AR,ios,mid,other,0,57,2024-09-06,1,6,0,0,17,4
p_002634,engaged,2024-06-18,IT,android,mid,tiktok,0,196,2024-12-31,0,49,0,0,73,11
p_001890,burst,2024-11-16,TR,ios,mid,organic,0,16,2024-12-02,1,12,0,0,18,3
p_002192,engaged,2024-02-27,GB,android,mid,organic,0,308,2024-12-31,0,94,0,0,68,6
p_002891,minnow_payer,2024-03-21,AR,android,high,facebook,1,87,2024-06-16,1,13,18,77.82,28,3
p_000708,casual,2024-10-13,US,ios,mid,organic,0,79,2024-12-31,0,14,0,0,22,5
p_000190,early_churn,2024-02-03,IT,ios,mid,organic,0,3,2024-02-06,1,0,0,0,1,0
p_001210,casual,2024-08-06,IN,ios,low,facebook,0,43,2024-09-18,1,0,0,0,9,1
p_001845,burst,2024-02-18,BR,ios,high,applovin,0,14,2024-03-03,1,5,0,0,13,2
p_002734,whale_payer,2024-02-14,US,ios,mid,google,1,234,2024-10-05,1,168,49,612.51,76,2
p_000675,casual,2024-08-20,PL,android,low,organic,0,14,2024-09-03,1,3,0,0,8,0
p_002775,whale_payer,2024-06-03,AU,ios,high,tiktok,1,211,2024-12-31,0,148,58,648.42,64,9
p_001734,casual,2024-12-06,CA,android,mid,applovin,0,25,2024-12-31,0,1,0,0,6,0
p_000281,early_churn,2024-06-15,PH,android,mid,tiktok,0,1,2024-06-16,1,1,0,0,1,0
p_000380,casual,2024-03-21,IN,android,mid,other,0,74,2024-06-03,1,11,0,0,21,2
p_001964,burst,2024-02-21,BR,android,low,facebook,0,11,2024-03-03,1,6,0,0,16,1
p_002330,engaged,2024-03-01,DE,android,mid,organic,0,305,2024-12-31,0,103,0,0,86,11
p_000248,early_churn,2024-03-05,IT,ios,mid,organic,0,2,2024-03-07,1,1,0,0,0,0
p_001947,burst,2024-09-10,DE,ios,high,organic,0,20,2024-09-30,1,12,0,0,20,0
p_000404,casual,2024-04-09,CA,ios,low,organic,0,50,2024-05-29,1,1,0,0,9,2
p_000518,casual,2024-07-26,US,ios,high,organic,0,31,2024-08-26,1,3,0,0,15,1
p_001147,casual,2024-03-26,US,ios,low,organic,0,52,2024-05-17,1,4,0,0,4,0
p_000558,casual,2024-08-09,RU,ios,mid,organic,0,36,2024-09-14,1,3,0,0,13,1
p_002957,minnow_payer,2024-02-10,PL,android,mid,facebook,1,130,2024-06-19,1,27,13,60.87,35,3
p_001315,casual,2024-05-31,ES,ios,high,organic,0,54,2024-07-24,1,1,0,0,13,1
p_000032,early_churn,2024-08-23,GB,android,low,organic,0,2,2024-08-25,1,1,0,0,0,0
p_002754,whale_payer,2024-03-25,ES,android,mid,facebook,1,281,2024-12-31,0,191,30,307.7,80,7
p_001164,casual,2024-10-15,GB,ios,low,organic,0,43,2024-11-27,1,3,0,0,14,4
p_002501,engaged,2024-06-26,PL,android,mid,organic,0,188,2024-12-31,0,55,0,0,84,7
p_001508,casual,2024-02-21,ES,android,mid,organic,0,60,2024-04-21,1,1,0,0,9,1
p_001473,casual,2024-06-06,AU,android,mid,tiktok,0,18,2024-06-24,1,1,0,0,10,2
p_000586,casual,2024-08-16,MX,ios,mid,facebook,0,17,2024-09-02,1,0,0,0,7,1
p_002248,engaged,2024-04-17,GB,android,low,organic,0,258,2024-12-31,0,94,0,0,90,9
p_002145,engaged,2024-03-01,AU,ios,high,other,0,305,2024-12-31,0,109,0,0,84,18
p_001118,casual,2024-03-03,JP,android,low,facebook,0,74,2024-05-16,1,10,0,0,16,1
p_000815,casual,2024-06-04,AR,android,mid,organic,0,70,2024-08-13,1,4,0,0,11,0
p_000165,early_churn,2024-08-10,TR,android,high,facebook,0,3,2024-08-13,1,1,0,0,1,1
p_001513,casual,2024-11-15,GB,android,mid,unity_ads,0,46,2024-12-31,0,3,0,0,15,3
p_001626,casual,2024-01-21,SE,android,mid,applovin,0,67,2024-03-28,1,9,0,0,15,1
p_002791,whale_payer,2024-03-05,TR,ios,high,google,1,301,2024-12-31,0,219,48,466.52,93,13
p_000241,early_churn,2024-08-03,DE,ios,mid,facebook,0,2,2024-08-05,1,2,0,0,1,0
p_002980,minnow_payer,2024-04-09,DE,android,mid,facebook,1,148,2024-09-04,1,16,10,27.9,30,6
p_000162,early_churn,2024-08-09,AR,android,mid,facebook,0,2,2024-08-11,1,0,0,0,0,0
p_000903,casual,2024-11-05,AR,android,low,organic,0,56,2024-12-31,0,4,0,0,7,0
p_000849,casual,2024-10-13,CA,android,low,applovin,0,74,2024-12-26,1,4,0,0,9,3
p_001790,casual,2024-12-24,US,ios,high,unity_ads,0,7,2024-12-31,0,2,0,0,0,0
p_000008,early_churn,2024-05-14,IN,android,high,organic,0,2,2024-05-16,1,1,0,0,1,0
p_001547,casual,2024-06-25,BR,android,low,facebook,0,18,2024-07-13,1,1,0,0,5,1
p_001501,casual,2024-08-04,BR,ios,high,organic,0,33,2024-09-06,1,0,0,0,1,0
p_001872,burst,2024-07-23,US,ios,high,facebook,0,13,2024-08-05,1,9,0,0,22,1
p_000214,early_churn,2024-08-19,NL,ios,high,organic,0,1,2024-08-20,1,2,0,0,0,0
p_000159,early_churn,2024-08-11,GB,android,high,unity_ads,0,1,2024-08-12,1,0,0,0,1,0
p_001847,burst,2024-04-11,JP,ios,low,organic,0,19,2024-04-30,1,13,0,0,10,1
p_000318,casual,2024-10-09,US,android,mid,google,0,73,2024-12-21,1,7,0,0,18,1
p_000741,casual,2024-09-20,GB,ios,low,organic,0,72,2024-12-01,1,7,0,0,9,2
p_000378,casual,2024-05-26,DE,ios,high,google,0,67,2024-08-01,1,4,0,0,15,1
p_001347,casual,2024-02-23,KR,android,mid,google,0,85,2024-05-18,1,5,0,0,14,1
p_001304,casual,2024-08-20,ID,ios,mid,organic,0,90,2024-11-18,1,7,0,0,11,1
p_001800,burst,2024-12-01,DE,ios,low,facebook,0,19,2024-12-20,1,13,0,0,18,0
p_001237,casual,2024-07-23,JP,android,mid,organic,0,68,2024-09-29,1,4,0,0,16,5
p_001418,casual,2024-08-17,US,ios,mid,tiktok,0,25,2024-09-11,1,0,0,0,10,2
p_000624,casual,2024-11-02,AU,android,mid,google,0,59,2024-12-31,0,8,0,0,13,2
p_001753,casual,2024-03-02,JP,ios,high,facebook,0,62,2024-05-03,1,4,0,0,9,0
p_001810,burst,2024-02-03,FR,android,mid,facebook,0,9,2024-02-12,1,7,0,0,12,1
p_002066,burst,2024-08-15,BR,android,low,google,0,15,2024-08-30,1,14,0,0,8,1
p_001894,burst,2024-12-03,JP,android,low,tiktok,0,14,2024-12-17,1,15,0,0,8,1
p_000021,early_churn,2024-07-16,FR,ios,high,tiktok,0,2,2024-07-18,1,1,0,0,2,0
p_000048,early_churn,2024-11-21,IN,ios,high,organic,0,2,2024-11-23,1,1,0,0,2,0
p_000480,casual,2024-08-01,IN,android,low,facebook,0,65,2024-10-05,1,9,0,0,14,3
p_001666,casual,2024-06-05,RU,android,low,organic,0,28,2024-07-03,1,5,0,0,9,0
p_000881,casual,2024-03-30,JP,ios,mid,organic,0,83,2024-06-21,1,9,0,0,21,5
p_000750,casual,2024-04-28,PH,ios,mid,google,0,75,2024-07-12,1,2,0,0,16,4
p_001816,burst,2024-05-17,US,ios,low,organic,0,21,2024-06-07,1,16,0,0,12,2
p_001452,casual,2024-08-21,CA,android,mid,tiktok,0,18,2024-09-08,1,0,0,0,8,1
p_002846,whale_payer,2024-05-06,DE,ios,high,organic,1,239,2024-12-31,0,164,44,407.56,72,4
p_000799,casual,2024-02-06,US,ios,mid,tiktok,0,34,2024-03-11,1,6,0,0,7,1
p_000102,early_churn,2024-04-29,US,android,mid,facebook,0,3,2024-05-02,1,1,0,0,0,0
p_001681,casual,2024-02-19,JP,android,high,applovin,0,76,2024-05-05,1,7,0,0,5,0
p_002530,engaged,2024-04-12,DE,android,low,organic,0,263,2024-12-31,0,73,0,0,102,7
p_002039,burst,2024-11-02,ES,android,low,organic,0,15,2024-11-17,1,13,0,0,10,0
p_000723,casual,2024-02-11,US,ios,low,organic,0,78,2024-04-29,1,4,0,0,13,2
p_001006,casual,2024-05-19,US,android,low,google,0,20,2024-06-08,1,4,0,0,4,1
p_002336,engaged,2024-04-10,US,android,low,facebook,0,193,2024-10-20,1,60,0,0,95,14
p_001499,casual,2024-07-07,TR,ios,mid,facebook,0,85,2024-09-30,1,6,0,0,17,4
p_001538,casual,2024-10-04,US,android,mid,organic,0,88,2024-12-31,0,8,0,0,21,4
p_001490,casual,2024-07-28,GB,android,mid,organic,0,86,2024-10-22,1,12,0,0,10,1
p_000182,early_churn,2024-08-10,IT,android,low,organic,0,1,2024-08-11,1,1,0,0,1,0
p_000698,casual,2024-06-29,US,android,mid,google,0,87,2024-09-24,1,4,0,0,17,4
p_000208,early_churn,2024-10-03,GB,android,high,facebook,0,3,2024-10-06,1,2,0,0,1,0
p_000893,casual,2024-01-02,CA,android,mid,google,0,25,2024-01-27,1,4,0,0,2,0
p_000365,casual,2024-06-25,KR,android,high,tiktok,0,45,2024-08-09,1,3,0,0,13,1
p_001413,casual,2024-06-05,JP,android,low,facebook,0,42,2024-07-17,1,4,0,0,16,2
p_000237,early_churn,2024-06-08,NL,android,mid,facebook,0,1,2024-06-09,1,1,0,0,2,0
p_001808,burst,2024-07-03,MX,ios,mid,organic,0,20,2024-07-23,1,18,0,0,10,0
p_002324,engaged,2024-05-24,TH,android,low,tiktok,0,148,2024-10-19,1,50,0,0,73,13
p_000945,casual,2024-01-10,US,ios,mid,organic,0,35,2024-02-14,1,3,0,0,3,2
p_001979,burst,2024-03-30,MX,android,high,tiktok,0,14,2024-04-13,1,5,0,0,16,2
p_001202,casual,2024-02-11,FR,ios,mid,organic,0,52,2024-04-03,1,1,0,0,15,0
p_000431,casual,2024-07-13,RU,android,mid,organic,0,57,2024-09-08,1,7,0,0,13,2
p_001487,casual,2024-08-17,PL,ios,mid,tiktok,0,89,2024-11-14,1,5,0,0,17,3
p_001880,burst,2024-10-03,CA,android,mid,google,0,18,2024-10-21,1,10,0,0,7,1
p_002452,engaged,2024-03-29,RU,ios,low,unity_ads,1,123,2024-07-30,1,41,5,25.95,77,12
p_002945,minnow_payer,2024-02-22,MX,android,mid,organic,1,241,2024-10-20,1,35,6,22.94,63,9
p_002364,engaged,2024-02-22,ID,ios,low,google,0,124,2024-06-25,1,33,0,0,72,11
p_001352,casual,2024-03-19,TR,android,high,facebook,0,22,2024-04-10,1,0,0,0,6,0
p_002286,engaged,2024-01-25,RU,android,low,facebook,0,341,2024-12-31,0,111,0,0,86,11
p_000158,early_churn,2024-11-09,TH,ios,mid,organic,0,3,2024-11-12,1,2,0,0,0,0
p_000854,casual,2024-01-18,JP,android,mid,organic,0,20,2024-02-07,1,3,0,0,2,0
p_001651,casual,2024-05-01,GB,ios,mid,facebook,0,46,2024-06-16,1,0,0,0,9,1
p_001266,casual,2024-07-22,KR,ios,high,google,0,56,2024-09-16,1,3,0,0,19,2
p_001823,burst,2024-11-24,AR,android,mid,tiktok,0,11,2024-12-05,1,6,0,0,16,1
p_001662,casual,2024-10-27,IN,ios,high,facebook,0,19,2024-11-15,1,1,0,0,14,1
p_001504,casual,2024-05-06,JP,android,mid,tiktok,0,36,2024-06-11,1,2,0,0,10,0
p_001521,casual,2024-05-21,DE,android,low,applovin,0,52,2024-07-12,1,8,0,0,14,1
p_002004,burst,2024-08-26,IN,ios,mid,organic,0,16,2024-09-11,1,10,0,0,8,1
p_001893,burst,2024-09-30,US,android,low,google,0,19,2024-10-19,1,9,0,0,8,0
p_002949,minnow_payer,2024-09-15,PL,ios,high,google,1,100,2024-12-24,1,13,20,54.8,24,3
p_001390,casual,2024-02-12,GB,ios,low,google,0,41,2024-03-24,1,3,0,0,10,2
p_001693,casual,2024-11-09,TH,android,low,organic,0,14,2024-11-23,1,1,0,0,4,1
p_002315,engaged,2024-01-14,BR,android,low,organic,0,222,2024-08-23,1,72,0,0,93,11
p_002482,engaged,2024-02-24,KR,ios,low,tiktok,0,199,2024-09-10,1,55,0,0,87,14
p_001167,casual,2024-09-09,DE,ios,high,facebook,0,49,2024-10-28,1,5,0,0,10,3
p_002169,engaged,2024-01-01,IN,ios,low,applovin,0,267,2024-09-24,1,87,0,0,60,10
p_002709,whale_payer,2024-05-22,GB,android,low,unity_ads,1,223,2024-12-31,0,154,43,430.57,64,10
p_001033,casual,2024-01-14,IT,android,mid,google,0,28,2024-02-11,1,2,0,0,4,1
p_001247,casual,2024-09-27,BR,android,mid,facebook,0,83,2024-12-19,1,3,0,0,21,2
p_002652,engaged,2024-05-30,DE,android,mid,organic,0,182,2024-11-28,1,54,0,0,51,7
p_001885,burst,2024-02-01,US,ios,mid,tiktok,0,11,2024-02-12,1,13,0,0,13,2
p_001276,casual,2024-08-30,IT,ios,mid,facebook,0,82,2024-11-20,1,7,0,0,22,3
p_001955,burst,2024-10-19,TR,android,high,tiktok,0,11,2024-10-30,1,7,0,0,16,1
p_002157,engaged,2024-01-11,MX,ios,low,facebook,0,352,2024-12-28,1,124,0,0,90,9
p_002027,burst,2024-03-06,BR,android,high,facebook,0,13,2024-03-19,1,17,0,0,11,0
p_001096,casual,2024-06-19,US,android,mid,organic,0,40,2024-07-29,1,2,0,0,14,1
p_001770,casual,2024-10-27,US,android,low,applovin,0,25,2024-11-21,1,4,0,0,5,2
p_000632,casual,2024-03-19,GB,android,mid,tiktok,0,29,2024-04-17,1,1,0,0,10,1
p_002908,minnow_payer,2024-05-24,FR,android,low,other,1,139,2024-10-10,1,12,5,9.95,25,2
p_000428,casual,2024-09-23,ES,android,low,google,0,77,2024-12-09,1,7,0,0,19,2
p_000791,casual,2024-09-10,RU,android,mid,tiktok,0,84,2024-12-03,1,9,0,0,17,3
p_002603,engaged,2024-06-17,TR,android,mid,unity_ads,0,197,2024-12-31,0,64,0,0,71,12
p_002514,engaged,2024-06-04,US,android,low,organic,0,210,2024-12-31,0,68,0,0,54,7
p_001198,casual,2024-06-26,US,ios,low,google,0,88,2024-09-22,1,5,0,0,11,3
p_001066,casual,2024-03-26,MX,ios,mid,tiktok,0,27,2024-04-22,1,3,0,0,15,1
p_001361,casual,2024-08-17,US,android,low,organic,0,64,2024-10-20,1,7,0,0,12,0
p_001300,casual,2024-01-19,US,ios,mid,organic,0,46,2024-03-05,1,2,0,0,9,1
p_002933,minnow_payer,2024-07-10,US,ios,mid,google,1,128,2024-11-15,1,17,5,8.95,30,3
p_001762,casual,2024-02-07,CA,ios,mid,google,0,23,2024-03-01,1,3,0,0,5,2
p_002835,whale_payer,2024-04-02,US,ios,mid,organic,1,219,2024-11-07,1,151,33,381.67,63,11
p_002615,engaged,2024-03-18,NL,android,low,google,0,288,2024-12-31,0,91,0,0,90,9
p_002043,burst,2024-03-02,CA,android,low,facebook,0,16,2024-03-18,1,11,0,0,15,0
p_002361,engaged,2024-01-15,US,android,high,organic,0,312,2024-11-22,1,104,0,0,102,8
p_000976,casual,2024-05-14,GB,android,low,unity_ads,0,78,2024-07-31,1,8,0,0,16,4
p_001591,casual,2024-10-10,GB,android,mid,other,0,68,2024-12-17,1,6,0,0,12,4
p_000090,early_churn,2024-12-14,FR,android,mid,organic,0,3,2024-12-17,1,1,0,0,1,0
p_000593,casual,2024-01-24,IN,android,low,unity_ads,0,48,2024-03-12,1,6,0,0,4,0
p_001740,casual,2024-03-31,IN,android,high,google,0,65,2024-06-04,1,3,0,0,20,6
p_002323,engaged,2024-01-20,GB,ios,high,applovin,0,233,2024-09-09,1,75,0,0,82,14
p_000367,casual,2024-10-27,BR,ios,low,applovin,0,58,2024-12-24,1,4,0,0,17,2
p_002840,whale_payer,2024-06-25,GB,ios,low,other,1,189,2024-12-31,0,133,69,633.31,86,12
p_002636,engaged,2024-02-18,GB,ios,mid,applovin,0,142,2024-07-09,1,27,0,0,82,9
p_000354,casual,2024-07-21,GB,ios,mid,facebook,0,17,2024-08-07,1,5,0,0,5,1
p_001115,casual,2024-03-08,AR,android,high,google,0,75,2024-05-22,1,8,0,0,13,2
p_001351,casual,2024-08-22,IN,ios,mid,organic,0,80,2024-11-10,1,3,0,0,8,1
p_000727,casual,2024-01-18,NL,android,mid,facebook,0,90,2024-04-17,1,7,0,0,16,2
p_001571,casual,2024-05-01,IN,ios,mid,applovin,0,56,2024-06-26,1,5,0,0,7,0
p_001146,casual,2024-04-30,US,android,mid,facebook,0,54,2024-06-23,1,4,0,0,12,2
p_001450,casual,2024-07-19,US,ios,low,organic,0,73,2024-09-30,1,8,0,0,14,2
p_001131,casual,2024-04-06,MX,ios,high,organic,0,41,2024-05-17,1,5,0,0,9,2
p_002651,engaged,2024-05-07,BR,android,mid,tiktok,0,238,2024-12-31,0,77,0,0,78,6
p_001233,casual,2024-04-02,US,android,low,tiktok,0,66,2024-06-07,1,7,0,0,15,1
p_000393,casual,2024-11-09,AR,android,low,applovin,0,18,2024-11-27,1,1,0,0,4,0
p_000358,casual,2024-05-08,US,android,high,facebook,0,55,2024-07-02,1,5,0,0,12,2
p_001051,casual,2024-05-05,JP,android,mid,organic,0,66,2024-07-10,1,7,0,0,12,0
p_000235,early_churn,2024-08-17,BR,android,low,google,0,1,2024-08-18,1,3,0,0,0,0
p_001255,casual,2024-02-26,AR,android,mid,organic,0,54,2024-04-20,1,6,0,0,14,0
p_000981,casual,2024-10-25,TR,ios,mid,facebook,0,33,2024-11-27,1,0,0,0,13,3
p_000692,casual,2024-10-24,IN,android,high,applovin,0,24,2024-11-17,1,3,0,0,11,2
p_002714,whale_payer,2024-07-11,US,android,mid,organic,1,173,2024-12-31,0,103,47,542.53,59,8
p_002121,engaged,2024-06-01,GB,ios,mid,organic,0,124,2024-10-03,1,46,0,0,39,6
p_002475,engaged,2024-06-05,KR,android,low,organic,0,209,2024-12-31,0,81,0,0,92,7
p_000003,early_churn,2024-06-20,IT,android,high,organic,0,1,2024-06-21,1,1,0,0,0,0
p_001978,burst,2024-11-17,RU,ios,mid,applovin,0,17,2024-12-04,1,9,0,0,13,0
p_002946,minnow_payer,2024-05-16,US,ios,mid,organic,1,229,2024-12-31,0,38,5,12.95,42,7
p_000885,casual,2024-03-26,AR,android,low,facebook,0,89,2024-06-23,1,4,0,0,14,2
p_001932,burst,2024-01-14,US,ios,low,organic,0,14,2024-01-28,1,18,0,0,6,0
p_000286,early_churn,2024-04-30,PL,ios,high,organic,0,3,2024-05-03,1,1,0,0,2,1
p_000408,casual,2024-07-03,FR,ios,high,google,0,67,2024-09-08,1,10,0,0,20,3
p_002312,engaged,2024-02-22,FR,ios,high,organic,0,313,2024-12-31,0,79,0,0,108,16
p_001019,casual,2024-11-17,US,android,high,facebook,0,21,2024-12-08,1,1,0,0,3,0
p_000780,casual,2024-11-22,FR,ios,high,google,0,26,2024-12-18,1,3,0,0,6,2
p_002978,minnow_payer,2024-02-04,BR,android,mid,applovin,1,97,2024-05-11,1,18,13,37.87,21,4
p_000724,casual,2024-12-13,GB,android,mid,applovin,0,18,2024-12-31,0,0,0,0,5,0
p_001843,burst,2024-01-12,KR,android,low,tiktok,0,20,2024-02-01,1,18,0,0,5,0
p_002496,engaged,2024-01-22,MX,android,high,tiktok,0,126,2024-05-27,1,37,0,0,58,5
p_001517,casual,2024-10-11,TR,android,high,facebook,0,21,2024-11-01,1,1,0,0,12,0
p_001076,casual,2024-03-07,IT,android,mid,tiktok,0,38,2024-04-14,1,6,0,0,10,0
p_001220,casual,2024-08-21,US,android,low,organic,0,31,2024-09-21,1,2,0,0,11,2
p_001958,burst,2024-01-20,JP,ios,high,other,0,17,2024-02-06,1,10,0,0,5,1
p_001916,burst,2024-01-02,RU,ios,mid,organic,1,8,2024-01-10,1,10,5,4.95,1,0
p_000931,casual,2024-06-07,US,ios,low,organic,0,61,2024-08-07,1,7,0,0,16,2
p_000335,casual,2024-11-25,DE,android,mid,unity_ads,0,36,2024-12-31,0,6,0,0,10,1
p_002794,whale_payer,2024-05-19,ES,android,mid,google,1,226,2024-12-31,0,164,64,497.36,85,10
p_000317,casual,2024-09-26,US,android,high,tiktok,0,21,2024-10-17,1,1,0,0,4,0
p_000992,casual,2024-07-18,US,ios,mid,google,0,87,2024-10-13,1,6,0,0,17,5
p_002510,engaged,2024-07-10,US,android,mid,facebook,0,146,2024-12-03,1,43,0,0,90,9
p_001995,burst,2024-07-31,TR,android,low,organic,0,13,2024-08-13,1,8,0,0,13,2
p_002332,engaged,2024-03-16,DE,android,mid,organic,0,199,2024-10-01,1,82,0,0,49,7
p_000356,casual,2024-09-30,ES,android,low,facebook,0,40,2024-11-09,1,4,0,0,11,1
p_001139,casual,2024-07-13,US,android,mid,google,0,59,2024-09-10,1,10,0,0,12,2
p_000071,early_churn,2024-03-27,IT,android,mid,google,0,2,2024-03-29,1,1,0,0,0,0
p_002144,engaged,2024-04-13,GB,ios,high,organic,0,262,2024-12-31,0,73,0,0,93,13
p_002671,engaged,2024-01-06,CA,android,low,tiktok,0,279,2024-10-11,1,73,0,0,77,5
p_000087,early_churn,2024-10-05,US,ios,mid,organic,0,1,2024-10-06,1,1,0,0,1,0
p_000043,early_churn,2024-12-11,BR,ios,high,facebook,0,1,2024-12-12,1,1,0,0,1,0
p_002975,minnow_payer,2024-05-13,MX,ios,high,google,1,201,2024-11-30,1,25,7,8.93,41,5
p_000954,casual,2024-09-13,KR,android,mid,facebook,0,79,2024-12-01,1,5,0,0,14,1
p_000046,early_churn,2024-02-10,JP,android,low,organic,0,2,2024-02-12,1,1,0,0,0,0
p_002715,whale_payer,2024-07-18,US,android,mid,tiktok,1,166,2024-12-31,0,126,64,638.36,76,12
p_000271,early_churn,2024-05-17,BR,ios,high,organic,0,2,2024-05-19,1,0,0,0,2,0
p_001429,casual,2024-02-20,DE,android,low,organic,0,81,2024-05-11,1,5,0,0,17,0
p_002456,engaged,2024-06-01,US,android,low,organic,0,138,2024-10-17,1,38,0,0,71,8
p_000058,early_churn,2024-07-11,US,ios,mid,organic,0,2,2024-07-13,1,0,0,0,3,0
p_000570,casual,2024-08-19,KR,ios,high,applovin,0,18,2024-09-06,1,1,0,0,11,0
p_002800,whale_payer,2024-01-26,BR,ios,high,organic,1,242,2024-09-24,1,184,56,615.44,67,10
p_001165,casual,2024-06-30,AU,android,low,organic,0,25,2024-07-25,1,3,0,0,1,0
p_002141,engaged,2024-04-27,RU,ios,mid,organic,0,152,2024-09-26,1,38,0,0,61,4
p_001684,casual,2024-09-28,KR,ios,mid,facebook,0,20,2024-10-18,1,0,0,0,7,2
p_000019,early_churn,2024-06-27,AR,android,low,organic,0,1,2024-06-28,1,3,0,0,0,0
p_002223,engaged,2024-04-04,ID,android,low,facebook,0,271,2024-12-31,0,94,0,0,83,3
p_002051,burst,2024-01-11,DE,ios,high,organic,0,18,2024-01-29,1,14,0,0,7,2
p_000862,casual,2024-12-06,US,ios,low,organic,0,25,2024-12-31,0,2,0,0,10,2
p_002827,whale_payer,2024-06-15,KR,android,low,organic,1,199,2024-12-31,0,154,80,901.2,100,19
p_000706,casual,2024-04-16,BR,ios,low,facebook,0,42,2024-05-28,1,4,0,0,12,0
p_000795,casual,2024-05-12,ES,android,low,organic,0,37,2024-06-18,1,1,0,0,9,2
p_000194,early_churn,2024-10-24,MX,android,low,organic,0,2,2024-10-26,1,0,0,0,0,0
p_000304,casual,2024-10-28,IT,ios,low,applovin,0,37,2024-12-04,1,6,0,0,12,2
p_001962,burst,2024-07-02,JP,ios,mid,tiktok,0,16,2024-07-18,1,10,0,0,10,1
p_001904,burst,2024-03-17,US,android,low,organic,0,21,2024-04-07,1,26,0,0,13,0
p_000390,casual,2024-09-22,KR,android,mid,google,0,45,2024-11-06,1,4,0,0,13,3
p_000525,casual,2024-01-02,ID,android,low,organic,0,14,2024-01-16,1,0,0,0,1,0
p_002293,engaged,2024-06-07,FR,android,mid,facebook,0,180,2024-12-04,1,57,0,0,78,7
p_002358,engaged,2024-07-06,RU,ios,mid,other,0,124,2024-11-07,1,38,0,0,49,3
p_001176,casual,2024-08-09,IN,android,low,organic,0,56,2024-10-04,1,6,0,0,8,1
p_000089,early_churn,2024-11-28,US,android,low,google,0,3,2024-12-01,1,0,0,0,1,0
p_000039,early_churn,2024-05-16,BR,ios,high,organic,0,3,2024-05-19,1,0,0,0,1,0
p_002590,engaged,2024-05-10,FR,android,mid,organic,0,131,2024-09-18,1,48,0,0,51,2
p_001012,casual,2024-02-19,RU,android,mid,organic,0,48,2024-04-07,1,5,0,0,7,1
p_001283,casual,2024-03-25,KR,ios,mid,organic,0,40,2024-05-04,1,6,0,0,10,2
p_002082,burst,2024-05-27,MX,android,low,organic,1,16,2024-06-12,1,9,4,27.96,18,3
p_001755,casual,2024-08-10,US,ios,high,applovin,0,80,2024-10-29,1,4,0,0,28,1
p_000426,casual,2024-04-16,BR,android,high,tiktok,0,82,2024-07-07,1,13,0,0,14,0
p_000005,early_churn,2024-12-08,CA,android,low,organic,0,3,2024-12-11,1,0,0,0,3,0
p_000011,early_churn,2024-05-05,US,android,mid,unity_ads,0,1,2024-05-06,1,0,0,0,0,0
p_002886,minnow_payer,2024-02-16,BR,android,low,google,1,181,2024-08-15,1,22,13,74.87,47,9
p_002608,engaged,2024-04-18,GB,ios,mid,organic,0,257,2024-12-31,0,79,0,0,76,13
p_000137,early_churn,2024-10-17,US,android,high,organic,0,1,2024-10-18,1,3,0,0,1,0
p_001422,casual,2024-07-03,RU,android,low,google,0,54,2024-08-26,1,2,0,0,6,0
p_000400,casual,2024-09-10,TR,android,high,tiktok,0,51,2024-10-31,1,3,0,0,8,1
p_000703,casual,2024-12-24,US,android,low,organic,0,7,2024-12-31,0,1,0,0,1,0
p_001477,casual,2024-07-08,DE,android,mid,organic,0,16,2024-07-24,1,1,0,0,6,3
p_002649,engaged,2024-04-07,US,android,high,facebook,0,152,2024-09-06,1,52,0,0,94,16
p_000467,casual,2024-04-21,US,android,low,facebook,0,34,2024-05-25,1,3,0,0,8,1
p_000330,casual,2024-01-11,JP,android,high,facebook,0,75,2024-03-26,1,8,0,0,5,1
p_001550,casual,2024-02-26,US,android,high,other,0,85,2024-05-21,1,8,0,0,13,0
p_000744,casual,2024-01-05,FR,android,mid,google,0,87,2024-04-01,1,5,0,0,13,4
p_001173,casual,2024-07-09,US,android,mid,google,0,57,2024-09-04,1,5,0,0,13,6
p_002606,engaged,2024-06-20,JP,ios,low,unity_ads,0,123,2024-10-21,1,34,0,0,84,12
p_002207,engaged,2024-03-09,RU,android,mid,facebook,0,174,2024-08-30,1,58,0,0,53,5
p_002899,minnow_payer,2024-01-02,US,ios,low,google,1,173,2024-06-23,1,25,25,91.75,27,2
p_002319,engaged,2024-06-10,CA,ios,high,organic,0,204,2024-12-31,0,62,0,0,60,5
p_001104,casual,2024-03-24,CA,ios,high,organic,0,72,2024-06-04,1,9,0,0,8,1
p_001957,burst,2024-10-10,DE,ios,mid,organic,0,11,2024-10-21,1,4,0,0,11,1
p_002073,burst,2024-04-06,BR,android,low,facebook,0,13,2024-04-19,1,9,0,0,7,0
p_002686,engaged,2024-05-24,MX,ios,mid,organic,0,149,2024-10-20,1,46,0,0,51,7
p_000505,casual,2024-09-27,IN,ios,high,facebook,0,84,2024-12-20,1,5,0,0,14,0
p_002278,engaged,2024-05-18,SE,ios,high,applovin,0,227,2024-12-31,0,79,0,0,81,9
p_000902,casual,2024-10-19,BR,android,mid,organic,0,44,2024-12-02,1,2,0,0,5,0
p_002231,engaged,2024-03-31,ID,ios,mid,organic,0,190,2024-10-07,1,56,0,0,41,10
p_002508,engaged,2024-01-25,JP,android,low,applovin,0,218,2024-08-30,1,58,0,0,53,8
p_000515,casual,2024-08-31,TR,android,low,organic,0,17,2024-09-17,1,2,0,0,9,0
p_001355,casual,2024-11-26,DE,android,high,facebook,0,35,2024-12-31,0,4,0,0,12,1
p_002932,minnow_payer,2024-05-11,US,android,mid,organic,1,116,2024-09-04,1,15,4,15.96,37,4
p_002914,minnow_payer,2024-01-29,GB,android,high,organic,1,235,2024-09-20,1,51,21,76.79,49,9
p_000006,early_churn,2024-02-06,US,ios,high,organic,0,2,2024-02-08,1,0,0,0,1,0
p_001712,casual,2024-12-13,US,android,mid,tiktok,0,18,2024-12-31,0,0,0,0,4,0
p_002290,engaged,2024-07-05,CA,ios,low,organic,0,179,2024-12-31,0,64,0,0,59,14
p_001687,casual,2024-09-09,GB,ios,high,applovin,0,71,2024-11-19,1,10,0,0,14,1
p_001141,casual,2024-09-06,US,android,mid,applovin,0,59,2024-11-04,1,6,0,0,10,2
p_002434,engaged,2024-05-11,TH,android,high,facebook,1,234,2024-12-31,0,71,5,32.95,82,9
p_002751,whale_payer,2024-03-28,GB,android,low,organic,1,248,2024-12-01,1,185,34,386.66,69,13
p_002349,engaged,2024-03-08,IN,android,low,facebook,0,146,2024-08-01,1,35,0,0,66,8
p_002424,engaged,2024-04-30,US,ios,mid,facebook,0,224,2024-12-10,1,96,0,0,61,8
p_002134,engaged,2024-05-26,US,android,high,unity_ads,0,219,2024-12-31,0,67,0,0,80,9
p_002442,engaged,2024-04-20,IN,android,low,organic,0,255,2024-12-31,0,81,0,0,65,8
p_002414,engaged,2024-06-22,DE,android,low,google,0,192,2024-12-31,0,52,0,0,87,8
p_000506,casual,2024-07-14,IN,ios,mid,tiktok,0,74,2024-09-26,1,9,0,0,14,2
p_002782,whale_payer,2024-02-19,GB,ios,high,tiktok,1,244,2024-10-20,1,155,55,652.45,93,13
p_001960,burst,2024-07-29,US,android,low,google,0,21,2024-08-19,1,10,0,0,11,3
p_001722,casual,2024-08-20,US,android,mid,organic,0,81,2024-11-09,1,11,0,0,16,0
p_002958,minnow_payer,2024-07-21,US,android,low,organic,1,163,2024-12-31,0,18,3,12.97,22,3
p_001669,casual,2024-04-14,US,ios,mid,organic,0,86,2024-07-09,1,6,0,0,9,3
p_001324,casual,2024-06-11,US,android,low,applovin,0,89,2024-09-08,1,8,0,0,23,4
p_002973,minnow_payer,2024-04-10,BR,ios,mid,tiktok,1,123,2024-08-11,1,13,21,73.79,32,7
p_002658,engaged,2024-07-10,IT,android,mid,organic,0,174,2024-12-31,0,67,0,0,79,12
p_000737,casual,2024-11-06,IN,android,low,facebook,0,55,2024-12-31,0,4,0,0,15,2
p_000643,casual,2024-01-19,US,android,mid,organic,0,14,2024-02-02,1,2,0,0,4,0
p_001331,casual,2024-10-30,DE,android,mid,tiktok,0,62,2024-12-31,0,6,0,0,16,5
p_000686,casual,2024-12-17,ES,ios,high,organic,0,14,2024-12-31,0,2,0,0,4,0
p_001612,casual,2024-09-19,DE,ios,mid,applovin,0,33,2024-10-22,1,3,0,0,5,1
p_001871,burst,2024-02-22,SE,ios,high,tiktok,0,21,2024-03-14,1,16,0,0,12,0
p_002832,whale_payer,2024-02-09,US,ios,mid,tiktok,1,223,2024-09-19,1,171,62,611.38,72,7
p_000258,early_churn,2024-02-07,US,android,mid,google,0,2,2024-02-09,1,1,0,0,1,0
p_000857,casual,2024-06-16,ID,ios,low,tiktok,0,48,2024-08-03,1,1,0,0,5,0
p_000806,casual,2024-05-22,IN,android,mid,tiktok,0,71,2024-08-01,1,7,0,0,24,1
p_001760,casual,2024-11-15,CA,android,high,google,0,46,2024-12-31,0,3,0,0,8,2
p_002785,whale_payer,2024-02-10,US,android,mid,organic,1,276,2024-11-12,1,192,35,315.65,71,6
p_000477,casual,2024-01-05,GB,ios,mid,applovin,0,45,2024-02-19,1,6,0,0,4,0
p_002855,minnow_payer,2024-07-21,ID,android,mid,organic,1,163,2024-12-31,0,30,3,2.97,42,3
p_000912,casual,2024-01-27,MX,ios,high,facebook,0,58,2024-03-25,1,11,0,0,6,1
p_001520,casual,2024-10-28,NL,ios,low,facebook,0,39,2024-12-06,1,4,0,0,10,2
p_000132,early_churn,2024-04-11,US,android,low,organic,0,2,2024-04-13,1,2,0,0,0,0
p_001468,casual,2024-01-16,MX,android,mid,unity_ads,0,68,2024-03-24,1,8,0,0,7,1
p_001685,casual,2024-09-14,US,ios,mid,tiktok,0,73,2024-11-26,1,8,0,0,12,0
p_000729,casual,2024-10-17,JP,ios,mid,organic,0,24,2024-11-10,1,3,0,0,5,2
p_002983,minnow_payer,2024-05-13,KR,ios,high,google,1,151,2024-10-11,1,26,25,55.75,35,5
p_000320,casual,2024-09-29,GB,android,mid,organic,0,39,2024-11-07,1,5,0,0,4,0
p_002707,whale_payer,2024-03-26,GB,ios,mid,facebook,1,280,2024-12-31,0,198,47,550.53,99,13
p_002418,engaged,2024-07-13,JP,ios,low,google,0,171,2024-12-31,0,46,0,0,55,9
p_001199,casual,2024-08-18,US,ios,high,applovin,0,58,2024-10-15,1,3,0,0,15,3
p_000576,casual,2024-11-02,US,ios,high,organic,0,59,2024-12-31,0,4,0,0,13,2
p_000300,casual,2024-06-22,US,android,mid,organic,0,50,2024-08-11,1,4,0,0,14,3
p_001941,burst,2024-05-24,PL,ios,high,facebook,0,9,2024-06-02,1,9,0,0,18,3
p_000919,casual,2024-10-24,CA,ios,low,applovin,0,68,2024-12-31,0,4,0,0,12,4
p_002379,engaged,2024-05-24,JP,android,mid,facebook,0,221,2024-12-31,0,87,0,0,87,11
p_000979,casual,2024-11-19,GB,ios,low,organic,0,42,2024-12-31,0,2,0,0,12,2
p_001750,casual,2024-01-19,CA,android,low,organic,0,23,2024-02-11,1,1,0,0,4,0
p_001846,burst,2024-07-02,TR,android,mid,facebook,0,20,2024-07-22,1,9,0,0,11,2
p_002395,engaged,2024-05-27,TH,android,low,organic,0,216,2024-12-29,1,59,0,0,55,13
p_000867,casual,2024-09-02,JP,ios,low,facebook,0,32,2024-10-04,1,1,0,0,14,0
p_001027,casual,2024-01-13,US,android,low,facebook,0,16,2024-01-29,1,1,0,0,2,1
p_002736,whale_payer,2024-03-21,TR,ios,mid,facebook,1,285,2024-12-31,0,201,47,387.53,77,8
p_001137,casual,2024-09-29,US,android,low,unity_ads,0,29,2024-10-28,1,2,0,0,9,0
p_001583,casual,2024-08-18,GB,android,low,organic,0,68,2024-10-25,1,5,0,0,16,2
p_000614,casual,2024-09-11,KR,android,low,google,0,63,2024-11-13,1,6,0,0,8,1
p_000424,casual,2024-12-19,GB,android,mid,applovin,0,12,2024-12-31,0,1,0,0,6,2
p_000634,casual,2024-08-27,IN,android,low,organic,0,61,2024-10-27,1,3,0,0,12,0
p_002160,engaged,2024-01-09,US,ios,mid,organic,0,306,2024-11-10,1,110,0,0,75,17
p_002831,whale_payer,2024-02-25,DE,android,mid,google,1,302,2024-12-23,1,237,38,440.62,95,10
p_002553,engaged,2024-03-29,SE,android,low,tiktok,0,277,2024-12-31,0,98,0,0,65,9
p_000760,casual,2024-12-26,MX,android,mid,unity_ads,0,5,2024-12-31,0,1,0,0,6,0
p_001484,casual,2024-05-19,MX,android,mid,organic,0,64,2024-07-22,1,9,0,0,14,2
p_002848,whale_payer,2024-01-07,PL,ios,low,google,1,283,2024-10-16,1,205,84,842.16,86,8
p_002079,burst,2024-12-23,GB,android,mid,google,0,8,2024-12-31,1,7,0,0,9,1
p_001393,casual,2024-04-03,IN,android,mid,google,0,50,2024-05-23,1,3,0,0,13,1
p_002513,engaged,2024-06-29,IT,android,mid,tiktok,0,180,2024-12-26,1,55,0,0,54,8
p_000568,casual,2024-02-14,DE,ios,high,organic,0,37,2024-03-22,1,2,0,0,11,1
p_001698,casual,2024-02-02,BR,ios,high,organic,0,41,2024-03-14,1,5,0,0,7,1
p_001049,casual,2024-07-23,US,ios,high,facebook,0,32,2024-08-24,1,4,0,0,5,0
p_001025,casual,2024-04-10,US,android,low,organic,0,51,2024-05-31,1,6,0,0,13,1
p_002799,whale_payer,2024-01-07,KR,android,mid,facebook,1,242,2024-09-05,1,177,45,373.55,93,7
p_000372,casual,2024-11-05,AU,ios,low,facebook,0,20,2024-11-25,1,1,0,0,9,0
p_001321,casual,2024-12-12,JP,ios,mid,applovin,0,19,2024-12-31,0,1,0,0,3,1
p_001811,burst,2024-05-24,IT,android,low,other,0,19,2024-06-12,1,14,0,0,12,1
p_000904,casual,2024-10-06,BR,ios,high,tiktok,0,28,2024-11-03,1,3,0,0,5,0
p_000353,casual,2024-09-12,AR,android,low,organic,0,43,2024-10-25,1,2,0,0,9,2
p_001306,casual,2024-04-13,JP,ios,high,tiktok,0,85,2024-07-07,1,13,0,0,16,3
p_002691,engaged,2024-01-19,DE,android,high,organic,0,347,2024-12-31,0,129,0,0,100,17
p_001227,casual,2024-05-08,RU,android,mid,google,0,17,2024-05-25,1,0,0,0,3,1
p_002325,engaged,2024-03-16,IN,ios,mid,google,0,180,2024-09-12,1,50,0,0,73,5
p_000396,casual,2024-08-21,US,ios,high,organic,0,50,2024-10-10,1,9,0,0,5,0
p_002391,engaged,2024-07-19,BR,ios,mid,google,0,165,2024-12-31,0,62,0,0,68,10
p_002279,engaged,2024-07-19,MX,android,mid,applovin,0,165,2024-12-31,0,58,0,0,96,5
p_001398,casual,2024-12-26,JP,ios,mid,organic,0,5,2024-12-31,0,0,0,0,4,0
p_002720,whale_payer,2024-01-28,MX,android,low,facebook,1,305,2024-11-28,1,219,82,918.18,54,10
p_001148,casual,2024-12-28,PL,android,mid,organic,0,3,2024-12-31,0,0,0,0,5,0
p_000825,casual,2024-03-13,MX,android,mid,organic,0,34,2024-04-16,1,4,0,0,6,0
p_002879,minnow_payer,2024-07-23,IN,ios,high,organic,1,81,2024-10-12,1,12,5,26.95,23,3
p_001339,casual,2024-01-30,US,android,mid,facebook,0,31,2024-03-01,1,3,0,0,4,0
p_002545,engaged,2024-05-02,CA,android,high,facebook,0,243,2024-12-31,0,79,0,0,67,9
p_000277,early_churn,2024-06-22,US,ios,high,organic,0,1,2024-06-23,1,3,0,0,1,0
p_002537,engaged,2024-06-11,US,ios,high,organic,0,192,2024-12-20,1,55,0,0,61,8
p_001152,casual,2024-03-28,US,android,low,tiktok,0,40,2024-05-07,1,6,0,0,10,2
p_002491,engaged,2024-04-08,FR,ios,high,unity_ads,0,208,2024-11-02,1,78,0,0,83,10
p_002359,engaged,2024-01-10,US,ios,low,organic,0,234,2024-08-31,1,70,0,0,58,6
p_000373,casual,2024-08-16,IN,android,high,other,0,49,2024-10-04,1,2,0,0,14,5
p_002566,engaged,2024-01-09,CA,android,high,unity_ads,0,284,2024-10-19,1,91,0,0,97,11
p_001427,casual,2024-08-20,RU,android,low,organic,0,74,2024-11-02,1,3,0,0,22,7
p_002741,whale_payer,2024-02-01,IT,android,mid,tiktok,1,288,2024-11-15,1,203,61,666.39,54,6
p_002416,engaged,2024-05-11,GB,android,mid,tiktok,0,234,2024-12-31,0,72,0,0,78,7
p_002865,minnow_payer,2024-07-25,IT,ios,high,organic,1,101,2024-11-03,1,23,12,21.88,23,2
p_002837,whale_payer,2024-02-08,US,ios,high,google,1,274,2024-11-08,1,192,62,629.38,66,12
p_001726,casual,2024-01-07,US,android,low,organic,0,47,2024-02-23,1,1,0,0,6,1
p_002910,minnow_payer,2024-08-02,US,android,mid,facebook,1,151,2024-12-31,0,19,13,47.87,27,3
p_001058,casual,2024-02-22,US,android,high,organic,0,65,2024-04-27,1,6,0,0,16,0
p_000872,casual,2024-02-22,SE,android,low,facebook,0,63,2024-04-25,1,7,0,0,9,2
p_000915,casual,2024-01-27,US,android,high,organic,0,78,2024-04-14,1,5,0,0,12,3
p_002010,burst,2024-08-26,DE,android,mid,google,0,19,2024-09-14,1,14,0,0,9,2
p_000220,early_churn,2024-12-19,ES,ios,mid,other,0,3,2024-12-22,1,1,0,0,1,0
p_000315,casual,2024-08-09,DE,ios,high,facebook,0,53,2024-10-01,1,2,0,0,17,3
p_002970,minnow_payer,2024-02-26,US,ios,high,unity_ads,1,72,2024-05-08,1,12,13,48.87,17,0
p_000860,casual,2024-07-28,ES,android,low,tiktok,0,16,2024-08-13,1,0,0,0,4,1
p_002888,minnow_payer,2024-09-24,JP,android,mid,organic,1,98,2024-12-31,0,15,4,12.96,27,1
p_001881,burst,2024-10-30,ID,ios,high,google,0,9,2024-11-08,1,4,0,0,8,1
p_001184,casual,2024-02-21,US,ios,low,organic,0,52,2024-04-13,1,8,0,0,5,2
p_000822,casual,2024-08-25,FR,ios,mid,organic,0,29,2024-09-23,1,3,0,0,5,1
p_000581,casual,2024-08-27,PL,android,mid,google,0,39,2024-10-05,1,4,0,0,5,0
p_000042,early_churn,2024-06-07,FR,ios,high,applovin,0,1,2024-06-08,1,1,0,0,0,0
p_001177,casual,2024-11-03,GB,android,low,organic,0,44,2024-12-17,1,6,0,0,10,1
p_000725,casual,2024-04-07,US,android,mid,google,0,61,2024-06-07,1,5,0,0,18,4
p_000060,early_churn,2024-05-29,IN,ios,mid,applovin,0,3,2024-06-01,1,0,0,0,0,0
p_002527,engaged,2024-07-18,US,android,low,organic,1,166,2024-12-31,0,62,2,1.98,71,14
p_002213,engaged,2024-01-22,GB,android,high,organic,0,261,2024-10-09,1,74,0,0,65,6
p_002895,minnow_payer,2024-02-24,GB,android,low,applovin,1,203,2024-09-14,1,32,14,29.86,33,2
p_002812,whale_payer,2024-02-16,AU,android,mid,organic,1,279,2024-11-21,1,210,54,573.46,70,9
p_001489,casual,2024-01-10,CA,android,mid,organic,0,30,2024-02-09,1,2,0,0,3,0
p_000848,casual,2024-08-02,TH,ios,mid,organic,0,32,2024-09-03,1,4,0,0,9,1
p_001619,casual,2024-08-07,NL,ios,high,google,0,26,2024-09-02,1,1,0,0,6,0
p_002493,engaged,2024-07-09,IN,ios,mid,tiktok,0,137,2024-11-23,1,49,0,0,95,7
p_002816,whale_payer,2024-06-24,TR,android,low,organic,1,190,2024-12-31,0,158,61,700.39,54,11
p_002876,minnow_payer,2024-07-17,CA,ios,mid,facebook,1,167,2024-12-31,0,22,3,6.97,31,3
p_000075,early_churn,2024-06-12,CA,ios,mid,applovin,0,3,2024-06-15,1,0,0,0,2,0
p_002216,engaged,2024-02-14,AR,android,mid,applovin,0,281,2024-11-21,1,103,0,0,81,17
p_001050,casual,2024-08-11,US,ios,low,facebook,0,45,2024-09-25,1,1,0,0,2,0
p_002755,whale_payer,2024-01-19,JP,ios,high,facebook,1,347,2024-12-31,1,236,71,728.29,98,10
p_001372,casual,2024-10-03,FR,android,low,tiktok,0,56,2024-11-28,1,7,0,0,5,1
p_000174,early_churn,2024-11-02,US,android,mid,organic,0,3,2024-11-05,1,1,0,0,2,1
p_000246,early_churn,2024-09-08,TR,android,mid,facebook,0,1,2024-09-09,1,1,0,0,3,1
p_002242,engaged,2024-07-15,DE,ios,mid,facebook,0,169,2024-12-31,0,55,0,0,61,4
p_001345,casual,2024-03-08,JP,ios,high,applovin,0,14,2024-03-22,1,1,0,0,5,1
p_002313,engaged,2024-02-01,NL,android,low,organic,0,149,2024-06-29,1,49,0,0,62,8
p_002246,engaged,2024-05-14,DE,android,mid,organic,0,182,2024-11-12,1,48,0,0,57,9
p_002981,minnow_payer,2024-06-17,AR,ios,mid,organic,1,133,2024-10-28,1,19,7,34.93,33,5
p_002100,engaged,2024-07-14,ES,android,mid,tiktok,0,170,2024-12-31,0,52,0,0,97,10
p_002294,engaged,2024-01-15,JP,android,mid,google,0,200,2024-08-02,1,58,0,0,52,5
p_000638,casual,2024-11-12,GB,android,mid,organic,0,23,2024-12-05,1,3,0,0,5,0
p_000520,casual,2024-06-10,US,android,mid,organic,0,27,2024-07-07,1,2,0,0,14,2
p_000389,casual,2024-08-31,US,android,low,organic,0,45,2024-10-15,1,0,0,0,7,0
p_002849,whale_payer,2024-03-01,US,android,mid,organic,1,305,2024-12-31,0,218,69,589.31,82,9
p_002450,engaged,2024-02-16,ID,ios,high,tiktok,1,230,2024-10-03,1,74,2,1.98,80,15
p_000721,casual,2024-07-24,DE,android,mid,organic,0,26,2024-08-19,1,2,0,0,10,1
p_001403,casual,2024-01-17,FR,ios,low,facebook,0,67,2024-03-24,1,7,0,0,13,2
p_000290,early_churn,2024-03-12,AR,ios,mid,organic,0,3,2024-03-15,1,0,0,0,0,0
p_002086,burst,2024-04-05,US,android,mid,organic,0,17,2024-04-22,1,8,0,0,17,0
p_000447,casual,2024-02-15,SE,android,low,facebook,0,47,2024-04-02,1,7,0,0,15,2
p_000537,casual,2024-09-26,ID,ios,low,tiktok,0,52,2024-11-17,1,5,0,0,18,0
p_000801,casual,2024-08-31,BR,android,low,facebook,0,39,2024-10-09,1,4,0,0,13,1
p_000148,early_churn,2024-10-27,US,ios,high,organic,0,2,2024-10-29,1,0,0,0,1,0
p_000409,casual,2024-04-29,JP,android,mid,organic,0,54,2024-06-22,1,5,0,0,9,1
p_000143,early_churn,2024-12-06,PH,android,high,organic,0,2,2024-12-08,1,0,0,0,1,0
p_002421,engaged,2024-01-28,FR,android,high,tiktok,0,280,2024-11-03,1,78,0,0,72,10
p_000219,early_churn,2024-08-20,JP,ios,high,facebook,0,2,2024-08-22,1,1,0,0,1,0
p_000905,casual,2024-12-17,BR,android,mid,organic,0,14,2024-12-31,0,0,0,0,7,2
p_000076,early_churn,2024-09-09,DE,ios,low,tiktok,0,1,2024-09-10,1,1,0,0,1,0
p_000062,early_churn,2024-03-09,US,ios,low,applovin,0,1,2024-03-10,1,0,0,0,1,1
p_001525,casual,2024-07-29,SE,ios,high,organic,0,58,2024-09-25,1,9,0,0,14,2
p_000545,casual,2024-09-06,GB,ios,high,google,0,86,2024-12-01,1,8,0,0,23,5
p_000082,early_churn,2024-02-10,IN,android,mid,google,0,1,2024-02-11,1,1,0,0,1,0
p_000268,early_churn,2024-02-25,JP,android,low,organic,0,2,2024-02-27,1,1,0,0,0,0
p_000138,early_churn,2024-10-11,IN,android,mid,facebook,0,1,2024-10-12,1,0,0,0,1,1
p_002258,engaged,2024-06-13,IN,android,low,organic,0,201,2024-12-31,0,72,0,0,63,3
p_002896,minnow_payer,2024-05-19,NL,android,mid,tiktok,1,194,2024-11-29,1,32,8,21.92,44,3
p_001073,casual,2024-06-13,US,ios,mid,tiktok,0,30,2024-07-13,1,4,0,0,13,0
p_000571,casual,2024-02-21,TR,ios,mid,organic,0,67,2024-04-28,1,6,0,0,22,3
p_001942,burst,2024-01-20,RU,ios,mid,organic,0,12,2024-02-01,1,11,0,0,6,0
p_001818,burst,2024-04-05,US,android,mid,tiktok,0,9,2024-04-14,1,5,0,0,15,2
p_001814,burst,2024-09-23,DE,android,mid,tiktok,0,16,2024-10-09,1,10,0,0,9,1
p_001849,burst,2024-12-11,GB,android,mid,google,0,20,2024-12-31,0,16,0,0,15,1
p_000774,casual,2024-11-01,MX,android,low,other,0,37,2024-12-08,1,4,0,0,11,1
p_001472,casual,2024-02-13,US,android,low,organic,0,34,2024-03-18,1,1,0,0,9,0
p_001803,burst,2024-12-20,KR,android,low,google,0,11,2024-12-31,0,9,0,0,12,4
p_000307,casual,2024-07-06,BR,android,mid,google,0,65,2024-09-09,1,8,0,0,24,4
p_002939,minnow_payer,2024-01-21,KR,android,mid,tiktok,1,101,2024-05-01,1,16,5,5.95,23,3
p_000227,early_churn,2024-11-05,KR,android,mid,organic,0,1,2024-11-06,1,1,0,0,1,0
p_001915,burst,2024-04-05,ES,android,low,organic,0,10,2024-04-15,1,8,0,0,15,1
p_001333,casual,2024-02-15,US,android,mid,facebook,0,67,2024-04-22,1,10,0,0,12,2
p_000716,casual,2024-07-24,JP,android,low,organic,0,45,2024-09-07,1,2,0,0,7,0
p_001035,casual,2024-09-18,TR,android,mid,facebook,0,86,2024-12-13,1,9,0,0,15,2
p_002920,minnow_payer,2024-05-31,GB,ios,high,organic,1,177,2024-11-24,1,22,14,53.86,44,10
p_002882,minnow_payer,2024-07-11,NL,ios,low,other,1,173,2024-12-31,0,25,3,11.97,38,1
p_001299,casual,2024-01-05,US,android,low,facebook,0,59,2024-03-04,1,3,0,0,9,3
p_002690,engaged,2024-05-25,NL,ios,mid,other,0,220,2024-12-31,0,93,0,0,76,11
p_000742,casual,2024-04-19,US,ios,low,organic,0,39,2024-05-28,1,7,0,0,7,1
p_000179,early_churn,2024-11-15,ES,android,mid,unity_ads,0,1,2024-11-16,1,0,0,0,1,0
p_002960,minnow_payer,2024-04-02,MX,android,low,unity_ads,1,128,2024-08-08,1,11,9,18.91,25,5
p_001381,casual,2024-10-15,US,android,mid,applovin,0,42,2024-11-26,1,2,0,0,8,1
p_002580,engaged,2024-07-04,IN,android,low,facebook,0,180,2024-12-31,0,59,0,0,84,9
p_000257,early_churn,2024-09-20,IN,ios,mid,facebook,0,2,2024-09-22,1,1,0,0,0,0
p_000833,casual,2024-12-15,DE,ios,low,organic,0,16,2024-12-31,0,0,0,0,8,1
p_001008,casual,2024-05-23,US,android,high,applovin,0,73,2024-08-04,1,3,0,0,19,1
p_001531,casual,2024-11-20,IT,android,mid,applovin,0,41,2024-12-31,0,4,0,0,11,0
p_001791,casual,2024-05-08,US,android,mid,other,0,53,2024-06-30,1,7,0,0,13,2
p_001260,casual,2024-10-19,GB,android,mid,other,0,73,2024-12-31,0,4,0,0,16,2
p_002900,minnow_payer,2024-09-30,US,ios,high,google,1,91,2024-12-30,1,17,17,65.83,26,5
p_000091,early_churn,2024-12-27,US,ios,high,organic,0,2,2024-12-29,1,2,0,0,0,0
p_002104,engaged,2024-04-26,US,android,mid,other,0,226,2024-12-08,1,76,0,0,72,8
p_001876,burst,2024-06-16,IT,android,high,organic,0,15,2024-07-01,1,11,0,0,16,1
p_000740,casual,2024-07-24,US,android,mid,applovin,0,16,2024-08-09,1,1,0,0,11,0
p_001542,casual,2024-11-03,US,ios,mid,tiktok,0,21,2024-11-24,1,2,0,0,13,2
p_001193,casual,2024-09-04,DE,android,low,organic,0,78,2024-11-21,1,12,0,0,14,2
p_002602,engaged,2024-04-29,ES,ios,mid,facebook,0,182,2024-10-28,1,67,0,0,47,6
p_002394,engaged,2024-01-10,PH,android,low,tiktok,0,300,2024-11-05,1,100,0,0,88,12
p_002161,engaged,2024-01-17,DE,android,low,google,0,249,2024-09-22,1,78,0,0,66,11
p_002070,burst,2024-08-05,BR,ios,low,applovin,0,15,2024-08-20,1,7,0,0,9,0
p_001485,casual,2024-12-13,US,android,high,organic,0,18,2024-12-31,0,2,0,0,7,1
p_001984,burst,2024-06-18,US,ios,mid,tiktok,0,8,2024-06-26,1,10,0,0,8,1
p_000088,early_churn,2024-11-05,KR,android,low,organic,0,3,2024-11-08,1,1,0,0,1,0
p_001127,casual,2024-05-03,DE,ios,low,tiktok,0,71,2024-07-13,1,6,0,0,20,1
p_000273,early_churn,2024-03-02,CA,android,high,facebook,0,2,2024-03-04,1,1,0,0,1,1
p_000644,casual,2024-08-11,ID,ios,mid,facebook,0,45,2024-09-25,1,5,0,0,16,0
p_002675,engaged,2024-04-25,AU,ios,high,organic,0,250,2024-12-31,0,96,0,0,103,13
p_002692,engaged,2024-01-30,US,android,mid,applovin,0,271,2024-10-27,1,96,0,0,102,19
p_002538,engaged,2024-04-04,US,android,high,organic,0,271,2024-12-31,0,82,0,0,106,16
p_001246,casual,2024-06-12,US,ios,mid,google,0,20,2024-07-02,1,2,0,0,9,0
p_002102,engaged,2024-04-29,BR,ios,mid,organic,0,224,2024-12-09,1,72,0,0,67,5
p_000621,casual,2024-12-01,FR,android,mid,organic,0,30,2024-12-31,1,2,0,0,7,3
p_002229,engaged,2024-01-29,AU,ios,high,organic,0,169,2024-07-16,1,47,0,0,60,4
p_001728,casual,2024-06-06,BR,ios,mid,facebook,0,21,2024-06-27,1,2,0,0,5,0
p_002599,engaged,2024-02-20,KR,android,mid,facebook,0,201,2024-09-08,1,65,0,0,85,13
p_002420,engaged,2024-06-02,AU,android,mid,organic,0,123,2024-10-03,1,38,0,0,54,5
p_001884,burst,2024-10-05,JP,ios,mid,organic,0,13,2024-10-18,1,5,0,0,17,3
p_002264,engaged,2024-06-04,US,android,high,facebook,0,210,2024-12-31,0,78,0,0,62,9
p_000589,casual,2024-04-05,TR,android,low,facebook,0,29,2024-05-04,1,3,0,0,3,1
p_000105,early_churn,2024-04-17,RU,android,mid,organic,0,2,2024-04-19,1,1,0,0,1,0
p_000598,casual,2024-12-09,FR,ios,high,applovin,0,22,2024-12-31,0,2,0,0,7,3
p_002857,minnow_payer,2024-05-23,NL,android,mid,google,1,222,2024-12-31,0,28,5,9.95,57,10
p_001488,casual,2024-07-28,IN,ios,mid,facebook,0,82,2024-10-18,1,9,0,0,29,4
p_002632,engaged,2024-05-12,ES,ios,high,organic,0,233,2024-12-31,0,64,0,0,82,7
p_001106,casual,2024-04-29,RU,android,low,applovin,0,68,2024-07-06,1,4,0,0,14,0
p_001903,burst,2024-01-22,PL,ios,low,facebook,0,9,2024-01-31,1,6,0,0,3,0
p_001114,casual,2024-11-29,MX,ios,mid,tiktok,0,32,2024-12-31,0,2,0,0,20,2
p_000433,casual,2024-08-30,DE,ios,mid,organic,0,48,2024-10-17,1,9,0,0,12,2
p_001639,casual,2024-07-23,FR,ios,high,organic,0,55,2024-09-16,1,4,0,0,13,3
p_002400,engaged,2024-03-18,GB,android,low,facebook,0,288,2024-12-31,0,94,0,0,97,12
p_000026,early_churn,2024-02-18,US,ios,mid,applovin,0,3,2024-02-21,1,1,0,0,0,0
p_001373,casual,2024-08-13,KR,ios,high,organic,0,64,2024-10-16,1,2,0,0,17,2
p_002589,engaged,2024-05-24,RU,android,high,facebook,0,160,2024-10-31,1,64,0,0,44,3
p_000044,early_churn,2024-10-25,GB,android,high,facebook,0,3,2024-10-28,1,1,0,0,2,0
p_002244,engaged,2024-03-05,KR,android,mid,tiktok,0,301,2024-12-31,0,86,0,0,99,13
p_002582,engaged,2024-06-14,US,ios,mid,organic,0,200,2024-12-31,0,55,0,0,107,14
p_001023,casual,2024-09-04,US,android,mid,facebook,0,58,2024-11-01,1,7,0,0,16,1
p_002626,engaged,2024-07-19,US,android,low,organic,0,165,2024-12-31,0,45,0,0,65,7
p_000255,early_churn,2024-07-31,BR,ios,mid,organic,0,1,2024-08-01,1,2,0,0,2,1
p_001456,casual,2024-05-20,US,android,mid,tiktok,0,76,2024-08-04,1,7,0,0,18,4
p_001959,burst,2024-01-03,US,ios,high,organic,0,14,2024-01-17,1,10,0,0,0,0
p_002235,engaged,2024-03-24,AU,ios,low,google,0,263,2024-12-12,1,90,0,0,109,11
p_001442,casual,2024-01-17,ES,android,low,organic,0,45,2024-03-02,1,2,0,0,8,1
p_002061,burst,2024-02-14,US,ios,high,google,0,20,2024-03-05,1,16,0,0,9,0
p_002174,engaged,2024-04-02,PH,android,low,tiktok,0,136,2024-08-16,1,40,0,0,68,8
p_002540,engaged,2024-06-07,DE,android,mid,organic,0,127,2024-10-12,1,39,0,0,65,7
p_001677,casual,2024-08-30,US,android,mid,google,0,72,2024-11-10,1,7,0,0,16,4
p_000697,casual,2024-01-08,MX,android,low,organic,0,32,2024-02-09,1,3,0,0,3,1
p_001180,casual,2024-05-02,RU,android,mid,organic,0,14,2024-05-16,1,0,0,0,4,0
p_000953,casual,2024-06-14,AU,android,mid,facebook,0,37,2024-07-21,1,2,0,0,9,1
p_001048,casual,2024-06-16,KR,ios,mid,organic,0,79,2024-09-03,1,7,0,0,15,2
p_001702,casual,2024-05-23,JP,android,mid,organic,0,87,2024-08-18,1,4,0,0,16,1
p_000291,early_churn,2024-10-03,GB,ios,high,facebook,0,2,2024-10-05,1,0,0,0,1,0
p_000465,casual,2024-05-14,US,android,high,facebook,0,57,2024-07-10,1,7,0,0,13,3
p_002568,engaged,2024-07-09,AU,android,mid,organic,0,175,2024-12-31,0,54,0,0,73,11
p_000449,casual,2024-03-03,US,android,high,facebook,0,23,2024-03-26,1,4,0,0,2,0
p_001505,casual,2024-06-04,IN,android,low,facebook,0,88,2024-08-31,1,9,0,0,24,4
p_000819,casual,2024-09-07,US,ios,high,google,0,48,2024-10-25,1,3,0,0,8,2
p_002689,engaged,2024-07-15,AR,android,mid,tiktok,0,169,2024-12-31,0,63,0,0,68,13
p_000918,casual,2024-01-31,PL,android,mid,tiktok,0,46,2024-03-17,1,6,0,0,9,2
p_000012,early_churn,2024-01-10,JP,android,low,google,0,1,2024-01-11,1,2,0,0,0,0
p_001804,burst,2024-03-05,PL,ios,high,unity_ads,0,11,2024-03-16,1,10,0,0,16,2
p_001367,casual,2024-03-31,JP,ios,mid,facebook,0,86,2024-06-25,1,4,0,0,23,3
p_001362,casual,2024-04-18,DE,android,low,tiktok,0,74,2024-07-01,1,6,0,0,16,2
p_002962,minnow_payer,2024-03-12,AU,android,mid,applovin,1,221,2024-10-19,1,33,10,35.9,43,4
p_001251,casual,2024-03-07,ES,android,high,organic,0,43,2024-04-19,1,6,0,0,10,0
p_000546,casual,2024-09-05,CA,android,mid,facebook,0,78,2024-11-22,1,10,0,0,19,2
p_001219,casual,2024-09-18,MX,ios,low,facebook,0,33,2024-10-21,1,3,0,0,13,1
p_002377,engaged,2024-02-05,BR,android,low,organic,1,330,2024-12-31,0,112,8,35.92,102,10
p_000114,early_churn,2024-11-04,DE,ios,mid,organic,0,2,2024-11-06,1,1,0,0,1,0
p_002909,minnow_payer,2024-09-17,MX,android,low,organic,1,105,2024-12-31,0,15,13,43.87,29,2
p_000010,early_churn,2024-01-01,DE,ios,mid,unity_ads,0,1,2024-01-02,1,1,0,0,0,0
p_000323,casual,2024-04-17,FR,android,mid,applovin,0,53,2024-06-09,1,4,0,0,7,1
p_002196,engaged,2024-03-13,US,android,low,tiktok,0,293,2024-12-31,0,97,0,0,75,12
p_001793,casual,2024-02-09,RU,android,mid,organic,0,28,2024-03-08,1,2,0,0,6,0
p_000910,casual,2024-04-24,CA,ios,high,organic,0,58,2024-06-21,1,2,0,0,9,2
p_001065,casual,2024-05-24,US,android,mid,facebook,0,62,2024-07-25,1,5,0,0,23,3
p_001340,casual,2024-06-27,PL,android,low,organic,0,40,2024-08-06,1,2,0,0,10,2
p_000560,casual,2024-04-21,KR,android,mid,unity_ads,0,25,2024-05-16,1,1,0,0,7,0
p_001764,casual,2024-07-08,DE,ios,high,google,0,26,2024-08-03,1,2,0,0,12,0
p_002903,minnow_payer,2024-07-13,BR,android,low,facebook,1,171,2024-12-31,0,14,9,14.91,46,6
p_000800,casual,2024-10-07,ES,android,low,organic,0,43,2024-11-19,1,5,0,0,8,1
p_002784,whale_payer,2024-05-21,IT,android,low,google,1,224,2024-12-31,0,168,53,549.47,60,5
p_001364,casual,2024-03-01,TH,android,mid,facebook,0,78,2024-05-18,1,5,0,0,29,6
p_000066,early_churn,2024-11-08,AU,android,mid,unity_ads,0,3,2024-11-11,1,0,0,0,4,0
p_000216,early_churn,2024-07-07,KR,ios,high,facebook,0,3,2024-07-10,1,0,0,0,3,0
p_002718,whale_payer,2024-06-06,US,android,low,facebook,1,208,2024-12-31,0,131,37,391.63,50,4
p_001188,casual,2024-12-03,PL,ios,mid,organic,0,28,2024-12-31,0,5,0,0,12,2
p_002444,engaged,2024-02-18,JP,android,low,applovin,0,313,2024-12-27,1,103,0,0,79,11
p_001182,casual,2024-10-09,FR,ios,mid,facebook,0,83,2024-12-31,0,6,0,0,17,3
p_002064,burst,2024-09-13,US,ios,mid,tiktok,0,13,2024-09-26,1,6,0,0,14,0
p_001013,casual,2024-09-07,JP,android,mid,organic,0,28,2024-10-05,1,5,0,0,3,0
p_001312,casual,2024-11-10,TR,ios,mid,google,0,51,2024-12-31,0,6,0,0,17,7
p_001966,burst,2024-02-02,JP,android,mid,organic,0,12,2024-02-14,1,8,0,0,8,0
p_002342,engaged,2024-02-26,US,android,mid,google,0,145,2024-07-20,1,46,0,0,45,7
p_001954,burst,2024-08-03,DE,android,mid,applovin,0,7,2024-08-10,1,6,0,0,8,0
p_002113,engaged,2024-05-09,IN,android,mid,tiktok,0,236,2024-12-31,0,70,0,0,98,14
p_002936,minnow_payer,2024-08-23,CA,ios,mid,applovin,1,73,2024-11-04,1,10,18,62.82,20,3
p_002393,engaged,2024-07-06,IN,android,low,applovin,0,178,2024-12-31,0,63,0,0,75,12
p_002992,minnow_payer,2024-04-22,AU,ios,low,applovin,1,237,2024-12-15,1,26,13,69.87,53,4
p_000167,early_churn,2024-10-21,AR,ios,mid,organic,0,1,2024-10-22,1,0,0,0,0,0
p_000275,early_churn,2024-05-28,IN,android,mid,organic,0,1,2024-05-29,1,2,0,0,1,0
p_002072,burst,2024-11-15,AU,ios,high,organic,0,12,2024-11-27,1,7,0,0,8,0
p_001250,casual,2024-05-07,US,android,mid,facebook,0,16,2024-05-23,1,0,0,0,7,1
p_002678,engaged,2024-05-29,SE,ios,mid,google,0,216,2024-12-31,0,63,0,0,61,5
p_002758,whale_payer,2024-05-03,KR,android,mid,google,1,242,2024-12-31,0,174,63,609.37,77,14
p_000346,casual,2024-03-07,AU,android,high,organic,0,70,2024-05-16,1,5,0,0,5,0
p_001335,casual,2024-02-27,ID,android,mid,organic,0,78,2024-05-15,1,10,0,0,6,0
p_002698,engaged,2024-05-08,IN,android,low,google,0,237,2024-12-31,0,75,0,0,50,6
p_000045,early_churn,2024-08-28,IN,android,high,organic,0,1,2024-08-29,1,0,0,0,0,0
p_002884,minnow_payer,2024-03-07,IN,ios,high,facebook,1,109,2024-06-24,1,15,24,87.76,40,2
p_002858,minnow_payer,2024-03-13,CA,android,high,organic,1,156,2024-08-16,1,22,12,30.88,28,3
p_002429,engaged,2024-05-03,ES,ios,mid,organic,0,242,2024-12-31,0,81,0,0,114,14
p_002518,engaged,2024-06-10,CA,ios,high,facebook,0,155,2024-11-12,1,43,0,0,74,11
p_002830,whale_payer,2024-05-29,US,android,mid,facebook,1,216,2024-12-31,0,134,80,945.2,90,5
p_001644,casual,2024-05-22,PL,ios,mid,google,0,72,2024-08-02,1,1,0,0,20,2
p_000859,casual,2024-04-16,KR,ios,high,facebook,0,29,2024-05-15,1,2,0,0,6,0
p_000711,casual,2024-08-20,US,android,mid,facebook,0,79,2024-11-07,1,10,0,0,8,0
p_002919,minnow_payer,2024-05-13,AU,android,mid,google,1,137,2024-09-27,1,28,3,10.97,36,4
p_002099,burst,2024-12-22,BR,android,low,organic,0,9,2024-12-31,0,7,0,0,9,1
p_001967,burst,2024-05-25,GB,android,low,facebook,0,17,2024-06-11,1,10,0,0,14,3
p_000663,casual,2024-05-01,AU,android,mid,facebook,0,32,2024-06-02,1,8,0,0,7,0
p_002877,minnow_payer,2024-03-17,AU,android,mid,facebook,1,113,2024-07-08,1,13,19,64.81,39,5
p_001832,burst,2024-12-01,GB,ios,mid,organic,0,21,2024-12-22,1,27,0,0,22,3
p_002574,engaged,2024-01-23,US,android,low,applovin,0,145,2024-06-16,1,49,0,0,51,12
p_000443,casual,2024-03-11,GB,ios,mid,applovin,0,68,2024-05-18,1,11,0,0,11,0
p_000134,early_churn,2024-04-16,GB,android,mid,facebook,0,3,2024-04-19,1,0,0,0,1,1
p_001275,casual,2024-10-12,US,android,mid,organic,0,44,2024-11-25,1,7,0,0,9,2
p_001600,casual,2024-05-29,IN,ios,low,applovin,0,32,2024-06-30,1,6,0,0,8,1
p_002801,whale_payer,2024-04-16,MX,ios,mid,organic,1,200,2024-11-02,1,136,64,664.36,68,6
p_001578,casual,2024-10-21,JP,android,low,facebook,0,44,2024-12-04,1,5,0,0,17,4
p_002255,engaged,2024-05-19,GB,ios,mid,organic,0,226,2024-12-31,0,93,0,0,81,14
p_000821,casual,2024-02-21,ID,android,mid,organic,0,32,2024-03-24,1,5,0,0,9,1
p_000110,early_churn,2024-04-20,US,android,high,facebook,0,1,2024-04-21,1,1,0,0,2,1
p_001388,casual,2024-03-31,ES,ios,low,facebook,0,37,2024-05-07,1,8,0,0,5,0
p_001638,casual,2024-12-10,US,android,low,organic,0,21,2024-12-31,0,2,0,0,11,4
p_000746,casual,2024-04-05,TR,ios,mid,applovin,0,45,2024-05-20,1,5,0,0,15,5
p_001559,casual,2024-09-06,JP,ios,high,applovin,0,62,2024-11-07,1,6,0,0,10,0
p_000565,casual,2024-06-13,AR,ios,mid,facebook,0,46,2024-07-29,1,7,0,0,18,4
p_001454,casual,2024-12-18,DE,android,mid,tiktok,0,13,2024-12-31,0,3,0,0,7,1
p_002239,engaged,2024-02-04,TH,ios,high,facebook,0,262,2024-10-23,1,106,0,0,99,20
p_002557,engaged,2024-05-20,CA,android,high,applovin,0,204,2024-12-10,1,69,0,0,66,6
p_000168,early_churn,2024-08-13,TR,ios,low,facebook,0,2,2024-08-15,1,1,0,0,2,0
p_001017,casual,2024-09-01,AR,ios,low,applovin,0,34,2024-10-05,1,5,0,0,4,1
p_001877,burst,2024-11-02,FR,ios,high,organic,0,7,2024-11-09,1,5,0,0,13,4
p_002587,engaged,2024-01-18,DE,android,mid,other,0,338,2024-12-21,1,117,0,0,106,16
p_000826,casual,2024-07-04,FR,android,mid,organic,0,51,2024-08-24,1,5,0,0,18,3
p_001766,casual,2024-10-18,FR,android,low,google,0,25,2024-11-12,1,1,0,0,5,1
p_000345,casual,2024-03-07,IT,android,mid,organic,0,88,2024-06-03,1,5,0,0,24,2
p_002532,engaged,2024-05-10,DE,ios,mid,organic,0,136,2024-09-23,1,63,0,0,94,9
p_001209,casual,2024-02-18,US,ios,high,facebook,0,75,2024-05-03,1,8,0,0,18,3
p_002387,engaged,2024-01-23,CA,android,low,other,0,131,2024-06-02,1,38,0,0,62,11
p_000669,casual,2024-03-05,BR,android,low,google,0,26,2024-03-31,1,3,0,0,3,1
p_002091,burst,2024-11-25,GB,android,high,organic,0,21,2024-12-16,1,16,0,0,10,2
p_000263,early_churn,2024-06-23,BR,ios,mid,google,0,1,2024-06-24,1,1,0,0,1,0
p_000578,casual,2024-08-20,US,android,high,facebook,0,89,2024-11-17,1,12,0,0,12,0
p_002623,engaged,2024-03-20,TH,android,mid,organic,0,175,2024-09-11,1,49,0,0,78,10
p_001083,casual,2024-04-24,SE,android,low,tiktok,0,67,2024-06-30,1,8,0,0,22,4
p_001036,casual,2024-11-25,AU,android,mid,tiktok,0,36,2024-12-31,0,4,0,0,8,0
p_000251,early_churn,2024-08-23,US,android,high,organic,0,1,2024-08-24,1,0,0,0,0,0
p_000998,casual,2024-11-17,US,android,low,organic,0,32,2024-12-19,1,3,0,0,6,1
p_002433,engaged,2024-04-19,KR,android,mid,organic,0,223,2024-11-28,1,76,0,0,72,11
p_000186,early_churn,2024-10-01,US,android,mid,facebook,0,1,2024-10-02,1,0,0,0,1,0
p_001615,casual,2024-08-30,JP,android,mid,organic,0,70,2024-11-08,1,6,0,0,15,3
p_000552,casual,2024-06-23,IN,android,mid,facebook,0,66,2024-08-28,1,3,0,0,16,1
p_001337,casual,2024-05-18,KR,ios,mid,google,0,72,2024-07-29,1,4,0,0,11,0
p_001424,casual,2024-07-12,MX,android,mid,organic,0,27,2024-08-08,1,3,0,0,10,2
p_001519,casual,2024-05-23,US,android,mid,google,0,80,2024-08-11,1,2,0,0,13,0
p_002253,engaged,2024-06-28,US,android,low,google,0,186,2024-12-31,0,56,0,0,92,9
p_000113,early_churn,2024-03-11,DE,android,low,facebook,0,1,2024-03-12,1,0,0,0,1,0
p_001572,casual,2024-05-15,US,ios,mid,facebook,0,76,2024-07-30,1,11,0,0,11,1
p_000355,casual,2024-10-22,PH,android,low,facebook,0,48,2024-12-09,1,2,0,0,11,2
p_002769,whale_payer,2024-03-05,BR,ios,mid,facebook,1,219,2024-10-10,1,158,89,890.11,88,8
p_002851,minnow_payer,2024-04-19,DE,android,low,facebook,1,126,2024-08-23,1,19,16,39.84,36,5
p_001183,casual,2024-11-08,JP,android,low,facebook,0,53,2024-12-31,0,4,0,0,15,2
p_000415,casual,2024-05-18,BR,ios,mid,unity_ads,0,72,2024-07-29,1,9,0,0,13,0
p_000968,casual,2024-10-30,TH,android,mid,organic,0,34,2024-12-03,1,2,0,0,8,1
p_002926,minnow_payer,2024-08-14,JP,android,low,applovin,1,139,2024-12-31,0,14,13,31.87,35,9
p_002025,burst,2024-12-07,ES,android,low,organic,0,7,2024-12-14,1,6,0,0,3,0
p_000627,casual,2024-01-24,IN,android,mid,tiktok,0,45,2024-03-09,1,3,0,0,11,1
p_002704,whale_payer,2024-07-18,DE,android,mid,google,1,166,2024-12-31,0,120,56,449.44,76,9
p_000329,casual,2024-10-20,PL,ios,high,google,0,55,2024-12-14,1,6,0,0,12,3
p_002907,minnow_payer,2024-06-11,ES,android,high,google,1,88,2024-09-07,1,14,21,70.79,34,6
p_002650,engaged,2024-04-19,GB,android,mid,facebook,0,159,2024-09-25,1,72,0,0,61,10
p_000259,early_churn,2024-02-14,US,android,low,applovin,0,1,2024-02-15,1,1,0,0,0,0
p_001116,casual,2024-10-05,DE,android,high,applovin,0,30,2024-11-04,1,3,0,0,2,0
p_002345,engaged,2024-03-02,IT,android,high,tiktok,0,205,2024-09-23,1,55,0,0,72,7
p_001443,casual,2024-03-03,FR,android,mid,organic,0,82,2024-05-24,1,7,0,0,20,2
p_001216,casual,2024-12-25,GB,android,high,organic,0,6,2024-12-31,0,0,0,0,5,1
p_001287,casual,2024-09-19,NL,android,mid,google,0,26,2024-10-15,1,1,0,0,8,0
p_000962,casual,2024-11-12,BR,ios,mid,organic,0,49,2024-12-31,0,3,0,0,14,4
p_001185,casual,2024-12-13,JP,android,low,other,0,18,2024-12-31,0,3,0,0,3,0
p_002717,whale_payer,2024-02-29,GB,ios,mid,organic,1,293,2024-12-18,1,223,81,757.19,58,8
p_001594,casual,2024-06-02,US,ios,mid,other,0,90,2024-08-31,1,2,0,0,15,0
p_000222,early_churn,2024-07-01,AU,android,mid,facebook,0,3,2024-07-04,1,1,0,0,0,0
p_000120,early_churn,2024-05-25,US,ios,mid,applovin,0,1,2024-05-26,1,1,0,0,2,1
p_000185,early_churn,2024-03-29,MX,android,low,organic,0,1,2024-03-30,1,0,0,0,1,0
p_000786,casual,2024-05-01,GB,android,high,tiktok,0,75,2024-07-15,1,6,0,0,16,2
p_001796,casual,2024-09-06,MX,android,mid,facebook,0,14,2024-09-20,1,1,0,0,3,0
p_002222,engaged,2024-05-11,JP,android,mid,facebook,0,234,2024-12-31,0,72,0,0,76,6
p_000938,casual,2024-12-08,US,ios,mid,organic,0,23,2024-12-31,0,2,0,0,4,0
p_002388,engaged,2024-07-15,BR,ios,high,organic,0,169,2024-12-31,0,51,0,0,69,14
p_002531,engaged,2024-03-03,PL,android,high,organic,0,207,2024-09-26,1,51,0,0,54,4
p_001798,casual,2024-05-14,US,android,mid,facebook,0,53,2024-07-06,1,4,0,0,14,3
p_002210,engaged,2024-07-11,BR,ios,mid,facebook,0,173,2024-12-31,0,45,0,0,42,5
p_001650,casual,2024-04-03,AR,android,mid,organic,0,83,2024-06-25,1,6,0,0,22,5
p_001042,casual,2024-03-20,PL,ios,low,organic,0,14,2024-04-03,1,0,0,0,6,2
p_002844,whale_payer,2024-01-13,DE,android,mid,organic,1,217,2024-08-17,1,145,51,523.49,44,7
p_000891,casual,2024-07-29,AR,android,mid,facebook,0,28,2024-08-26,1,3,0,0,5,1
p_002804,whale_payer,2024-07-11,IN,ios,high,organic,1,173,2024-12-31,0,132,37,372.63,74,8
p_001628,casual,2024-11-08,US,android,mid,applovin,0,53,2024-12-31,0,4,0,0,14,2
p_000413,casual,2024-09-19,US,android,mid,google,0,35,2024-10-24,1,4,0,0,11,3
p_000914,casual,2024-04-02,PL,ios,mid,google,0,24,2024-04-26,1,2,0,0,9,3
p_001697,casual,2024-08-23,CA,android,mid,organic,0,68,2024-10-30,1,2,0,0,16,3
p_000405,casual,2024-10-30,DE,android,mid,facebook,0,42,2024-12-11,1,5,0,0,12,2
p_001618,casual,2024-04-25,US,android,mid,organic,0,43,2024-06-07,1,6,0,0,7,2
p_001952,burst,2024-01-20,US,android,mid,other,0,11,2024-01-31,1,8,0,0,8,0
p_000690,casual,2024-04-15,KR,android,mid,applovin,0,84,2024-07-08,1,10,0,0,16,1
p_001839,burst,2024-04-24,JP,android,low,facebook,0,16,2024-05-10,1,9,0,0,12,0
p_002892,minnow_payer,2024-03-02,IN,android,low,organic,1,102,2024-06-12,1,13,4,15.96,24,4
p_001848,burst,2024-12-17,DE,android,mid,organic,0,14,2024-12-31,0,10,0,0,7,1
p_000492,casual,2024-11-20,RU,ios,high,facebook,0,41,2024-12-31,0,5,0,0,14,3
p_001298,casual,2024-03-03,GB,ios,mid,organic,0,67,2024-05-09,1,11,0,0,9,0
p_001062,casual,2024-09-08,MX,ios,high,organic,0,36,2024-10-14,1,1,0,0,9,0
p_002089,burst,2024-05-03,US,ios,mid,applovin,0,11,2024-05-14,1,13,0,0,10,1
p_001383,casual,2024-09-29,AU,android,high,google,1,74,2024-12-12,1,13,4,4.96,18,2
p_000322,casual,2024-09-17,BR,android,mid,facebook,0,37,2024-10-24,1,3,0,0,9,1
p_001574,casual,2024-03-29,JP,android,mid,applovin,0,67,2024-06-04,1,5,0,0,13,2
p_001020,casual,2024-04-15,US,android,mid,facebook,0,19,2024-05-04,1,0,0,0,2,1
p_002990,minnow_payer,2024-01-23,US,ios,mid,applovin,1,238,2024-09-17,1,35,6,14.94,50,3
p_000924,casual,2024-11-30,IN,android,low,facebook,0,29,2024-12-29,1,5,0,0,9,2
p_000574,casual,2024-02-17,US,android,mid,facebook,0,63,2024-04-20,1,7,0,0,2,0
p_002764,whale_payer,2024-05-05,PL,android,high,facebook,1,240,2024-12-31,0,172,53,612.47,90,10
p_001254,casual,2024-07-07,JP,ios,high,tiktok,0,89,2024-10-04,1,5,0,0,19,4
p_000557,casual,2024-03-29,BR,ios,low,organic,0,63,2024-05-31,1,5,0,0,13,1
p_001568,casual,2024-09-18,JP,android,mid,tiktok,0,62,2024-11-19,1,2,0,0,13,1
p_001497,casual,2024-01-14,US,ios,high,facebook,0,88,2024-04-11,1,8,0,0,9,0
p_002641,engaged,2024-03-19,US,ios,mid,google,0,287,2024-12-31,0,86,0,0,88,15
p_000172,early_churn,2024-05-14,US,ios,mid,organic,0,1,2024-05-15,1,0,0,0,0,0
p_000297,early_churn,2024-07-08,BR,ios,low,google,0,1,2024-07-09,1,0,0,0,2,0
p_002612,engaged,2024-01-24,JP,android,mid,google,0,215,2024-08-26,1,85,0,0,89,15
p_001125,casual,2024-12-31,KR,ios,mid,organic,0,0,2024-12-31,0,1,0,0,5,3
p_002289,engaged,2024-05-04,IN,android,mid,google,0,140,2024-09-21,1,48,0,0,84,12
p_002140,engaged,2024-03-11,US,ios,high,organic,0,130,2024-07-19,1,44,0,0,69,4
p_000280,early_churn,2024-04-19,GB,android,low,google,0,3,2024-04-22,1,0,0,0,0,0
p_002653,engaged,2024-01-07,US,ios,high,organic,0,343,2024-12-15,1,115,0,0,89,13
p_000434,casual,2024-01-08,ID,android,low,organic,0,23,2024-01-31,1,5,0,0,6,3
p_000001,early_churn,2024-08-03,AR,ios,high,applovin,0,2,2024-08-05,1,0,0,0,1,0
p_000336,casual,2024-07-06,GB,android,low,facebook,0,19,2024-07-25,1,2,0,0,7,0
p_001120,casual,2024-04-25,PL,android,low,facebook,0,74,2024-07-08,1,15,0,0,15,3
p_000782,casual,2024-12-14,GB,ios,low,unity_ads,0,17,2024-12-31,0,1,0,0,4,0
p_001126,casual,2024-03-08,BR,ios,mid,applovin,0,27,2024-04-04,1,6,0,0,13,2
p_001784,casual,2024-08-25,US,android,high,tiktok,0,68,2024-11-01,1,10,0,0,12,2
p_002994,minnow_payer,2024-01-11,US,android,mid,tiktok,1,239,2024-09-06,1,41,20,38.8,32,7
p_000462,casual,2024-07-08,RU,ios,high,facebook,0,51,2024-08-28,1,6,0,0,9,2
p_000645,casual,2024-05-22,DE,ios,high,google,0,57,2024-07-18,1,3,0,0,16,2
p_000146,early_churn,2024-11-03,CA,ios,high,facebook,0,1,2024-11-04,1,0,0,0,1,0
p_001725,casual,2024-04-07,KR,android,low,google,0,63,2024-06-09,1,1,0,0,12,5
p_001891,burst,2024-09-05,AU,android,low,organic,0,7,2024-09-12,1,5,0,0,13,1
p_002097,burst,2024-02-13,US,ios,mid,facebook,1,19,2024-03-03,1,18,6,19.94,8,3
p_000037,early_churn,2024-04-15,JP,ios,high,google,0,2,2024-04-17,1,1,0,0,0,0
p_001498,casual,2024-08-18,DE,android,mid,organic,0,48,2024-10-05,1,7,0,0,10,2
p_002023,burst,2024-08-10,DE,ios,high,applovin,0,18,2024-08-28,1,7,0,0,14,1
p_002727,whale_payer,2024-06-05,RU,android,mid,tiktok,1,209,2024-12-31,0,140,38,437.62,85,9
p_001500,casual,2024-12-20,DE,android,mid,google,0,11,2024-12-31,0,0,0,0,7,1
p_000850,casual,2024-09-09,US,ios,low,unity_ads,0,66,2024-11-14,1,6,0,0,19,2
p_001004,casual,2024-10-11,RU,android,low,organic,0,20,2024-10-31,1,2,0,0,5,0
p_001264,casual,2024-06-13,BR,android,low,tiktok,0,66,2024-08-18,1,13,0,0,9,1
p_000637,casual,2024-04-22,NL,android,low,facebook,0,37,2024-05-29,1,3,0,0,2,1
p_001464,casual,2024-09-06,MX,ios,high,google,0,62,2024-11-07,1,7,0,0,8,1
p_001479,casual,2024-01-16,JP,ios,mid,applovin,0,20,2024-02-05,1,1,0,0,4,0
p_001211,casual,2024-04-24,GB,ios,high,organic,0,33,2024-05-27,1,4,0,0,5,0
p_001675,casual,2024-04-24,KR,ios,high,facebook,0,14,2024-05-08,1,0,0,0,5,0
p_001475,casual,2024-04-08,DE,android,mid,applovin,0,61,2024-06-08,1,7,0,0,7,1
p_001863,burst,2024-01-24,MX,ios,mid,unity_ads,0,11,2024-02-04,1,5,0,0,4,1
p_002087,burst,2024-08-09,BR,ios,high,google,0,10,2024-08-19,1,8,0,0,8,1
p_001451,casual,2024-10-19,IN,android,mid,other,0,15,2024-11-03,1,1,0,0,5,0
p_001107,casual,2024-07-09,US,android,low,applovin,0,22,2024-07-31,1,1,0,0,11,0
p_001840,burst,2024-10-01,BR,ios,high,google,0,11,2024-10-12,1,14,0,0,17,3
p_000681,casual,2024-03-21,US,android,high,organic,0,50,2024-05-10,1,7,0,0,13,3
p_001370,casual,2024-07-03,US,android,mid,google,0,69,2024-09-10,1,13,0,0,16,3
p_001207,casual,2024-03-07,CA,ios,mid,google,0,53,2024-04-29,1,3,0,0,8,2
p_001608,casual,2024-06-14,BR,ios,high,applovin,0,50,2024-08-03,1,6,0,0,15,4
p_001829,burst,2024-06-29,FR,ios,mid,organic,0,12,2024-07-11,1,13,0,0,21,3
p_001778,casual,2024-03-25,US,android,high,google,0,63,2024-05-27,1,10,0,0,16,1
p_002360,engaged,2024-04-17,FR,ios,mid,tiktok,0,258,2024-12-31,0,84,0,0,55,9
p_000069,early_churn,2024-05-03,AR,android,low,facebook,0,1,2024-05-04,1,1,0,0,1,0
p_001457,casual,2024-09-19,MX,android,mid,google,0,63,2024-11-21,1,4,0,0,11,2
p_001168,casual,2024-11-04,CA,ios,mid,google,0,37,2024-12-11,1,4,0,0,12,2
p_000540,casual,2024-11-07,US,android,mid,organic,0,14,2024-11-21,1,2,0,0,9,1
p_001316,casual,2024-10-28,JP,ios,mid,tiktok,0,64,2024-12-31,0,5,0,0,14,2
p_000770,casual,2024-07-19,CA,android,mid,organic,0,58,2024-09-15,1,5,0,0,8,1
p_002562,engaged,2024-05-10,ES,ios,high,organic,0,235,2024-12-31,0,87,0,0,54,8
p_001971,burst,2024-08-18,IN,ios,mid,tiktok,0,10,2024-08-28,1,12,0,0,7,1
p_000070,early_churn,2024-02-08,GB,ios,mid,organic,0,1,2024-02-09,1,1,0,0,1,0
p_001314,casual,2024-05-09,DE,android,low,facebook,0,27,2024-06-05,1,2,0,0,6,0
p_002436,engaged,2024-06-15,KR,android,low,applovin,0,199,2024-12-31,0,72,0,0,78,13
p_000969,casual,2024-01-25,ES,android,low,organic,0,21,2024-02-15,1,3,0,0,1,0
p_000803,casual,2024-01-22,ID,android,mid,organic,0,23,2024-02-14,1,0,0,0,1,0
p_001129,casual,2024-05-30,AU,ios,low,facebook,0,36,2024-07-05,1,5,0,0,9,0
p_002126,engaged,2024-02-26,US,ios,mid,organic,0,228,2024-10-11,1,66,0,0,90,10
p_002663,engaged,2024-06-12,JP,android,high,google,0,202,2024-12-31,0,53,0,0,101,13
p_002547,engaged,2024-04-13,JP,ios,high,organic,0,260,2024-12-29,1,87,0,0,102,18
p_001153,casual,2024-07-10,MX,android,mid,organic,0,38,2024-08-17,1,4,0,0,13,4
p_001134,casual,2024-09-14,MX,android,mid,applovin,0,37,2024-10-21,1,0,0,0,11,2
p_000811,casual,2024-08-06,ES,ios,high,applovin,0,68,2024-10-13,1,7,0,0,18,2
p_001836,burst,2024-12-16,JP,android,low,unity_ads,0,14,2024-12-30,1,10,0,0,8,2
p_000717,casual,2024-08-31,MX,ios,high,google,0,72,2024-11-11,1,11,0,0,20,2
p_002125,engaged,2024-06-23,PL,android,mid,organic,0,191,2024-12-31,0,72,0,0,83,10
p_002964,minnow_payer,2024-08-15,KR,ios,mid,google,1,138,2024-12-31,0,23,15,37.85,30,2
p_001643,casual,2024-06-28,TR,android,low,applovin,0,41,2024-08-08,1,5,0,0,14,1
p_000530,casual,2024-07-19,US,android,high,facebook,0,28,2024-08-16,1,4,0,0,8,2
p_002381,engaged,2024-02-23,DE,android,high,organic,0,237,2024-10-17,1,80,0,0,83,12
p_001071,casual,2024-09-28,ES,android,low,other,0,19,2024-10-17,1,1,0,0,6,0
p_002269,engaged,2024-01-16,FR,android,low,facebook,0,143,2024-06-07,1,52,0,0,54,10
p_002171,engaged,2024-02-26,BR,android,low,organic,0,121,2024-06-26,1,40,0,0,41,8
p_000332,casual,2024-02-26,RU,ios,high,google,0,33,2024-03-30,1,6,0,0,4,1
p_001873,burst,2024-04-15,TH,android,mid,other,0,17,2024-05-02,1,11,0,0,8,0
p_000493,casual,2024-02-15,ES,ios,mid,facebook,0,19,2024-03-05,1,1,0,0,8,0
p_002610,engaged,2024-06-10,ES,android,low,applovin,0,204,2024-12-31,0,67,0,0,101,12
p_002661,engaged,2024-01-01,AU,android,mid,facebook,0,360,2024-12-26,1,113,0,0,90,9
p_000402,casual,2024-09-29,FR,android,mid,organic,0,90,2024-12-28,1,6,0,0,14,4
p_001554,casual,2024-04-09,AU,ios,mid,organic,0,29,2024-05-08,1,3,0,0,9,0
p_002302,engaged,2024-01-26,US,android,mid,tiktok,0,180,2024-07-24,1,56,0,0,83,14
p_001980,burst,2024-03-04,GB,android,low,unity_ads,0,13,2024-03-17,1,9,0,0,10,0
p_002166,engaged,2024-05-17,US,ios,high,organic,0,228,2024-12-31,0,80,0,0,96,17
p_001743,casual,2024-04-28,AU,ios,mid,organic,0,75,2024-07-12,1,12,0,0,6,2
p_000177,early_churn,2024-09-14,JP,android,mid,organic,0,2,2024-09-16,1,2,0,0,1,0
p_000649,casual,2024-05-07,US,android,low,tiktok,0,48,2024-06-24,1,6,0,0,13,2
p_000470,casual,2024-11-12,US,ios,mid,tiktok,0,49,2024-12-31,0,0,0,0,9,1
p_002536,engaged,2024-02-25,CA,android,low,tiktok,0,213,2024-09-25,1,76,0,0,73,9
p_001908,burst,2024-09-23,US,ios,mid,tiktok,0,10,2024-10-03,1,12,0,0,5,1
p_000834,casual,2024-10-01,US,ios,low,facebook,0,70,2024-12-10,1,10,0,0,14,0
p_002701,whale_payer,2024-04-04,US,ios,mid,other,1,220,2024-11-10,1,152,48,535.52,89,15
p_001569,casual,2024-07-03,DE,android,high,tiktok,1,14,2024-07-17,1,2,1,1.99,7,1
p_002036,burst,2024-01-30,TR,ios,high,tiktok,0,16,2024-02-15,1,16,0,0,3,1
p_001369,casual,2024-05-18,CA,android,high,organic,0,59,2024-07-16,1,10,0,0,14,1
p_000377,casual,2024-02-10,US,android,high,organic,0,83,2024-05-03,1,5,0,0,9,1
p_002195,engaged,2024-04-25,US,android,mid,google,0,138,2024-09-10,1,46,0,0,79,11
p_002460,engaged,2024-05-16,US,android,mid,google,0,224,2024-12-26,1,75,0,0,72,11
p_001690,casual,2024-08-06,KR,android,mid,applovin,0,22,2024-08-28,1,1,0,0,15,3
p_000951,casual,2024-11-03,CA,ios,high,applovin,0,17,2024-11-20,1,1,0,0,8,3
p_002182,engaged,2024-07-16,JP,android,low,google,0,168,2024-12-31,0,64,0,0,57,9
p_000977,casual,2024-06-26,JP,android,low,organic,0,73,2024-09-07,1,3,0,0,8,1
p_000898,casual,2024-07-18,NL,android,high,organic,0,26,2024-08-13,1,2,0,0,12,1
p_000590,casual,2024-02-11,NL,android,mid,applovin,0,90,2024-05-11,1,8,0,0,19,0
p_000693,casual,2024-06-14,IN,ios,high,tiktok,0,80,2024-09-02,1,6,0,0,12,2
p_001239,casual,2024-12-29,AU,android,low,organic,0,2,2024-12-31,0,0,0,0,9,2
p_000769,casual,2024-09-18,JP,ios,high,organic,0,64,2024-11-21,1,7,0,0,19,2
p_001553,casual,2024-01-31,US,android,mid,facebook,0,54,2024-03-25,1,6,0,0,17,1
p_001133,casual,2024-08-18,US,ios,high,tiktok,0,41,2024-09-28,1,3,0,0,15,2
p_000212,early_churn,2024-07-29,US,ios,mid,applovin,0,1,2024-07-30,1,0,0,0,1,0
p_002311,engaged,2024-03-01,JP,ios,mid,organic,0,229,2024-10-16,1,69,0,0,58,2
p_001290,casual,2024-03-15,US,android,mid,applovin,0,85,2024-06-08,1,8,0,0,19,4
p_001448,casual,2024-08-10,DE,ios,mid,facebook,0,15,2024-08-25,1,3,0,0,8,1
p_002217,engaged,2024-03-05,ID,android,low,organic,0,301,2024-12-31,0,97,0,0,79,9
p_000878,casual,2024-09-25,US,ios,high,tiktok,0,50,2024-11-14,1,6,0,0,13,1
p_001555,casual,2024-05-20,US,ios,high,unity_ads,0,25,2024-06-14,1,1,0,0,9,1
p_000103,early_churn,2024-11-24,ID,android,high,tiktok,0,1,2024-11-25,1,0,0,0,1,0
p_001503,casual,2024-10-05,US,ios,high,tiktok,0,52,2024-11-26,1,11,0,0,9,1
p_001596,casual,2024-05-22,US,android,low,organic,0,16,2024-06-07,1,2,0,0,7,0
p_002783,whale_payer,2024-02-14,DE,android,high,google,1,279,2024-11-19,1,206,36,379.64,75,7
p_001284,casual,2024-07-11,IT,ios,high,organic,0,50,2024-08-30,1,6,0,0,12,4
p_001108,casual,2024-03-20,ES,ios,low,organic,0,39,2024-04-28,1,5,0,0,4,2
p_000696,casual,2024-05-06,JP,android,mid,organic,0,29,2024-06-04,1,8,0,0,15,2
p_001510,casual,2024-01-29,TR,android,mid,facebook,0,46,2024-03-15,1,4,0,0,5,1
p_000952,casual,2024-08-22,US,ios,mid,applovin,0,46,2024-10-07,1,6,0,0,11,4
p_001138,casual,2024-10-17,US,ios,high,facebook,0,68,2024-12-24,1,2,0,0,12,2
p_002268,engaged,2024-02-24,RU,android,mid,google,0,146,2024-07-19,1,40,0,0,53,9
p_001545,casual,2024-07-26,US,android,mid,google,0,70,2024-10-04,1,9,0,0,14,3
p_002687,engaged,2024-02-16,ES,ios,mid,other,0,240,2024-10-13,1,81,0,0,66,7
p_001887,burst,2024-04-07,JP,ios,mid,google,0,8,2024-04-15,1,6,0,0,11,0
p_001928,burst,2024-09-21,DE,android,mid,facebook,0,13,2024-10-04,1,5,0,0,5,2
p_000149,early_churn,2024-04-17,FR,ios,low,google,0,1,2024-04-18,1,3,0,0,0,0
p_000528,casual,2024-07-03,US,android,mid,facebook,0,73,2024-09-14,1,7,0,0,18,2
p_002205,engaged,2024-06-11,CA,ios,mid,applovin,0,203,2024-12-31,0,64,0,0,100,18
p_002991,minnow_payer,2024-01-01,US,android,high,organic,1,236,2024-08-24,1,46,11,45.89,37,6
p_001812,burst,2024-08-26,CA,android,low,organic,0,19,2024-09-14,1,12,0,0,10,1
p_001117,casual,2024-06-07,CA,android,high,facebook,0,48,2024-07-25,1,6,0,0,10,4
p_000141,early_churn,2024-03-23,US,ios,mid,tiktok,0,3,2024-03-26,1,0,0,0,0,0
p_001502,casual,2024-07-15,US,android,low,unity_ads,0,66,2024-09-19,1,8,0,0,17,2
p_002681,engaged,2024-07-05,US,ios,high,tiktok,0,179,2024-12-31,0,52,0,0,70,7
p_002006,burst,2024-03-27,IN,android,mid,organic,0,10,2024-04-06,1,7,0,0,15,1
p_000544,casual,2024-01-10,US,ios,low,google,0,25,2024-02-04,1,0,0,0,5,1
p_002256,engaged,2024-04-01,US,android,low,google,0,239,2024-11-26,1,80,0,0,69,8
p_001090,casual,2024-01-23,US,android,mid,organic,0,26,2024-02-18,1,3,0,0,3,1
p_001232,casual,2024-06-24,GB,android,high,organic,0,60,2024-08-23,1,4,0,0,17,2
p_000691,casual,2024-01-07,JP,android,low,organic,0,51,2024-02-27,1,4,0,0,4,0
p_001338,casual,2024-03-28,GB,ios,mid,facebook,0,43,2024-05-10,1,3,0,0,14,1
p_002711,whale_payer,2024-02-10,US,android,mid,google,1,325,2024-12-31,0,237,87,889.13,78,9
p_000704,casual,2024-02-19,MX,ios,high,google,0,67,2024-04-26,1,3,0,0,20,1
p_001983,burst,2024-09-26,JP,android,low,google,0,21,2024-10-17,1,14,0,0,6,1
p_000747,casual,2024-12-23,GB,android,low,facebook,0,8,2024-12-31,0,2,0,0,6,2
p_002404,engaged,2024-02-22,DE,android,low,google,0,185,2024-08-25,1,70,0,0,53,5
p_001286,casual,2024-10-05,TH,android,mid,google,0,52,2024-11-26,1,9,0,0,13,0
p_002539,engaged,2024-03-04,JP,ios,low,organic,0,217,2024-10-07,1,56,0,0,74,9
p_002648,engaged,2024-03-30,US,ios,high,applovin,0,276,2024-12-31,0,85,0,0,107,15
p_001921,burst,2024-02-08,IN,ios,high,google,0,17,2024-02-25,1,10,0,0,9,0
p_001044,casual,2024-07-19,DE,ios,high,google,0,41,2024-08-29,1,7,0,0,17,0
p_001751,casual,2024-04-26,KR,ios,high,google,0,16,2024-05-12,1,0,0,0,10,1
p_002680,engaged,2024-05-08,PH,android,low,google,0,214,2024-12-08,1,71,0,0,83,15
p_000975,casual,2024-02-17,IN,ios,mid,facebook,0,64,2024-04-21,1,5,0,0,10,0
p_000127,early_churn,2024-02-07,JP,android,high,other,0,3,2024-02-10,1,1,0,0,0,0
p_002107,engaged,2024-02-16,GB,ios,low,google,0,189,2024-08-23,1,60,0,0,65,6
p_001560,casual,2024-05-19,MX,android,mid,facebook,0,39,2024-06-27,1,8,0,0,6,0
p_001746,casual,2024-01-15,TH,ios,low,organic,0,58,2024-03-13,1,6,0,0,8,2
p_000319,casual,2024-11-04,AU,android,mid,organic,0,38,2024-12-12,1,2,0,0,9,0
p_002280,engaged,2024-04-08,TR,ios,mid,organic,0,257,2024-12-21,1,77,0,0,94,11
p_002767,whale_payer,2024-05-10,TR,android,mid,organic,1,235,2024-12-31,0,168,61,608.39,83,15
p_002227,engaged,2024-04-19,US,ios,mid,organic,0,256,2024-12-31,0,92,0,0,96,14
p_001053,casual,2024-01-29,US,android,mid,organic,0,80,2024-04-18,1,5,0,0,9,0
p_002592,engaged,2024-01-23,GB,android,low,tiktok,0,175,2024-07-16,1,54,0,0,42,7
p_002142,engaged,2024-02-02,AU,android,low,tiktok,0,189,2024-08-09,1,62,0,0,67,6
p_002466,engaged,2024-06-28,FR,android,mid,google,0,186,2024-12-31,0,56,0,0,90,13
p_001573,casual,2024-04-11,US,android,low,tiktok,0,78,2024-06-28,1,9,0,0,18,1
p_000228,early_churn,2024-11-28,TR,ios,mid,facebook,0,1,2024-11-29,1,0,0,0,1,0
p_000519,casual,2024-08-09,US,ios,low,organic,0,67,2024-10-15,1,8,0,0,13,1
p_000768,casual,2024-09-29,AU,ios,mid,organic,0,75,2024-12-13,1,10,0,0,26,6
p_001604,casual,2024-10-12,JP,ios,high,organic,0,80,2024-12-31,0,8,0,0,23,0
p_000484,casual,2024-02-04,TH,android,low,facebook,0,14,2024-02-18,1,0,0,0,6,2
p_000788,casual,2024-12-06,US,android,low,google,0,25,2024-12-31,1,2,0,0,9,1
p_001676,casual,2024-04-19,IN,ios,low,organic,0,58,2024-06-16,1,2,0,0,19,3
p_000117,early_churn,2024-12-31,US,android,low,tiktok,0,0,2024-12-31,0,1,0,0,1,0
p_002624,engaged,2024-07-19,NL,android,low,other,0,165,2024-12-31,0,40,0,0,60,5
p_000152,early_churn,2024-11-24,BR,ios,high,organic,0,3,2024-11-27,1,1,0,0,0,0
p_000527,casual,2024-03-16,AU,android,mid,facebook,0,71,2024-05-26,1,8,0,0,17,1
p_001336,casual,2024-06-06,IT,ios,high,applovin,0,52,2024-07-28,1,7,0,0,15,1
p_000004,early_churn,2024-04-11,ES,ios,mid,organic,0,2,2024-04-13,1,0,0,0,0,0
p_002048,burst,2024-09-16,JP,android,mid,google,0,12,2024-09-28,1,15,0,0,22,2
p_002143,engaged,2024-04-27,JP,ios,mid,unity_ads,0,189,2024-11-02,1,63,0,0,58,8
p_000536,casual,2024-10-03,RU,ios,high,organic,0,59,2024-12-01,1,9,0,0,11,5
p_002283,engaged,2024-05-01,PL,ios,mid,facebook,0,244,2024-12-31,0,93,0,0,74,10
p_000781,casual,2024-10-29,US,android,mid,google,0,63,2024-12-31,0,3,0,0,8,1
p_000777,casual,2024-09-05,JP,android,mid,unity_ads,0,56,2024-10-31,1,8,0,0,16,1
p_001087,casual,2024-11-11,US,android,mid,tiktok,0,27,2024-12-08,1,1,0,0,7,0
p_002516,engaged,2024-05-24,AR,android,low,google,0,221,2024-12-31,0,81,0,0,106,9
p_001495,casual,2024-11-22,DE,android,low,google,0,39,2024-12-31,0,2,0,0,9,1
p_001679,casual,2024-11-23,GB,ios,high,facebook,0,38,2024-12-31,0,2,0,0,9,1
p_001410,casual,2024-08-14,US,ios,high,google,0,37,2024-09-20,1,6,0,0,8,1
p_000936,casual,2024-05-02,TH,ios,low,applovin,0,57,2024-06-28,1,7,0,0,14,4
p_002987,minnow_payer,2024-09-14,KR,ios,mid,applovin,1,108,2024-12-31,0,13,10,51.9,40,3
p_000184,early_churn,2024-08-07,US,ios,high,tiktok,0,1,2024-08-08,1,0,0,0,0,0
p_001430,casual,2024-09-10,MX,android,low,tiktok,0,33,2024-10-13,1,6,0,0,14,2
p_000720,casual,2024-01-23,US,android,low,tiktok,0,68,2024-03-31,1,13,0,0,16,4
p_002743,whale_payer,2024-07-04,ES,android,high,organic,1,180,2024-12-31,0,128,39,390.61,66,10
p_001783,casual,2024-11-11,MX,ios,low,unity_ads,0,50,2024-12-31,0,4,0,0,12,1
p_002494,engaged,2024-03-25,MX,ios,high,facebook,0,281,2024-12-31,0,88,0,0,84,10
p_001737,casual,2024-02-25,US,android,low,unity_ads,0,32,2024-03-28,1,3,0,0,10,3
p_000313,casual,2024-04-26,KR,ios,high,organic,0,79,2024-07-14,1,11,0,0,10,3
p_000203,early_churn,2024-10-02,GB,android,low,organic,0,3,2024-10-05,1,0,0,0,0,0
p_001423,casual,2024-10-14,IN,ios,mid,tiktok,0,78,2024-12-31,0,9,0,0,20,1
p_002779,whale_payer,2024-06-09,DE,android,mid,organic,1,205,2024-12-31,0,146,40,438.6,75,14
p_001241,casual,2024-12-12,US,android,mid,google,0,19,2024-12-31,0,4,0,0,5,1
p_002413,engaged,2024-03-13,FR,ios,mid,tiktok,0,293,2024-12-31,0,93,0,0,109,6
p_000925,casual,2024-08-30,JP,ios,high,facebook,0,68,2024-11-06,1,6,0,0,10,1
p_000728,casual,2024-10-05,IN,ios,mid,applovin,0,43,2024-11-17,1,4,0,0,11,1
p_001838,burst,2024-08-17,US,android,mid,facebook,0,21,2024-09-07,1,12,0,0,17,1
p_001944,burst,2024-05-13,MX,android,low,organic,0,10,2024-05-23,1,10,0,0,18,3
p_001857,burst,2024-11-25,PH,ios,mid,facebook,0,14,2024-12-09,1,10,0,0,8,1
p_000469,casual,2024-10-12,MX,android,mid,facebook,0,15,2024-10-27,1,2,0,0,2,0
p_002447,engaged,2024-04-29,KR,android,mid,applovin,0,246,2024-12-31,0,93,0,0,70,11
p_001688,casual,2024-04-12,TR,ios,high,facebook,0,27,2024-05-09,1,1,0,0,5,1
p_001933,burst,2024-08-14,TR,android,high,organic,0,17,2024-08-31,1,11,0,0,18,3
p_002033,burst,2024-05-31,DE,android,low,facebook,0,15,2024-06-15,1,10,0,0,13,2
p_000714,casual,2024-11-07,PH,android,mid,unity_ads,0,43,2024-12-20,1,0,0,0,6,0
p_000501,casual,2024-03-13,CA,ios,mid,organic,0,82,2024-06-03,1,7,0,0,22,1
p_000866,casual,2024-11-29,US,ios,low,organic,0,32,2024-12-31,0,4,0,0,13,2
p_000983,casual,2024-11-24,AR,ios,high,organic,0,37,2024-12-31,0,2,0,0,5,0
p_000921,casual,2024-04-22,US,ios,high,organic,0,40,2024-06-01,1,1,0,0,15,3
p_001680,casual,2024-12-30,JP,android,mid,tiktok,0,1,2024-12-31,0,0,0,0,1,0
p_002230,engaged,2024-01-17,IN,ios,high,facebook,0,161,2024-06-26,1,56,0,0,44,11
p_001190,casual,2024-07-18,US,android,mid,google,0,51,2024-09-07,1,3,0,0,13,4
p_002344,engaged,2024-07-06,MX,android,low,organic,0,178,2024-12-31,0,67,0,0,58,8
p_000767,casual,2024-12-30,BR,ios,mid,tiktok,0,1,2024-12-31,0,0,0,0,4,0
p_001346,casual,2024-04-09,PH,android,low,google,0,39,2024-05-18,1,4,0,0,5,0
p_002200,engaged,2024-05-07,FR,ios,high,google,0,144,2024-09-28,1,50,0,0,84,12
p_002622,engaged,2024-06-25,ES,android,mid,google,0,189,2024-12-31,0,49,0,0,67,11
p_000100,early_churn,2024-04-20,ID,ios,mid,facebook,0,3,2024-04-23,1,1,0,0,1,0
p_002660,engaged,2024-02-28,PL,ios,high,organic,0,195,2024-09-10,1,56,0,0,96,20
p_001754,casual,2024-08-16,TR,ios,mid,organic,0,53,2024-10-08,1,4,0,0,12,1
p_000580,casual,2024-11-17,DE,android,mid,google,0,44,2024-12-31,0,8,0,0,15,2
p_001208,casual,2024-12-25,RU,ios,low,organic,0,6,2024-12-31,0,0,0,0,8,3
p_001905,burst,2024-06-05,US,ios,mid,applovin,0,10,2024-06-15,1,7,0,0,12,1
p_002927,minnow_payer,2024-03-06,ID,android,high,other,1,87,2024-06-01,1,13,20,62.8,20,3
p_001597,casual,2024-09-07,US,android,mid,google,0,49,2024-10-26,1,6,0,0,5,0
p_002578,engaged,2024-04-20,GB,ios,high,facebook,0,254,2024-12-30,1,77,0,0,92,18
p_001154,casual,2024-08-08,DE,ios,mid,other,0,55,2024-10-02,1,7,0,0,14,0
p_000369,casual,2024-04-07,AR,ios,mid,facebook,0,24,2024-05-01,1,4,0,0,5,0
p_002967,minnow_payer,2024-04-24,FR,ios,mid,applovin,1,70,2024-07-03,1,12,9,45.91,16,1
p_002579,engaged,2024-07-15,US,android,low,organic,0,154,2024-12-16,1,42,0,0,74,8
p_000569,casual,2024-05-04,GB,android,mid,organic,0,69,2024-07-12,1,6,0,0,6,0
p_002894,minnow_payer,2024-04-29,RU,ios,high,organic,1,171,2024-10-17,1,22,21,104.79,37,4
p_001862,burst,2024-01-26,RU,ios,mid,organic,0,16,2024-02-11,1,11,0,0,16,2
p_001295,casual,2024-01-02,FR,android,mid,organic,1,77,2024-03-19,1,7,4,4.96,11,1
p_001999,burst,2024-03-07,KR,ios,high,organic,0,10,2024-03-17,1,3,0,0,9,0
p_001729,casual,2024-07-04,MX,ios,high,tiktok,0,53,2024-08-26,1,3,0,0,11,2
p_000595,casual,2024-10-29,FR,ios,low,organic,0,63,2024-12-31,0,5,0,0,19,1
p_002484,engaged,2024-02-20,TR,android,high,facebook,1,223,2024-09-30,1,67,11,33.89,69,11
p_001436,casual,2024-02-16,GB,ios,low,facebook,0,50,2024-04-06,1,12,0,0,2,0
p_001162,casual,2024-04-23,GB,android,mid,organic,0,40,2024-06-02,1,1,0,0,7,0
p_001169,casual,2024-02-15,TR,android,mid,organic,0,90,2024-05-15,1,6,0,0,14,2
p_000254,early_churn,2024-03-15,FR,ios,mid,google,0,1,2024-03-16,1,0,0,0,1,0
p_001603,casual,2024-09-16,JP,android,mid,facebook,0,68,2024-11-23,1,7,0,0,23,3
p_001353,casual,2024-10-28,DE,ios,mid,tiktok,0,32,2024-11-29,1,1,0,0,15,4
p_001379,casual,2024-11-01,TR,ios,low,google,0,35,2024-12-06,1,3,0,0,5,0
p_000844,casual,2024-08-26,US,ios,high,organic,0,67,2024-11-01,1,5,0,0,8,1
p_001003,casual,2024-06-02,GB,android,mid,google,0,26,2024-06-28,1,4,0,0,11,1
p_001645,casual,2024-11-10,US,ios,mid,facebook,0,20,2024-11-30,1,4,0,0,4,0
p_002428,engaged,2024-03-19,US,ios,mid,facebook,0,198,2024-10-03,1,70,0,0,85,11
p_001682,casual,2024-06-13,JP,android,low,organic,0,47,2024-07-30,1,8,0,0,13,2
p_000718,casual,2024-04-07,PL,ios,mid,tiktok,0,43,2024-05-20,1,4,0,0,5,0
p_000653,casual,2024-02-03,DE,ios,mid,facebook,0,27,2024-03-01,1,3,0,0,4,1
p_001325,casual,2024-06-09,US,ios,mid,google,0,49,2024-07-28,1,1,0,0,17,3
p_001230,casual,2024-10-15,KR,android,low,applovin,0,62,2024-12-16,1,4,0,0,22,1
p_002940,minnow_payer,2024-02-17,GB,ios,high,google,1,182,2024-08-17,1,22,8,32.92,39,4
p_001768,casual,2024-08-18,BR,android,low,tiktok,0,89,2024-11-15,1,10,0,0,26,2
