purchase_id,player_id,session_id,purchase_timestamp,product_sku,price_usd,coins_granted,days_since_install,is_first_purchase
pu_0000000,p_002825,s_p_002825_00001,2024-02-29T18:40:51.974Z,starter_pack,1.99,2000,1,1
pu_0000001,p_002825,s_p_002825_00002,2024-03-02T08:59:49.031Z,coins_large,19.99,25000,3,0
pu_0000002,p_002825,s_p_002825_00003,2024-03-03T16:32:11.968Z,coins_small,0.99,1000,4,0
pu_0000003,p_002825,s_p_002825_00005,2024-03-11T06:45:36.407Z,coins_large,19.99,25000,12,0
pu_0000004,p_002825,s_p_002825_00006,2024-03-12T19:34:01.986Z,coins_medium,4.99,5500,13,0
pu_0000005,p_002825,s_p_002825_00006,2024-03-12T19:34:53.612Z,coins_medium,4.99,5500,13,0
pu_0000006,p_002825,s_p_002825_00019,2024-03-26T19:04:11.805Z,coins_large,19.99,25000,27,0
pu_0000007,p_002825,s_p_002825_00024,2024-03-31T21:16:47.978Z,coins_small,0.99,1000,32,0
pu_0000008,p_002825,s_p_002825_00040,2024-04-19T12:40:14.559Z,vip_monthly,9.99,10000,51,0
pu_0000009,p_002825,s_p_002825_00043,2024-04-20T21:46:15.885Z,coins_small,0.99,1000,52,0
pu_000000a,p_002825,s_p_002825_00043,2024-04-20T21:54:51.326Z,coins_large,19.99,25000,52,0
pu_000000b,p_002825,s_p_002825_00055,2024-05-11T12:40:59.488Z,coins_large,19.99,25000,73,0
pu_000000c,p_002825,s_p_002825_00056,2024-05-11T13:44:54.730Z,coins_medium,4.99,5500,73,0
pu_000000d,p_002825,s_p_002825_00066,2024-05-25T20:25:42.788Z,coins_large,19.99,25000,87,0
pu_000000e,p_002825,s_p_002825_00072,2024-06-02T06:34:25.055Z,vip_monthly,9.99,10000,95,0
pu_000000f,p_002825,s_p_002825_00079,2024-06-13T17:09:56.773Z,coins_large,19.99,25000,106,0
pu_000000g,p_002825,s_p_002825_00086,2024-07-01T20:56:21.912Z,coins_large,19.99,25000,124,0
pu_000000h,p_002825,s_p_002825_00092,2024-07-15T12:43:03.026Z,coins_small,0.99,1000,138,0
pu_000000i,p_002825,s_p_002825_00100,2024-07-31T18:43:58.369Z,coins_medium,4.99,5500,154,0
pu_000000j,p_002825,s_p_002825_00100,2024-07-31T18:46:19.453Z,coins_small,0.99,1000,154,0
pu_000000k,p_002825,s_p_002825_00104,2024-08-05T11:29:34.348Z,coins_large,19.99,25000,159,0
pu_000000l,p_002825,s_p_002825_00113,2024-08-17T22:23:33.905Z,coins_medium,4.99,5500,171,0
pu_000000m,p_002825,s_p_002825_00113,2024-08-17T22:12:46.931Z,starter_pack,1.99,2000,171,0
pu_000000n,p_002825,s_p_002825_00120,2024-08-28T11:53:04.011Z,coins_medium,4.99,5500,182,0
pu_000000o,p_002825,s_p_002825_00128,2024-09-04T12:09:26.370Z,coins_medium,4.99,5500,189,0
pu_000000p,p_002825,s_p_002825_00149,2024-10-04T10:48:03.838Z,coins_medium,4.99,5500,219,0
pu_000000q,p_002825,s_p_002825_00157,2024-10-14T13:39:46.257Z,coins_small,0.99,1000,229,0
pu_000000r,p_002825,s_p_002825_00161,2024-10-19T17:54:03.678Z,coins_medium,4.99,5500,234,0
pu_000000s,p_002825,s_p_002825_00166,2024-10-26T16:08:43.662Z,coins_large,19.99,25000,241,0
pu_000000t,p_002825,s_p_002825_00169,2024-10-29T14:15:44.244Z,coins_large,19.99,25000,244,0
pu_000000u,p_002825,s_p_002825_00177,2024-11-05T10:20:12.725Z,vip_monthly,9.99,10000,251,0
pu_000000v,p_002825,s_p_002825_00190,2024-11-24T06:25:15.575Z,coins_small,0.99,1000,270,0
pu_000000w,p_001807,s_p_001807_00008,2024-04-10T07:48:17.931Z,coins_medium,4.99,5500,6,1
pu_000000x,p_001807,s_p_001807_00010,2024-04-13T11:32:20.121Z,coins_small,0.99,1000,9,0
pu_000000y,p_002866,s_p_002866_00008,2024-06-25T15:35:19.971Z,coins_small,0.99,1000,53,1
pu_000000z,p_002866,s_p_002866_00010,2024-07-05T20:48:26.815Z,coins_small,0.99,1000,63,0
pu_0000010,p_002866,s_p_002866_00016,2024-07-21T20:52:24.535Z,coins_small,0.99,1000,79,0
pu_0000011,p_002866,s_p_002866_00018,2024-08-08T18:56:50.332Z,coins_small,0.99,1000,97,0
pu_0000012,p_002868,s_p_002868_00002,2024-09-15T23:38:08.902Z,coins_small,0.99,1000,20,1
pu_0000013,p_002868,s_p_002868_00004,2024-09-23T08:10:01.038Z,coins_small,0.99,1000,28,0
pu_0000014,p_002868,s_p_002868_00006,2024-10-04T07:40:29.638Z,coins_small,0.99,1000,39,0
pu_0000015,p_002868,s_p_002868_00006,2024-10-04T07:41:19.300Z,coins_large,19.99,25000,39,0
pu_0000016,p_002868,s_p_002868_00007,2024-10-07T10:11:17.797Z,coins_medium,4.99,5500,42,0
pu_0000017,p_002878,s_p_002878_00003,2024-01-28T14:24:42.397Z,starter_pack,1.99,2000,8,1
pu_0000018,p_002878,s_p_002878_00003,2024-01-28T14:21:35.960Z,coins_small,0.99,1000,8,0
pu_0000019,p_002878,s_p_002878_00007,2024-02-15T13:22:22.847Z,coins_small,0.99,1000,26,0
pu_000001a,p_002878,s_p_002878_00009,2024-02-21T08:12:16.232Z,coins_small,0.99,1000,32,0
pu_000001b,p_002878,s_p_002878_00011,2024-02-28T08:38:32.173Z,starter_pack,1.99,2000,39,0
pu_000001c,p_002878,s_p_002878_00012,2024-02-28T20:27:15.383Z,coins_small,0.99,1000,39,0
pu_000001d,p_002878,s_p_002878_00015,2024-03-20T10:45:07.194Z,starter_pack,1.99,2000,60,0
pu_000001e,p_002878,s_p_002878_00017,2024-04-02T09:43:35.978Z,coins_small,0.99,1000,73,0
pu_000001f,p_002878,s_p_002878_00018,2024-04-04T10:50:50.370Z,coins_small,0.99,1000,75,0
pu_000001g,p_002878,s_p_002878_00020,2024-04-06T16:34:33.357Z,coins_medium,4.99,5500,77,0
pu_000001h,p_002878,s_p_002878_00026,2024-05-01T19:09:50.497Z,coins_small,0.99,1000,102,0
pu_000001i,p_002878,s_p_002878_00026,2024-05-01T19:14:54.811Z,coins_small,0.99,1000,102,0
pu_000001j,p_002878,s_p_002878_00026,2024-05-01T19:08:55.729Z,coins_medium,4.99,5500,102,0
pu_000001k,p_002878,s_p_002878_00027,2024-05-06T21:50:25.773Z,coins_small,0.99,1000,107,0
pu_000001l,p_002878,s_p_002878_00027,2024-05-06T21:45:20.506Z,starter_pack,1.99,2000,107,0
pu_000001m,p_002770,s_p_002770_00001,2024-04-01T18:15:06.415Z,starter_pack,1.99,2000,1,1
pu_000001n,p_002770,s_p_002770_00001,2024-04-01T17:57:13.373Z,vip_monthly,9.99,10000,1,0
pu_000001o,p_002770,s_p_002770_00002,2024-04-02T08:11:42.222Z,coins_large,19.99,25000,2,0
pu_000001p,p_002770,s_p_002770_00002,2024-04-02T08:08:27.891Z,coins_medium,4.99,5500,2,0
pu_000001q,p_002770,s_p_002770_00002,2024-04-02T08:09:58.134Z,coins_large,19.99,25000,2,0
pu_000001r,p_002770,s_p_002770_00003,2024-04-04T18:24:20.294Z,coins_medium,4.99,5500,4,0
pu_000001s,p_002770,s_p_002770_00003,2024-04-04T18:22:17.900Z,vip_monthly,9.99,10000,4,0
pu_000001t,p_002770,s_p_002770_00004,2024-04-05T13:46:21.415Z,coins_large,19.99,25000,5,0
pu_000001u,p_002770,s_p_002770_00004,2024-04-05T13:52:18.437Z,coins_small,0.99,1000,5,0
pu_000001v,p_002770,s_p_002770_00005,2024-04-06T07:12:57.854Z,coins_small,0.99,1000,6,0
pu_000001w,p_002770,s_p_002770_00005,2024-04-06T07:07:12.783Z,coins_large,19.99,25000,6,0
pu_000001x,p_002770,s_p_002770_00006,2024-04-07T10:58:42.560Z,coins_medium,4.99,5500,7,0
pu_000001y,p_002770,s_p_002770_00009,2024-04-10T09:26:07.028Z,vip_monthly,9.99,10000,10,0
pu_000001z,p_002770,s_p_002770_00016,2024-04-20T17:22:55.087Z,vip_monthly,9.99,10000,20,0
pu_0000020,p_002770,s_p_002770_00020,2024-04-25T19:47:11.057Z,coins_medium,4.99,5500,25,0
pu_0000021,p_002770,s_p_002770_00020,2024-04-25T19:44:32.942Z,starter_pack,1.99,2000,25,0
pu_0000022,p_002770,s_p_002770_00024,2024-04-30T18:39:42.055Z,coins_medium,4.99,5500,30,0
pu_0000023,p_002770,s_p_002770_00027,2024-05-02T20:01:51.516Z,coins_large,19.99,25000,32,0
pu_0000024,p_002770,s_p_002770_00028,2024-05-03T09:07:53.848Z,coins_large,19.99,25000,33,0
pu_0000025,p_002770,s_p_002770_00035,2024-05-09T12:39:39.434Z,coins_large,19.99,25000,39,0
pu_0000026,p_002770,s_p_002770_00041,2024-05-16T19:26:59.165Z,coins_large,19.99,25000,46,0
pu_0000027,p_002770,s_p_002770_00046,2024-05-18T21:23:03.355Z,coins_large,19.99,25000,48,0
pu_0000028,p_002770,s_p_002770_00053,2024-05-27T14:42:06.029Z,coins_large,19.99,25000,57,0
pu_0000029,p_002770,s_p_002770_00054,2024-05-28T06:35:23.891Z,coins_large,19.99,25000,58,0
pu_000002a,p_002770,s_p_002770_00055,2024-05-29T06:25:33.719Z,coins_medium,4.99,5500,59,0
pu_000002b,p_002770,s_p_002770_00057,2024-06-03T20:13:30.658Z,coins_small,0.99,1000,64,0
pu_000002c,p_002770,s_p_002770_00059,2024-06-06T13:43:43.050Z,coins_large,19.99,25000,67,0
pu_000002d,p_002770,s_p_002770_00059,2024-06-06T13:42:52.551Z,starter_pack,1.99,2000,67,0
pu_000002e,p_002770,s_p_002770_00075,2024-06-23T07:35:53.982Z,coins_medium,4.99,5500,84,0
pu_000002f,p_002770,s_p_002770_00083,2024-07-08T12:50:25.435Z,coins_medium,4.99,5500,99,0
pu_000002g,p_002770,s_p_002770_00087,2024-07-11T07:40:00.858Z,coins_large,19.99,25000,102,0
pu_000002h,p_002770,s_p_002770_00089,2024-07-12T09:26:43.847Z,vip_monthly,9.99,10000,103,0
pu_000002i,p_002770,s_p_002770_00089,2024-07-12T09:27:26.025Z,coins_large,19.99,25000,103,0
pu_000002j,p_002770,s_p_002770_00092,2024-07-15T15:34:03.876Z,coins_large,19.99,25000,106,0
pu_000002k,p_002770,s_p_002770_00094,2024-07-18T06:22:37.312Z,vip_monthly,9.99,10000,109,0
pu_000002l,p_002770,s_p_002770_00099,2024-07-22T12:06:37.210Z,coins_large,19.99,25000,113,0
pu_000002m,p_002770,s_p_002770_00100,2024-07-22T16:44:53.358Z,coins_large,19.99,25000,113,0
pu_000002n,p_002770,s_p_002770_00101,2024-07-23T23:15:08.112Z,coins_medium,4.99,5500,114,0
pu_000002o,p_002770,s_p_002770_00115,2024-08-12T15:18:36.878Z,coins_large,19.99,25000,134,0
pu_000002p,p_002770,s_p_002770_00118,2024-08-15T10:25:43.992Z,vip_monthly,9.99,10000,137,0
pu_000002q,p_002770,s_p_002770_00125,2024-08-25T10:12:29.018Z,coins_medium,4.99,5500,147,0
pu_000002r,p_002770,s_p_002770_00127,2024-08-27T08:38:34.211Z,coins_large,19.99,25000,149,0
pu_000002s,p_002770,s_p_002770_00129,2024-09-04T15:31:10.623Z,coins_small,0.99,1000,157,0
pu_000002t,p_002770,s_p_002770_00130,2024-09-05T21:51:47.720Z,coins_large,19.99,25000,158,0
pu_000002u,p_002770,s_p_002770_00134,2024-09-19T19:39:55.762Z,coins_large,19.99,25000,172,0
pu_000002v,p_002770,s_p_002770_00137,2024-09-26T16:12:02.876Z,coins_medium,4.99,5500,179,0
pu_000002w,p_002770,s_p_002770_00137,2024-09-26T16:02:12.930Z,coins_large,19.99,25000,179,0
pu_000002x,p_002770,s_p_002770_00143,2024-09-30T07:09:07.032Z,coins_medium,4.99,5500,183,0
pu_000002y,p_002770,s_p_002770_00149,2024-10-08T14:40:27.081Z,coins_small,0.99,1000,191,0
pu_000002z,p_002770,s_p_002770_00151,2024-10-12T11:23:39.746Z,coins_large,19.99,25000,195,0
pu_0000030,p_002770,s_p_002770_00156,2024-10-20T11:16:24.776Z,coins_small,0.99,1000,203,0
pu_0000031,p_002770,s_p_002770_00158,2024-10-21T10:27:33.324Z,coins_large,19.99,25000,204,0
pu_0000032,p_002770,s_p_002770_00160,2024-10-22T10:24:30.562Z,coins_medium,4.99,5500,205,0
pu_0000033,p_002770,s_p_002770_00170,2024-10-31T11:18:41.660Z,vip_monthly,9.99,10000,214,0
pu_0000034,p_002770,s_p_002770_00172,2024-11-01T12:24:06.313Z,vip_monthly,9.99,10000,215,0
pu_0000035,p_002770,s_p_002770_00174,2024-11-05T19:23:55.255Z,vip_monthly,9.99,10000,219,0
pu_0000036,p_002770,s_p_002770_00179,2024-11-11T10:49:34.698Z,coins_medium,4.99,5500,225,0
pu_0000037,p_002770,s_p_002770_00180,2024-11-11T19:34:38.347Z,coins_large,19.99,25000,225,0
pu_0000038,p_002770,s_p_002770_00180,2024-11-11T19:40:54.464Z,coins_large,19.99,25000,225,0
pu_0000039,p_002770,s_p_002770_00182,2024-11-14T11:04:35.215Z,coins_medium,4.99,5500,228,0
pu_000003a,p_002770,s_p_002770_00182,2024-11-14T11:03:11.348Z,coins_medium,4.99,5500,228,0
pu_000003b,p_002770,s_p_002770_00186,2024-11-15T17:49:31.826Z,coins_small,0.99,1000,229,0
pu_000003c,p_002770,s_p_002770_00187,2024-11-15T21:09:51.692Z,coins_medium,4.99,5500,229,0
pu_000003d,p_002770,s_p_002770_00187,2024-11-15T21:02:16.943Z,coins_small,0.99,1000,229,0
pu_000003e,p_002770,s_p_002770_00190,2024-11-22T12:25:35.094Z,vip_monthly,9.99,10000,236,0
pu_000003f,p_002770,s_p_002770_00198,2024-11-29T10:22:08.644Z,coins_medium,4.99,5500,243,0
pu_000003g,p_002770,s_p_002770_00201,2024-12-11T23:09:34.239Z,coins_medium,4.99,5500,255,0
pu_000003h,p_002770,s_p_002770_00202,2024-12-16T13:57:21.475Z,coins_medium,4.99,5500,260,0
pu_000003i,p_002756,s_p_002756_00001,2024-01-24T14:56:06.472Z,coins_small,0.99,1000,0,1
pu_000003j,p_002756,s_p_002756_00001,2024-01-24T14:51:22.303Z,coins_large,19.99,25000,0,0
pu_000003k,p_002756,s_p_002756_00001,2024-01-24T14:51:57.085Z,vip_monthly,9.99,10000,0,0
pu_000003l,p_002756,s_p_002756_00002,2024-01-25T09:19:02.915Z,vip_monthly,9.99,10000,1,0
pu_000003m,p_002756,s_p_002756_00003,2024-01-25T21:42:47.286Z,coins_small,0.99,1000,1,0
pu_000003n,p_002756,s_p_002756_00003,2024-01-25T21:32:06.542Z,vip_monthly,9.99,10000,1,0
pu_000003o,p_002756,s_p_002756_00003,2024-01-25T21:34:40.437Z,coins_small,0.99,1000,1,0
pu_000003p,p_002756,s_p_002756_00003,2024-01-25T21:39:41.309Z,coins_medium,4.99,5500,1,0
pu_000003q,p_002756,s_p_002756_00003,2024-01-25T21:35:17.010Z,vip_monthly,9.99,10000,1,0
pu_000003r,p_002756,s_p_002756_00004,2024-01-28T12:42:59.095Z,coins_large,19.99,25000,4,0
pu_000003s,p_002756,s_p_002756_00004,2024-01-28T12:51:05.993Z,coins_medium,4.99,5500,4,0
pu_000003t,p_002756,s_p_002756_00004,2024-01-28T12:35:22.646Z,vip_monthly,9.99,10000,4,0
pu_000003u,p_002756,s_p_002756_00005,2024-01-28T14:37:34.435Z,coins_large,19.99,25000,4,0
pu_000003v,p_002756,s_p_002756_00006,2024-02-02T07:21:32.330Z,vip_monthly,9.99,10000,9,0
pu_000003w,p_002756,s_p_002756_00013,2024-02-06T22:40:13.864Z,coins_large,19.99,25000,13,0
pu_000003x,p_002756,s_p_002756_00020,2024-02-13T22:45:08.319Z,coins_large,19.99,25000,20,0
pu_000003y,p_002756,s_p_002756_00022,2024-02-17T18:46:19.460Z,vip_monthly,9.99,10000,24,0
pu_000003z,p_002756,s_p_002756_00031,2024-03-01T20:44:37.963Z,coins_large,19.99,25000,37,0
pu_0000040,p_002756,s_p_002756_00037,2024-03-05T20:26:57.271Z,coins_medium,4.99,5500,41,0
pu_0000041,p_002756,s_p_002756_00050,2024-03-21T17:50:50.426Z,coins_small,0.99,1000,57,0
pu_0000042,p_002756,s_p_002756_00050,2024-03-21T17:48:29.810Z,vip_monthly,9.99,10000,57,0
pu_0000043,p_002756,s_p_002756_00052,2024-03-24T21:10:18.445Z,coins_large,19.99,25000,60,0
pu_0000044,p_002756,s_p_002756_00054,2024-03-26T07:36:40.336Z,coins_large,19.99,25000,62,0
pu_0000045,p_002756,s_p_002756_00055,2024-03-26T11:47:30.412Z,coins_small,0.99,1000,62,0
pu_0000046,p_002756,s_p_002756_00055,2024-03-26T11:55:47.416Z,coins_medium,4.99,5500,62,0
pu_0000047,p_002756,s_p_002756_00059,2024-03-31T12:01:24.141Z,coins_large,19.99,25000,67,0
pu_0000048,p_002756,s_p_002756_00060,2024-04-01T16:14:06.231Z,coins_large,19.99,25000,68,0
pu_0000049,p_002756,s_p_002756_00065,2024-04-06T09:46:47.071Z,coins_large,19.99,25000,73,0
pu_000004a,p_002756,s_p_002756_00066,2024-04-06T11:29:53.090Z,coins_large,19.99,25000,73,0
pu_000004b,p_002756,s_p_002756_00072,2024-04-15T11:21:13.147Z,coins_large,19.99,25000,82,0
pu_000004c,p_002756,s_p_002756_00075,2024-04-19T14:13:08.927Z,coins_small,0.99,1000,86,0
pu_000004d,p_002756,s_p_002756_00077,2024-04-20T23:05:24.996Z,coins_medium,4.99,5500,87,0
pu_000004e,p_002756,s_p_002756_00079,2024-04-22T23:32:18.673Z,coins_small,0.99,1000,89,0
pu_000004f,p_002756,s_p_002756_00095,2024-05-13T10:21:15.677Z,coins_large,19.99,25000,110,0
pu_000004g,p_002756,s_p_002756_00097,2024-05-14T13:26:05.985Z,coins_large,19.99,25000,111,0
pu_000004h,p_002756,s_p_002756_00100,2024-05-19T18:52:37.034Z,coins_large,19.99,25000,116,0
pu_000004i,p_002756,s_p_002756_00110,2024-06-03T09:12:48.627Z,coins_medium,4.99,5500,131,0
pu_000004j,p_002756,s_p_002756_00113,2024-06-04T22:23:40.799Z,vip_monthly,9.99,10000,132,0
pu_000004k,p_002756,s_p_002756_00117,2024-06-10T09:15:45.552Z,coins_medium,4.99,5500,138,0
pu_000004l,p_002756,s_p_002756_00121,2024-06-11T23:30:36.663Z,coins_small,0.99,1000,139,0
pu_000004m,p_002756,s_p_002756_00124,2024-06-19T14:03:35.756Z,coins_large,19.99,25000,147,0
pu_000004n,p_002756,s_p_002756_00125,2024-06-20T08:17:24.672Z,vip_monthly,9.99,10000,148,0
pu_000004o,p_002756,s_p_002756_00126,2024-06-21T08:24:54.003Z,coins_large,19.99,25000,149,0
pu_000004p,p_002756,s_p_002756_00127,2024-06-21T13:08:14.184Z,vip_monthly,9.99,10000,149,0
pu_000004q,p_002756,s_p_002756_00129,2024-06-25T14:48:12.017Z,coins_small,0.99,1000,153,0
pu_000004r,p_002756,s_p_002756_00131,2024-06-28T20:25:21.678Z,coins_large,19.99,25000,156,0
pu_000004s,p_002756,s_p_002756_00131,2024-06-28T20:32:21.411Z,coins_small,0.99,1000,156,0
pu_000004t,p_002756,s_p_002756_00133,2024-07-02T18:17:20.719Z,coins_medium,4.99,5500,160,0
pu_000004u,p_002756,s_p_002756_00134,2024-07-02T19:51:56.934Z,coins_large,19.99,25000,160,0
pu_000004v,p_002756,s_p_002756_00134,2024-07-02T19:57:52.280Z,coins_large,19.99,25000,160,0
pu_000004w,p_002756,s_p_002756_00143,2024-07-15T06:31:06.520Z,coins_medium,4.99,5500,173,0
pu_000004x,p_002756,s_p_002756_00148,2024-07-22T13:11:44.674Z,coins_large,19.99,25000,180,0
pu_000004y,p_002756,s_p_002756_00149,2024-07-23T11:05:21.275Z,coins_large,19.99,25000,181,0
pu_000004z,p_002756,s_p_002756_00154,2024-07-27T06:23:03.503Z,vip_monthly,9.99,10000,185,0
pu_0000050,p_002756,s_p_002756_00157,2024-07-30T22:59:38.106Z,vip_monthly,9.99,10000,188,0
pu_0000051,p_002756,s_p_002756_00159,2024-08-04T11:06:31.824Z,coins_large,19.99,25000,193,0
pu_0000052,p_002756,s_p_002756_00162,2024-08-06T20:24:28.318Z,vip_monthly,9.99,10000,195,0
pu_0000053,p_002756,s_p_002756_00167,2024-08-11T19:00:16.528Z,starter_pack,1.99,2000,200,0
pu_0000054,p_002756,s_p_002756_00167,2024-08-11T18:33:47.015Z,coins_medium,4.99,5500,200,0
pu_0000055,p_002756,s_p_002756_00175,2024-08-17T16:28:17.458Z,coins_small,0.99,1000,206,0
pu_0000056,p_002756,s_p_002756_00183,2024-08-26T11:30:31.165Z,coins_large,19.99,25000,215,0
pu_0000057,p_002756,s_p_002756_00187,2024-08-28T13:27:04.544Z,vip_monthly,9.99,10000,217,0
pu_0000058,p_002756,s_p_002756_00187,2024-08-28T13:20:52.897Z,coins_medium,4.99,5500,217,0
pu_0000059,p_002756,s_p_002756_00190,2024-09-02T14:16:50.600Z,coins_large,19.99,25000,222,0
pu_000005a,p_002756,s_p_002756_00190,2024-09-02T14:07:36.950Z,coins_large,19.99,25000,222,0
pu_000005b,p_002756,s_p_002756_00193,2024-09-10T22:15:04.756Z,vip_monthly,9.99,10000,230,0
pu_000005c,p_002756,s_p_002756_00195,2024-09-16T20:50:10.504Z,coins_large,19.99,25000,236,0
pu_000005d,p_002756,s_p_002756_00195,2024-09-16T21:01:13.365Z,coins_large,19.99,25000,236,0
pu_000005e,p_002756,s_p_002756_00201,2024-09-21T15:55:16.798Z,coins_large,19.99,25000,241,0
pu_000005f,p_002756,s_p_002756_00204,2024-09-28T08:54:48.062Z,coins_medium,4.99,5500,248,0
pu_000005g,p_002756,s_p_002756_00208,2024-10-05T22:32:37.703Z,coins_medium,4.99,5500,255,0
pu_000005h,p_002860,s_p_002860_00006,2024-09-18T16:59:53.681Z,starter_pack,1.99,2000,53,1
pu_000005i,p_002860,s_p_002860_00006,2024-09-18T17:12:04.379Z,coins_medium,4.99,5500,53,0
pu_000005j,p_002860,s_p_002860_00009,2024-09-24T09:08:48.101Z,coins_small,0.99,1000,59,0
pu_000005k,p_002856,s_p_002856_00005,2024-03-09T16:37:20.360Z,starter_pack,1.99,2000,26,1
pu_000005l,p_002856,s_p_002856_00010,2024-04-27T15:15:55.088Z,coins_medium,4.99,5500,75,0
pu_000005m,p_002856,s_p_002856_00011,2024-05-02T18:53:50.655Z,coins_small,0.99,1000,80,0
pu_000005n,p_002856,s_p_002856_00011,2024-05-02T18:56:54.941Z,coins_small,0.99,1000,80,0
pu_000005o,p_002856,s_p_002856_00012,2024-05-07T22:12:14.775Z,vip_monthly,9.99,10000,85,0
pu_000005p,p_002856,s_p_002856_00013,2024-05-12T15:19:50.768Z,coins_small,0.99,1000,90,0
pu_000005q,p_002856,s_p_002856_00017,2024-05-26T16:04:53.911Z,starter_pack,1.99,2000,104,0
pu_000005r,p_002856,s_p_002856_00018,2024-06-02T07:09:40.378Z,starter_pack,1.99,2000,111,0
pu_000005s,p_002856,s_p_002856_00020,2024-06-14T21:36:20.813Z,coins_medium,4.99,5500,123,0
pu_000005t,p_002856,s_p_002856_00026,2024-07-19T10:18:19.335Z,coins_medium,4.99,5500,158,0
pu_000005u,p_002856,s_p_002856_00026,2024-07-19T10:24:09.238Z,starter_pack,1.99,2000,158,0
pu_000005v,p_002856,s_p_002856_00029,2024-08-27T18:34:23.182Z,coins_small,0.99,1000,197,0
pu_000005w,p_001492,s_p_001492_00001,2024-11-24T08:26:25.147Z,coins_small,0.99,1000,5,1
pu_000005x,p_002803,s_p_002803_00001,2024-02-10T07:43:49.362Z,starter_pack,1.99,2000,4,1
pu_000005y,p_002803,s_p_002803_00001,2024-02-10T07:39:46.761Z,coins_small,0.99,1000,4,0
pu_000005z,p_002803,s_p_002803_00002,2024-02-12T17:52:08.231Z,coins_large,19.99,25000,6,0
pu_0000060,p_002803,s_p_002803_00003,2024-02-13T21:28:36.690Z,coins_small,0.99,1000,7,0
pu_0000061,p_002803,s_p_002803_00005,2024-02-17T16:25:44.236Z,coins_medium,4.99,5500,11,0
pu_0000062,p_002803,s_p_002803_00005,2024-02-17T16:18:27.688Z,coins_medium,4.99,5500,11,0
pu_0000063,p_002803,s_p_002803_00006,2024-02-18T06:42:23.121Z,coins_large,19.99,25000,12,0
pu_0000064,p_002803,s_p_002803_00013,2024-02-23T09:02:14.724Z,coins_small,0.99,1000,17,0
pu_0000065,p_002803,s_p_002803_00013,2024-02-23T08:57:13.140Z,coins_small,0.99,1000,17,0
pu_0000066,p_002803,s_p_002803_00013,2024-02-23T09:08:33.037Z,vip_monthly,9.99,10000,17,0
pu_0000067,p_002803,s_p_002803_00023,2024-03-07T08:17:55.706Z,coins_large,19.99,25000,30,0
pu_0000068,p_002803,s_p_002803_00024,2024-03-08T14:11:30.987Z,coins_medium,4.99,5500,31,0
pu_0000069,p_002803,s_p_002803_00029,2024-03-12T20:23:13.135Z,coins_large,19.99,25000,35,0
pu_000006a,p_002803,s_p_002803_00036,2024-03-21T06:20:05.300Z,coins_medium,4.99,5500,44,0
pu_000006b,p_002803,s_p_002803_00041,2024-03-25T07:26:57.686Z,coins_large,19.99,25000,48,0
pu_000006c,p_002803,s_p_002803_00046,2024-04-14T22:16:20.083Z,coins_large,19.99,25000,68,0
pu_000006d,p_002803,s_p_002803_00060,2024-04-30T23:00:06.131Z,coins_small,0.99,1000,84,0
pu_000006e,p_002803,s_p_002803_00061,2024-05-04T14:01:13.648Z,coins_small,0.99,1000,88,0
pu_000006f,p_002803,s_p_002803_00064,2024-05-06T10:03:54.026Z,vip_monthly,9.99,10000,90,0
pu_000006g,p_002803,s_p_002803_00065,2024-05-06T18:07:55.251Z,coins_medium,4.99,5500,90,0
pu_000006h,p_002803,s_p_002803_00072,2024-05-14T22:26:32.202Z,coins_medium,4.99,5500,98,0
pu_000006i,p_002803,s_p_002803_00091,2024-05-31T21:48:20.101Z,coins_large,19.99,25000,115,0
pu_000006j,p_002803,s_p_002803_00092,2024-06-02T06:37:21.761Z,coins_medium,4.99,5500,117,0
pu_000006k,p_002803,s_p_002803_00094,2024-06-05T15:50:43.660Z,coins_medium,4.99,5500,120,0
pu_000006l,p_002803,s_p_002803_00094,2024-06-05T15:45:12.042Z,coins_large,19.99,25000,120,0
pu_000006m,p_002803,s_p_002803_00097,2024-06-06T21:38:15.126Z,coins_medium,4.99,5500,121,0
pu_000006n,p_002803,s_p_002803_00098,2024-06-07T19:36:46.141Z,coins_large,19.99,25000,122,0
pu_000006o,p_002803,s_p_002803_00103,2024-06-10T16:50:37.329Z,coins_medium,4.99,5500,125,0
pu_000006p,p_002803,s_p_002803_00104,2024-06-11T20:19:55.284Z,coins_small,0.99,1000,126,0
pu_000006q,p_002803,s_p_002803_00112,2024-06-19T22:36:05.863Z,coins_small,0.99,1000,134,0
pu_000006r,p_002803,s_p_002803_00121,2024-06-27T21:07:42.166Z,coins_medium,4.99,5500,142,0
pu_000006s,p_002803,s_p_002803_00129,2024-07-06T23:05:33.127Z,starter_pack,1.99,2000,151,0
pu_000006t,p_002803,s_p_002803_00131,2024-07-10T08:34:15.500Z,coins_medium,4.99,5500,155,0
pu_000006u,p_002803,s_p_002803_00152,2024-07-29T22:16:51.729Z,coins_large,19.99,25000,174,0
pu_000006v,p_002803,s_p_002803_00156,2024-07-31T21:38:44.019Z,coins_medium,4.99,5500,176,0
pu_000006w,p_002803,s_p_002803_00180,2024-08-21T19:10:27.047Z,vip_monthly,9.99,10000,197,0
pu_000006x,p_002803,s_p_002803_00194,2024-09-24T20:55:48.427Z,coins_large,19.99,25000,231,0
pu_000006y,p_002803,s_p_002803_00209,2024-10-05T21:45:52.220Z,coins_large,19.99,25000,242,0
pu_000006z,p_002803,s_p_002803_00211,2024-10-06T16:25:49.835Z,coins_medium,4.99,5500,243,0
pu_0000070,p_002803,s_p_002803_00222,2024-10-18T20:44:59.473Z,starter_pack,1.99,2000,255,0
pu_0000071,p_002803,s_p_002803_00226,2024-10-22T07:57:05.096Z,coins_small,0.99,1000,259,0
pu_0000072,p_002803,s_p_002803_00231,2024-10-25T16:37:16.302Z,coins_medium,4.99,5500,262,0
pu_0000073,p_002803,s_p_002803_00242,2024-11-07T07:22:03.232Z,coins_small,0.99,1000,275,0
pu_0000074,p_002803,s_p_002803_00244,2024-11-09T08:30:13.699Z,coins_large,19.99,25000,277,0
pu_0000075,p_002803,s_p_002803_00257,2024-11-25T09:22:29.913Z,coins_large,19.99,25000,293,0
pu_0000076,p_002803,s_p_002803_00262,2024-12-04T12:27:24.831Z,coins_small,0.99,1000,302,0
pu_0000077,p_002829,s_p_002829_00001,2024-04-30T07:54:11.507Z,coins_large,19.99,25000,0,1
pu_0000078,p_002829,s_p_002829_00002,2024-04-30T08:20:27.768Z,coins_large,19.99,25000,0,0
pu_0000079,p_002829,s_p_002829_00002,2024-04-30T08:25:44.247Z,coins_large,19.99,25000,0,0
pu_000007a,p_002829,s_p_002829_00002,2024-04-30T08:21:17.126Z,vip_monthly,9.99,10000,0,0
pu_000007b,p_002829,s_p_002829_00003,2024-04-30T22:07:11.983Z,starter_pack,1.99,2000,0,0
pu_000007c,p_002829,s_p_002829_00003,2024-04-30T21:54:38.914Z,coins_large,19.99,25000,0,0
pu_000007d,p_002829,s_p_002829_00003,2024-04-30T22:02:54.927Z,vip_monthly,9.99,10000,0,0
pu_000007e,p_002829,s_p_002829_00003,2024-04-30T21:56:04.949Z,coins_large,19.99,25000,0,0
pu_000007f,p_002829,s_p_002829_00004,2024-05-02T10:56:30.077Z,coins_medium,4.99,5500,2,0
pu_000007g,p_002829,s_p_002829_00004,2024-05-02T10:54:22.874Z,vip_monthly,9.99,10000,2,0
pu_000007h,p_002829,s_p_002829_00004,2024-05-02T10:44:09.443Z,coins_large,19.99,25000,2,0
pu_000007i,p_002829,s_p_002829_00004,2024-05-02T10:53:41.611Z,coins_large,19.99,25000,2,0
pu_000007j,p_002829,s_p_002829_00005,2024-05-02T13:40:22.433Z,coins_large,19.99,25000,2,0
pu_000007k,p_002829,s_p_002829_00005,2024-05-02T13:38:04.600Z,coins_medium,4.99,5500,2,0
pu_000007l,p_002829,s_p_002829_00005,2024-05-02T13:44:23.452Z,starter_pack,1.99,2000,2,0
pu_000007m,p_002829,s_p_002829_00006,2024-05-03T11:07:22.858Z,coins_large,19.99,25000,3,0
pu_000007n,p_002829,s_p_002829_00006,2024-05-03T11:18:03.561Z,vip_monthly,9.99,10000,3,0
pu_000007o,p_002829,s_p_002829_00008,2024-05-10T10:35:48.424Z,coins_small,0.99,1000,10,0
pu_000007p,p_002829,s_p_002829_00009,2024-05-15T17:15:23.165Z,coins_medium,4.99,5500,15,0
pu_000007q,p_002829,s_p_002829_00012,2024-05-17T17:34:05.759Z,coins_medium,4.99,5500,17,0
pu_000007r,p_002829,s_p_002829_00019,2024-05-24T09:27:50.292Z,coins_large,19.99,25000,24,0
pu_000007s,p_002829,s_p_002829_00019,2024-05-24T09:18:10.045Z,coins_large,19.99,25000,24,0
pu_000007t,p_002829,s_p_002829_00021,2024-05-26T21:08:28.051Z,coins_large,19.99,25000,26,0
pu_000007u,p_002829,s_p_002829_00034,2024-06-11T22:09:14.719Z,coins_large,19.99,25000,42,0
pu_000007v,p_002829,s_p_002829_00036,2024-06-15T18:28:20.286Z,coins_large,19.99,25000,46,0
pu_000007w,p_002829,s_p_002829_00043,2024-06-24T07:38:27.185Z,coins_medium,4.99,5500,55,0
pu_000007x,p_002829,s_p_002829_00047,2024-06-28T22:48:59.617Z,vip_monthly,9.99,10000,59,0
pu_000007y,p_002829,s_p_002829_00048,2024-07-02T19:36:01.988Z,coins_medium,4.99,5500,63,0
pu_000007z,p_002829,s_p_002829_00050,2024-07-04T20:18:35.401Z,coins_small,0.99,1000,65,0
pu_0000080,p_002829,s_p_002829_00050,2024-07-04T20:29:20.789Z,coins_small,0.99,1000,65,0
pu_0000081,p_002829,s_p_002829_00054,2024-07-06T16:14:47.358Z,coins_medium,4.99,5500,67,0
pu_0000082,p_002829,s_p_002829_00058,2024-07-11T19:57:16.650Z,coins_medium,4.99,5500,72,0
pu_0000083,p_002829,s_p_002829_00060,2024-07-15T15:30:24.855Z,coins_medium,4.99,5500,76,0
pu_0000084,p_002829,s_p_002829_00066,2024-07-28T14:41:48.286Z,coins_medium,4.99,5500,89,0
pu_0000085,p_002829,s_p_002829_00068,2024-07-31T21:58:36.236Z,coins_medium,4.99,5500,92,0
pu_0000086,p_002829,s_p_002829_00070,2024-08-01T21:38:03.551Z,coins_small,0.99,1000,93,0
pu_0000087,p_002829,s_p_002829_00072,2024-08-03T11:17:59.279Z,coins_large,19.99,25000,95,0
pu_0000088,p_002829,s_p_002829_00074,2024-08-05T13:56:27.460Z,coins_medium,4.99,5500,97,0
pu_0000089,p_002829,s_p_002829_00076,2024-08-08T09:24:33.408Z,coins_medium,4.99,5500,100,0
pu_000008a,p_002829,s_p_002829_00080,2024-08-14T07:36:36.210Z,coins_medium,4.99,5500,106,0
pu_000008b,p_002829,s_p_002829_00084,2024-08-17T21:03:09.218Z,coins_small,0.99,1000,109,0
pu_000008c,p_002829,s_p_002829_00085,2024-08-18T06:27:14.545Z,coins_large,19.99,25000,110,0
pu_000008d,p_002829,s_p_002829_00088,2024-08-23T23:07:03.837Z,vip_monthly,9.99,10000,115,0
pu_000008e,p_002829,s_p_002829_00093,2024-08-26T14:20:33.593Z,coins_large,19.99,25000,118,0
pu_000008f,p_002829,s_p_002829_00098,2024-09-01T14:38:48.299Z,coins_medium,4.99,5500,124,0
pu_000008g,p_002829,s_p_002829_00101,2024-09-02T20:41:50.888Z,vip_monthly,9.99,10000,125,0
pu_000008h,p_002829,s_p_002829_00113,2024-09-24T07:03:20.220Z,coins_large,19.99,25000,147,0
pu_000008i,p_002829,s_p_002829_00121,2024-09-28T13:26:34.533Z,vip_monthly,9.99,10000,151,0
pu_000008j,p_002829,s_p_002829_00121,2024-09-28T13:29:01.406Z,coins_medium,4.99,5500,151,0
pu_000008k,p_002829,s_p_002829_00123,2024-10-03T15:10:37.432Z,coins_medium,4.99,5500,156,0
pu_000008l,p_002829,s_p_002829_00124,2024-10-07T15:37:17.905Z,coins_large,19.99,25000,160,0
pu_000008m,p_002829,s_p_002829_00124,2024-10-07T15:36:34.371Z,coins_large,19.99,25000,160,0
pu_000008n,p_002829,s_p_002829_00128,2024-10-10T21:58:30.158Z,coins_large,19.99,25000,163,0
pu_000008o,p_002829,s_p_002829_00128,2024-10-10T21:59:01.592Z,coins_small,0.99,1000,163,0
pu_000008p,p_002829,s_p_002829_00129,2024-10-13T06:19:20.332Z,vip_monthly,9.99,10000,166,0
pu_000008q,p_002829,s_p_002829_00131,2024-10-14T09:59:12.075Z,coins_medium,4.99,5500,167,0
pu_000008r,p_002829,s_p_002829_00131,2024-10-14T09:39:30.454Z,coins_medium,4.99,5500,167,0
pu_000008s,p_002829,s_p_002829_00132,2024-10-17T13:11:25.658Z,coins_medium,4.99,5500,170,0
pu_000008t,p_002829,s_p_002829_00133,2024-10-20T07:48:00.347Z,coins_large,19.99,25000,173,0
pu_000008u,p_002829,s_p_002829_00139,2024-10-24T21:02:48.823Z,coins_large,19.99,25000,177,0
pu_000008v,p_002829,s_p_002829_00139,2024-10-24T20:43:45.142Z,coins_medium,4.99,5500,177,0
pu_000008w,p_002829,s_p_002829_00141,2024-10-26T17:04:39.840Z,coins_small,0.99,1000,179,0
pu_000008x,p_002829,s_p_002829_00142,2024-10-28T10:39:35.561Z,coins_small,0.99,1000,181,0
pu_000008y,p_002829,s_p_002829_00142,2024-10-28T10:29:04.545Z,coins_large,19.99,25000,181,0
pu_000008z,p_002829,s_p_002829_00148,2024-11-03T09:29:38.688Z,coins_large,19.99,25000,187,0
pu_0000090,p_002829,s_p_002829_00149,2024-11-03T16:58:12.830Z,coins_small,0.99,1000,187,0
pu_0000091,p_002829,s_p_002829_00149,2024-11-03T17:17:24.922Z,coins_medium,4.99,5500,187,0
pu_0000092,p_002829,s_p_002829_00149,2024-11-03T17:22:32.452Z,vip_monthly,9.99,10000,187,0
pu_0000093,p_002829,s_p_002829_00150,2024-11-04T18:00:49.234Z,coins_small,0.99,1000,188,0
pu_0000094,p_002829,s_p_002829_00150,2024-11-04T17:57:49.068Z,coins_large,19.99,25000,188,0
pu_0000095,p_002829,s_p_002829_00155,2024-11-09T18:25:01.953Z,vip_monthly,9.99,10000,193,0
pu_0000096,p_002829,s_p_002829_00159,2024-11-15T20:58:51.016Z,vip_monthly,9.99,10000,199,0
pu_0000097,p_002829,s_p_002829_00160,2024-11-21T07:52:26.898Z,coins_small,0.99,1000,205,0
pu_0000098,p_002829,s_p_002829_00161,2024-11-21T10:31:52.358Z,coins_small,0.99,1000,205,0
pu_0000099,p_002829,s_p_002829_00162,2024-11-29T22:15:09.690Z,coins_medium,4.99,5500,213,0
pu_000009a,p_001261,s_p_001261_00001,2024-09-03T17:12:36.055Z,starter_pack,1.99,2000,23,1
pu_000009b,p_001261,s_p_001261_00001,2024-09-03T17:12:08.807Z,starter_pack,1.99,2000,23,0
pu_000009c,p_002995,s_p_002995_00005,2024-03-31T08:13:54.938Z,starter_pack,1.99,2000,44,1
pu_000009d,p_002995,s_p_002995_00018,2024-07-06T16:36:58.895Z,vip_monthly,9.99,10000,141,0
pu_000009e,p_002995,s_p_002995_00020,2024-07-07T09:22:06.709Z,starter_pack,1.99,2000,142,0
pu_000009f,p_002995,s_p_002995_00020,2024-07-07T09:31:23.903Z,coins_small,0.99,1000,142,0
pu_000009g,p_002995,s_p_002995_00020,2024-07-07T09:23:41.037Z,starter_pack,1.99,2000,142,0
pu_000009h,p_002995,s_p_002995_00021,2024-07-08T06:13:48.584Z,coins_small,0.99,1000,143,0
pu_000009i,p_002995,s_p_002995_00023,2024-07-15T16:33:40.198Z,coins_small,0.99,1000,150,0
pu_000009j,p_002898,s_p_002898_00001,2024-08-11T18:50:29.739Z,starter_pack,1.99,2000,0,1
pu_000009k,p_002898,s_p_002898_00001,2024-08-11T18:52:24.674Z,coins_small,0.99,1000,0,0
pu_000009l,p_002898,s_p_002898_00001,2024-08-11T18:48:34.277Z,coins_small,0.99,1000,0,0
pu_000009m,p_002898,s_p_002898_00004,2024-09-07T14:57:21.411Z,coins_small,0.99,1000,27,0
pu_000009n,p_002898,s_p_002898_00007,2024-10-05T18:34:27.956Z,coins_small,0.99,1000,55,0
pu_000009o,p_002898,s_p_002898_00008,2024-10-15T23:24:09.804Z,coins_small,0.99,1000,65,0
pu_000009p,p_002898,s_p_002898_00011,2024-11-11T06:50:46.373Z,coins_small,0.99,1000,92,0
pu_000009q,p_002898,s_p_002898_00011,2024-11-11T06:59:36.435Z,coins_small,0.99,1000,92,0
pu_000009r,p_002898,s_p_002898_00013,2024-12-25T19:02:11.686Z,coins_medium,4.99,5500,136,0
pu_000009s,p_002760,s_p_002760_00001,2024-03-04T08:19:32.556Z,starter_pack,1.99,2000,0,1
pu_000009t,p_002760,s_p_002760_00001,2024-03-04T08:22:28.163Z,coins_medium,4.99,5500,0,0
pu_000009u,p_002760,s_p_002760_00001,2024-03-04T08:36:02.421Z,coins_medium,4.99,5500,0,0
pu_000009v,p_002760,s_p_002760_00002,2024-03-04T21:29:55.056Z,coins_medium,4.99,5500,0,0
pu_000009w,p_002760,s_p_002760_00002,2024-03-04T21:49:44.963Z,coins_medium,4.99,5500,0,0
pu_000009x,p_002760,s_p_002760_00003,2024-03-05T14:44:37.262Z,coins_large,19.99,25000,1,0
pu_000009y,p_002760,s_p_002760_00003,2024-03-05T14:52:05.304Z,coins_medium,4.99,5500,1,0
pu_000009z,p_002760,s_p_002760_00004,2024-03-09T18:12:25.059Z,coins_large,19.99,25000,5,0
pu_00000a0,p_002760,s_p_002760_00004,2024-03-09T18:05:41.315Z,coins_medium,4.99,5500,5,0
pu_00000a1,p_002760,s_p_002760_00005,2024-03-11T15:58:13.514Z,coins_medium,4.99,5500,7,0
pu_00000a2,p_002760,s_p_002760_00005,2024-03-11T15:46:08.489Z,coins_large,19.99,25000,7,0
pu_00000a3,p_002760,s_p_002760_00005,2024-03-11T15:33:04.856Z,coins_large,19.99,25000,7,0
pu_00000a4,p_002760,s_p_002760_00005,2024-03-11T15:37:12.849Z,coins_small,0.99,1000,7,0
pu_00000a5,p_002760,s_p_002760_00005,2024-03-11T15:33:31.417Z,coins_large,19.99,25000,7,0
pu_00000a6,p_002760,s_p_002760_00005,2024-03-11T15:30:59.445Z,coins_medium,4.99,5500,7,0
pu_00000a7,p_002760,s_p_002760_00005,2024-03-11T15:30:34.312Z,coins_small,0.99,1000,7,0
pu_00000a8,p_002760,s_p_002760_00005,2024-03-11T15:37:04.255Z,starter_pack,1.99,2000,7,0
pu_00000a9,p_002760,s_p_002760_00006,2024-03-11T18:42:20.730Z,coins_small,0.99,1000,7,0
pu_00000aa,p_002760,s_p_002760_00010,2024-03-17T06:46:31.133Z,coins_medium,4.99,5500,13,0
pu_00000ab,p_002760,s_p_002760_00015,2024-03-21T18:36:21.329Z,coins_large,19.99,25000,17,0
pu_00000ac,p_002760,s_p_002760_00019,2024-03-26T08:59:21.120Z,coins_medium,4.99,5500,22,0
pu_00000ad,p_002760,s_p_002760_00021,2024-03-27T16:57:26.369Z,coins_large,19.99,25000,23,0
pu_00000ae,p_002760,s_p_002760_00021,2024-03-27T16:55:21.577Z,coins_medium,4.99,5500,23,0
pu_00000af,p_002760,s_p_002760_00021,2024-03-27T16:27:48.231Z,coins_small,0.99,1000,23,0
pu_00000ag,p_002760,s_p_002760_00024,2024-04-01T08:51:48.223Z,coins_small,0.99,1000,28,0
pu_00000ah,p_002760,s_p_002760_00030,2024-04-07T09:13:09.592Z,coins_small,0.99,1000,34,0
pu_00000ai,p_002760,s_p_002760_00031,2024-04-07T22:42:11.603Z,coins_small,0.99,1000,34,0
pu_00000aj,p_002760,s_p_002760_00031,2024-04-07T23:12:07.772Z,coins_medium,4.99,5500,34,0
pu_00000ak,p_002760,s_p_002760_00033,2024-04-11T08:40:52.576Z,coins_medium,4.99,5500,38,0
pu_00000al,p_002760,s_p_002760_00038,2024-04-17T14:46:28.261Z,coins_medium,4.99,5500,44,0
pu_00000am,p_002760,s_p_002760_00042,2024-04-21T11:49:54.171Z,coins_large,19.99,25000,48,0
pu_00000an,p_002760,s_p_002760_00046,2024-04-26T15:07:15.694Z,vip_monthly,9.99,10000,53,0
pu_00000ao,p_002760,s_p_002760_00046,2024-04-26T15:01:34.783Z,coins_large,19.99,25000,53,0
pu_00000ap,p_002760,s_p_002760_00049,2024-04-28T15:29:34.022Z,coins_medium,4.99,5500,55,0
pu_00000aq,p_002760,s_p_002760_00056,2024-05-07T17:23:43.194Z,coins_medium,4.99,5500,64,0
pu_00000ar,p_002760,s_p_002760_00057,2024-05-11T11:39:07.179Z,vip_monthly,9.99,10000,68,0
pu_00000as,p_002760,s_p_002760_00057,2024-05-11T11:22:26.474Z,coins_large,19.99,25000,68,0
pu_00000at,p_002760,s_p_002760_00061,2024-05-14T22:50:34.845Z,coins_small,0.99,1000,71,0
pu_00000au,p_002760,s_p_002760_00068,2024-05-23T11:05:04.286Z,coins_large,19.99,25000,80,0
pu_00000av,p_002760,s_p_002760_00078,2024-05-31T17:37:47.758Z,coins_medium,4.99,5500,88,0
pu_00000aw,p_002760,s_p_002760_00078,2024-05-31T17:52:15.891Z,coins_small,0.99,1000,88,0
pu_00000ax,p_002760,s_p_002760_00085,2024-06-12T19:04:37.973Z,coins_medium,4.99,5500,100,0
pu_00000ay,p_002760,s_p_002760_00086,2024-06-12T20:59:23.427Z,coins_medium,4.99,5500,100,0
pu_00000az,p_002760,s_p_002760_00091,2024-06-15T14:47:22.750Z,coins_large,19.99,25000,103,0
pu_00000b0,p_002760,s_p_002760_00092,2024-06-16T18:00:12.557Z,coins_small,0.99,1000,104,0
pu_00000b1,p_002760,s_p_002760_00098,2024-06-30T08:39:05.296Z,vip_monthly,9.99,10000,118,0
pu_00000b2,p_002760,s_p_002760_00101,2024-07-04T13:53:55.799Z,coins_large,19.99,25000,122,0
pu_00000b3,p_002760,s_p_002760_00105,2024-07-08T12:44:47.037Z,coins_large,19.99,25000,126,0
pu_00000b4,p_002760,s_p_002760_00106,2024-07-09T11:17:57.886Z,vip_monthly,9.99,10000,127,0
pu_00000b5,p_002760,s_p_002760_00107,2024-07-09T21:19:48.995Z,vip_monthly,9.99,10000,127,0
pu_00000b6,p_002760,s_p_002760_00109,2024-07-13T22:16:30.652Z,coins_medium,4.99,5500,131,0
pu_00000b7,p_002760,s_p_002760_00110,2024-07-15T15:08:44.586Z,coins_small,0.99,1000,133,0
pu_00000b8,p_002760,s_p_002760_00113,2024-07-19T06:22:30.108Z,coins_large,19.99,25000,137,0
pu_00000b9,p_002760,s_p_002760_00114,2024-07-19T07:36:03.021Z,coins_medium,4.99,5500,137,0
pu_00000ba,p_002760,s_p_002760_00115,2024-07-21T06:26:41.349Z,coins_medium,4.99,5500,139,0
pu_00000bb,p_002760,s_p_002760_00116,2024-07-21T14:00:14.669Z,coins_large,19.99,25000,139,0
pu_00000bc,p_002760,s_p_002760_00116,2024-07-21T14:21:50.731Z,coins_large,19.99,25000,139,0
pu_00000bd,p_002760,s_p_002760_00117,2024-07-23T08:45:12.853Z,coins_large,19.99,25000,141,0
pu_00000be,p_002760,s_p_002760_00118,2024-07-24T07:37:41.214Z,coins_medium,4.99,5500,142,0
pu_00000bf,p_002760,s_p_002760_00119,2024-07-25T09:08:47.850Z,vip_monthly,9.99,10000,143,0
pu_00000bg,p_002760,s_p_002760_00125,2024-07-28T17:11:14.675Z,vip_monthly,9.99,10000,146,0
pu_00000bh,p_002760,s_p_002760_00126,2024-07-29T07:39:16.224Z,coins_medium,4.99,5500,147,0
pu_00000bi,p_002760,s_p_002760_00127,2024-08-01T15:55:34.321Z,vip_monthly,9.99,10000,150,0
pu_00000bj,p_002760,s_p_002760_00129,2024-08-02T11:33:07.411Z,coins_medium,4.99,5500,151,0
pu_00000bk,p_002760,s_p_002760_00129,2024-08-02T11:35:34.845Z,coins_large,19.99,25000,151,0
pu_00000bl,p_002760,s_p_002760_00130,2024-08-02T19:21:17.849Z,coins_large,19.99,25000,151,0
pu_00000bm,p_002760,s_p_002760_00131,2024-08-07T14:01:44.315Z,coins_large,19.99,25000,156,0
pu_00000bn,p_002760,s_p_002760_00135,2024-08-13T10:10:28.141Z,coins_medium,4.99,5500,162,0
pu_00000bo,p_002760,s_p_002760_00136,2024-08-13T12:35:48.524Z,coins_medium,4.99,5500,162,0
pu_00000bp,p_002760,s_p_002760_00137,2024-08-14T17:37:39.878Z,vip_monthly,9.99,10000,163,0
pu_00000bq,p_002760,s_p_002760_00139,2024-08-15T09:07:38.942Z,coins_large,19.99,25000,164,0
pu_00000br,p_002760,s_p_002760_00179,2024-09-21T19:49:06.740Z,coins_medium,4.99,5500,201,0
pu_00000bs,p_002760,s_p_002760_00181,2024-09-23T12:33:17.406Z,starter_pack,1.99,2000,203,0
pu_00000bt,p_002760,s_p_002760_00181,2024-09-23T12:24:28.600Z,coins_large,19.99,25000,203,0
pu_00000bu,p_002760,s_p_002760_00186,2024-09-27T22:45:15.018Z,coins_large,19.99,25000,207,0
pu_00000bv,p_002760,s_p_002760_00189,2024-10-02T15:30:54.958Z,coins_medium,4.99,5500,212,0
pu_00000bw,p_002760,s_p_002760_00192,2024-10-03T22:27:38.851Z,coins_large,19.99,25000,213,0
pu_00000bx,p_002760,s_p_002760_00194,2024-10-05T10:25:59.280Z,coins_medium,4.99,5500,215,0
pu_00000by,p_002760,s_p_002760_00205,2024-10-17T23:12:23.376Z,coins_medium,4.99,5500,227,0
pu_00000bz,p_002760,s_p_002760_00208,2024-10-20T22:07:46.209Z,coins_large,19.99,25000,230,0
pu_00000c0,p_002760,s_p_002760_00209,2024-10-24T13:16:10.706Z,coins_medium,4.99,5500,234,0
pu_00000c1,p_002760,s_p_002760_00210,2024-10-27T21:57:17.017Z,starter_pack,1.99,2000,237,0
pu_00000c2,p_002760,s_p_002760_00230,2024-11-24T16:44:49.536Z,coins_large,19.99,25000,265,0
pu_00000c3,p_002760,s_p_002760_00231,2024-11-26T17:29:59.963Z,coins_medium,4.99,5500,267,0
pu_00000c4,p_002760,s_p_002760_00237,2024-12-03T17:31:29.620Z,coins_medium,4.99,5500,274,0
pu_00000c5,p_002478,s_p_002478_00003,2024-06-24T13:34:51.408Z,starter_pack,1.99,2000,5,1
pu_00000c6,p_002478,s_p_002478_00014,2024-08-09T23:21:29.375Z,coins_small,0.99,1000,51,0
pu_00000c7,p_002478,s_p_002478_00020,2024-08-25T16:32:02.917Z,coins_small,0.99,1000,67,0
pu_00000c8,p_002478,s_p_002478_00038,2024-10-05T18:04:19.508Z,coins_small,0.99,1000,108,0
pu_00000c9,p_002721,s_p_002721_00001,2024-04-21T18:38:48.989Z,coins_large,19.99,25000,0,1
pu_00000ca,p_002721,s_p_002721_00001,2024-04-21T18:36:16.318Z,coins_large,19.99,25000,0,0
pu_00000cb,p_002721,s_p_002721_00001,2024-04-21T18:43:55.635Z,coins_medium,4.99,5500,0,0
pu_00000cc,p_002721,s_p_002721_00001,2024-04-21T18:39:27.551Z,coins_medium,4.99,5500,0,0
pu_00000cd,p_002721,s_p_002721_00002,2024-04-22T11:35:43.001Z,coins_large,19.99,25000,1,0
pu_00000ce,p_002721,s_p_002721_00002,2024-04-22T11:47:25.411Z,coins_medium,4.99,5500,1,0
pu_00000cf,p_002721,s_p_002721_00002,2024-04-22T11:47:12.283Z,coins_medium,4.99,5500,1,0
pu_00000cg,p_002721,s_p_002721_00002,2024-04-22T11:37:35.414Z,coins_small,0.99,1000,1,0
pu_00000ch,p_002721,s_p_002721_00003,2024-04-25T12:38:24.724Z,coins_large,19.99,25000,4,0
pu_00000ci,p_002721,s_p_002721_00003,2024-04-25T12:40:22.592Z,coins_large,19.99,25000,4,0
pu_00000cj,p_002721,s_p_002721_00003,2024-04-25T12:42:32.620Z,coins_small,0.99,1000,4,0
pu_00000ck,p_002721,s_p_002721_00003,2024-04-25T12:45:28.384Z,coins_large,19.99,25000,4,0
pu_00000cl,p_002721,s_p_002721_00004,2024-04-28T20:43:10.990Z,coins_large,19.99,25000,7,0
pu_00000cm,p_002721,s_p_002721_00004,2024-04-28T20:51:56.247Z,coins_medium,4.99,5500,7,0
pu_00000cn,p_002721,s_p_002721_00005,2024-04-29T18:18:35.942Z,coins_medium,4.99,5500,8,0
pu_00000co,p_002721,s_p_002721_00006,2024-04-30T07:13:37.451Z,vip_monthly,9.99,10000,9,0
pu_00000cp,p_002721,s_p_002721_00006,2024-04-30T07:25:41.356Z,vip_monthly,9.99,10000,9,0
pu_00000cq,p_002721,s_p_002721_00007,2024-04-30T10:21:02.242Z,coins_small,0.99,1000,9,0
pu_00000cr,p_002721,s_p_002721_00014,2024-05-10T07:08:47.737Z,coins_large,19.99,25000,19,0
pu_00000cs,p_002721,s_p_002721_00014,2024-05-10T07:08:47.535Z,coins_medium,4.99,5500,19,0
pu_00000ct,p_002721,s_p_002721_00019,2024-05-17T10:54:03.351Z,vip_monthly,9.99,10000,26,0
pu_00000cu,p_002721,s_p_002721_00021,2024-05-21T19:15:14.344Z,coins_medium,4.99,5500,30,0
pu_00000cv,p_002721,s_p_002721_00022,2024-05-23T11:51:40.871Z,coins_large,19.99,25000,32,0
pu_00000cw,p_002721,s_p_002721_00024,2024-05-25T21:05:22.050Z,coins_large,19.99,25000,34,0
pu_00000cx,p_002721,s_p_002721_00024,2024-05-25T21:12:25.862Z,coins_medium,4.99,5500,34,0
pu_00000cy,p_002721,s_p_002721_00024,2024-05-25T21:18:30.645Z,coins_large,19.99,25000,34,0
pu_00000cz,p_002721,s_p_002721_00028,2024-05-28T23:00:57.739Z,coins_medium,4.99,5500,37,0
pu_00000d0,p_002721,s_p_002721_00030,2024-06-01T09:31:54.829Z,coins_medium,4.99,5500,41,0
pu_00000d1,p_002721,s_p_002721_00031,2024-06-02T08:22:39.035Z,coins_large,19.99,25000,42,0
pu_00000d2,p_002721,s_p_002721_00044,2024-06-19T14:54:21.518Z,coins_large,19.99,25000,59,0
pu_00000d3,p_002721,s_p_002721_00046,2024-06-20T17:53:22.802Z,coins_medium,4.99,5500,60,0
pu_00000d4,p_002721,s_p_002721_00046,2024-06-20T18:02:34.044Z,coins_small,0.99,1000,60,0
pu_00000d5,p_002721,s_p_002721_00050,2024-06-25T23:26:40.148Z,coins_medium,4.99,5500,65,0
pu_00000d6,p_002721,s_p_002721_00052,2024-07-02T22:01:25.246Z,coins_large,19.99,25000,72,0
pu_00000d7,p_002721,s_p_002721_00052,2024-07-02T22:12:27.987Z,vip_monthly,9.99,10000,72,0
pu_00000d8,p_002721,s_p_002721_00052,2024-07-02T22:20:40.098Z,coins_large,19.99,25000,72,0
pu_00000d9,p_002721,s_p_002721_00056,2024-07-04T21:47:25.720Z,coins_small,0.99,1000,74,0
pu_00000da,p_002721,s_p_002721_00057,2024-07-05T11:32:45.070Z,coins_large,19.99,25000,75,0
pu_00000db,p_002721,s_p_002721_00061,2024-07-07T19:27:49.924Z,coins_medium,4.99,5500,77,0
pu_00000dc,p_002721,s_p_002721_00061,2024-07-07T19:30:08.538Z,coins_medium,4.99,5500,77,0
pu_00000dd,p_002721,s_p_002721_00063,2024-07-10T12:08:11.651Z,coins_large,19.99,25000,80,0
pu_00000de,p_002721,s_p_002721_00066,2024-07-14T23:07:08.803Z,coins_large,19.99,25000,84,0
pu_00000df,p_002721,s_p_002721_00066,2024-07-14T23:17:18.932Z,coins_large,19.99,25000,84,0
pu_00000dg,p_002721,s_p_002721_00068,2024-07-15T23:18:02.830Z,coins_medium,4.99,5500,85,0
pu_00000dh,p_002721,s_p_002721_00068,2024-07-15T23:15:16.451Z,coins_medium,4.99,5500,85,0
pu_00000di,p_002721,s_p_002721_00071,2024-07-22T06:56:05.553Z,coins_medium,4.99,5500,92,0
pu_00000dj,p_002721,s_p_002721_00071,2024-07-22T06:42:45.244Z,coins_large,19.99,25000,92,0
pu_00000dk,p_002721,s_p_002721_00074,2024-07-25T13:33:49.108Z,coins_large,19.99,25000,95,0
pu_00000dl,p_002721,s_p_002721_00074,2024-07-25T13:22:33.734Z,coins_small,0.99,1000,95,0
pu_00000dm,p_002721,s_p_002721_00076,2024-07-27T11:58:20.630Z,starter_pack,1.99,2000,97,0
pu_00000dn,p_002721,s_p_002721_00078,2024-07-29T08:57:53.649Z,vip_monthly,9.99,10000,99,0
pu_00000do,p_002721,s_p_002721_00078,2024-07-29T09:00:01.497Z,coins_medium,4.99,5500,99,0
pu_00000dp,p_002721,s_p_002721_00080,2024-07-30T19:35:49.774Z,coins_large,19.99,25000,100,0
pu_00000dq,p_002721,s_p_002721_00090,2024-08-19T12:12:33.675Z,coins_large,19.99,25000,120,0
pu_00000dr,p_002721,s_p_002721_00094,2024-08-26T12:16:43.574Z,coins_small,0.99,1000,127,0
pu_00000ds,p_002721,s_p_002721_00094,2024-08-26T12:44:50.410Z,coins_small,0.99,1000,127,0
pu_00000dt,p_002721,s_p_002721_00097,2024-08-31T08:36:10.559Z,coins_large,19.99,25000,132,0
pu_00000du,p_002721,s_p_002721_00100,2024-09-01T14:37:09.722Z,vip_monthly,9.99,10000,133,0
pu_00000dv,p_002721,s_p_002721_00105,2024-09-11T19:59:14.829Z,coins_medium,4.99,5500,143,0
pu_00000dw,p_002721,s_p_002721_00106,2024-09-12T14:14:17.226Z,coins_large,19.99,25000,144,0
pu_00000dx,p_002721,s_p_002721_00109,2024-09-18T16:10:27.506Z,vip_monthly,9.99,10000,150,0
pu_00000dy,p_002721,s_p_002721_00110,2024-09-19T19:56:02.102Z,coins_large,19.99,25000,151,0
pu_00000dz,p_002721,s_p_002721_00111,2024-09-22T07:02:04.750Z,coins_large,19.99,25000,154,0
pu_00000e0,p_002721,s_p_002721_00111,2024-09-22T07:07:03.677Z,vip_monthly,9.99,10000,154,0
pu_00000e1,p_002721,s_p_002721_00113,2024-09-23T15:40:09.251Z,starter_pack,1.99,2000,155,0
pu_00000e2,p_002721,s_p_002721_00113,2024-09-23T15:36:45.989Z,coins_large,19.99,25000,155,0
pu_00000e3,p_002721,s_p_002721_00116,2024-09-27T21:56:12.336Z,vip_monthly,9.99,10000,159,0
pu_00000e4,p_002721,s_p_002721_00120,2024-10-02T15:46:45.101Z,vip_monthly,9.99,10000,164,0
pu_00000e5,p_002721,s_p_002721_00128,2024-10-10T20:29:57.238Z,coins_medium,4.99,5500,172,0
pu_00000e6,p_002721,s_p_002721_00136,2024-10-21T18:26:53.307Z,coins_medium,4.99,5500,183,0
pu_00000e7,p_002721,s_p_002721_00136,2024-10-21T18:26:05.703Z,coins_small,0.99,1000,183,0
pu_00000e8,p_002721,s_p_002721_00138,2024-10-28T18:56:50.659Z,coins_medium,4.99,5500,190,0
pu_00000e9,p_002721,s_p_002721_00143,2024-11-06T18:57:42.883Z,coins_large,19.99,25000,199,0
pu_00000ea,p_002721,s_p_002721_00153,2024-11-25T08:50:49.370Z,coins_large,19.99,25000,218,0
pu_00000eb,p_002721,s_p_002721_00158,2024-12-06T15:57:19.999Z,coins_large,19.99,25000,229,0
pu_00000ec,p_002721,s_p_002721_00158,2024-12-06T16:05:54.826Z,vip_monthly,9.99,10000,229,0
pu_00000ed,p_002889,s_p_002889_00001,2024-07-05T17:52:03.924Z,starter_pack,1.99,2000,6,1
pu_00000ee,p_002889,s_p_002889_00002,2024-07-08T08:15:20.834Z,coins_small,0.99,1000,9,0
pu_00000ef,p_002889,s_p_002889_00002,2024-07-08T08:14:00.862Z,coins_small,0.99,1000,9,0
pu_00000eg,p_002889,s_p_002889_00002,2024-07-08T08:19:02.722Z,coins_medium,4.99,5500,9,0
pu_00000eh,p_002889,s_p_002889_00003,2024-07-19T10:24:24.585Z,coins_large,19.99,25000,20,0
pu_00000ei,p_002889,s_p_002889_00005,2024-07-25T10:07:38.772Z,coins_small,0.99,1000,26,0
pu_00000ej,p_002889,s_p_002889_00005,2024-07-25T10:08:04.343Z,coins_medium,4.99,5500,26,0
pu_00000ek,p_002889,s_p_002889_00007,2024-08-18T09:26:45.894Z,coins_small,0.99,1000,50,0
pu_00000el,p_002889,s_p_002889_00008,2024-09-01T06:13:25.728Z,coins_medium,4.99,5500,64,0
pu_00000em,p_002889,s_p_002889_00011,2024-09-24T18:43:01.577Z,coins_small,0.99,1000,87,0
pu_00000en,p_002889,s_p_002889_00012,2024-09-30T08:01:47.015Z,coins_medium,4.99,5500,93,0
pu_00000eo,p_002889,s_p_002889_00012,2024-09-30T07:54:20.711Z,coins_medium,4.99,5500,93,0
pu_00000ep,p_002889,s_p_002889_00013,2024-10-03T20:39:18.864Z,coins_large,19.99,25000,96,0
pu_00000eq,p_002889,s_p_002889_00013,2024-10-03T20:39:56.912Z,coins_small,0.99,1000,96,0
pu_00000er,p_002889,s_p_002889_00015,2024-11-01T11:34:33.529Z,coins_small,0.99,1000,125,0
pu_00000es,p_002889,s_p_002889_00016,2024-11-09T23:23:30.198Z,coins_medium,4.99,5500,133,0
pu_00000et,p_002814,s_p_002814_00001,2024-05-08T11:23:29.320Z,coins_medium,4.99,5500,0,1
pu_00000eu,p_002814,s_p_002814_00002,2024-05-08T17:09:44.339Z,vip_monthly,9.99,10000,0,0
pu_00000ev,p_002814,s_p_002814_00002,2024-05-08T17:11:09.575Z,vip_monthly,9.99,10000,0,0
pu_00000ew,p_002814,s_p_002814_00002,2024-05-08T17:07:51.165Z,coins_large,19.99,25000,0,0
pu_00000ex,p_002814,s_p_002814_00003,2024-05-09T07:38:54.750Z,coins_medium,4.99,5500,1,0
pu_00000ey,p_002814,s_p_002814_00003,2024-05-09T07:36:12.860Z,coins_medium,4.99,5500,1,0
pu_00000ez,p_002814,s_p_002814_00003,2024-05-09T07:14:53.654Z,coins_small,0.99,1000,1,0
pu_00000f0,p_002814,s_p_002814_00005,2024-05-10T10:54:56.498Z,coins_large,19.99,25000,2,0
pu_00000f1,p_002814,s_p_002814_00006,2024-05-11T13:11:45.810Z,vip_monthly,9.99,10000,3,0
pu_00000f2,p_002814,s_p_002814_00006,2024-05-11T12:54:40.548Z,starter_pack,1.99,2000,3,0
pu_00000f3,p_002814,s_p_002814_00006,2024-05-11T13:03:42.713Z,coins_large,19.99,25000,3,0
pu_00000f4,p_002814,s_p_002814_00009,2024-05-15T18:04:34.710Z,vip_monthly,9.99,10000,7,0
pu_00000f5,p_002814,s_p_002814_00009,2024-05-15T18:02:02.271Z,coins_medium,4.99,5500,7,0
pu_00000f6,p_002814,s_p_002814_00011,2024-05-17T16:21:48.959Z,coins_large,19.99,25000,9,0
pu_00000f7,p_002814,s_p_002814_00012,2024-05-18T13:59:14.873Z,coins_large,19.99,25000,10,0
pu_00000f8,p_002814,s_p_002814_00020,2024-05-23T23:10:17.251Z,coins_large,19.99,25000,15,0
pu_00000f9,p_002814,s_p_002814_00024,2024-06-02T17:13:02.722Z,coins_medium,4.99,5500,25,0
pu_00000fa,p_002814,s_p_002814_00027,2024-06-04T10:16:49.654Z,coins_large,19.99,25000,27,0
pu_00000fb,p_002814,s_p_002814_00033,2024-06-11T09:11:50.684Z,coins_small,0.99,1000,34,0
pu_00000fc,p_002814,s_p_002814_00035,2024-06-11T18:05:02.609Z,coins_medium,4.99,5500,34,0
pu_00000fd,p_002814,s_p_002814_00036,2024-06-12T07:10:03.108Z,vip_monthly,9.99,10000,35,0
pu_00000fe,p_002814,s_p_002814_00036,2024-06-12T07:02:16.720Z,coins_large,19.99,25000,35,0
pu_00000ff,p_002814,s_p_002814_00038,2024-06-13T21:42:30.170Z,coins_large,19.99,25000,36,0
pu_00000fg,p_002814,s_p_002814_00043,2024-06-27T23:41:53.323Z,vip_monthly,9.99,10000,50,0
pu_00000fh,p_002814,s_p_002814_00044,2024-06-28T17:28:44.977Z,coins_medium,4.99,5500,51,0
pu_00000fi,p_002814,s_p_002814_00046,2024-07-01T13:27:56.458Z,coins_large,19.99,25000,54,0
pu_00000fj,p_002814,s_p_002814_00052,2024-07-06T22:57:13.921Z,coins_medium,4.99,5500,59,0
pu_00000fk,p_002814,s_p_002814_00054,2024-07-09T13:12:21.020Z,coins_medium,4.99,5500,62,0
pu_00000fl,p_002814,s_p_002814_00055,2024-07-10T10:38:39.108Z,coins_medium,4.99,5500,63,0
pu_00000fm,p_002814,s_p_002814_00055,2024-07-10T10:37:10.654Z,coins_medium,4.99,5500,63,0
pu_00000fn,p_002814,s_p_002814_00056,2024-07-14T09:27:07.661Z,coins_medium,4.99,5500,67,0
pu_00000fo,p_002814,s_p_002814_00061,2024-07-18T11:06:54.786Z,vip_monthly,9.99,10000,71,0
pu_00000fp,p_002814,s_p_002814_00065,2024-07-23T23:49:55.299Z,starter_pack,1.99,2000,76,0
pu_00000fq,p_002814,s_p_002814_00067,2024-07-27T19:15:02.311Z,coins_medium,4.99,5500,80,0
pu_00000fr,p_002814,s_p_002814_00067,2024-07-27T19:21:19.572Z,coins_medium,4.99,5500,80,0
pu_00000fs,p_002814,s_p_002814_00067,2024-07-27T19:14:49.838Z,coins_medium,4.99,5500,80,0
pu_00000ft,p_002814,s_p_002814_00068,2024-07-28T16:30:00.907Z,coins_small,0.99,1000,81,0
pu_00000fu,p_002814,s_p_002814_00069,2024-07-29T15:54:11.231Z,coins_medium,4.99,5500,82,0
pu_00000fv,p_002814,s_p_002814_00070,2024-07-29T21:02:06.869Z,coins_large,19.99,25000,82,0
pu_00000fw,p_002814,s_p_002814_00078,2024-08-10T22:18:56.042Z,coins_medium,4.99,5500,94,0
pu_00000fx,p_002814,s_p_002814_00081,2024-08-14T19:10:20.673Z,coins_large,19.99,25000,98,0
pu_00000fy,p_002814,s_p_002814_00087,2024-08-21T08:29:38.677Z,starter_pack,1.99,2000,105,0
pu_00000fz,p_002814,s_p_002814_00089,2024-08-21T14:32:59.783Z,coins_small,0.99,1000,105,0
pu_00000g0,p_002814,s_p_002814_00099,2024-09-08T11:10:59.482Z,coins_large,19.99,25000,123,0
pu_00000g1,p_002814,s_p_002814_00101,2024-09-09T11:53:30.540Z,coins_medium,4.99,5500,124,0
pu_00000g2,p_002814,s_p_002814_00101,2024-09-09T12:02:10.996Z,coins_medium,4.99,5500,124,0
pu_00000g3,p_002814,s_p_002814_00103,2024-09-10T08:19:34.599Z,vip_monthly,9.99,10000,125,0
pu_00000g4,p_002814,s_p_002814_00103,2024-09-10T08:14:15.206Z,coins_small,0.99,1000,125,0
pu_00000g5,p_002814,s_p_002814_00106,2024-09-13T16:14:01.834Z,vip_monthly,9.99,10000,128,0
pu_00000g6,p_002814,s_p_002814_00108,2024-09-17T22:46:44.604Z,coins_medium,4.99,5500,132,0
pu_00000g7,p_002814,s_p_002814_00109,2024-09-19T22:46:53.805Z,coins_small,0.99,1000,134,0
pu_00000g8,p_002814,s_p_002814_00110,2024-09-22T15:07:08.472Z,coins_large,19.99,25000,137,0
pu_00000g9,p_002814,s_p_002814_00110,2024-09-22T15:14:03.373Z,vip_monthly,9.99,10000,137,0
pu_00000ga,p_002814,s_p_002814_00118,2024-10-02T22:58:58.347Z,coins_medium,4.99,5500,147,0
pu_00000gb,p_002814,s_p_002814_00121,2024-10-07T14:14:27.427Z,coins_medium,4.99,5500,152,0
pu_00000gc,p_002814,s_p_002814_00122,2024-10-09T07:40:03.667Z,vip_monthly,9.99,10000,154,0
pu_00000gd,p_002814,s_p_002814_00125,2024-10-13T15:10:37.989Z,coins_large,19.99,25000,158,0
pu_00000ge,p_002814,s_p_002814_00128,2024-10-14T13:06:23.740Z,coins_large,19.99,25000,159,0
pu_00000gf,p_002814,s_p_002814_00131,2024-10-17T23:33:58.902Z,coins_large,19.99,25000,162,0
pu_00000gg,p_002814,s_p_002814_00134,2024-10-21T23:09:04.172Z,coins_large,19.99,25000,166,0
pu_00000gh,p_002814,s_p_002814_00135,2024-10-22T10:40:34.624Z,coins_large,19.99,25000,167,0
pu_00000gi,p_002814,s_p_002814_00136,2024-10-24T15:40:32.101Z,coins_small,0.99,1000,169,0
pu_00000gj,p_002814,s_p_002814_00138,2024-10-25T10:31:39.483Z,coins_medium,4.99,5500,170,0
pu_00000gk,p_002814,s_p_002814_00141,2024-10-28T21:35:22.073Z,coins_medium,4.99,5500,173,0
pu_00000gl,p_002814,s_p_002814_00142,2024-10-29T18:54:28.434Z,coins_small,0.99,1000,174,0
pu_00000gm,p_002814,s_p_002814_00142,2024-10-29T18:43:17.810Z,coins_large,19.99,25000,174,0
pu_00000gn,p_002814,s_p_002814_00149,2024-11-04T21:57:05.034Z,coins_large,19.99,25000,180,0
pu_00000go,p_002814,s_p_002814_00149,2024-11-04T22:10:48.563Z,vip_monthly,9.99,10000,180,0
pu_00000gp,p_002814,s_p_002814_00155,2024-11-12T14:59:44.365Z,coins_large,19.99,25000,188,0
pu_00000gq,p_002814,s_p_002814_00155,2024-11-12T14:54:34.353Z,coins_large,19.99,25000,188,0
pu_00000gr,p_002814,s_p_002814_00156,2024-11-12T19:03:50.413Z,coins_medium,4.99,5500,188,0
pu_00000gs,p_002814,s_p_002814_00156,2024-11-12T18:58:32.846Z,vip_monthly,9.99,10000,188,0
pu_00000gt,p_002814,s_p_002814_00156,2024-11-12T19:20:38.528Z,coins_small,0.99,1000,188,0
pu_00000gu,p_002814,s_p_002814_00160,2024-11-19T11:03:04.510Z,coins_medium,4.99,5500,195,0
pu_00000gv,p_002814,s_p_002814_00161,2024-11-25T07:17:22.929Z,coins_medium,4.99,5500,201,0
pu_00000gw,p_002814,s_p_002814_00161,2024-11-25T07:19:39.309Z,coins_medium,4.99,5500,201,0
pu_00000gx,p_002814,s_p_002814_00163,2024-11-27T21:12:35.390Z,coins_large,19.99,25000,203,0
pu_00000gy,p_002814,s_p_002814_00163,2024-11-27T21:31:10.997Z,coins_large,19.99,25000,203,0
pu_00000gz,p_002814,s_p_002814_00164,2024-11-28T23:13:15.356Z,coins_large,19.99,25000,204,0
pu_00000h0,p_002814,s_p_002814_00164,2024-11-28T23:35:22.354Z,coins_medium,4.99,5500,204,0
pu_00000h1,p_002814,s_p_002814_00168,2024-12-02T12:44:55.928Z,coins_large,19.99,25000,208,0
pu_00000h2,p_002814,s_p_002814_00172,2024-12-09T09:53:22.542Z,coins_small,0.99,1000,215,0
pu_00000h3,p_002814,s_p_002814_00172,2024-12-09T09:59:21.057Z,coins_medium,4.99,5500,215,0
pu_00000h4,p_002814,s_p_002814_00176,2024-12-12T21:43:42.132Z,coins_large,19.99,25000,218,0
pu_00000h5,p_002814,s_p_002814_00177,2024-12-13T10:25:26.066Z,coins_large,19.99,25000,219,0
pu_00000h6,p_002317,s_p_002317_00003,2024-03-26T14:11:27.137Z,starter_pack,1.99,2000,14,1
pu_00000h7,p_002317,s_p_002317_00015,2024-05-05T19:09:56.032Z,coins_medium,4.99,5500,54,0
pu_00000h8,p_002317,s_p_002317_00015,2024-05-05T19:10:20.093Z,coins_small,0.99,1000,54,0
pu_00000h9,p_002317,s_p_002317_00022,2024-05-12T15:27:48.120Z,starter_pack,1.99,2000,61,0
pu_00000ha,p_002317,s_p_002317_00027,2024-06-01T08:50:32.840Z,coins_small,0.99,1000,81,0
pu_00000hb,p_002317,s_p_002317_00028,2024-06-03T15:43:59.356Z,coins_small,0.99,1000,83,0
pu_00000hc,p_002317,s_p_002317_00031,2024-06-11T19:51:35.578Z,starter_pack,1.99,2000,91,0
pu_00000hd,p_002317,s_p_002317_00035,2024-06-16T23:45:07.879Z,coins_small,0.99,1000,96,0
pu_00000he,p_002317,s_p_002317_00039,2024-06-19T09:02:28.852Z,starter_pack,1.99,2000,99,0
pu_00000hf,p_002317,s_p_002317_00040,2024-06-23T14:03:31.901Z,coins_medium,4.99,5500,103,0
pu_00000hg,p_002861,s_p_002861_00002,2024-06-25T09:43:13.281Z,coins_large,19.99,25000,11,1
pu_00000hh,p_002861,s_p_002861_00003,2024-06-29T23:08:41.965Z,vip_monthly,9.99,10000,15,0
pu_00000hi,p_002861,s_p_002861_00004,2024-07-02T16:43:29.906Z,coins_medium,4.99,5500,18,0
pu_00000hj,p_002861,s_p_002861_00008,2024-07-18T11:49:31.033Z,coins_small,0.99,1000,34,0
pu_00000hk,p_002861,s_p_002861_00008,2024-07-18T11:45:59.446Z,coins_medium,4.99,5500,34,0
pu_00000hl,p_002861,s_p_002861_00009,2024-07-30T07:08:32.355Z,coins_small,0.99,1000,46,0
pu_00000hm,p_002861,s_p_002861_00010,2024-07-30T09:20:22.147Z,coins_small,0.99,1000,46,0
pu_00000hn,p_002861,s_p_002861_00010,2024-07-30T09:22:48.603Z,coins_small,0.99,1000,46,0
pu_00000ho,p_002861,s_p_002861_00011,2024-08-05T12:09:20.644Z,coins_small,0.99,1000,52,0
pu_00000hp,p_002861,s_p_002861_00011,2024-08-05T12:08:51.769Z,coins_small,0.99,1000,52,0
pu_00000hq,p_002861,s_p_002861_00012,2024-08-06T21:45:19.149Z,coins_medium,4.99,5500,53,0
pu_00000hr,p_002861,s_p_002861_00012,2024-08-06T21:44:00.687Z,coins_medium,4.99,5500,53,0
pu_00000hs,p_002861,s_p_002861_00013,2024-08-07T13:36:39.928Z,coins_small,0.99,1000,54,0
pu_00000ht,p_002861,s_p_002861_00014,2024-08-08T07:22:57.746Z,vip_monthly,9.99,10000,55,0
pu_00000hu,p_002861,s_p_002861_00014,2024-08-08T07:21:24.622Z,coins_small,0.99,1000,55,0
pu_00000hv,p_002861,s_p_002861_00014,2024-08-08T07:21:54.456Z,coins_small,0.99,1000,55,0
pu_00000hw,p_002954,s_p_002954_00001,2024-09-05T10:09:25.325Z,starter_pack,1.99,2000,2,1
pu_00000hx,p_002954,s_p_002954_00003,2024-09-07T20:03:42.232Z,coins_medium,4.99,5500,4,0
pu_00000hy,p_002954,s_p_002954_00008,2024-09-20T18:48:04.415Z,vip_monthly,9.99,10000,17,0
pu_00000hz,p_002954,s_p_002954_00009,2024-10-10T19:01:16.838Z,coins_medium,4.99,5500,37,0
pu_00000i0,p_002954,s_p_002954_00011,2024-10-25T12:37:32.109Z,coins_medium,4.99,5500,52,0
pu_00000i1,p_002954,s_p_002954_00014,2024-11-11T21:58:29.158Z,coins_medium,4.99,5500,69,0
pu_00000i2,p_002954,s_p_002954_00018,2024-11-27T22:38:10.041Z,coins_small,0.99,1000,85,0
pu_00000i3,p_002948,s_p_002948_00003,2024-05-05T20:00:51.764Z,starter_pack,1.99,2000,10,1
pu_00000i4,p_002948,s_p_002948_00004,2024-05-06T16:28:19.614Z,coins_medium,4.99,5500,11,0
pu_00000i5,p_002948,s_p_002948_00005,2024-05-07T14:22:04.100Z,starter_pack,1.99,2000,12,0
pu_00000i6,p_002948,s_p_002948_00006,2024-05-19T20:19:14.675Z,coins_small,0.99,1000,24,0
pu_00000i7,p_002948,s_p_002948_00007,2024-06-01T11:00:38.931Z,coins_small,0.99,1000,37,0
pu_00000i8,p_002948,s_p_002948_00007,2024-06-01T11:00:35.209Z,coins_small,0.99,1000,37,0
pu_00000i9,p_002948,s_p_002948_00007,2024-06-01T11:03:25.141Z,coins_small,0.99,1000,37,0
pu_00000ia,p_002948,s_p_002948_00007,2024-06-01T11:01:49.690Z,starter_pack,1.99,2000,37,0
pu_00000ib,p_002948,s_p_002948_00008,2024-06-19T19:22:52.930Z,coins_small,0.99,1000,55,0
pu_00000ic,p_002948,s_p_002948_00013,2024-07-20T22:29:47.428Z,coins_medium,4.99,5500,86,0
pu_00000id,p_002948,s_p_002948_00015,2024-07-27T09:51:49.350Z,coins_small,0.99,1000,93,0
pu_00000ie,p_002948,s_p_002948_00018,2024-08-01T08:51:35.819Z,coins_small,0.99,1000,98,0
pu_00000if,p_002948,s_p_002948_00021,2024-09-01T19:21:52.337Z,coins_small,0.99,1000,129,0
pu_00000ig,p_002948,s_p_002948_00024,2024-10-09T16:25:00.410Z,coins_small,0.99,1000,167,0
pu_00000ih,p_002948,s_p_002948_00029,2024-11-17T15:08:17.771Z,coins_small,0.99,1000,206,0
pu_00000ii,p_002948,s_p_002948_00029,2024-11-17T15:05:20.008Z,coins_medium,4.99,5500,206,0
pu_00000ij,p_002780,s_p_002780_00001,2024-03-14T13:22:31.233Z,coins_medium,4.99,5500,0,1
pu_00000ik,p_002780,s_p_002780_00001,2024-03-14T13:20:44.478Z,vip_monthly,9.99,10000,0,0
pu_00000il,p_002780,s_p_002780_00001,2024-03-14T13:22:55.194Z,coins_medium,4.99,5500,0,0
pu_00000im,p_002780,s_p_002780_00002,2024-03-20T18:05:36.706Z,coins_large,19.99,25000,6,0
pu_00000in,p_002780,s_p_002780_00002,2024-03-20T18:05:50.280Z,coins_medium,4.99,5500,6,0
pu_00000io,p_002780,s_p_002780_00003,2024-03-21T21:52:58.943Z,coins_medium,4.99,5500,7,0
pu_00000ip,p_002780,s_p_002780_00003,2024-03-21T22:07:12.028Z,coins_small,0.99,1000,7,0
pu_00000iq,p_002780,s_p_002780_00003,2024-03-21T22:06:34.213Z,coins_large,19.99,25000,7,0
pu_00000ir,p_002780,s_p_002780_00003,2024-03-21T21:45:23.979Z,vip_monthly,9.99,10000,7,0
pu_00000is,p_002780,s_p_002780_00003,2024-03-21T21:56:58.259Z,coins_medium,4.99,5500,7,0
pu_00000it,p_002780,s_p_002780_00004,2024-03-23T14:16:29.142Z,coins_medium,4.99,5500,9,0
pu_00000iu,p_002780,s_p_002780_00004,2024-03-23T14:23:54.800Z,coins_medium,4.99,5500,9,0
pu_00000iv,p_002780,s_p_002780_00004,2024-03-23T14:15:02.271Z,coins_medium,4.99,5500,9,0
pu_00000iw,p_002780,s_p_002780_00005,2024-03-26T06:34:40.380Z,coins_small,0.99,1000,12,0
pu_00000ix,p_002780,s_p_002780_00005,2024-03-26T07:01:03.952Z,coins_large,19.99,25000,12,0
pu_00000iy,p_002780,s_p_002780_00012,2024-03-29T20:40:14.396Z,coins_large,19.99,25000,15,0
pu_00000iz,p_002780,s_p_002780_00017,2024-04-04T16:36:25.268Z,coins_medium,4.99,5500,21,0
pu_00000j0,p_002780,s_p_002780_00019,2024-04-05T23:31:43.574Z,coins_large,19.99,25000,22,0
pu_00000j1,p_002780,s_p_002780_00025,2024-04-09T21:52:07.986Z,coins_medium,4.99,5500,26,0
pu_00000j2,p_002780,s_p_002780_00034,2024-04-17T22:14:42.702Z,coins_medium,4.99,5500,34,0
pu_00000j3,p_002780,s_p_002780_00034,2024-04-17T22:14:15.788Z,coins_small,0.99,1000,34,0
pu_00000j4,p_002780,s_p_002780_00039,2024-04-23T10:54:53.311Z,vip_monthly,9.99,10000,40,0
pu_00000j5,p_002780,s_p_002780_00043,2024-04-28T13:20:33.683Z,vip_monthly,9.99,10000,45,0
pu_00000j6,p_002780,s_p_002780_00049,2024-05-04T17:57:31.119Z,coins_small,0.99,1000,51,0
pu_00000j7,p_002780,s_p_002780_00052,2024-05-07T16:33:01.981Z,coins_small,0.99,1000,54,0
pu_00000j8,p_002780,s_p_002780_00054,2024-05-09T12:11:09.198Z,coins_large,19.99,25000,56,0
pu_00000j9,p_002780,s_p_002780_00059,2024-05-19T08:28:04.511Z,coins_medium,4.99,5500,66,0
pu_00000ja,p_002780,s_p_002780_00063,2024-05-25T16:06:42.649Z,vip_monthly,9.99,10000,72,0
pu_00000jb,p_002780,s_p_002780_00065,2024-05-27T16:49:57.189Z,coins_medium,4.99,5500,74,0
pu_00000jc,p_002780,s_p_002780_00066,2024-05-27T23:10:41.435Z,vip_monthly,9.99,10000,74,0
pu_00000jd,p_002780,s_p_002780_00069,2024-06-01T15:19:15.649Z,coins_large,19.99,25000,79,0
pu_00000je,p_002780,s_p_002780_00072,2024-06-03T13:56:48.804Z,coins_large,19.99,25000,81,0
pu_00000jf,p_002780,s_p_002780_00077,2024-06-10T15:18:15.905Z,coins_large,19.99,25000,88,0
pu_00000jg,p_002780,s_p_002780_00083,2024-06-25T08:00:03.434Z,coins_small,0.99,1000,103,0
pu_00000jh,p_002780,s_p_002780_00086,2024-06-28T09:30:33.470Z,coins_small,0.99,1000,106,0
pu_00000ji,p_002780,s_p_002780_00089,2024-06-29T16:51:06.278Z,coins_large,19.99,25000,107,0
pu_00000jj,p_002780,s_p_002780_00091,2024-06-30T13:04:18.149Z,coins_medium,4.99,5500,108,0
pu_00000jk,p_002780,s_p_002780_00099,2024-07-13T14:10:17.660Z,coins_large,19.99,25000,121,0
pu_00000jl,p_002780,s_p_002780_00103,2024-07-24T13:30:19.233Z,coins_medium,4.99,5500,132,0
pu_00000jm,p_002780,s_p_002780_00108,2024-07-26T19:18:40.299Z,coins_large,19.99,25000,134,0
pu_00000jn,p_002780,s_p_002780_00109,2024-07-28T10:40:32.689Z,coins_medium,4.99,5500,136,0
pu_00000jo,p_002780,s_p_002780_00113,2024-08-04T14:02:25.358Z,coins_large,19.99,25000,143,0
pu_00000jp,p_002780,s_p_002780_00116,2024-08-06T21:44:12.601Z,coins_medium,4.99,5500,145,0
pu_00000jq,p_002780,s_p_002780_00116,2024-08-06T21:42:19.613Z,coins_medium,4.99,5500,145,0
pu_00000jr,p_002780,s_p_002780_00117,2024-08-08T14:42:31.674Z,coins_medium,4.99,5500,147,0
pu_00000js,p_002780,s_p_002780_00118,2024-08-09T08:54:00.765Z,coins_large,19.99,25000,148,0
pu_00000jt,p_002780,s_p_002780_00125,2024-08-16T17:29:34.549Z,coins_small,0.99,1000,155,0
pu_00000ju,p_002780,s_p_002780_00127,2024-08-20T13:40:34.089Z,coins_large,19.99,25000,159,0
pu_00000jv,p_002780,s_p_002780_00127,2024-08-20T13:20:43.985Z,vip_monthly,9.99,10000,159,0
pu_00000jw,p_002780,s_p_002780_00130,2024-08-21T20:50:48.683Z,coins_medium,4.99,5500,160,0
pu_00000jx,p_002780,s_p_002780_00132,2024-08-25T07:13:54.061Z,coins_medium,4.99,5500,164,0
pu_00000jy,p_002780,s_p_002780_00133,2024-08-26T14:29:47.146Z,coins_medium,4.99,5500,165,0
pu_00000jz,p_002780,s_p_002780_00134,2024-08-26T23:20:33.695Z,vip_monthly,9.99,10000,165,0
pu_00000k0,p_002780,s_p_002780_00134,2024-08-26T23:25:59.978Z,vip_monthly,9.99,10000,165,0
pu_00000k1,p_002780,s_p_002780_00136,2024-09-01T08:18:51.039Z,coins_large,19.99,25000,171,0
pu_00000k2,p_002780,s_p_002780_00138,2024-09-04T16:39:35.271Z,coins_small,0.99,1000,174,0
pu_00000k3,p_002780,s_p_002780_00143,2024-09-07T17:14:26.928Z,coins_large,19.99,25000,177,0
pu_00000k4,p_002780,s_p_002780_00144,2024-09-09T07:08:37.477Z,starter_pack,1.99,2000,179,0
pu_00000k5,p_002780,s_p_002780_00146,2024-09-10T23:43:53.326Z,coins_large,19.99,25000,180,0
pu_00000k6,p_002780,s_p_002780_00147,2024-09-12T18:44:47.034Z,vip_monthly,9.99,10000,182,0
pu_00000k7,p_002780,s_p_002780_00148,2024-09-14T16:43:07.446Z,vip_monthly,9.99,10000,184,0
pu_00000k8,p_002780,s_p_002780_00149,2024-09-15T21:16:05.131Z,starter_pack,1.99,2000,185,0
pu_00000k9,p_002780,s_p_002780_00150,2024-09-20T20:08:32.086Z,coins_large,19.99,25000,190,0
pu_00000ka,p_002780,s_p_002780_00156,2024-09-27T11:40:53.526Z,starter_pack,1.99,2000,197,0
pu_00000kb,p_002780,s_p_002780_00156,2024-09-27T11:31:04.750Z,starter_pack,1.99,2000,197,0
pu_00000kc,p_002780,s_p_002780_00156,2024-09-27T11:37:58.835Z,coins_large,19.99,25000,197,0
pu_00000kd,p_002780,s_p_002780_00162,2024-10-02T15:19:33.026Z,vip_monthly,9.99,10000,202,0
pu_00000ke,p_002780,s_p_002780_00173,2024-10-11T21:53:55.055Z,starter_pack,1.99,2000,211,0
pu_00000kf,p_002780,s_p_002780_00175,2024-10-14T20:08:02.911Z,coins_small,0.99,1000,214,0
pu_00000kg,p_002780,s_p_002780_00176,2024-10-14T19:56:33.444Z,coins_small,0.99,1000,214,0
pu_00000kh,p_002780,s_p_002780_00176,2024-10-14T20:00:25.134Z,coins_large,19.99,25000,214,0
pu_00000ki,p_002780,s_p_002780_00184,2024-10-24T16:52:51.395Z,coins_large,19.99,25000,224,0
pu_00000kj,p_002780,s_p_002780_00187,2024-10-26T14:19:51.571Z,coins_large,19.99,25000,226,0
pu_00000kk,p_002780,s_p_002780_00189,2024-11-01T09:00:10.689Z,coins_large,19.99,25000,232,0
pu_00000kl,p_002780,s_p_002780_00192,2024-11-03T16:51:01.921Z,vip_monthly,9.99,10000,234,0
pu_00000km,p_002780,s_p_002780_00194,2024-11-03T21:57:03.953Z,coins_medium,4.99,5500,234,0
pu_00000kn,p_002780,s_p_002780_00196,2024-11-08T08:00:42.968Z,coins_small,0.99,1000,239,0
pu_00000ko,p_002780,s_p_002780_00200,2024-11-15T10:11:34.774Z,coins_large,19.99,25000,246,0
pu_00000kp,p_002780,s_p_002780_00203,2024-11-16T23:27:08.127Z,coins_small,0.99,1000,247,0
pu_00000kq,p_002780,s_p_002780_00209,2024-11-27T07:01:10.060Z,vip_monthly,9.99,10000,258,0
pu_00000kr,p_002780,s_p_002780_00210,2024-11-27T18:27:44.440Z,coins_large,19.99,25000,258,0
pu_00000ks,p_002780,s_p_002780_00211,2024-11-30T09:51:02.957Z,coins_medium,4.99,5500,261,0
pu_00000kt,p_002780,s_p_002780_00211,2024-11-30T09:42:33.063Z,coins_medium,4.99,5500,261,0
pu_00000ku,p_002780,s_p_002780_00212,2024-11-30T23:09:01.532Z,coins_medium,4.99,5500,261,0
pu_00000kv,p_002780,s_p_002780_00212,2024-11-30T23:28:37.835Z,coins_large,19.99,25000,261,0
pu_00000kw,p_002780,s_p_002780_00212,2024-11-30T23:32:15.011Z,vip_monthly,9.99,10000,261,0
pu_00000kx,p_002780,s_p_002780_00213,2024-12-04T13:51:58.430Z,coins_large,19.99,25000,265,0
pu_00000ky,p_002853,s_p_002853_00001,2024-04-01T10:47:37.842Z,vip_monthly,9.99,10000,2,1
pu_00000kz,p_002853,s_p_002853_00005,2024-04-12T18:20:38.552Z,coins_small,0.99,1000,13,0
pu_00000l0,p_002853,s_p_002853_00017,2024-06-12T19:03:25.821Z,coins_small,0.99,1000,74,0
pu_00000l1,p_002853,s_p_002853_00017,2024-06-12T18:56:45.909Z,coins_small,0.99,1000,74,0
pu_00000l2,p_002853,s_p_002853_00019,2024-06-19T06:15:14.929Z,coins_medium,4.99,5500,81,0
pu_00000l3,p_002853,s_p_002853_00020,2024-06-25T19:11:17.095Z,coins_medium,4.99,5500,87,0
pu_00000l4,p_002853,s_p_002853_00021,2024-06-25T19:29:06.795Z,coins_small,0.99,1000,87,0
pu_00000l5,p_002853,s_p_002853_00024,2024-07-22T10:35:48.254Z,coins_small,0.99,1000,114,0
pu_00000l6,p_002853,s_p_002853_00025,2024-07-22T17:50:35.823Z,coins_medium,4.99,5500,114,0
pu_00000l7,p_002853,s_p_002853_00026,2024-07-25T11:24:00.038Z,vip_monthly,9.99,10000,117,0
pu_00000l8,p_002853,s_p_002853_00026,2024-07-25T11:24:12.796Z,coins_medium,4.99,5500,117,0
pu_00000l9,p_002853,s_p_002853_00029,2024-08-10T16:37:34.210Z,coins_medium,4.99,5500,133,0
pu_00000la,p_002716,s_p_002716_00001,2024-06-08T12:01:57.511Z,coins_small,0.99,1000,2,1
pu_00000lb,p_002716,s_p_002716_00002,2024-06-11T08:04:15.551Z,coins_small,0.99,1000,5,0
pu_00000lc,p_002716,s_p_002716_00003,2024-06-11T13:25:56.953Z,coins_large,19.99,25000,5,0
pu_00000ld,p_002716,s_p_002716_00003,2024-06-11T13:27:16.481Z,coins_large,19.99,25000,5,0
pu_00000le,p_002716,s_p_002716_00003,2024-06-11T13:22:19.759Z,coins_large,19.99,25000,5,0
pu_00000lf,p_002716,s_p_002716_00004,2024-06-11T16:08:15.289Z,coins_medium,4.99,5500,5,0
pu_00000lg,p_002716,s_p_002716_00005,2024-06-13T15:06:28.793Z,coins_large,19.99,25000,7,0
pu_00000lh,p_002716,s_p_002716_00006,2024-06-15T20:05:18.282Z,coins_medium,4.99,5500,9,0
pu_00000li,p_002716,s_p_002716_00006,2024-06-15T20:04:26.507Z,coins_small,0.99,1000,9,0
pu_00000lj,p_002716,s_p_002716_00014,2024-06-25T14:59:24.643Z,coins_medium,4.99,5500,19,0
pu_00000lk,p_002716,s_p_002716_00017,2024-06-28T07:16:49.753Z,coins_large,19.99,25000,22,0
pu_00000ll,p_002716,s_p_002716_00017,2024-06-28T07:07:00.101Z,starter_pack,1.99,2000,22,0
pu_00000lm,p_002716,s_p_002716_00018,2024-06-29T17:45:11.373Z,coins_small,0.99,1000,23,0
pu_00000ln,p_002716,s_p_002716_00020,2024-07-06T22:41:29.717Z,coins_medium,4.99,5500,30,0
pu_00000lo,p_002716,s_p_002716_00020,2024-07-06T22:31:25.693Z,coins_medium,4.99,5500,30,0
pu_00000lp,p_002716,s_p_002716_00026,2024-07-20T21:31:30.649Z,coins_large,19.99,25000,44,0
pu_00000lq,p_002716,s_p_002716_00027,2024-07-21T13:34:06.044Z,coins_large,19.99,25000,45,0
pu_00000lr,p_002716,s_p_002716_00029,2024-07-22T07:46:13.021Z,coins_medium,4.99,5500,46,0
pu_00000ls,p_002716,s_p_002716_00036,2024-08-01T17:15:36.499Z,coins_large,19.99,25000,56,0
pu_00000lt,p_002716,s_p_002716_00037,2024-08-07T19:51:24.517Z,starter_pack,1.99,2000,62,0
pu_00000lu,p_002716,s_p_002716_00038,2024-08-10T10:44:00.902Z,coins_medium,4.99,5500,65,0
pu_00000lv,p_002716,s_p_002716_00042,2024-08-12T20:25:15.584Z,coins_medium,4.99,5500,67,0
pu_00000lw,p_002716,s_p_002716_00045,2024-08-13T19:19:47.671Z,coins_large,19.99,25000,68,0
pu_00000lx,p_002716,s_p_002716_00047,2024-08-15T13:32:49.293Z,coins_large,19.99,25000,70,0
pu_00000ly,p_002716,s_p_002716_00051,2024-08-24T06:47:56.233Z,coins_large,19.99,25000,79,0
pu_00000lz,p_002716,s_p_002716_00055,2024-08-28T19:38:27.851Z,vip_monthly,9.99,10000,83,0
pu_00000m0,p_002716,s_p_002716_00056,2024-08-29T20:11:03.941Z,vip_monthly,9.99,10000,84,0
pu_00000m1,p_002716,s_p_002716_00062,2024-09-09T22:08:40.396Z,coins_small,0.99,1000,95,0
pu_00000m2,p_002716,s_p_002716_00063,2024-09-10T12:11:44.432Z,starter_pack,1.99,2000,96,0
pu_00000m3,p_002716,s_p_002716_00065,2024-09-11T20:31:28.991Z,starter_pack,1.99,2000,97,0
pu_00000m4,p_002716,s_p_002716_00065,2024-09-11T20:29:16.344Z,coins_large,19.99,25000,97,0
pu_00000m5,p_002716,s_p_002716_00066,2024-09-12T18:25:16.796Z,coins_large,19.99,25000,98,0
pu_00000m6,p_002716,s_p_002716_00066,2024-09-12T18:42:28.598Z,coins_large,19.99,25000,98,0
pu_00000m7,p_002716,s_p_002716_00072,2024-09-18T19:06:07.424Z,coins_large,19.99,25000,104,0
pu_00000m8,p_002716,s_p_002716_00073,2024-09-18T20:50:18.563Z,coins_small,0.99,1000,104,0
pu_00000m9,p_002716,s_p_002716_00073,2024-09-18T20:46:19.724Z,coins_small,0.99,1000,104,0
pu_00000ma,p_002716,s_p_002716_00078,2024-09-21T22:56:21.646Z,coins_small,0.99,1000,107,0
pu_00000mb,p_002716,s_p_002716_00083,2024-09-28T12:58:41.262Z,vip_monthly,9.99,10000,114,0
pu_00000mc,p_002716,s_p_002716_00084,2024-10-05T18:42:33.876Z,coins_medium,4.99,5500,121,0
pu_00000md,p_002716,s_p_002716_00086,2024-10-07T15:27:37.619Z,coins_large,19.99,25000,123,0
pu_00000me,p_002716,s_p_002716_00086,2024-10-07T15:23:26.984Z,coins_large,19.99,25000,123,0
pu_00000mf,p_002716,s_p_002716_00088,2024-10-11T09:14:14.057Z,coins_small,0.99,1000,127,0
pu_00000mg,p_002716,s_p_002716_00089,2024-10-11T09:24:07.252Z,coins_medium,4.99,5500,127,0
pu_00000mh,p_002716,s_p_002716_00092,2024-10-12T22:31:03.730Z,coins_large,19.99,25000,128,0
pu_00000mi,p_002716,s_p_002716_00093,2024-10-14T15:38:20.290Z,vip_monthly,9.99,10000,130,0
pu_00000mj,p_002716,s_p_002716_00098,2024-10-21T19:08:06.643Z,vip_monthly,9.99,10000,137,0
pu_00000mk,p_002716,s_p_002716_00098,2024-10-21T19:13:19.579Z,coins_medium,4.99,5500,137,0
pu_00000ml,p_002716,s_p_002716_00102,2024-10-24T21:13:51.441Z,coins_small,0.99,1000,140,0
pu_00000mm,p_002716,s_p_002716_00105,2024-10-28T15:43:52.675Z,vip_monthly,9.99,10000,144,0
pu_00000mn,p_002716,s_p_002716_00111,2024-11-09T13:54:00.888Z,coins_large,19.99,25000,156,0
pu_00000mo,p_002716,s_p_002716_00111,2024-11-09T13:49:45.220Z,coins_large,19.99,25000,156,0
pu_00000mp,p_002716,s_p_002716_00112,2024-11-09T17:24:39.764Z,coins_medium,4.99,5500,156,0
pu_00000mq,p_002716,s_p_002716_00112,2024-11-09T17:46:37.649Z,coins_medium,4.99,5500,156,0
pu_00000mr,p_002716,s_p_002716_00112,2024-11-09T17:43:00.781Z,coins_medium,4.99,5500,156,0
pu_00000ms,p_002716,s_p_002716_00113,2024-11-11T18:03:09.354Z,coins_large,19.99,25000,158,0
pu_00000mt,p_002716,s_p_002716_00116,2024-11-15T19:50:52.526Z,vip_monthly,9.99,10000,162,0
pu_00000mu,p_002716,s_p_002716_00116,2024-11-15T19:54:32.437Z,coins_medium,4.99,5500,162,0
pu_00000mv,p_002716,s_p_002716_00121,2024-11-23T12:15:06.116Z,coins_medium,4.99,5500,170,0
pu_00000mw,p_002716,s_p_002716_00125,2024-11-28T20:08:45.783Z,coins_medium,4.99,5500,175,0
pu_00000mx,p_002716,s_p_002716_00128,2024-11-30T15:39:55.031Z,coins_large,19.99,25000,177,0
pu_00000my,p_002996,s_p_002996_00002,2024-09-08T20:19:59.043Z,starter_pack,1.99,2000,2,1
pu_00000mz,p_002996,s_p_002996_00002,2024-09-08T20:10:49.541Z,coins_large,19.99,25000,2,0
pu_00000n0,p_002996,s_p_002996_00006,2024-10-26T07:37:27.244Z,coins_small,0.99,1000,50,0
pu_00000n1,p_002996,s_p_002996_00006,2024-10-26T07:36:51.225Z,coins_medium,4.99,5500,50,0
pu_00000n2,p_002996,s_p_002996_00012,2024-11-12T22:06:50.866Z,coins_small,0.99,1000,67,0
pu_00000n3,p_002996,s_p_002996_00013,2024-11-15T22:15:43.843Z,coins_small,0.99,1000,70,0
pu_00000n4,p_002996,s_p_002996_00014,2024-11-17T09:24:46.114Z,vip_monthly,9.99,10000,72,0
pu_00000n5,p_002996,s_p_002996_00014,2024-11-17T09:24:09.231Z,coins_medium,4.99,5500,72,0
pu_00000n6,p_002996,s_p_002996_00017,2024-12-04T09:32:20.659Z,vip_monthly,9.99,10000,89,0
pu_00000n7,p_002996,s_p_002996_00019,2024-12-10T21:11:34.396Z,starter_pack,1.99,2000,95,0
pu_00000n8,p_002996,s_p_002996_00020,2024-12-18T08:12:17.626Z,starter_pack,1.99,2000,103,0
pu_00000n9,p_002996,s_p_002996_00020,2024-12-18T08:12:45.968Z,coins_medium,4.99,5500,103,0
pu_00000na,p_002022,s_p_002022_00001,2024-12-14T18:25:34.711Z,coins_medium,4.99,5500,1,1
pu_00000nb,p_002022,s_p_002022_00006,2024-12-21T19:47:14.488Z,starter_pack,1.99,2000,8,0
pu_00000nc,p_002022,s_p_002022_00006,2024-12-21T19:48:25.718Z,coins_small,0.99,1000,8,0
pu_00000nd,p_002869,s_p_002869_00001,2024-02-18T16:52:41.527Z,starter_pack,1.99,2000,7,1
pu_00000ne,p_002869,s_p_002869_00016,2024-04-30T06:40:55.426Z,coins_small,0.99,1000,79,0
pu_00000nf,p_002869,s_p_002869_00020,2024-05-11T15:48:00.538Z,coins_small,0.99,1000,90,0
pu_00000ng,p_002869,s_p_002869_00023,2024-06-25T20:16:22.278Z,coins_small,0.99,1000,135,0
pu_00000nh,p_002869,s_p_002869_00024,2024-06-30T18:35:50.252Z,coins_small,0.99,1000,140,0
pu_00000ni,p_002869,s_p_002869_00028,2024-08-04T10:53:59.461Z,coins_medium,4.99,5500,175,0
pu_00000nj,p_002869,s_p_002869_00034,2024-08-16T18:33:24.995Z,coins_small,0.99,1000,187,0
pu_00000nk,p_002702,s_p_002702_00001,2024-01-02T17:48:20.327Z,coins_medium,4.99,5500,0,1
pu_00000nl,p_002702,s_p_002702_00002,2024-01-03T14:03:14.648Z,coins_large,19.99,25000,1,0
pu_00000nm,p_002702,s_p_002702_00002,2024-01-03T14:17:44.820Z,coins_large,19.99,25000,1,0
pu_00000nn,p_002702,s_p_002702_00002,2024-01-03T14:25:05.868Z,coins_small,0.99,1000,1,0
pu_00000no,p_002702,s_p_002702_00002,2024-01-03T14:11:48.324Z,coins_medium,4.99,5500,1,0
pu_00000np,p_002702,s_p_002702_00003,2024-01-04T17:57:04.297Z,coins_medium,4.99,5500,2,0
pu_00000nq,p_002702,s_p_002702_00003,2024-01-04T17:56:08.659Z,coins_small,0.99,1000,2,0
pu_00000nr,p_002702,s_p_002702_00003,2024-01-04T17:54:50.141Z,coins_large,19.99,25000,2,0
pu_00000ns,p_002702,s_p_002702_00004,2024-01-06T06:53:46.250Z,coins_large,19.99,25000,4,0
pu_00000nt,p_002702,s_p_002702_00004,2024-01-06T06:50:48.539Z,coins_medium,4.99,5500,4,0
pu_00000nu,p_002702,s_p_002702_00004,2024-01-06T06:45:04.525Z,coins_medium,4.99,5500,4,0
pu_00000nv,p_002702,s_p_002702_00004,2024-01-06T06:42:37.155Z,coins_large,19.99,25000,4,0
pu_00000nw,p_002702,s_p_002702_00004,2024-01-06T06:58:59.866Z,coins_medium,4.99,5500,4,0
pu_00000nx,p_002702,s_p_002702_00005,2024-01-08T11:11:19.434Z,coins_large,19.99,25000,6,0
pu_00000ny,p_002702,s_p_002702_00005,2024-01-08T11:06:13.351Z,vip_monthly,9.99,10000,6,0
pu_00000nz,p_002702,s_p_002702_00005,2024-01-08T11:34:08.201Z,coins_small,0.99,1000,6,0
pu_00000o0,p_002702,s_p_002702_00006,2024-01-09T17:56:16.865Z,coins_small,0.99,1000,7,0
pu_00000o1,p_002702,s_p_002702_00012,2024-01-20T07:02:21.187Z,coins_large,19.99,25000,18,0
pu_00000o2,p_002702,s_p_002702_00015,2024-01-23T22:54:43.817Z,coins_medium,4.99,5500,21,0
pu_00000o3,p_002702,s_p_002702_00019,2024-02-03T16:44:48.692Z,coins_medium,4.99,5500,32,0
pu_00000o4,p_002702,s_p_002702_00021,2024-02-05T08:54:05.045Z,coins_large,19.99,25000,34,0
pu_00000o5,p_002702,s_p_002702_00022,2024-02-05T12:35:24.743Z,starter_pack,1.99,2000,34,0
pu_00000o6,p_002702,s_p_002702_00031,2024-02-23T17:40:27.751Z,coins_medium,4.99,5500,52,0
pu_00000o7,p_002702,s_p_002702_00032,2024-02-24T13:02:07.980Z,coins_medium,4.99,5500,53,0
pu_00000o8,p_002702,s_p_002702_00034,2024-02-28T13:49:07.069Z,coins_large,19.99,25000,57,0
pu_00000o9,p_002702,s_p_002702_00037,2024-03-04T16:52:11.824Z,coins_large,19.99,25000,62,0
pu_00000oa,p_002702,s_p_002702_00044,2024-03-13T10:51:17.095Z,vip_monthly,9.99,10000,71,0
pu_00000ob,p_002702,s_p_002702_00044,2024-03-13T10:49:10.431Z,coins_large,19.99,25000,71,0
pu_00000oc,p_002702,s_p_002702_00048,2024-03-19T08:25:51.243Z,coins_medium,4.99,5500,77,0
pu_00000od,p_002702,s_p_002702_00052,2024-03-20T14:29:50.527Z,coins_medium,4.99,5500,78,0
pu_00000oe,p_002702,s_p_002702_00052,2024-03-20T14:33:00.592Z,vip_monthly,9.99,10000,78,0
pu_00000of,p_002702,s_p_002702_00057,2024-03-26T21:22:30.561Z,vip_monthly,9.99,10000,84,0
pu_00000og,p_002702,s_p_002702_00059,2024-03-27T08:18:34.433Z,coins_large,19.99,25000,85,0
pu_00000oh,p_002702,s_p_002702_00060,2024-03-27T12:24:39.148Z,coins_large,19.99,25000,85,0
pu_00000oi,p_002702,s_p_002702_00060,2024-03-27T12:32:36.071Z,coins_large,19.99,25000,85,0
pu_00000oj,p_002702,s_p_002702_00062,2024-03-30T08:33:29.412Z,coins_medium,4.99,5500,88,0
pu_00000ok,p_002702,s_p_002702_00062,2024-03-30T08:27:23.380Z,coins_medium,4.99,5500,88,0
pu_00000ol,p_002702,s_p_002702_00065,2024-04-01T09:56:18.988Z,coins_medium,4.99,5500,90,0
pu_00000om,p_002702,s_p_002702_00068,2024-04-02T19:49:22.446Z,vip_monthly,9.99,10000,91,0
pu_00000on,p_002702,s_p_002702_00074,2024-04-08T23:25:02.776Z,vip_monthly,9.99,10000,97,0
pu_00000oo,p_002702,s_p_002702_00074,2024-04-08T23:06:13.468Z,coins_small,0.99,1000,97,0
pu_00000op,p_002702,s_p_002702_00081,2024-04-17T23:11:38.244Z,coins_large,19.99,25000,106,0
pu_00000oq,p_002702,s_p_002702_00082,2024-04-18T17:28:02.734Z,coins_small,0.99,1000,107,0
pu_00000or,p_002702,s_p_002702_00085,2024-04-23T13:01:22.454Z,vip_monthly,9.99,10000,112,0
pu_00000os,p_002702,s_p_002702_00098,2024-05-11T08:19:16.217Z,starter_pack,1.99,2000,130,0
pu_00000ot,p_002702,s_p_002702_00107,2024-05-16T16:49:29.523Z,vip_monthly,9.99,10000,135,0
pu_00000ou,p_002702,s_p_002702_00116,2024-06-02T11:03:35.758Z,coins_medium,4.99,5500,152,0
pu_00000ov,p_002702,s_p_002702_00120,2024-06-04T20:33:41.010Z,coins_medium,4.99,5500,154,0
pu_00000ow,p_002702,s_p_002702_00121,2024-06-05T12:56:52.590Z,coins_large,19.99,25000,155,0
pu_00000ox,p_002702,s_p_002702_00122,2024-06-07T06:58:52.772Z,coins_large,19.99,25000,157,0
pu_00000oy,p_002702,s_p_002702_00131,2024-06-15T18:36:39.726Z,coins_medium,4.99,5500,165,0
pu_00000oz,p_002702,s_p_002702_00136,2024-06-21T22:11:09.849Z,coins_large,19.99,25000,171,0
pu_00000p0,p_002702,s_p_002702_00137,2024-06-23T17:12:22.137Z,coins_large,19.99,25000,173,0
pu_00000p1,p_002702,s_p_002702_00137,2024-06-23T17:02:31.358Z,coins_large,19.99,25000,173,0
pu_00000p2,p_002702,s_p_002702_00140,2024-06-25T21:48:35.069Z,coins_small,0.99,1000,175,0
pu_00000p3,p_002702,s_p_002702_00144,2024-06-28T18:31:07.428Z,coins_small,0.99,1000,178,0
pu_00000p4,p_002702,s_p_002702_00144,2024-06-28T18:22:42.831Z,coins_small,0.99,1000,178,0
pu_00000p5,p_002702,s_p_002702_00147,2024-06-30T20:00:08.871Z,coins_small,0.99,1000,180,0
pu_00000p6,p_002702,s_p_002702_00148,2024-07-02T10:08:16.162Z,vip_monthly,9.99,10000,182,0
pu_00000p7,p_002702,s_p_002702_00148,2024-07-02T10:18:49.081Z,coins_small,0.99,1000,182,0
pu_00000p8,p_002702,s_p_002702_00149,2024-07-03T22:01:44.607Z,vip_monthly,9.99,10000,183,0
pu_00000p9,p_002702,s_p_002702_00149,2024-07-03T22:02:26.281Z,coins_small,0.99,1000,183,0
pu_00000pa,p_002702,s_p_002702_00159,2024-07-16T21:06:21.009Z,starter_pack,1.99,2000,196,0
pu_00000pb,p_002702,s_p_002702_00167,2024-07-26T17:11:22.479Z,vip_monthly,9.99,10000,206,0
pu_00000pc,p_002702,s_p_002702_00169,2024-07-27T22:07:19.912Z,coins_medium,4.99,5500,207,0
pu_00000pd,p_002702,s_p_002702_00171,2024-07-29T10:55:24.326Z,coins_large,19.99,25000,209,0
pu_00000pe,p_002702,s_p_002702_00177,2024-08-04T15:14:34.860Z,coins_large,19.99,25000,215,0
pu_00000pf,p_002702,s_p_002702_00181,2024-08-06T22:05:22.699Z,coins_medium,4.99,5500,217,0
pu_00000pg,p_002702,s_p_002702_00182,2024-08-08T15:55:59.655Z,coins_small,0.99,1000,219,0
pu_00000ph,p_002702,s_p_002702_00185,2024-08-10T15:55:28.468Z,coins_small,0.99,1000,221,0
pu_00000pi,p_002702,s_p_002702_00187,2024-08-12T13:33:45.977Z,coins_large,19.99,25000,223,0
pu_00000pj,p_002702,s_p_002702_00191,2024-08-18T16:00:00.269Z,coins_large,19.99,25000,229,0
pu_00000pk,p_002702,s_p_002702_00200,2024-08-31T13:34:24.887Z,coins_medium,4.99,5500,242,0
pu_00000pl,p_002702,s_p_002702_00202,2024-09-04T19:05:14.339Z,coins_small,0.99,1000,246,0
pu_00000pm,p_002702,s_p_002702_00205,2024-09-07T08:38:41.771Z,vip_monthly,9.99,10000,249,0
pu_00000pn,p_002702,s_p_002702_00206,2024-09-07T15:41:56.310Z,coins_medium,4.99,5500,249,0
pu_00000po,p_002702,s_p_002702_00206,2024-09-07T15:42:12.680Z,coins_medium,4.99,5500,249,0
pu_00000pp,p_002702,s_p_002702_00210,2024-09-15T13:36:23.267Z,vip_monthly,9.99,10000,257,0
pu_00000pq,p_002702,s_p_002702_00216,2024-09-28T12:30:54.906Z,coins_large,19.99,25000,270,0
pu_00000pr,p_002702,s_p_002702_00217,2024-10-04T16:01:07.314Z,coins_medium,4.99,5500,276,0
pu_00000ps,p_002702,s_p_002702_00220,2024-10-07T14:59:14.827Z,coins_small,0.99,1000,279,0
pu_00000pt,p_002974,s_p_002974_00007,2024-10-12T13:12:13.578Z,coins_small,0.99,1000,39,1
pu_00000pu,p_002974,s_p_002974_00012,2024-10-29T07:48:06.169Z,coins_small,0.99,1000,56,0
pu_00000pv,p_002974,s_p_002974_00013,2024-11-01T17:42:23.286Z,coins_small,0.99,1000,59,0
pu_00000pw,p_002974,s_p_002974_00013,2024-11-01T17:43:01.605Z,coins_small,0.99,1000,59,0
pu_00000px,p_002974,s_p_002974_00014,2024-11-01T20:50:19.331Z,starter_pack,1.99,2000,59,0
pu_00000py,p_002974,s_p_002974_00023,2024-12-25T22:16:27.255Z,starter_pack,1.99,2000,113,0
pu_00000pz,p_002824,s_p_002824_00001,2024-04-11T07:23:36.756Z,starter_pack,1.99,2000,0,1
pu_00000q0,p_002824,s_p_002824_00001,2024-04-11T07:04:07.477Z,vip_monthly,9.99,10000,0,0
pu_00000q1,p_002824,s_p_002824_00001,2024-04-11T07:33:03.258Z,coins_medium,4.99,5500,0,0
pu_00000q2,p_002824,s_p_002824_00002,2024-04-11T12:20:45.170Z,coins_medium,4.99,5500,0,0
pu_00000q3,p_002824,s_p_002824_00003,2024-04-14T17:02:50.616Z,starter_pack,1.99,2000,3,0
pu_00000q4,p_002824,s_p_002824_00003,2024-04-14T17:02:26.745Z,coins_medium,4.99,5500,3,0
pu_00000q5,p_002824,s_p_002824_00005,2024-04-15T23:09:37.113Z,vip_monthly,9.99,10000,4,0
pu_00000q6,p_002824,s_p_002824_00006,2024-04-18T20:05:04.539Z,coins_small,0.99,1000,7,0
pu_00000q7,p_002824,s_p_002824_00006,2024-04-18T20:21:55.773Z,coins_large,19.99,25000,7,0
pu_00000q8,p_002824,s_p_002824_00012,2024-04-26T11:42:32.286Z,coins_medium,4.99,5500,15,0
pu_00000q9,p_002824,s_p_002824_00023,2024-05-13T07:50:44.643Z,vip_monthly,9.99,10000,32,0
pu_00000qa,p_002824,s_p_002824_00024,2024-05-17T13:37:49.489Z,vip_monthly,9.99,10000,36,0
pu_00000qb,p_002824,s_p_002824_00025,2024-05-18T09:09:29.106Z,coins_medium,4.99,5500,37,0
pu_00000qc,p_002824,s_p_002824_00031,2024-05-23T10:21:41.291Z,coins_small,0.99,1000,42,0
pu_00000qd,p_002824,s_p_002824_00034,2024-05-29T10:00:32.797Z,coins_medium,4.99,5500,48,0
pu_00000qe,p_002824,s_p_002824_00036,2024-06-01T16:36:28.531Z,coins_large,19.99,25000,51,0
pu_00000qf,p_002824,s_p_002824_00048,2024-06-20T21:04:55.242Z,coins_medium,4.99,5500,70,0
pu_00000qg,p_002824,s_p_002824_00055,2024-07-01T07:31:19.895Z,coins_medium,4.99,5500,81,0
pu_00000qh,p_002824,s_p_002824_00062,2024-07-10T17:33:24.772Z,coins_small,0.99,1000,90,0
pu_00000qi,p_002824,s_p_002824_00066,2024-07-15T11:48:10.620Z,vip_monthly,9.99,10000,95,0
pu_00000qj,p_002824,s_p_002824_00072,2024-07-22T15:33:00.566Z,coins_large,19.99,25000,102,0
pu_00000qk,p_002824,s_p_002824_00073,2024-07-23T14:18:22.245Z,coins_large,19.99,25000,103,0
pu_00000ql,p_002824,s_p_002824_00077,2024-07-28T16:26:05.097Z,coins_medium,4.99,5500,108,0
pu_00000qm,p_002824,s_p_002824_00078,2024-07-28T19:25:44.317Z,coins_small,0.99,1000,108,0
pu_00000qn,p_002824,s_p_002824_00083,2024-08-01T11:36:02.848Z,coins_large,19.99,25000,112,0
pu_00000qo,p_002824,s_p_002824_00085,2024-08-02T17:04:37.024Z,coins_medium,4.99,5500,113,0
pu_00000qp,p_002824,s_p_002824_00087,2024-08-05T13:49:52.407Z,coins_small,0.99,1000,116,0
pu_00000qq,p_002824,s_p_002824_00088,2024-08-07T06:27:03.326Z,coins_large,19.99,25000,118,0
pu_00000qr,p_002824,s_p_002824_00090,2024-08-07T22:40:04.334Z,coins_small,0.99,1000,118,0
pu_00000qs,p_002824,s_p_002824_00096,2024-08-14T15:29:42.855Z,vip_monthly,9.99,10000,125,0
pu_00000qt,p_002824,s_p_002824_00099,2024-08-18T09:22:45.521Z,coins_large,19.99,25000,129,0
pu_00000qu,p_002824,s_p_002824_00105,2024-08-27T12:04:08.993Z,coins_large,19.99,25000,138,0
pu_00000qv,p_002824,s_p_002824_00108,2024-08-28T16:49:26.830Z,coins_large,19.99,25000,139,0
pu_00000qw,p_002824,s_p_002824_00117,2024-09-13T11:52:55.912Z,coins_large,19.99,25000,155,0
pu_00000qx,p_002824,s_p_002824_00119,2024-09-13T17:47:10.288Z,coins_large,19.99,25000,155,0
pu_00000qy,p_002824,s_p_002824_00121,2024-09-14T17:28:20.038Z,coins_large,19.99,25000,156,0
pu_00000qz,p_002824,s_p_002824_00127,2024-09-23T17:49:50.296Z,coins_large,19.99,25000,165,0
pu_00000r0,p_002824,s_p_002824_00128,2024-09-25T22:59:30.759Z,coins_medium,4.99,5500,167,0
pu_00000r1,p_002824,s_p_002824_00141,2024-10-18T08:29:08.250Z,starter_pack,1.99,2000,190,0
pu_00000r2,p_002824,s_p_002824_00145,2024-10-21T21:07:52.461Z,coins_large,19.99,25000,193,0
pu_00000r3,p_002824,s_p_002824_00146,2024-10-24T18:36:57.608Z,coins_small,0.99,1000,196,0
pu_00000r4,p_002824,s_p_002824_00146,2024-10-24T18:37:21.458Z,vip_monthly,9.99,10000,196,0
pu_00000r5,p_002824,s_p_002824_00150,2024-10-26T19:31:16.651Z,coins_medium,4.99,5500,198,0
pu_00000r6,p_002824,s_p_002824_00150,2024-10-26T19:26:53.285Z,coins_large,19.99,25000,198,0
pu_00000r7,p_002824,s_p_002824_00152,2024-10-26T23:40:54.400Z,coins_medium,4.99,5500,198,0
pu_00000r8,p_002824,s_p_002824_00154,2024-10-29T22:06:54.099Z,coins_medium,4.99,5500,201,0
pu_00000r9,p_002824,s_p_002824_00156,2024-11-01T14:29:20.134Z,coins_large,19.99,25000,204,0
pu_00000ra,p_002824,s_p_002824_00157,2024-11-01T23:16:27.912Z,vip_monthly,9.99,10000,204,0
pu_00000rb,p_002824,s_p_002824_00159,2024-11-03T06:52:03.602Z,coins_large,19.99,25000,206,0
pu_00000rc,p_002824,s_p_002824_00159,2024-11-03T06:53:31.422Z,coins_small,0.99,1000,206,0
pu_00000rd,p_002824,s_p_002824_00163,2024-11-06T13:40:19.020Z,coins_large,19.99,25000,209,0
pu_00000re,p_002824,s_p_002824_00163,2024-11-06T13:27:30.808Z,coins_medium,4.99,5500,209,0
pu_00000rf,p_002824,s_p_002824_00166,2024-11-15T12:05:39.854Z,coins_medium,4.99,5500,218,0
pu_00000rg,p_002824,s_p_002824_00176,2024-12-06T17:23:08.640Z,coins_large,19.99,25000,239,0
pu_00000rh,p_002742,s_p_002742_00001,2024-04-15T10:58:15.467Z,coins_medium,4.99,5500,0,1
pu_00000ri,p_002742,s_p_002742_00002,2024-04-15T23:15:15.154Z,coins_small,0.99,1000,0,0
pu_00000rj,p_002742,s_p_002742_00002,2024-04-15T23:40:30.620Z,coins_large,19.99,25000,0,0
pu_00000rk,p_002742,s_p_002742_00003,2024-04-19T09:55:09.168Z,coins_medium,4.99,5500,4,0
pu_00000rl,p_002742,s_p_002742_00003,2024-04-19T09:57:59.955Z,vip_monthly,9.99,10000,4,0
pu_00000rm,p_002742,s_p_002742_00004,2024-04-19T20:08:05.939Z,coins_large,19.99,25000,4,0
pu_00000rn,p_002742,s_p_002742_00004,2024-04-19T19:56:22.717Z,coins_small,0.99,1000,4,0
pu_00000ro,p_002742,s_p_002742_00005,2024-04-25T20:48:19.664Z,starter_pack,1.99,2000,10,0
pu_00000rp,p_002742,s_p_002742_00005,2024-04-25T20:18:09.151Z,coins_large,19.99,25000,10,0
pu_00000rq,p_002742,s_p_002742_00006,2024-04-26T18:07:10.093Z,coins_large,19.99,25000,11,0
pu_00000rr,p_002742,s_p_002742_00006,2024-04-26T18:19:16.046Z,starter_pack,1.99,2000,11,0
pu_00000rs,p_002742,s_p_002742_00006,2024-04-26T18:16:47.387Z,coins_small,0.99,1000,11,0
pu_00000rt,p_002742,s_p_002742_00009,2024-05-01T12:07:47.866Z,starter_pack,1.99,2000,16,0
pu_00000ru,p_002742,s_p_002742_00010,2024-05-02T15:53:03.211Z,coins_medium,4.99,5500,17,0
pu_00000rv,p_002742,s_p_002742_00010,2024-05-02T15:55:08.149Z,coins_large,19.99,25000,17,0
pu_00000rw,p_002742,s_p_002742_00019,2024-05-11T12:54:47.083Z,coins_small,0.99,1000,26,0
pu_00000rx,p_002742,s_p_002742_00019,2024-05-11T13:00:00.677Z,coins_large,19.99,25000,26,0
pu_00000ry,p_002742,s_p_002742_00023,2024-05-13T16:18:15.281Z,vip_monthly,9.99,10000,28,0
pu_00000rz,p_002742,s_p_002742_00027,2024-05-21T10:02:45.737Z,coins_large,19.99,25000,36,0
pu_00000s0,p_002742,s_p_002742_00030,2024-05-25T06:58:44.318Z,coins_medium,4.99,5500,40,0
pu_00000s1,p_002742,s_p_002742_00037,2024-06-06T20:10:50.906Z,vip_monthly,9.99,10000,52,0
pu_00000s2,p_002742,s_p_002742_00041,2024-06-11T08:42:38.353Z,vip_monthly,9.99,10000,57,0
pu_00000s3,p_002742,s_p_002742_00041,2024-06-11T08:39:49.519Z,coins_small,0.99,1000,57,0
pu_00000s4,p_002742,s_p_002742_00043,2024-06-12T21:16:39.962Z,coins_medium,4.99,5500,58,0
pu_00000s5,p_002742,s_p_002742_00051,2024-06-26T15:48:57.107Z,vip_monthly,9.99,10000,72,0
pu_00000s6,p_002742,s_p_002742_00052,2024-07-01T17:15:01.362Z,coins_large,19.99,25000,77,0
pu_00000s7,p_002742,s_p_002742_00052,2024-07-01T17:00:55.036Z,coins_medium,4.99,5500,77,0
pu_00000s8,p_002742,s_p_002742_00054,2024-07-03T15:59:15.699Z,coins_large,19.99,25000,79,0
pu_00000s9,p_002742,s_p_002742_00057,2024-07-07T06:37:37.546Z,coins_large,19.99,25000,83,0
pu_00000sa,p_002742,s_p_002742_00057,2024-07-07T06:57:58.447Z,coins_large,19.99,25000,83,0
pu_00000sb,p_002742,s_p_002742_00057,2024-07-07T07:00:45.486Z,coins_medium,4.99,5500,83,0
pu_00000sc,p_002742,s_p_002742_00062,2024-07-15T10:45:47.529Z,vip_monthly,9.99,10000,91,0
pu_00000sd,p_002742,s_p_002742_00063,2024-07-15T19:02:01.364Z,coins_large,19.99,25000,91,0
pu_00000se,p_002742,s_p_002742_00065,2024-07-18T10:15:18.605Z,coins_small,0.99,1000,94,0
pu_00000sf,p_002742,s_p_002742_00066,2024-07-18T19:20:50.166Z,coins_large,19.99,25000,94,0
pu_00000sg,p_002742,s_p_002742_00067,2024-07-21T11:30:49.225Z,coins_large,19.99,25000,97,0
pu_00000sh,p_002742,s_p_002742_00070,2024-07-22T14:03:17.648Z,vip_monthly,9.99,10000,98,0
pu_00000si,p_002742,s_p_002742_00077,2024-07-29T11:54:07.163Z,starter_pack,1.99,2000,105,0
pu_00000sj,p_002742,s_p_002742_00078,2024-07-31T08:46:08.483Z,coins_small,0.99,1000,107,0
pu_00000sk,p_002742,s_p_002742_00081,2024-08-06T20:14:42.750Z,coins_large,19.99,25000,113,0
pu_00000sl,p_002742,s_p_002742_00082,2024-08-08T06:40:43.624Z,coins_large,19.99,25000,115,0
pu_00000sm,p_002742,s_p_002742_00084,2024-08-10T18:22:37.977Z,coins_large,19.99,25000,117,0
pu_00000sn,p_002742,s_p_002742_00085,2024-08-10T19:26:19.244Z,coins_large,19.99,25000,117,0
pu_00000so,p_002742,s_p_002742_00086,2024-08-12T16:42:11.719Z,coins_large,19.99,25000,119,0
pu_00000sp,p_002742,s_p_002742_00088,2024-08-17T20:35:59.717Z,coins_medium,4.99,5500,124,0
pu_00000sq,p_002742,s_p_002742_00088,2024-08-17T20:40:42.386Z,starter_pack,1.99,2000,124,0
pu_00000sr,p_002742,s_p_002742_00089,2024-08-18T10:42:52.450Z,coins_large,19.99,25000,125,0
pu_00000ss,p_002742,s_p_002742_00092,2024-08-20T20:55:14.230Z,coins_medium,4.99,5500,127,0
pu_00000st,p_002742,s_p_002742_00094,2024-08-21T18:58:47.173Z,coins_medium,4.99,5500,128,0
pu_00000su,p_002742,s_p_002742_00096,2024-08-26T12:01:17.762Z,coins_medium,4.99,5500,133,0
pu_00000sv,p_002742,s_p_002742_00096,2024-08-26T12:07:41.036Z,starter_pack,1.99,2000,133,0
pu_00000sw,p_002742,s_p_002742_00097,2024-08-27T08:41:23.210Z,vip_monthly,9.99,10000,134,0
pu_00000sx,p_002742,s_p_002742_00097,2024-08-27T08:49:15.302Z,coins_large,19.99,25000,134,0
pu_00000sy,p_002742,s_p_002742_00100,2024-08-30T12:35:50.308Z,coins_large,19.99,25000,137,0
pu_00000sz,p_002742,s_p_002742_00101,2024-08-30T18:22:26.092Z,coins_medium,4.99,5500,137,0
pu_00000t0,p_002742,s_p_002742_00102,2024-09-01T08:24:19.952Z,coins_medium,4.99,5500,139,0
pu_00000t1,p_002742,s_p_002742_00109,2024-09-08T11:16:17.935Z,coins_medium,4.99,5500,146,0
pu_00000t2,p_002742,s_p_002742_00115,2024-09-10T17:20:49.875Z,coins_small,0.99,1000,148,0
pu_00000t3,p_002742,s_p_002742_00118,2024-09-17T18:22:51.187Z,coins_medium,4.99,5500,155,0
pu_00000t4,p_002742,s_p_002742_00121,2024-09-21T09:37:13.147Z,coins_small,0.99,1000,159,0
pu_00000t5,p_002742,s_p_002742_00125,2024-09-30T22:46:26.028Z,coins_medium,4.99,5500,168,0
pu_00000t6,p_002742,s_p_002742_00125,2024-09-30T22:41:55.766Z,coins_medium,4.99,5500,168,0
pu_00000t7,p_002742,s_p_002742_00125,2024-09-30T22:39:24.736Z,vip_monthly,9.99,10000,168,0
pu_00000t8,p_002742,s_p_002742_00127,2024-10-02T21:08:01.301Z,coins_small,0.99,1000,170,0
pu_00000t9,p_002742,s_p_002742_00127,2024-10-02T21:23:14.001Z,starter_pack,1.99,2000,170,0
pu_00000ta,p_002742,s_p_002742_00130,2024-10-05T11:07:17.180Z,coins_large,19.99,25000,173,0
pu_00000tb,p_002742,s_p_002742_00138,2024-10-16T14:07:04.339Z,vip_monthly,9.99,10000,184,0
pu_00000tc,p_002742,s_p_002742_00139,2024-10-18T14:41:13.731Z,coins_small,0.99,1000,186,0
pu_00000td,p_002742,s_p_002742_00141,2024-10-22T08:32:35.417Z,coins_medium,4.99,5500,190,0
pu_00000te,p_002742,s_p_002742_00144,2024-10-26T17:15:39.103Z,coins_small,0.99,1000,194,0
pu_00000tf,p_002742,s_p_002742_00144,2024-10-26T17:10:48.026Z,coins_medium,4.99,5500,194,0
pu_00000tg,p_002742,s_p_002742_00145,2024-10-29T11:01:19.703Z,coins_medium,4.99,5500,197,0
pu_00000th,p_002742,s_p_002742_00146,2024-10-29T11:11:20.522Z,coins_small,0.99,1000,197,0
pu_00000ti,p_002742,s_p_002742_00146,2024-10-29T11:18:29.383Z,coins_large,19.99,25000,197,0
pu_00000tj,p_002742,s_p_002742_00147,2024-10-30T15:52:18.231Z,coins_large,19.99,25000,198,0
pu_00000tk,p_002742,s_p_002742_00147,2024-10-30T15:52:24.867Z,coins_medium,4.99,5500,198,0
pu_00000tl,p_002742,s_p_002742_00149,2024-10-31T12:23:25.206Z,coins_medium,4.99,5500,199,0
pu_00000tm,p_002742,s_p_002742_00150,2024-10-31T20:36:00.839Z,vip_monthly,9.99,10000,199,0
pu_00000tn,p_002742,s_p_002742_00152,2024-11-01T14:51:16.879Z,coins_large,19.99,25000,200,0
pu_00000to,p_002742,s_p_002742_00152,2024-11-01T14:57:27.878Z,coins_large,19.99,25000,200,0
pu_00000tp,p_002742,s_p_002742_00154,2024-11-05T18:51:54.479Z,coins_medium,4.99,5500,204,0
pu_00000tq,p_002742,s_p_002742_00156,2024-11-09T12:22:42.213Z,coins_large,19.99,25000,208,0
pu_00000tr,p_002742,s_p_002742_00156,2024-11-09T12:26:38.863Z,vip_monthly,9.99,10000,208,0
pu_00000ts,p_002742,s_p_002742_00159,2024-11-23T20:34:17.755Z,coins_medium,4.99,5500,222,0
pu_00000tt,p_002805,s_p_002805_00002,2024-03-16T23:35:39.179Z,coins_large,19.99,25000,1,1
pu_00000tu,p_002805,s_p_002805_00002,2024-03-16T23:33:16.530Z,coins_medium,4.99,5500,1,0
pu_00000tv,p_002805,s_p_002805_00003,2024-03-17T15:56:01.200Z,coins_large,19.99,25000,2,0
pu_00000tw,p_002805,s_p_002805_00006,2024-03-18T22:56:22.906Z,coins_small,0.99,1000,3,0
pu_00000tx,p_002805,s_p_002805_00006,2024-03-18T23:01:11.107Z,vip_monthly,9.99,10000,3,0
pu_00000ty,p_002805,s_p_002805_00006,2024-03-18T22:59:23.856Z,coins_medium,4.99,5500,3,0
pu_00000tz,p_002805,s_p_002805_00013,2024-03-26T17:26:25.167Z,coins_large,19.99,25000,11,0
pu_00000u0,p_002805,s_p_002805_00016,2024-03-28T10:39:58.273Z,coins_small,0.99,1000,13,0
pu_00000u1,p_002805,s_p_002805_00018,2024-04-02T16:03:48.629Z,coins_medium,4.99,5500,18,0
pu_00000u2,p_002805,s_p_002805_00029,2024-04-17T10:13:20.724Z,coins_large,19.99,25000,33,0
pu_00000u3,p_002805,s_p_002805_00040,2024-04-23T22:05:30.169Z,coins_small,0.99,1000,39,0
pu_00000u4,p_002805,s_p_002805_00042,2024-04-24T14:23:53.907Z,coins_large,19.99,25000,40,0
pu_00000u5,p_002805,s_p_002805_00055,2024-05-16T15:41:39.114Z,coins_medium,4.99,5500,62,0
pu_00000u6,p_002805,s_p_002805_00055,2024-05-16T15:47:51.043Z,starter_pack,1.99,2000,62,0
pu_00000u7,p_002805,s_p_002805_00060,2024-05-26T07:08:42.222Z,coins_large,19.99,25000,72,0
pu_00000u8,p_002805,s_p_002805_00062,2024-05-30T19:40:20.653Z,coins_medium,4.99,5500,76,0
pu_00000u9,p_002805,s_p_002805_00067,2024-06-04T10:11:21.227Z,coins_large,19.99,25000,81,0
pu_00000ua,p_002805,s_p_002805_00068,2024-06-04T17:26:32.674Z,coins_large,19.99,25000,81,0
pu_00000ub,p_002805,s_p_002805_00087,2024-07-02T19:12:11.184Z,starter_pack,1.99,2000,109,0
pu_00000uc,p_002805,s_p_002805_00089,2024-07-06T21:51:21.734Z,coins_large,19.99,25000,113,0
pu_00000ud,p_002805,s_p_002805_00102,2024-07-20T16:07:46.514Z,coins_large,19.99,25000,127,0
pu_00000ue,p_002805,s_p_002805_00104,2024-07-21T07:57:58.356Z,coins_medium,4.99,5500,128,0
pu_00000uf,p_002805,s_p_002805_00108,2024-07-26T20:59:12.586Z,starter_pack,1.99,2000,133,0
pu_00000ug,p_002805,s_p_002805_00113,2024-08-01T06:50:48.587Z,coins_large,19.99,25000,139,0
pu_00000uh,p_002805,s_p_002805_00122,2024-08-15T23:00:28.233Z,coins_medium,4.99,5500,153,0
pu_00000ui,p_002805,s_p_002805_00127,2024-08-19T15:08:41.883Z,vip_monthly,9.99,10000,157,0
pu_00000uj,p_002805,s_p_002805_00127,2024-08-19T15:13:07.293Z,coins_large,19.99,25000,157,0
pu_00000uk,p_002805,s_p_002805_00128,2024-08-20T14:22:56.027Z,coins_large,19.99,25000,158,0
pu_00000ul,p_002805,s_p_002805_00133,2024-08-25T07:27:04.552Z,coins_medium,4.99,5500,163,0
pu_00000um,p_002805,s_p_002805_00152,2024-09-28T06:10:42.841Z,coins_medium,4.99,5500,197,0
pu_00000un,p_002805,s_p_002805_00153,2024-09-29T19:21:45.021Z,coins_medium,4.99,5500,198,0
pu_00000uo,p_002805,s_p_002805_00161,2024-10-09T22:10:31.595Z,starter_pack,1.99,2000,208,0
pu_00000up,p_002805,s_p_002805_00170,2024-10-22T06:33:26.528Z,coins_medium,4.99,5500,221,0
pu_00000uq,p_002805,s_p_002805_00171,2024-10-23T18:41:08.340Z,starter_pack,1.99,2000,222,0
pu_00000ur,p_002875,s_p_002875_00002,2024-07-24T22:51:28.988Z,vip_monthly,9.99,10000,11,1
pu_00000us,p_002875,s_p_002875_00002,2024-07-24T22:58:23.917Z,coins_large,19.99,25000,11,0
pu_00000ut,p_002875,s_p_002875_00003,2024-07-31T09:41:20.826Z,starter_pack,1.99,2000,18,0
pu_00000uu,p_002875,s_p_002875_00003,2024-07-31T09:47:19.747Z,coins_small,0.99,1000,18,0
pu_00000uv,p_002875,s_p_002875_00005,2024-08-08T23:05:18.283Z,coins_small,0.99,1000,26,0
pu_00000uw,p_002875,s_p_002875_00005,2024-08-08T23:08:14.877Z,coins_small,0.99,1000,26,0
pu_00000ux,p_002875,s_p_002875_00005,2024-08-08T23:03:31.085Z,coins_medium,4.99,5500,26,0
pu_00000uy,p_002875,s_p_002875_00008,2024-08-29T09:16:30.261Z,coins_small,0.99,1000,47,0
pu_00000uz,p_002875,s_p_002875_00008,2024-08-29T09:17:48.798Z,coins_medium,4.99,5500,47,0
pu_00000v0,p_002875,s_p_002875_00009,2024-08-29T13:38:49.727Z,coins_small,0.99,1000,47,0
pu_00000v1,p_002875,s_p_002875_00009,2024-08-29T13:36:43.121Z,coins_medium,4.99,5500,47,0
pu_00000v2,p_002875,s_p_002875_00010,2024-08-30T12:09:52.548Z,coins_medium,4.99,5500,48,0
pu_00000v3,p_002875,s_p_002875_00014,2024-09-14T15:50:32.328Z,starter_pack,1.99,2000,63,0
pu_00000v4,p_002307,s_p_002307_00001,2024-06-13T11:14:34.324Z,starter_pack,1.99,2000,2,1
pu_00000v5,p_002307,s_p_002307_00008,2024-06-24T11:37:40.091Z,coins_large,19.99,25000,13,0
pu_00000v6,p_002307,s_p_002307_00019,2024-07-28T14:35:01.177Z,coins_small,0.99,1000,47,0
pu_00000v7,p_002887,s_p_002887_00002,2024-10-22T08:12:00.344Z,coins_medium,4.99,5500,23,1
pu_00000v8,p_002887,s_p_002887_00009,2024-12-09T12:36:45.891Z,coins_small,0.99,1000,71,0
pu_00000v9,p_002887,s_p_002887_00011,2024-12-21T22:12:07.301Z,coins_large,19.99,25000,83,0
pu_00000va,p_002887,s_p_002887_00011,2024-12-21T22:14:37.435Z,vip_monthly,9.99,10000,83,0
pu_00000vb,p_002887,s_p_002887_00011,2024-12-21T22:14:41.956Z,coins_medium,4.99,5500,83,0
pu_00000vc,p_002881,s_p_002881_00008,2024-08-25T13:36:29.701Z,starter_pack,1.99,2000,35,1
pu_00000vd,p_002881,s_p_002881_00009,2024-09-04T16:23:28.241Z,coins_small,0.99,1000,45,0
pu_00000ve,p_002881,s_p_002881_00019,2024-11-04T12:07:40.104Z,coins_small,0.99,1000,106,0
pu_00000vf,p_002953,s_p_002953_00003,2024-09-06T20:11:13.561Z,starter_pack,1.99,2000,5,1
pu_00000vg,p_002953,s_p_002953_00006,2024-09-11T18:49:50.171Z,starter_pack,1.99,2000,10,0
pu_00000vh,p_002953,s_p_002953_00006,2024-09-11T18:50:55.086Z,coins_small,0.99,1000,10,0
pu_00000vi,p_002953,s_p_002953_00007,2024-09-13T12:46:40.860Z,coins_small,0.99,1000,12,0
pu_00000vj,p_002953,s_p_002953_00007,2024-09-13T12:55:43.560Z,coins_small,0.99,1000,12,0
pu_00000vk,p_002953,s_p_002953_00008,2024-09-19T09:21:18.823Z,coins_small,0.99,1000,18,0
pu_00000vl,p_002953,s_p_002953_00012,2024-10-12T09:01:07.055Z,coins_small,0.99,1000,41,0
pu_00000vm,p_002953,s_p_002953_00016,2024-11-25T06:54:00.699Z,coins_small,0.99,1000,85,0
pu_00000vn,p_002953,s_p_002953_00017,2024-12-10T21:48:34.730Z,coins_small,0.99,1000,100,0
pu_00000vo,p_002953,s_p_002953_00018,2024-12-25T12:27:58.220Z,coins_medium,4.99,5500,115,0
pu_00000vp,p_002982,s_p_002982_00006,2024-04-15T21:56:24.225Z,coins_small,0.99,1000,19,1
pu_00000vq,p_002982,s_p_002982_00013,2024-05-20T16:50:27.191Z,coins_small,0.99,1000,54,0
pu_00000vr,p_002982,s_p_002982_00018,2024-06-28T12:10:30.542Z,coins_small,0.99,1000,93,0
pu_00000vs,p_002982,s_p_002982_00023,2024-07-28T07:35:10.263Z,coins_small,0.99,1000,123,0
pu_00000vt,p_002732,s_p_002732_00001,2024-02-06T07:52:30.538Z,starter_pack,1.99,2000,1,1
pu_00000vu,p_002732,s_p_002732_00001,2024-02-06T07:55:17.205Z,coins_medium,4.99,5500,1,0
pu_00000vv,p_002732,s_p_002732_00001,2024-02-06T07:45:19.226Z,coins_large,19.99,25000,1,0
pu_00000vw,p_002732,s_p_002732_00003,2024-02-12T11:38:33.586Z,coins_large,19.99,25000,7,0
pu_00000vx,p_002732,s_p_002732_00003,2024-02-12T11:20:42.488Z,coins_medium,4.99,5500,7,0
pu_00000vy,p_002732,s_p_002732_00003,2024-02-12T11:23:39.610Z,coins_medium,4.99,5500,7,0
pu_00000vz,p_002732,s_p_002732_00004,2024-02-15T07:20:26.385Z,coins_large,19.99,25000,10,0
pu_00000w0,p_002732,s_p_002732_00005,2024-02-15T18:08:01.196Z,coins_large,19.99,25000,10,0
pu_00000w1,p_002732,s_p_002732_00005,2024-02-15T18:14:19.295Z,vip_monthly,9.99,10000,10,0
pu_00000w2,p_002732,s_p_002732_00007,2024-02-16T23:26:28.823Z,coins_large,19.99,25000,11,0
pu_00000w3,p_002732,s_p_002732_00010,2024-02-21T14:10:45.977Z,coins_small,0.99,1000,16,0
pu_00000w4,p_002732,s_p_002732_00019,2024-02-29T09:19:52.745Z,coins_medium,4.99,5500,24,0
pu_00000w5,p_002732,s_p_002732_00020,2024-03-01T07:47:23.003Z,vip_monthly,9.99,10000,25,0
pu_00000w6,p_002732,s_p_002732_00023,2024-03-02T16:30:19.700Z,coins_small,0.99,1000,26,0
pu_00000w7,p_002732,s_p_002732_00038,2024-03-17T18:35:45.085Z,coins_medium,4.99,5500,41,0
pu_00000w8,p_002732,s_p_002732_00040,2024-03-19T15:00:35.890Z,coins_medium,4.99,5500,43,0
pu_00000w9,p_002732,s_p_002732_00040,2024-03-19T15:00:35.852Z,vip_monthly,9.99,10000,43,0
pu_00000wa,p_002732,s_p_002732_00041,2024-03-20T20:54:52.582Z,coins_large,19.99,25000,44,0
pu_00000wb,p_002732,s_p_002732_00049,2024-03-28T14:45:35.625Z,vip_monthly,9.99,10000,52,0
pu_00000wc,p_002732,s_p_002732_00051,2024-03-29T17:34:09.950Z,coins_medium,4.99,5500,53,0
pu_00000wd,p_002732,s_p_002732_00052,2024-03-30T17:39:54.743Z,coins_medium,4.99,5500,54,0
pu_00000we,p_002732,s_p_002732_00052,2024-03-30T17:27:01.867Z,coins_medium,4.99,5500,54,0
pu_00000wf,p_002732,s_p_002732_00057,2024-04-07T16:43:34.913Z,coins_medium,4.99,5500,62,0
pu_00000wg,p_002732,s_p_002732_00059,2024-04-10T18:20:18.399Z,vip_monthly,9.99,10000,65,0
pu_00000wh,p_002732,s_p_002732_00060,2024-04-11T07:49:18.469Z,coins_large,19.99,25000,66,0
pu_00000wi,p_002732,s_p_002732_00062,2024-04-13T12:59:20.854Z,vip_monthly,9.99,10000,68,0
pu_00000wj,p_002732,s_p_002732_00068,2024-04-19T22:56:04.736Z,vip_monthly,9.99,10000,74,0
pu_00000wk,p_002732,s_p_002732_00082,2024-05-09T19:09:43.264Z,vip_monthly,9.99,10000,94,0
pu_00000wl,p_002732,s_p_002732_00083,2024-05-10T10:39:19.174Z,vip_monthly,9.99,10000,95,0
pu_00000wm,p_002732,s_p_002732_00083,2024-05-10T10:51:53.898Z,coins_large,19.99,25000,95,0
pu_00000wn,p_002732,s_p_002732_00085,2024-05-10T21:39:19.405Z,coins_medium,4.99,5500,95,0
pu_00000wo,p_002732,s_p_002732_00094,2024-05-18T20:35:13.406Z,coins_large,19.99,25000,103,0
pu_00000wp,p_002732,s_p_002732_00095,2024-05-19T07:21:03.180Z,coins_medium,4.99,5500,104,0
pu_00000wq,p_002732,s_p_002732_00100,2024-05-23T15:12:23.507Z,coins_medium,4.99,5500,108,0
pu_00000wr,p_002732,s_p_002732_00112,2024-06-04T10:37:11.119Z,vip_monthly,9.99,10000,120,0
pu_00000ws,p_002732,s_p_002732_00114,2024-06-05T09:03:06.761Z,starter_pack,1.99,2000,121,0
pu_00000wt,p_002732,s_p_002732_00128,2024-06-20T15:52:33.735Z,coins_large,19.99,25000,136,0
pu_00000wu,p_002732,s_p_002732_00132,2024-06-23T19:10:36.075Z,coins_large,19.99,25000,139,0
pu_00000wv,p_002732,s_p_002732_00137,2024-06-25T14:03:41.689Z,starter_pack,1.99,2000,141,0
pu_00000ww,p_002732,s_p_002732_00146,2024-07-11T17:15:01.967Z,vip_monthly,9.99,10000,157,0
pu_00000wx,p_002732,s_p_002732_00146,2024-07-11T17:20:08.658Z,coins_large,19.99,25000,157,0
pu_00000wy,p_002732,s_p_002732_00152,2024-07-14T13:12:19.807Z,coins_large,19.99,25000,160,0
pu_00000wz,p_002732,s_p_002732_00158,2024-07-19T17:03:10.676Z,coins_small,0.99,1000,165,0
pu_00000x0,p_002732,s_p_002732_00164,2024-07-28T15:54:16.630Z,coins_medium,4.99,5500,174,0
pu_00000x1,p_002732,s_p_002732_00166,2024-07-29T19:43:16.049Z,coins_small,0.99,1000,175,0
pu_00000x2,p_002732,s_p_002732_00169,2024-07-30T21:16:34.037Z,coins_large,19.99,25000,176,0
pu_00000x3,p_002732,s_p_002732_00174,2024-08-05T11:52:35.236Z,coins_small,0.99,1000,182,0
pu_00000x4,p_002732,s_p_002732_00175,2024-08-05T22:04:33.653Z,starter_pack,1.99,2000,182,0
pu_00000x5,p_002732,s_p_002732_00177,2024-08-09T19:40:28.109Z,coins_large,19.99,25000,186,0
pu_00000x6,p_002732,s_p_002732_00178,2024-08-11T10:06:46.854Z,vip_monthly,9.99,10000,188,0
pu_00000x7,p_002732,s_p_002732_00184,2024-08-18T08:01:19.873Z,coins_small,0.99,1000,195,0
pu_00000x8,p_002732,s_p_002732_00185,2024-08-21T19:23:28.867Z,coins_small,0.99,1000,198,0
pu_00000x9,p_002732,s_p_002732_00187,2024-08-24T07:51:42.924Z,coins_large,19.99,25000,201,0
pu_00000xa,p_002732,s_p_002732_00191,2024-08-27T16:42:46.812Z,coins_medium,4.99,5500,204,0
pu_00000xb,p_002732,s_p_002732_00196,2024-09-01T21:17:34.052Z,coins_large,19.99,25000,209,0
pu_00000xc,p_002732,s_p_002732_00197,2024-09-02T19:24:27.608Z,vip_monthly,9.99,10000,210,0
pu_00000xd,p_002732,s_p_002732_00200,2024-09-06T18:14:32.881Z,coins_medium,4.99,5500,214,0
pu_00000xe,p_002732,s_p_002732_00200,2024-09-06T18:16:02.746Z,vip_monthly,9.99,10000,214,0
pu_00000xf,p_002732,s_p_002732_00204,2024-09-10T14:21:30.070Z,vip_monthly,9.99,10000,218,0
pu_00000xg,p_002732,s_p_002732_00214,2024-09-22T21:11:14.455Z,coins_large,19.99,25000,230,0
pu_00000xh,p_002732,s_p_002732_00214,2024-09-22T21:10:22.441Z,coins_large,19.99,25000,230,0
pu_00000xi,p_002732,s_p_002732_00217,2024-09-25T14:57:23.480Z,coins_small,0.99,1000,233,0
pu_00000xj,p_002732,s_p_002732_00219,2024-09-27T11:21:38.350Z,vip_monthly,9.99,10000,235,0
pu_00000xk,p_002732,s_p_002732_00222,2024-09-29T18:19:32.554Z,coins_medium,4.99,5500,237,0
pu_00000xl,p_002732,s_p_002732_00227,2024-10-08T11:53:29.085Z,coins_large,19.99,25000,246,0
pu_00000xm,p_002732,s_p_002732_00229,2024-10-09T23:05:25.686Z,starter_pack,1.99,2000,247,0
pu_00000xn,p_002732,s_p_002732_00230,2024-10-10T08:41:52.430Z,coins_small,0.99,1000,248,0
pu_00000xo,p_002752,s_p_002752_00001,2024-05-16T18:10:26.014Z,coins_large,19.99,25000,1,1
pu_00000xp,p_002752,s_p_002752_00003,2024-05-17T20:33:29.567Z,coins_large,19.99,25000,2,0
pu_00000xq,p_002752,s_p_002752_00003,2024-05-17T20:46:28.744Z,coins_large,19.99,25000,2,0
pu_00000xr,p_002752,s_p_002752_00003,2024-05-17T20:47:33.266Z,coins_medium,4.99,5500,2,0
pu_00000xs,p_002752,s_p_002752_00004,2024-05-18T18:04:11.734Z,coins_medium,4.99,5500,3,0
pu_00000xt,p_002752,s_p_002752_00005,2024-05-25T16:31:47.294Z,coins_small,0.99,1000,10,0
pu_00000xu,p_002752,s_p_002752_00006,2024-05-26T07:02:01.405Z,coins_medium,4.99,5500,11,0
pu_00000xv,p_002752,s_p_002752_00011,2024-05-30T16:56:31.378Z,coins_large,19.99,25000,15,0
pu_00000xw,p_002752,s_p_002752_00018,2024-06-07T10:54:20.005Z,coins_large,19.99,25000,23,0
pu_00000xx,p_002752,s_p_002752_00020,2024-06-10T15:42:53.626Z,coins_medium,4.99,5500,26,0
pu_00000xy,p_002752,s_p_002752_00021,2024-06-14T07:22:08.043Z,coins_small,0.99,1000,30,0
pu_00000xz,p_002752,s_p_002752_00029,2024-06-23T21:13:10.857Z,coins_large,19.99,25000,39,0
pu_00000y0,p_002752,s_p_002752_00030,2024-06-25T08:35:23.703Z,coins_medium,4.99,5500,41,0
pu_00000y1,p_002752,s_p_002752_00033,2024-06-26T22:44:44.065Z,coins_medium,4.99,5500,42,0
pu_00000y2,p_002752,s_p_002752_00042,2024-07-18T12:38:16.106Z,coins_medium,4.99,5500,64,0
pu_00000y3,p_002752,s_p_002752_00043,2024-07-19T10:26:30.267Z,coins_medium,4.99,5500,65,0
pu_00000y4,p_002752,s_p_002752_00044,2024-07-19T11:36:58.809Z,coins_medium,4.99,5500,65,0
pu_00000y5,p_002752,s_p_002752_00044,2024-07-19T11:25:54.830Z,coins_small,0.99,1000,65,0
pu_00000y6,p_002752,s_p_002752_00049,2024-07-26T17:57:58.953Z,coins_large,19.99,25000,72,0
pu_00000y7,p_002752,s_p_002752_00050,2024-07-26T19:07:02.447Z,coins_medium,4.99,5500,72,0
pu_00000y8,p_002752,s_p_002752_00055,2024-07-31T14:15:52.506Z,coins_small,0.99,1000,77,0
pu_00000y9,p_002752,s_p_002752_00058,2024-08-08T09:54:15.624Z,coins_large,19.99,25000,85,0
pu_00000ya,p_002752,s_p_002752_00059,2024-08-08T19:14:45.862Z,coins_small,0.99,1000,85,0
pu_00000yb,p_002752,s_p_002752_00061,2024-08-11T09:17:44.089Z,coins_large,19.99,25000,88,0
pu_00000yc,p_002752,s_p_002752_00069,2024-08-29T09:20:54.583Z,coins_small,0.99,1000,106,0
pu_00000yd,p_002752,s_p_002752_00071,2024-08-30T09:58:30.936Z,coins_small,0.99,1000,107,0
pu_00000ye,p_002752,s_p_002752_00076,2024-09-10T22:12:37.307Z,coins_large,19.99,25000,118,0
pu_00000yf,p_002752,s_p_002752_00077,2024-09-11T09:34:40.760Z,coins_large,19.99,25000,119,0
pu_00000yg,p_002752,s_p_002752_00081,2024-09-16T18:57:31.104Z,coins_small,0.99,1000,124,0
pu_00000yh,p_002752,s_p_002752_00082,2024-09-16T20:35:56.452Z,coins_medium,4.99,5500,124,0
pu_00000yi,p_002752,s_p_002752_00089,2024-09-23T22:10:35.064Z,coins_medium,4.99,5500,131,0
pu_00000yj,p_002752,s_p_002752_00089,2024-09-23T21:59:30.506Z,coins_large,19.99,25000,131,0
pu_00000yk,p_002752,s_p_002752_00090,2024-09-24T19:17:29.832Z,vip_monthly,9.99,10000,132,0
pu_00000yl,p_002752,s_p_002752_00090,2024-09-24T19:20:03.928Z,coins_medium,4.99,5500,132,0
pu_00000ym,p_002752,s_p_002752_00094,2024-09-28T20:49:42.336Z,vip_monthly,9.99,10000,136,0
pu_00000yn,p_002752,s_p_002752_00098,2024-10-04T23:17:07.602Z,vip_monthly,9.99,10000,142,0
pu_00000yo,p_002752,s_p_002752_00102,2024-10-10T07:10:13.527Z,coins_large,19.99,25000,148,0
pu_00000yp,p_002752,s_p_002752_00111,2024-10-23T17:17:45.298Z,coins_medium,4.99,5500,161,0
pu_00000yq,p_002752,s_p_002752_00117,2024-10-29T20:48:04.894Z,vip_monthly,9.99,10000,167,0
pu_00000yr,p_002752,s_p_002752_00117,2024-10-29T20:56:57.954Z,coins_large,19.99,25000,167,0
pu_00000ys,p_002752,s_p_002752_00119,2024-11-05T06:25:22.104Z,coins_small,0.99,1000,174,0
pu_00000yt,p_002752,s_p_002752_00121,2024-11-09T23:38:27.604Z,coins_large,19.99,25000,178,0
pu_00000yu,p_002752,s_p_002752_00126,2024-11-17T08:17:39.674Z,coins_large,19.99,25000,186,0
pu_00000yv,p_002752,s_p_002752_00131,2024-11-21T14:14:32.896Z,coins_large,19.99,25000,190,0
pu_00000yw,p_002752,s_p_002752_00139,2024-12-14T19:13:51.357Z,coins_medium,4.99,5500,213,0
pu_00000yx,p_002752,s_p_002752_00141,2024-12-18T14:17:57.138Z,coins_large,19.99,25000,217,0
pu_00000yy,p_002752,s_p_002752_00141,2024-12-18T14:29:50.967Z,coins_large,19.99,25000,217,0
pu_00000yz,p_002931,s_p_002931_00001,2024-05-22T16:29:59.654Z,starter_pack,1.99,2000,6,1
pu_00000z0,p_002931,s_p_002931_00001,2024-05-22T16:27:11.456Z,coins_small,0.99,1000,6,0
pu_00000z1,p_002931,s_p_002931_00001,2024-05-22T16:30:25.592Z,coins_medium,4.99,5500,6,0
pu_00000z2,p_002931,s_p_002931_00001,2024-05-22T16:30:10.295Z,coins_small,0.99,1000,6,0
pu_00000z3,p_002931,s_p_002931_00001,2024-05-22T16:28:58.063Z,coins_small,0.99,1000,6,0
pu_00000z4,p_002931,s_p_002931_00002,2024-05-22T16:54:08.930Z,coins_medium,4.99,5500,6,0
pu_00000z5,p_002931,s_p_002931_00003,2024-06-08T21:09:38.609Z,coins_small,0.99,1000,23,0
pu_00000z6,p_002931,s_p_002931_00007,2024-06-24T16:26:50.628Z,coins_small,0.99,1000,39,0
pu_00000z7,p_002931,s_p_002931_00008,2024-07-04T19:33:31.271Z,coins_small,0.99,1000,49,0
pu_00000z8,p_002931,s_p_002931_00008,2024-07-04T19:25:06.248Z,coins_small,0.99,1000,49,0
pu_00000z9,p_002931,s_p_002931_00010,2024-07-12T16:59:46.791Z,coins_medium,4.99,5500,57,0
pu_00000za,p_002931,s_p_002931_00010,2024-07-12T16:52:56.788Z,coins_small,0.99,1000,57,0
pu_00000zb,p_002931,s_p_002931_00010,2024-07-12T16:53:38.165Z,coins_small,0.99,1000,57,0
pu_00000zc,p_002931,s_p_002931_00011,2024-07-15T07:44:33.050Z,coins_small,0.99,1000,60,0
pu_00000zd,p_002862,s_p_002862_00001,2024-02-06T06:27:00.528Z,starter_pack,1.99,2000,2,1
pu_00000ze,p_002862,s_p_002862_00005,2024-03-15T07:51:27.461Z,coins_small,0.99,1000,40,0
pu_00000zf,p_002862,s_p_002862_00006,2024-03-21T12:59:38.613Z,coins_small,0.99,1000,46,0
pu_00000zg,p_002862,s_p_002862_00008,2024-03-28T11:48:54.940Z,coins_small,0.99,1000,53,0
pu_00000zh,p_002862,s_p_002862_00009,2024-04-02T12:06:59.894Z,coins_small,0.99,1000,58,0
pu_00000zi,p_002862,s_p_002862_00009,2024-04-02T11:59:07.032Z,coins_small,0.99,1000,58,0
pu_00000zj,p_002862,s_p_002862_00009,2024-04-02T12:03:20.654Z,coins_small,0.99,1000,58,0
pu_00000zk,p_002862,s_p_002862_00013,2024-04-14T21:32:11.724Z,coins_medium,4.99,5500,70,0
pu_00000zl,p_002862,s_p_002862_00014,2024-04-15T19:59:35.034Z,starter_pack,1.99,2000,71,0
pu_00000zm,p_002862,s_p_002862_00014,2024-04-15T19:58:24.758Z,coins_small,0.99,1000,71,0
pu_00000zn,p_002862,s_p_002862_00017,2024-04-20T20:41:53.093Z,coins_small,0.99,1000,76,0
pu_00000zo,p_002862,s_p_002862_00020,2024-05-16T20:33:21.845Z,coins_medium,4.99,5500,102,0
pu_00000zp,p_002862,s_p_002862_00022,2024-06-02T10:54:48.815Z,coins_medium,4.99,5500,119,0
pu_00000zq,p_002862,s_p_002862_00023,2024-06-03T16:39:13.611Z,starter_pack,1.99,2000,120,0
pu_00000zr,p_002862,s_p_002862_00023,2024-06-03T16:41:05.743Z,coins_medium,4.99,5500,120,0
pu_00000zs,p_002862,s_p_002862_00023,2024-06-03T16:41:58Z,coins_medium,4.99,5500,120,0
pu_00000zt,p_002937,s_p_002937_00002,2024-04-20T18:52:11.750Z,starter_pack,1.99,2000,3,1
pu_00000zu,p_002937,s_p_002937_00006,2024-05-14T08:14:48.995Z,coins_small,0.99,1000,27,0
pu_00000zv,p_002937,s_p_002937_00006,2024-05-14T08:16:17.269Z,vip_monthly,9.99,10000,27,0
pu_00000zw,p_002937,s_p_002937_00014,2024-06-25T21:54:43.444Z,coins_medium,4.99,5500,69,0
pu_00000zx,p_002937,s_p_002937_00014,2024-06-25T21:52:06.232Z,coins_small,0.99,1000,69,0
pu_00000zy,p_002937,s_p_002937_00015,2024-07-06T10:50:34.551Z,coins_medium,4.99,5500,80,0
pu_00000zz,p_002937,s_p_002937_00015,2024-07-06T10:52:23.534Z,coins_small,0.99,1000,80,0
pu_0000100,p_002937,s_p_002937_00016,2024-07-07T13:40:21.904Z,starter_pack,1.99,2000,81,0
pu_0000101,p_002937,s_p_002937_00017,2024-07-10T18:50:42.847Z,coins_medium,4.99,5500,84,0
pu_0000102,p_002937,s_p_002937_00018,2024-07-23T22:02:51.240Z,coins_medium,4.99,5500,97,0
pu_0000103,p_002937,s_p_002937_00018,2024-07-23T22:05:31.018Z,coins_small,0.99,1000,97,0
pu_0000104,p_002937,s_p_002937_00019,2024-07-28T19:45:22.184Z,coins_medium,4.99,5500,102,0
pu_0000105,p_002937,s_p_002937_00019,2024-07-28T19:47:54.414Z,coins_small,0.99,1000,102,0
pu_0000106,p_002937,s_p_002937_00021,2024-08-08T07:44:47.008Z,coins_small,0.99,1000,113,0
pu_0000107,p_002802,s_p_002802_00002,2024-02-07T13:18:10.245Z,coins_large,19.99,25000,1,1
pu_0000108,p_002802,s_p_002802_00002,2024-02-07T13:07:13.692Z,coins_large,19.99,25000,1,0
pu_0000109,p_002802,s_p_002802_00004,2024-02-09T20:31:42.580Z,coins_medium,4.99,5500,3,0
pu_000010a,p_002802,s_p_002802_00009,2024-02-17T11:35:17.906Z,coins_large,19.99,25000,11,0
pu_000010b,p_002802,s_p_002802_00011,2024-02-21T12:59:55.193Z,coins_large,19.99,25000,15,0
pu_000010c,p_002802,s_p_002802_00018,2024-02-28T14:18:49.991Z,coins_medium,4.99,5500,22,0
pu_000010d,p_002802,s_p_002802_00025,2024-03-13T11:51:36.346Z,coins_medium,4.99,5500,36,0
pu_000010e,p_002802,s_p_002802_00029,2024-03-25T15:29:12.570Z,coins_small,0.99,1000,48,0
pu_000010f,p_002802,s_p_002802_00030,2024-03-28T21:55:38.499Z,coins_medium,4.99,5500,51,0
pu_000010g,p_002802,s_p_002802_00041,2024-04-12T09:22:15.114Z,coins_large,19.99,25000,66,0
pu_000010h,p_002802,s_p_002802_00045,2024-04-21T19:36:15.175Z,coins_medium,4.99,5500,75,0
pu_000010i,p_002802,s_p_002802_00048,2024-04-26T10:52:47.827Z,coins_medium,4.99,5500,80,0
pu_000010j,p_002802,s_p_002802_00051,2024-05-02T17:00:46.282Z,coins_medium,4.99,5500,86,0
pu_000010k,p_002802,s_p_002802_00058,2024-05-13T10:23:44.387Z,coins_large,19.99,25000,97,0
pu_000010l,p_002802,s_p_002802_00062,2024-05-20T18:31:45.845Z,coins_medium,4.99,5500,104,0
pu_000010m,p_002802,s_p_002802_00067,2024-05-22T20:16:17.207Z,coins_medium,4.99,5500,106,0
pu_000010n,p_002802,s_p_002802_00073,2024-05-28T18:52:40.562Z,coins_medium,4.99,5500,112,0
pu_000010o,p_002802,s_p_002802_00074,2024-05-30T14:04:53.405Z,starter_pack,1.99,2000,114,0
pu_000010p,p_002802,s_p_002802_00076,2024-06-01T09:55:36.596Z,coins_large,19.99,25000,116,0
pu_000010q,p_002802,s_p_002802_00077,2024-06-02T08:49:29.126Z,coins_medium,4.99,5500,117,0
pu_000010r,p_002802,s_p_002802_00078,2024-06-04T16:46:04.623Z,starter_pack,1.99,2000,119,0
pu_000010s,p_002802,s_p_002802_00080,2024-06-05T08:26:44.704Z,coins_large,19.99,25000,120,0
pu_000010t,p_002802,s_p_002802_00081,2024-06-06T20:41:01.504Z,coins_large,19.99,25000,121,0
pu_000010u,p_002802,s_p_002802_00084,2024-06-11T16:26:46.253Z,coins_small,0.99,1000,126,0
pu_000010v,p_002802,s_p_002802_00101,2024-06-27T16:27:28.351Z,coins_small,0.99,1000,142,0
pu_000010w,p_002802,s_p_002802_00112,2024-07-07T19:52:08.665Z,coins_large,19.99,25000,152,0
pu_000010x,p_002802,s_p_002802_00115,2024-07-13T16:25:56.379Z,vip_monthly,9.99,10000,158,0
pu_000010y,p_002802,s_p_002802_00118,2024-07-19T06:13:01.598Z,coins_medium,4.99,5500,164,0
pu_000010z,p_002802,s_p_002802_00128,2024-08-01T07:14:52.277Z,vip_monthly,9.99,10000,177,0
pu_0000110,p_002802,s_p_002802_00128,2024-08-01T07:18:33.576Z,coins_medium,4.99,5500,177,0
pu_0000111,p_002802,s_p_002802_00139,2024-08-12T06:17:58.928Z,coins_medium,4.99,5500,188,0
pu_0000112,p_002802,s_p_002802_00143,2024-08-19T10:08:14.458Z,coins_small,0.99,1000,195,0
pu_0000113,p_002802,s_p_002802_00144,2024-08-21T13:42:59.503Z,vip_monthly,9.99,10000,197,0
pu_0000114,p_002802,s_p_002802_00146,2024-08-22T17:58:12.007Z,coins_large,19.99,25000,198,0
pu_0000115,p_002802,s_p_002802_00150,2024-08-28T13:33:42.021Z,coins_large,19.99,25000,204,0
pu_0000116,p_002802,s_p_002802_00152,2024-08-30T21:58:42.243Z,coins_small,0.99,1000,206,0
pu_0000117,p_002802,s_p_002802_00160,2024-09-13T14:43:41.224Z,coins_medium,4.99,5500,220,0
pu_0000118,p_002802,s_p_002802_00186,2024-10-28T08:51:57.394Z,starter_pack,1.99,2000,265,0
pu_0000119,p_002802,s_p_002802_00196,2024-11-10T23:32:28.859Z,coins_medium,4.99,5500,278,0
pu_000011a,p_002802,s_p_002802_00197,2024-11-11T07:58:51.735Z,coins_large,19.99,25000,279,0
pu_000011b,p_002802,s_p_002802_00218,2024-12-19T22:26:47.633Z,coins_large,19.99,25000,317,0
pu_000011c,p_002916,s_p_002916_00003,2024-07-05T09:04:09.902Z,starter_pack,1.99,2000,47,1
pu_000011d,p_002916,s_p_002916_00006,2024-07-19T18:36:51.149Z,coins_small,0.99,1000,61,0
pu_000011e,p_002916,s_p_002916_00007,2024-07-29T13:25:13.020Z,coins_small,0.99,1000,71,0
pu_000011f,p_002916,s_p_002916_00011,2024-08-14T18:24:54.350Z,coins_small,0.99,1000,87,0
pu_000011g,p_002916,s_p_002916_00014,2024-08-28T18:55:10.094Z,coins_medium,4.99,5500,101,0
pu_000011h,p_002761,s_p_002761_00001,2024-07-12T16:34:22.766Z,starter_pack,1.99,2000,0,1
pu_000011i,p_002761,s_p_002761_00001,2024-07-12T16:39:28.865Z,coins_small,0.99,1000,0,0
pu_000011j,p_002761,s_p_002761_00001,2024-07-12T16:22:42.791Z,coins_large,19.99,25000,0,0
pu_000011k,p_002761,s_p_002761_00001,2024-07-12T16:28:28.952Z,coins_small,0.99,1000,0,0
pu_000011l,p_002761,s_p_002761_00002,2024-07-12T23:19:56.179Z,coins_medium,4.99,5500,0,0
pu_000011m,p_002761,s_p_002761_00003,2024-07-13T15:20:38.735Z,coins_large,19.99,25000,1,0
pu_000011n,p_002761,s_p_002761_00004,2024-07-14T20:27:49.995Z,coins_large,19.99,25000,2,0
pu_000011o,p_002761,s_p_002761_00004,2024-07-14T20:45:04.479Z,coins_small,0.99,1000,2,0
pu_000011p,p_002761,s_p_002761_00004,2024-07-14T20:52:58.015Z,coins_small,0.99,1000,2,0
pu_000011q,p_002761,s_p_002761_00004,2024-07-14T20:44:19.292Z,coins_medium,4.99,5500,2,0
pu_000011r,p_002761,s_p_002761_00004,2024-07-14T20:46:17.003Z,vip_monthly,9.99,10000,2,0
pu_000011s,p_002761,s_p_002761_00006,2024-07-18T16:22:00.516Z,vip_monthly,9.99,10000,6,0
pu_000011t,p_002761,s_p_002761_00006,2024-07-18T16:05:20.161Z,coins_medium,4.99,5500,6,0
pu_000011u,p_002761,s_p_002761_00006,2024-07-18T16:08:24.977Z,coins_medium,4.99,5500,6,0
pu_000011v,p_002761,s_p_002761_00006,2024-07-18T16:12:16.768Z,vip_monthly,9.99,10000,6,0
pu_000011w,p_002761,s_p_002761_00006,2024-07-18T16:04:12.522Z,coins_large,19.99,25000,6,0
pu_000011x,p_002761,s_p_002761_00009,2024-07-20T06:50:43.122Z,coins_large,19.99,25000,8,0
pu_000011y,p_002761,s_p_002761_00009,2024-07-20T06:40:55.351Z,coins_medium,4.99,5500,8,0
pu_000011z,p_002761,s_p_002761_00010,2024-07-20T12:10:05.773Z,vip_monthly,9.99,10000,8,0
pu_0000120,p_002761,s_p_002761_00013,2024-07-22T12:25:27.153Z,coins_medium,4.99,5500,10,0
pu_0000121,p_002761,s_p_002761_00019,2024-07-29T11:03:37.598Z,coins_medium,4.99,5500,17,0
pu_0000122,p_002761,s_p_002761_00019,2024-07-29T11:22:24.031Z,coins_medium,4.99,5500,17,0
pu_0000123,p_002761,s_p_002761_00021,2024-08-01T14:29:37.197Z,vip_monthly,9.99,10000,20,0
pu_0000124,p_002761,s_p_002761_00021,2024-08-01T14:36:44.821Z,coins_small,0.99,1000,20,0
pu_0000125,p_002761,s_p_002761_00023,2024-08-02T07:07:49.395Z,starter_pack,1.99,2000,21,0
pu_0000126,p_002761,s_p_002761_00026,2024-08-04T09:53:40.958Z,coins_medium,4.99,5500,23,0
pu_0000127,p_002761,s_p_002761_00026,2024-08-04T09:46:57.935Z,vip_monthly,9.99,10000,23,0
pu_0000128,p_002761,s_p_002761_00028,2024-08-07T11:03:44.783Z,coins_medium,4.99,5500,26,0
pu_0000129,p_002761,s_p_002761_00030,2024-08-08T22:42:02.106Z,coins_large,19.99,25000,27,0
pu_000012a,p_002761,s_p_002761_00040,2024-08-17T13:14:52.355Z,coins_large,19.99,25000,36,0
pu_000012b,p_002761,s_p_002761_00041,2024-08-17T20:53:50.677Z,coins_medium,4.99,5500,36,0
pu_000012c,p_002761,s_p_002761_00047,2024-08-25T08:04:45.383Z,coins_large,19.99,25000,44,0
pu_000012d,p_002761,s_p_002761_00054,2024-08-31T15:06:04.328Z,coins_medium,4.99,5500,50,0
pu_000012e,p_002761,s_p_002761_00055,2024-08-31T16:41:31.217Z,coins_small,0.99,1000,50,0
pu_000012f,p_002761,s_p_002761_00056,2024-09-01T10:57:18.672Z,vip_monthly,9.99,10000,51,0
pu_000012g,p_002761,s_p_002761_00056,2024-09-01T11:01:03.395Z,coins_medium,4.99,5500,51,0
pu_000012h,p_002761,s_p_002761_00059,2024-09-04T10:00:24.683Z,coins_small,0.99,1000,54,0
pu_000012i,p_002761,s_p_002761_00059,2024-09-04T09:53:35.812Z,vip_monthly,9.99,10000,54,0
pu_000012j,p_002761,s_p_002761_00062,2024-09-06T09:23:07.965Z,coins_small,0.99,1000,56,0
pu_000012k,p_002761,s_p_002761_00063,2024-09-10T15:56:37.045Z,coins_large,19.99,25000,60,0
pu_000012l,p_002761,s_p_002761_00064,2024-09-11T07:42:52.634Z,coins_medium,4.99,5500,61,0
pu_000012m,p_002761,s_p_002761_00066,2024-09-13T13:26:25.944Z,coins_large,19.99,25000,63,0
pu_000012n,p_002761,s_p_002761_00066,2024-09-13T13:20:05.235Z,coins_medium,4.99,5500,63,0
pu_000012o,p_002761,s_p_002761_00068,2024-09-15T10:19:50.296Z,coins_medium,4.99,5500,65,0
pu_000012p,p_002761,s_p_002761_00068,2024-09-15T10:34:14.679Z,coins_medium,4.99,5500,65,0
pu_000012q,p_002761,s_p_002761_00070,2024-09-16T21:36:43.734Z,coins_large,19.99,25000,66,0
pu_000012r,p_002761,s_p_002761_00071,2024-09-17T10:48:35.988Z,coins_large,19.99,25000,67,0
pu_000012s,p_002761,s_p_002761_00076,2024-09-24T15:50:57.208Z,coins_medium,4.99,5500,74,0
pu_000012t,p_002761,s_p_002761_00077,2024-09-24T21:25:17.045Z,coins_medium,4.99,5500,74,0
pu_000012u,p_002761,s_p_002761_00083,2024-09-29T07:32:44.886Z,coins_large,19.99,25000,79,0
pu_000012v,p_002761,s_p_002761_00084,2024-10-01T22:01:11.738Z,coins_small,0.99,1000,81,0
pu_000012w,p_002761,s_p_002761_00088,2024-10-06T08:57:47.554Z,starter_pack,1.99,2000,86,0
pu_000012x,p_002761,s_p_002761_00088,2024-10-06T09:15:25.241Z,vip_monthly,9.99,10000,86,0
pu_000012y,p_002761,s_p_002761_00088,2024-10-06T09:30:05.929Z,vip_monthly,9.99,10000,86,0
pu_000012z,p_002761,s_p_002761_00092,2024-10-07T22:57:28.749Z,vip_monthly,9.99,10000,87,0
pu_0000130,p_002761,s_p_002761_00096,2024-10-13T17:38:37.457Z,coins_large,19.99,25000,93,0
pu_0000131,p_002761,s_p_002761_00097,2024-10-13T20:24:01.056Z,coins_medium,4.99,5500,93,0
pu_0000132,p_002761,s_p_002761_00103,2024-10-19T08:53:46.196Z,coins_small,0.99,1000,99,0
pu_0000133,p_002761,s_p_002761_00110,2024-10-28T07:19:55.478Z,coins_large,19.99,25000,108,0
pu_0000134,p_002761,s_p_002761_00113,2024-11-08T06:53:31.021Z,coins_large,19.99,25000,119,0
pu_0000135,p_002761,s_p_002761_00116,2024-11-12T10:39:04.969Z,coins_large,19.99,25000,123,0
pu_0000136,p_002761,s_p_002761_00117,2024-11-15T16:53:59.961Z,coins_medium,4.99,5500,126,0
pu_0000137,p_002761,s_p_002761_00118,2024-11-16T07:10:51.388Z,coins_small,0.99,1000,127,0
pu_0000138,p_002761,s_p_002761_00120,2024-11-18T06:29:16.647Z,vip_monthly,9.99,10000,129,0
pu_0000139,p_002761,s_p_002761_00125,2024-11-26T07:20:43.342Z,coins_medium,4.99,5500,137,0
pu_000013a,p_002761,s_p_002761_00128,2024-12-02T21:10:21.071Z,coins_large,19.99,25000,143,0
pu_000013b,p_002761,s_p_002761_00130,2024-12-10T15:27:46.898Z,coins_medium,4.99,5500,151,0
pu_000013c,p_002761,s_p_002761_00130,2024-12-10T15:29:43.031Z,vip_monthly,9.99,10000,151,0
pu_000013d,p_002761,s_p_002761_00131,2024-12-14T19:50:58.010Z,vip_monthly,9.99,10000,155,0
pu_000013e,p_002761,s_p_002761_00132,2024-12-15T12:42:39.275Z,vip_monthly,9.99,10000,156,0
pu_000013f,p_002761,s_p_002761_00134,2024-12-17T17:53:32.068Z,coins_small,0.99,1000,158,0
pu_000013g,p_002761,s_p_002761_00135,2024-12-17T22:05:56.647Z,coins_medium,4.99,5500,158,0
pu_000013h,p_002738,s_p_002738_00001,2024-02-28T23:10:09.931Z,coins_medium,4.99,5500,0,1
pu_000013i,p_002738,s_p_002738_00001,2024-02-28T23:13:04.008Z,coins_large,19.99,25000,0,0
pu_000013j,p_002738,s_p_002738_00001,2024-02-28T23:10:35.374Z,coins_large,19.99,25000,0,0
pu_000013k,p_002738,s_p_002738_00001,2024-02-28T23:17:13.831Z,coins_medium,4.99,5500,0,0
pu_000013l,p_002738,s_p_002738_00002,2024-02-29T11:02:13.898Z,vip_monthly,9.99,10000,1,0
pu_000013m,p_002738,s_p_002738_00003,2024-03-04T16:15:07.383Z,coins_large,19.99,25000,5,0
pu_000013n,p_002738,s_p_002738_00004,2024-03-05T19:39:58.874Z,coins_medium,4.99,5500,6,0
pu_000013o,p_002738,s_p_002738_00004,2024-03-05T19:44:11.561Z,vip_monthly,9.99,10000,6,0
pu_000013p,p_002738,s_p_002738_00005,2024-03-07T11:53:39.802Z,coins_medium,4.99,5500,8,0
pu_000013q,p_002738,s_p_002738_00005,2024-03-07T12:00:32.171Z,vip_monthly,9.99,10000,8,0
pu_000013r,p_002738,s_p_002738_00005,2024-03-07T11:51:06.914Z,coins_large,19.99,25000,8,0
pu_000013s,p_002738,s_p_002738_00006,2024-03-07T21:43:21.003Z,coins_small,0.99,1000,8,0
pu_000013t,p_002738,s_p_002738_00006,2024-03-07T21:51:45.412Z,coins_small,0.99,1000,8,0
pu_000013u,p_002738,s_p_002738_00009,2024-03-12T12:30:00.158Z,coins_large,19.99,25000,13,0
pu_000013v,p_002738,s_p_002738_00013,2024-03-15T13:06:21.258Z,coins_large,19.99,25000,16,0
pu_000013w,p_002738,s_p_002738_00014,2024-03-16T14:39:13.884Z,coins_medium,4.99,5500,17,0
pu_000013x,p_002738,s_p_002738_00015,2024-03-16T18:13:03.251Z,coins_large,19.99,25000,17,0
pu_000013y,p_002738,s_p_002738_00016,2024-03-16T20:29:36.004Z,vip_monthly,9.99,10000,17,0
pu_000013z,p_002738,s_p_002738_00016,2024-03-16T20:47:41.815Z,coins_medium,4.99,5500,17,0
pu_0000140,p_002738,s_p_002738_00021,2024-03-30T20:51:01.977Z,coins_large,19.99,25000,31,0
pu_0000141,p_002738,s_p_002738_00022,2024-04-02T09:18:19.849Z,coins_large,19.99,25000,34,0
pu_0000142,p_002738,s_p_002738_00022,2024-04-02T09:16:34.924Z,coins_large,19.99,25000,34,0
pu_0000143,p_002738,s_p_002738_00026,2024-04-09T09:36:11.975Z,vip_monthly,9.99,10000,41,0
pu_0000144,p_002738,s_p_002738_00028,2024-04-12T08:08:35.285Z,coins_small,0.99,1000,44,0
pu_0000145,p_002738,s_p_002738_00033,2024-04-19T06:44:38.406Z,coins_large,19.99,25000,51,0
pu_0000146,p_002738,s_p_002738_00037,2024-04-26T07:29:44.635Z,coins_large,19.99,25000,58,0
pu_0000147,p_002738,s_p_002738_00039,2024-04-27T16:29:23.064Z,coins_large,19.99,25000,59,0
pu_0000148,p_002738,s_p_002738_00040,2024-04-29T12:26:29.065Z,coins_small,0.99,1000,61,0
pu_0000149,p_002738,s_p_002738_00044,2024-05-06T13:23:00.143Z,vip_monthly,9.99,10000,68,0
pu_000014a,p_002738,s_p_002738_00045,2024-05-07T21:12:58.498Z,coins_large,19.99,25000,69,0
pu_000014b,p_002738,s_p_002738_00056,2024-05-30T13:09:43.056Z,coins_small,0.99,1000,92,0
pu_000014c,p_002738,s_p_002738_00057,2024-06-01T23:12:57.051Z,vip_monthly,9.99,10000,94,0
pu_000014d,p_002738,s_p_002738_00058,2024-06-03T14:51:35.340Z,coins_large,19.99,25000,96,0
pu_000014e,p_002738,s_p_002738_00059,2024-06-05T20:08:24.347Z,coins_medium,4.99,5500,98,0
pu_000014f,p_002738,s_p_002738_00059,2024-06-05T20:23:01.041Z,coins_medium,4.99,5500,98,0
pu_000014g,p_002738,s_p_002738_00060,2024-06-06T08:31:06.792Z,starter_pack,1.99,2000,99,0
pu_000014h,p_002738,s_p_002738_00064,2024-06-10T18:47:29.483Z,coins_large,19.99,25000,103,0
pu_000014i,p_002738,s_p_002738_00065,2024-06-11T14:39:45.056Z,coins_large,19.99,25000,104,0
pu_000014j,p_002738,s_p_002738_00065,2024-06-11T14:28:38.841Z,coins_large,19.99,25000,104,0
pu_000014k,p_002738,s_p_002738_00066,2024-06-11T20:06:06.915Z,vip_monthly,9.99,10000,104,0
pu_000014l,p_002738,s_p_002738_00069,2024-06-14T10:30:28.259Z,coins_medium,4.99,5500,107,0
pu_000014m,p_002738,s_p_002738_00070,2024-06-15T09:33:10.008Z,coins_medium,4.99,5500,108,0
pu_000014n,p_002738,s_p_002738_00073,2024-06-20T18:28:08.214Z,coins_small,0.99,1000,113,0
pu_000014o,p_002738,s_p_002738_00074,2024-06-21T11:04:11.369Z,coins_large,19.99,25000,114,0
pu_000014p,p_002738,s_p_002738_00078,2024-06-22T20:34:27.199Z,coins_medium,4.99,5500,115,0
pu_000014q,p_002738,s_p_002738_00081,2024-06-26T09:47:23.922Z,coins_medium,4.99,5500,119,0
pu_000014r,p_002738,s_p_002738_00088,2024-07-05T23:19:33.491Z,vip_monthly,9.99,10000,128,0
pu_000014s,p_002738,s_p_002738_00092,2024-07-07T12:59:42.642Z,coins_medium,4.99,5500,130,0
pu_000014t,p_002738,s_p_002738_00095,2024-07-09T06:54:59.550Z,coins_small,0.99,1000,132,0
pu_000014u,p_002738,s_p_002738_00099,2024-07-14T10:29:30.426Z,vip_monthly,9.99,10000,137,0
pu_000014v,p_002738,s_p_002738_00100,2024-07-16T20:11:55.657Z,coins_large,19.99,25000,139,0
pu_000014w,p_002738,s_p_002738_00102,2024-07-18T09:36:47.081Z,coins_medium,4.99,5500,141,0
pu_000014x,p_002738,s_p_002738_00106,2024-07-23T09:07:36.196Z,coins_large,19.99,25000,146,0
pu_000014y,p_002738,s_p_002738_00108,2024-07-24T10:00:22.643Z,coins_medium,4.99,5500,147,0
pu_000014z,p_002738,s_p_002738_00109,2024-07-24T22:27:01.266Z,coins_large,19.99,25000,147,0
pu_0000150,p_002738,s_p_002738_00112,2024-07-28T07:21:58.259Z,coins_medium,4.99,5500,151,0
pu_0000151,p_002738,s_p_002738_00112,2024-07-28T07:33:55.709Z,coins_large,19.99,25000,151,0
pu_0000152,p_002738,s_p_002738_00114,2024-08-01T10:54:17.238Z,coins_medium,4.99,5500,155,0
pu_0000153,p_002738,s_p_002738_00115,2024-08-02T09:05:37.156Z,coins_medium,4.99,5500,156,0
pu_0000154,p_002738,s_p_002738_00115,2024-08-02T09:07:50.586Z,coins_medium,4.99,5500,156,0
pu_0000155,p_002738,s_p_002738_00127,2024-08-11T17:55:09.549Z,coins_medium,4.99,5500,165,0
pu_0000156,p_002738,s_p_002738_00129,2024-08-15T20:03:15.521Z,coins_medium,4.99,5500,169,0
pu_0000157,p_002738,s_p_002738_00132,2024-08-27T07:18:41.957Z,vip_monthly,9.99,10000,181,0
pu_0000158,p_002738,s_p_002738_00138,2024-09-05T16:00:15.117Z,coins_large,19.99,25000,190,0
pu_0000159,p_002723,s_p_002723_00001,2024-02-11T06:52:33.824Z,starter_pack,1.99,2000,1,1
pu_000015a,p_002723,s_p_002723_00001,2024-02-11T06:40:18.720Z,coins_large,19.99,25000,1,0
pu_000015b,p_002723,s_p_002723_00002,2024-02-13T13:09:11.262Z,coins_large,19.99,25000,3,0
pu_000015c,p_002723,s_p_002723_00002,2024-02-13T13:05:27.758Z,vip_monthly,9.99,10000,3,0
pu_000015d,p_002723,s_p_002723_00003,2024-02-13T15:55:27.257Z,starter_pack,1.99,2000,3,0
pu_000015e,p_002723,s_p_002723_00003,2024-02-13T15:24:54.931Z,coins_small,0.99,1000,3,0
pu_000015f,p_002723,s_p_002723_00004,2024-02-14T07:58:03.036Z,coins_small,0.99,1000,4,0
pu_000015g,p_002723,s_p_002723_00004,2024-02-14T07:38:21.526Z,coins_medium,4.99,5500,4,0
pu_000015h,p_002723,s_p_002723_00004,2024-02-14T07:40:58.615Z,coins_medium,4.99,5500,4,0
pu_000015i,p_002723,s_p_002723_00005,2024-02-15T14:57:10.334Z,vip_monthly,9.99,10000,5,0
pu_000015j,p_002723,s_p_002723_00005,2024-02-15T14:50:21.850Z,coins_small,0.99,1000,5,0
pu_000015k,p_002723,s_p_002723_00005,2024-02-15T15:11:01.942Z,starter_pack,1.99,2000,5,0
pu_000015l,p_002723,s_p_002723_00005,2024-02-15T15:15:27.625Z,coins_large,19.99,25000,5,0
pu_000015m,p_002723,s_p_002723_00006,2024-02-16T11:38:17.259Z,vip_monthly,9.99,10000,6,0
pu_000015n,p_002723,s_p_002723_00007,2024-02-16T12:28:57.651Z,coins_medium,4.99,5500,6,0
pu_000015o,p_002723,s_p_002723_00007,2024-02-16T12:52:23.717Z,vip_monthly,9.99,10000,6,0
pu_000015p,p_002723,s_p_002723_00009,2024-02-17T17:03:50.834Z,coins_medium,4.99,5500,7,0
pu_000015q,p_002723,s_p_002723_00015,2024-02-21T10:15:09.446Z,coins_medium,4.99,5500,11,0
pu_000015r,p_002723,s_p_002723_00017,2024-02-22T21:28:53.135Z,coins_medium,4.99,5500,12,0
pu_000015s,p_002723,s_p_002723_00019,2024-02-24T09:17:53.992Z,coins_large,19.99,25000,14,0
pu_000015t,p_002723,s_p_002723_00024,2024-03-01T20:12:22.851Z,coins_small,0.99,1000,20,0
pu_000015u,p_002723,s_p_002723_00026,2024-03-04T19:16:01.950Z,coins_medium,4.99,5500,23,0
pu_000015v,p_002723,s_p_002723_00027,2024-03-05T08:13:16.660Z,coins_small,0.99,1000,24,0
pu_000015w,p_002723,s_p_002723_00029,2024-03-06T23:27:56.761Z,coins_medium,4.99,5500,25,0
pu_000015x,p_002723,s_p_002723_00029,2024-03-06T23:46:29.941Z,starter_pack,1.99,2000,25,0
pu_000015y,p_002723,s_p_002723_00030,2024-03-07T11:07:14.326Z,coins_medium,4.99,5500,26,0
pu_000015z,p_002723,s_p_002723_00051,2024-03-25T21:05:42.495Z,starter_pack,1.99,2000,44,0
pu_0000160,p_002723,s_p_002723_00052,2024-03-26T10:28:34.437Z,coins_medium,4.99,5500,45,0
pu_0000161,p_002723,s_p_002723_00055,2024-03-29T20:43:17.895Z,vip_monthly,9.99,10000,48,0
pu_0000162,p_002723,s_p_002723_00058,2024-04-02T17:15:45.087Z,coins_medium,4.99,5500,52,0
pu_0000163,p_002723,s_p_002723_00060,2024-04-03T19:20:52.929Z,vip_monthly,9.99,10000,53,0
pu_0000164,p_002723,s_p_002723_00063,2024-04-06T20:10:23.047Z,coins_medium,4.99,5500,56,0
pu_0000165,p_002723,s_p_002723_00063,2024-04-06T20:16:19.714Z,coins_large,19.99,25000,56,0
pu_0000166,p_002723,s_p_002723_00065,2024-04-07T23:12:00.323Z,coins_medium,4.99,5500,57,0
pu_0000167,p_002723,s_p_002723_00066,2024-04-08T11:25:30.379Z,coins_large,19.99,25000,58,0
pu_0000168,p_002723,s_p_002723_00070,2024-04-16T12:09:23.871Z,coins_medium,4.99,5500,66,0
pu_0000169,p_002723,s_p_002723_00070,2024-04-16T11:59:18.365Z,coins_medium,4.99,5500,66,0
pu_000016a,p_002723,s_p_002723_00074,2024-04-20T19:17:56.796Z,coins_small,0.99,1000,70,0
pu_000016b,p_002723,s_p_002723_00075,2024-04-20T20:10:21.507Z,coins_small,0.99,1000,70,0
pu_000016c,p_002723,s_p_002723_00077,2024-05-01T19:01:59.838Z,coins_large,19.99,25000,81,0
pu_000016d,p_002723,s_p_002723_00084,2024-05-11T18:22:57.799Z,coins_medium,4.99,5500,91,0
pu_000016e,p_002723,s_p_002723_00087,2024-05-13T22:50:54.470Z,coins_large,19.99,25000,93,0
pu_000016f,p_002723,s_p_002723_00087,2024-05-13T22:38:35.218Z,coins_medium,4.99,5500,93,0
pu_000016g,p_002723,s_p_002723_00099,2024-06-01T18:02:03.111Z,coins_medium,4.99,5500,112,0
pu_000016h,p_002723,s_p_002723_00103,2024-06-07T23:21:23.431Z,coins_medium,4.99,5500,118,0
pu_000016i,p_002723,s_p_002723_00104,2024-06-08T16:35:41.539Z,coins_large,19.99,25000,119,0
pu_000016j,p_002723,s_p_002723_00110,2024-06-17T11:03:35.489Z,coins_large,19.99,25000,128,0
pu_000016k,p_002723,s_p_002723_00111,2024-06-17T13:56:42.589Z,coins_medium,4.99,5500,128,0
pu_000016l,p_002723,s_p_002723_00120,2024-07-02T11:05:15.916Z,coins_large,19.99,25000,143,0
pu_000016m,p_002723,s_p_002723_00122,2024-07-03T12:24:47.279Z,starter_pack,1.99,2000,144,0
pu_000016n,p_002723,s_p_002723_00123,2024-07-03T17:43:55.296Z,coins_small,0.99,1000,144,0
pu_000016o,p_002723,s_p_002723_00124,2024-07-04T16:35:12.578Z,coins_small,0.99,1000,145,0
pu_000016p,p_002723,s_p_002723_00124,2024-07-04T16:27:24.641Z,coins_large,19.99,25000,145,0
pu_000016q,p_002723,s_p_002723_00124,2024-07-04T16:32:27.827Z,coins_large,19.99,25000,145,0
pu_000016r,p_002723,s_p_002723_00128,2024-07-08T10:33:19.782Z,coins_medium,4.99,5500,149,0
pu_000016s,p_002723,s_p_002723_00129,2024-07-08T16:55:48.540Z,coins_medium,4.99,5500,149,0
pu_000016t,p_002723,s_p_002723_00129,2024-07-08T16:55:59.687Z,coins_large,19.99,25000,149,0
pu_000016u,p_002723,s_p_002723_00135,2024-07-11T12:06:38.777Z,starter_pack,1.99,2000,152,0
pu_000016v,p_002723,s_p_002723_00144,2024-07-27T11:53:41.997Z,coins_large,19.99,25000,168,0
pu_000016w,p_002723,s_p_002723_00144,2024-07-27T12:22:27.376Z,coins_large,19.99,25000,168,0
pu_000016x,p_002723,s_p_002723_00146,2024-07-28T09:59:21.649Z,coins_medium,4.99,5500,169,0
pu_000016y,p_002723,s_p_002723_00158,2024-08-03T07:34:10.811Z,coins_medium,4.99,5500,175,0
pu_000016z,p_002723,s_p_002723_00158,2024-08-03T07:26:13.033Z,coins_small,0.99,1000,175,0
pu_0000170,p_002723,s_p_002723_00159,2024-08-06T06:30:51.992Z,coins_medium,4.99,5500,178,0
pu_0000171,p_002723,s_p_002723_00159,2024-08-06T06:12:28.169Z,coins_small,0.99,1000,178,0
pu_0000172,p_002723,s_p_002723_00162,2024-08-11T10:01:51.300Z,coins_medium,4.99,5500,183,0
pu_0000173,p_002723,s_p_002723_00163,2024-08-14T13:26:02.251Z,coins_large,19.99,25000,186,0
pu_0000174,p_002723,s_p_002723_00166,2024-08-15T15:02:46.889Z,coins_large,19.99,25000,187,0
pu_0000175,p_002723,s_p_002723_00173,2024-08-21T16:24:41.856Z,coins_medium,4.99,5500,193,0
pu_0000176,p_002723,s_p_002723_00181,2024-08-26T15:53:49.239Z,coins_large,19.99,25000,198,0
pu_0000177,p_002723,s_p_002723_00183,2024-08-30T11:02:18.132Z,coins_large,19.99,25000,202,0
pu_0000178,p_002723,s_p_002723_00185,2024-08-31T06:42:31.720Z,coins_medium,4.99,5500,203,0
pu_0000179,p_002723,s_p_002723_00188,2024-09-01T23:35:22.682Z,coins_small,0.99,1000,204,0
pu_000017a,p_002723,s_p_002723_00191,2024-09-06T14:17:34.454Z,coins_small,0.99,1000,209,0
pu_000017b,p_002723,s_p_002723_00191,2024-09-06T14:17:53.101Z,vip_monthly,9.99,10000,209,0
pu_000017c,p_002723,s_p_002723_00191,2024-09-06T14:16:28.791Z,vip_monthly,9.99,10000,209,0
pu_000017d,p_002723,s_p_002723_00191,2024-09-06T14:19:57.480Z,coins_medium,4.99,5500,209,0
pu_000017e,p_002723,s_p_002723_00192,2024-09-07T10:35:29.444Z,coins_large,19.99,25000,210,0
pu_000017f,p_002723,s_p_002723_00195,2024-09-10T18:22:45.804Z,coins_small,0.99,1000,213,0
pu_000017g,p_002723,s_p_002723_00201,2024-09-17T08:07:32.378Z,coins_large,19.99,25000,220,0
pu_000017h,p_002723,s_p_002723_00204,2024-09-23T17:09:56.257Z,coins_small,0.99,1000,226,0
pu_000017i,p_002723,s_p_002723_00208,2024-10-02T06:59:21.445Z,coins_small,0.99,1000,235,0
pu_000017j,p_002723,s_p_002723_00210,2024-10-07T11:25:10.885Z,coins_medium,4.99,5500,240,0
pu_000017k,p_002723,s_p_002723_00210,2024-10-07T11:33:20.955Z,coins_medium,4.99,5500,240,0
pu_000017l,p_002822,s_p_002822_00001,2024-02-03T15:49:58.099Z,vip_monthly,9.99,10000,0,1
pu_000017m,p_002822,s_p_002822_00001,2024-02-03T15:44:44.092Z,coins_medium,4.99,5500,0,0
pu_000017n,p_002822,s_p_002822_00001,2024-02-03T15:46:56.238Z,starter_pack,1.99,2000,0,0
pu_000017o,p_002822,s_p_002822_00002,2024-02-03T15:53:18.104Z,coins_medium,4.99,5500,0,0
pu_000017p,p_002822,s_p_002822_00003,2024-02-03T20:41:09.911Z,coins_medium,4.99,5500,0,0
pu_000017q,p_002822,s_p_002822_00003,2024-02-03T20:35:30.118Z,coins_medium,4.99,5500,0,0
pu_000017r,p_002822,s_p_002822_00004,2024-02-06T12:41:43.818Z,coins_medium,4.99,5500,3,0
pu_000017s,p_002822,s_p_002822_00004,2024-02-06T12:53:01.020Z,coins_medium,4.99,5500,3,0
pu_000017t,p_002822,s_p_002822_00008,2024-02-17T08:53:54.467Z,coins_large,19.99,25000,14,0
pu_000017u,p_002822,s_p_002822_00014,2024-02-21T21:33:35.394Z,coins_large,19.99,25000,18,0
pu_000017v,p_002822,s_p_002822_00022,2024-03-09T11:18:48.865Z,coins_small,0.99,1000,35,0
pu_000017w,p_002822,s_p_002822_00028,2024-03-16T17:53:48.267Z,coins_small,0.99,1000,42,0
pu_000017x,p_002822,s_p_002822_00032,2024-03-20T17:45:59.278Z,vip_monthly,9.99,10000,46,0
pu_000017y,p_002822,s_p_002822_00032,2024-03-20T18:06:22.890Z,coins_medium,4.99,5500,46,0
pu_000017z,p_002822,s_p_002822_00039,2024-04-02T06:23:21.078Z,coins_small,0.99,1000,59,0
pu_0000180,p_002822,s_p_002822_00045,2024-04-14T20:41:58.135Z,vip_monthly,9.99,10000,71,0
pu_0000181,p_002822,s_p_002822_00050,2024-04-17T10:01:13.029Z,coins_large,19.99,25000,74,0
pu_0000182,p_002822,s_p_002822_00052,2024-04-18T16:22:48.187Z,coins_medium,4.99,5500,75,0
pu_0000183,p_002822,s_p_002822_00053,2024-04-21T18:32:56.851Z,coins_medium,4.99,5500,78,0
pu_0000184,p_002822,s_p_002822_00062,2024-04-29T17:05:13.120Z,coins_small,0.99,1000,86,0
pu_0000185,p_002822,s_p_002822_00063,2024-04-29T18:11:41.218Z,coins_medium,4.99,5500,86,0
pu_0000186,p_002822,s_p_002822_00064,2024-04-29T18:19:52.487Z,coins_medium,4.99,5500,86,0
pu_0000187,p_002822,s_p_002822_00065,2024-04-30T14:33:21.971Z,starter_pack,1.99,2000,87,0
pu_0000188,p_002822,s_p_002822_00070,2024-05-05T07:39:50.971Z,coins_large,19.99,25000,92,0
pu_0000189,p_002822,s_p_002822_00077,2024-05-15T08:40:09.001Z,coins_medium,4.99,5500,102,0
pu_000018a,p_002822,s_p_002822_00081,2024-05-17T23:29:56.334Z,coins_small,0.99,1000,104,0
pu_000018b,p_002822,s_p_002822_00083,2024-05-19T08:57:34.781Z,coins_large,19.99,25000,106,0
pu_000018c,p_002822,s_p_002822_00084,2024-05-21T11:54:12.295Z,coins_large,19.99,25000,108,0
pu_000018d,p_002822,s_p_002822_00085,2024-05-21T15:14:41.938Z,coins_large,19.99,25000,108,0
pu_000018e,p_002822,s_p_002822_00091,2024-05-30T17:05:22.740Z,coins_large,19.99,25000,117,0
pu_000018f,p_002822,s_p_002822_00093,2024-06-01T09:13:04.406Z,coins_large,19.99,25000,119,0
pu_000018g,p_002822,s_p_002822_00096,2024-06-10T12:24:13.076Z,coins_large,19.99,25000,128,0
pu_000018h,p_002822,s_p_002822_00106,2024-06-20T19:12:11.884Z,coins_large,19.99,25000,138,0
pu_000018i,p_002822,s_p_002822_00117,2024-07-15T08:00:00.241Z,coins_medium,4.99,5500,163,0
pu_000018j,p_002822,s_p_002822_00121,2024-07-20T11:58:30.156Z,vip_monthly,9.99,10000,168,0
pu_000018k,p_002822,s_p_002822_00126,2024-07-25T12:50:16.139Z,coins_large,19.99,25000,173,0
pu_000018l,p_002822,s_p_002822_00129,2024-07-27T18:14:26.902Z,coins_medium,4.99,5500,175,0
pu_000018m,p_002822,s_p_002822_00137,2024-08-07T20:23:34.109Z,coins_small,0.99,1000,186,0
pu_000018n,p_002822,s_p_002822_00138,2024-08-10T06:32:40.326Z,coins_large,19.99,25000,189,0
pu_000018o,p_002822,s_p_002822_00148,2024-08-21T22:18:34.879Z,coins_medium,4.99,5500,200,0
pu_000018p,p_002822,s_p_002822_00148,2024-08-21T22:20:11.174Z,coins_small,0.99,1000,200,0
pu_000018q,p_002822,s_p_002822_00148,2024-08-21T22:13:21.559Z,coins_small,0.99,1000,200,0
pu_000018r,p_002822,s_p_002822_00156,2024-09-07T08:32:19.905Z,coins_large,19.99,25000,217,0
pu_000018s,p_002822,s_p_002822_00160,2024-09-20T09:58:35.788Z,coins_medium,4.99,5500,230,0
pu_000018t,p_002822,s_p_002822_00161,2024-09-20T13:36:07.873Z,coins_large,19.99,25000,230,0
pu_000018u,p_002822,s_p_002822_00167,2024-09-30T15:28:58.516Z,vip_monthly,9.99,10000,240,0
pu_000018v,p_002822,s_p_002822_00170,2024-10-05T07:36:09.804Z,coins_large,19.99,25000,245,0
pu_000018w,p_002822,s_p_002822_00176,2024-10-08T12:55:11.634Z,coins_large,19.99,25000,248,0
pu_000018x,p_002822,s_p_002822_00187,2024-10-26T12:58:19.900Z,coins_medium,4.99,5500,266,0
pu_000018y,p_002822,s_p_002822_00190,2024-10-30T07:50:45.265Z,coins_medium,4.99,5500,270,0
pu_000018z,p_002822,s_p_002822_00195,2024-11-05T22:55:42.239Z,coins_small,0.99,1000,276,0
pu_0000190,p_002822,s_p_002822_00200,2024-11-13T12:12:25.092Z,coins_large,19.99,25000,284,0
pu_0000191,p_002822,s_p_002822_00203,2024-11-19T11:41:02.638Z,coins_large,19.99,25000,290,0
pu_0000192,p_002822,s_p_002822_00204,2024-11-19T12:41:11.401Z,coins_large,19.99,25000,290,0
pu_0000193,p_002822,s_p_002822_00205,2024-11-19T16:07:33.741Z,coins_medium,4.99,5500,290,0
pu_0000194,p_002822,s_p_002822_00206,2024-11-23T13:09:06.857Z,coins_large,19.99,25000,294,0
pu_0000195,p_002822,s_p_002822_00212,2024-11-26T12:42:32.861Z,coins_large,19.99,25000,297,0
pu_0000196,p_002822,s_p_002822_00219,2024-11-30T15:43:57.268Z,coins_large,19.99,25000,301,0
pu_0000197,p_002772,s_p_002772_00001,2024-06-27T10:01:55.521Z,coins_small,0.99,1000,0,1
pu_0000198,p_002772,s_p_002772_00001,2024-06-27T09:44:38.953Z,coins_large,19.99,25000,0,0
pu_0000199,p_002772,s_p_002772_00001,2024-06-27T09:55:05.603Z,vip_monthly,9.99,10000,0,0
pu_000019a,p_002772,s_p_002772_00003,2024-06-27T16:18:59.821Z,starter_pack,1.99,2000,0,0
pu_000019b,p_002772,s_p_002772_00003,2024-06-27T16:21:34.877Z,coins_large,19.99,25000,0,0
pu_000019c,p_002772,s_p_002772_00003,2024-06-27T16:21:59.630Z,coins_medium,4.99,5500,0,0
pu_000019d,p_002772,s_p_002772_00003,2024-06-27T16:27:43.753Z,coins_large,19.99,25000,0,0
pu_000019e,p_002772,s_p_002772_00004,2024-06-28T10:28:00.570Z,coins_medium,4.99,5500,1,0
pu_000019f,p_002772,s_p_002772_00004,2024-06-28T10:49:18.035Z,coins_large,19.99,25000,1,0
pu_000019g,p_002772,s_p_002772_00004,2024-06-28T10:26:42.109Z,coins_large,19.99,25000,1,0
pu_000019h,p_002772,s_p_002772_00005,2024-06-29T18:40:28.830Z,coins_large,19.99,25000,2,0
pu_000019i,p_002772,s_p_002772_00006,2024-07-01T19:41:26.226Z,vip_monthly,9.99,10000,4,0
pu_000019j,p_002772,s_p_002772_00006,2024-07-01T19:44:25.438Z,starter_pack,1.99,2000,4,0
pu_000019k,p_002772,s_p_002772_00007,2024-07-02T06:28:56.134Z,coins_small,0.99,1000,5,0
pu_000019l,p_002772,s_p_002772_00007,2024-07-02T06:21:53.474Z,vip_monthly,9.99,10000,5,0
pu_000019m,p_002772,s_p_002772_00007,2024-07-02T06:21:31.931Z,coins_large,19.99,25000,5,0
pu_000019n,p_002772,s_p_002772_00008,2024-07-02T23:21:44.520Z,vip_monthly,9.99,10000,5,0
pu_000019o,p_002772,s_p_002772_00013,2024-07-08T16:51:58.369Z,coins_medium,4.99,5500,11,0
pu_000019p,p_002772,s_p_002772_00018,2024-07-16T18:05:36.176Z,coins_medium,4.99,5500,19,0
pu_000019q,p_002772,s_p_002772_00020,2024-07-21T13:38:31.941Z,coins_large,19.99,25000,24,0
pu_000019r,p_002772,s_p_002772_00020,2024-07-21T13:36:45.114Z,coins_medium,4.99,5500,24,0
pu_000019s,p_002772,s_p_002772_00023,2024-07-26T22:43:01.603Z,vip_monthly,9.99,10000,29,0
pu_000019t,p_002772,s_p_002772_00023,2024-07-26T22:49:09.661Z,coins_large,19.99,25000,29,0
pu_000019u,p_002772,s_p_002772_00025,2024-07-28T20:05:58.964Z,coins_medium,4.99,5500,31,0
pu_000019v,p_002772,s_p_002772_00025,2024-07-28T20:03:49.486Z,coins_small,0.99,1000,31,0
pu_000019w,p_002772,s_p_002772_00034,2024-08-06T14:53:14.144Z,coins_small,0.99,1000,40,0
pu_000019x,p_002772,s_p_002772_00035,2024-08-06T20:19:10.159Z,vip_monthly,9.99,10000,40,0
pu_000019y,p_002772,s_p_002772_00038,2024-08-10T07:27:51.957Z,starter_pack,1.99,2000,44,0
pu_000019z,p_002772,s_p_002772_00038,2024-08-10T07:08:28.930Z,coins_medium,4.99,5500,44,0
pu_00001a0,p_002772,s_p_002772_00040,2024-08-11T18:51:57.764Z,coins_medium,4.99,5500,45,0
pu_00001a1,p_002772,s_p_002772_00044,2024-08-21T14:02:44.540Z,coins_large,19.99,25000,55,0
pu_00001a2,p_002772,s_p_002772_00047,2024-08-23T21:16:12.254Z,coins_large,19.99,25000,57,0
pu_00001a3,p_002772,s_p_002772_00049,2024-08-25T09:40:19.521Z,coins_medium,4.99,5500,59,0
pu_00001a4,p_002772,s_p_002772_00050,2024-08-25T11:20:42.732Z,coins_large,19.99,25000,59,0
pu_00001a5,p_002772,s_p_002772_00051,2024-08-26T16:41:03.419Z,coins_medium,4.99,5500,60,0
pu_00001a6,p_002772,s_p_002772_00052,2024-08-29T13:59:25.820Z,vip_monthly,9.99,10000,63,0
pu_00001a7,p_002772,s_p_002772_00053,2024-09-01T22:02:35.165Z,vip_monthly,9.99,10000,66,0
pu_00001a8,p_002772,s_p_002772_00056,2024-09-06T09:15:27.572Z,coins_medium,4.99,5500,71,0
pu_00001a9,p_002772,s_p_002772_00060,2024-09-14T09:26:31.480Z,coins_large,19.99,25000,79,0
pu_00001aa,p_002772,s_p_002772_00064,2024-09-20T16:11:15.439Z,coins_large,19.99,25000,85,0
pu_00001ab,p_002772,s_p_002772_00064,2024-09-20T16:19:30.130Z,coins_large,19.99,25000,85,0
pu_00001ac,p_002772,s_p_002772_00064,2024-09-20T16:11:53.352Z,coins_medium,4.99,5500,85,0
pu_00001ad,p_002772,s_p_002772_00064,2024-09-20T16:29:30.947Z,coins_large,19.99,25000,85,0
pu_00001ae,p_002772,s_p_002772_00069,2024-09-27T11:49:35.720Z,coins_medium,4.99,5500,92,0
pu_00001af,p_002772,s_p_002772_00069,2024-09-27T11:47:36.898Z,coins_large,19.99,25000,92,0
pu_00001ag,p_002772,s_p_002772_00073,2024-10-02T22:30:53.260Z,coins_small,0.99,1000,97,0
pu_00001ah,p_002772,s_p_002772_00074,2024-10-03T10:12:26.445Z,coins_medium,4.99,5500,98,0
pu_00001ai,p_002772,s_p_002772_00074,2024-10-03T10:02:46.590Z,coins_medium,4.99,5500,98,0
pu_00001aj,p_002772,s_p_002772_00074,2024-10-03T10:04:38.590Z,coins_large,19.99,25000,98,0
pu_00001ak,p_002772,s_p_002772_00079,2024-10-06T18:58:28.909Z,coins_large,19.99,25000,101,0
pu_00001al,p_002772,s_p_002772_00079,2024-10-06T18:47:33.331Z,coins_medium,4.99,5500,101,0
pu_00001am,p_002772,s_p_002772_00079,2024-10-06T18:50:09.619Z,coins_large,19.99,25000,101,0
pu_00001an,p_002772,s_p_002772_00082,2024-10-07T23:45:15.184Z,coins_medium,4.99,5500,102,0
pu_00001ao,p_002772,s_p_002772_00087,2024-10-19T19:47:17.511Z,coins_medium,4.99,5500,114,0
pu_00001ap,p_002772,s_p_002772_00091,2024-10-27T14:59:54.189Z,vip_monthly,9.99,10000,122,0
pu_00001aq,p_002772,s_p_002772_00091,2024-10-27T14:59:55.585Z,vip_monthly,9.99,10000,122,0
pu_00001ar,p_002772,s_p_002772_00097,2024-11-02T07:35:36.943Z,coins_large,19.99,25000,128,0
pu_00001as,p_002772,s_p_002772_00098,2024-11-03T17:50:02.854Z,vip_monthly,9.99,10000,129,0
pu_00001at,p_002772,s_p_002772_00101,2024-11-11T18:16:49.990Z,coins_large,19.99,25000,137,0
pu_00001au,p_002772,s_p_002772_00101,2024-11-11T18:26:08.909Z,coins_small,0.99,1000,137,0
pu_00001av,p_002772,s_p_002772_00103,2024-11-12T08:39:01.778Z,coins_medium,4.99,5500,138,0
pu_00001aw,p_002772,s_p_002772_00105,2024-11-15T20:54:14.422Z,vip_monthly,9.99,10000,141,0
pu_00001ax,p_002772,s_p_002772_00106,2024-11-16T06:53:50.830Z,coins_large,19.99,25000,142,0
pu_00001ay,p_002772,s_p_002772_00107,2024-11-16T11:24:27.127Z,coins_medium,4.99,5500,142,0
pu_00001az,p_002772,s_p_002772_00107,2024-11-16T11:26:20.243Z,coins_large,19.99,25000,142,0
pu_00001b0,p_002772,s_p_002772_00107,2024-11-16T11:04:31.560Z,starter_pack,1.99,2000,142,0
pu_00001b1,p_002772,s_p_002772_00107,2024-11-16T11:00:45.861Z,coins_medium,4.99,5500,142,0
pu_00001b2,p_002772,s_p_002772_00109,2024-11-21T19:16:50.211Z,coins_medium,4.99,5500,147,0
pu_00001b3,p_002772,s_p_002772_00110,2024-11-22T13:16:45.455Z,coins_medium,4.99,5500,148,0
pu_00001b4,p_002772,s_p_002772_00110,2024-11-22T13:15:19.166Z,coins_medium,4.99,5500,148,0
pu_00001b5,p_002772,s_p_002772_00111,2024-11-23T19:24:04.432Z,coins_medium,4.99,5500,149,0
pu_00001b6,p_002772,s_p_002772_00112,2024-11-23T22:09:51.098Z,coins_large,19.99,25000,149,0
pu_00001b7,p_002772,s_p_002772_00112,2024-11-23T22:14:11.202Z,coins_small,0.99,1000,149,0
pu_00001b8,p_002772,s_p_002772_00114,2024-11-24T20:05:20.362Z,coins_medium,4.99,5500,150,0
pu_00001b9,p_002772,s_p_002772_00119,2024-11-27T19:17:07.488Z,coins_large,19.99,25000,153,0
pu_00001ba,p_002772,s_p_002772_00119,2024-11-27T19:37:25.406Z,coins_large,19.99,25000,153,0
pu_00001bb,p_002772,s_p_002772_00123,2024-12-02T09:47:56.867Z,coins_large,19.99,25000,158,0
pu_00001bc,p_002772,s_p_002772_00130,2024-12-25T13:57:05.087Z,coins_large,19.99,25000,181,0
pu_00001bd,p_002772,s_p_002772_00130,2024-12-25T14:02:11.747Z,vip_monthly,9.99,10000,181,0
pu_00001be,p_002885,s_p_002885_00002,2024-07-01T11:53:11.847Z,starter_pack,1.99,2000,16,1
pu_00001bf,p_002885,s_p_002885_00004,2024-07-08T08:24:43.371Z,coins_medium,4.99,5500,23,0
pu_00001bg,p_002885,s_p_002885_00004,2024-07-08T08:26:48.891Z,coins_small,0.99,1000,23,0
pu_00001bh,p_002885,s_p_002885_00008,2024-07-24T18:02:24.909Z,coins_small,0.99,1000,39,0
pu_00001bi,p_002885,s_p_002885_00008,2024-07-24T18:01:08.924Z,vip_monthly,9.99,10000,39,0
pu_00001bj,p_002885,s_p_002885_00008,2024-07-24T18:08:42.067Z,coins_medium,4.99,5500,39,0
pu_00001bk,p_002885,s_p_002885_00010,2024-08-06T07:29:44.768Z,coins_small,0.99,1000,52,0
pu_00001bl,p_002885,s_p_002885_00012,2024-08-14T16:03:59.980Z,coins_small,0.99,1000,60,0
pu_00001bm,p_002885,s_p_002885_00012,2024-08-14T16:03:38.655Z,coins_small,0.99,1000,60,0
pu_00001bn,p_002885,s_p_002885_00013,2024-08-19T07:48:20.978Z,coins_small,0.99,1000,65,0
pu_00001bo,p_002885,s_p_002885_00013,2024-08-19T07:55:41.576Z,coins_small,0.99,1000,65,0
pu_00001bp,p_002885,s_p_002885_00016,2024-09-03T08:36:34.439Z,coins_small,0.99,1000,80,0
pu_00001bq,p_002885,s_p_002885_00019,2024-09-11T19:28:39.650Z,coins_small,0.99,1000,88,0
pu_00001br,p_002885,s_p_002885_00020,2024-09-15T10:56:51.097Z,coins_small,0.99,1000,92,0
pu_00001bs,p_002885,s_p_002885_00020,2024-09-15T11:05:43.797Z,coins_small,0.99,1000,92,0
pu_00001bt,p_002885,s_p_002885_00020,2024-09-15T10:55:45.365Z,coins_medium,4.99,5500,92,0
pu_00001bu,p_002885,s_p_002885_00022,2024-10-21T11:20:58.336Z,starter_pack,1.99,2000,128,0
pu_00001bv,p_002885,s_p_002885_00023,2024-10-21T18:22:14.765Z,coins_small,0.99,1000,128,0
pu_00001bw,p_002750,s_p_002750_00001,2024-04-20T12:47:45.774Z,starter_pack,1.99,2000,0,1
pu_00001bx,p_002750,s_p_002750_00001,2024-04-20T13:01:21.440Z,vip_monthly,9.99,10000,0,0
pu_00001by,p_002750,s_p_002750_00001,2024-04-20T13:08:22.996Z,coins_medium,4.99,5500,0,0
pu_00001bz,p_002750,s_p_002750_00001,2024-04-20T13:07:54.180Z,coins_medium,4.99,5500,0,0
pu_00001c0,p_002750,s_p_002750_00002,2024-04-20T14:33:48.254Z,coins_large,19.99,25000,0,0
pu_00001c1,p_002750,s_p_002750_00002,2024-04-20T14:15:13.065Z,starter_pack,1.99,2000,0,0
pu_00001c2,p_002750,s_p_002750_00003,2024-04-21T21:18:05.698Z,coins_large,19.99,25000,1,0
pu_00001c3,p_002750,s_p_002750_00003,2024-04-21T21:09:45.974Z,coins_small,0.99,1000,1,0
pu_00001c4,p_002750,s_p_002750_00004,2024-04-23T22:22:51.622Z,coins_large,19.99,25000,3,0
pu_00001c5,p_002750,s_p_002750_00004,2024-04-23T22:32:02.627Z,coins_medium,4.99,5500,3,0
pu_00001c6,p_002750,s_p_002750_00005,2024-04-29T22:02:18.096Z,coins_small,0.99,1000,9,0
pu_00001c7,p_002750,s_p_002750_00005,2024-04-29T22:17:00.273Z,coins_medium,4.99,5500,9,0
pu_00001c8,p_002750,s_p_002750_00005,2024-04-29T22:08:57.933Z,coins_large,19.99,25000,9,0
pu_00001c9,p_002750,s_p_002750_00005,2024-04-29T22:17:04.236Z,coins_large,19.99,25000,9,0
pu_00001ca,p_002750,s_p_002750_00011,2024-05-05T10:25:06.108Z,coins_small,0.99,1000,15,0
pu_00001cb,p_002750,s_p_002750_00013,2024-05-06T16:41:04.519Z,starter_pack,1.99,2000,16,0
pu_00001cc,p_002750,s_p_002750_00014,2024-05-08T10:30:19.830Z,coins_large,19.99,25000,18,0
pu_00001cd,p_002750,s_p_002750_00015,2024-05-08T10:46:53.832Z,coins_medium,4.99,5500,18,0
pu_00001ce,p_002750,s_p_002750_00016,2024-05-09T07:09:17.144Z,coins_large,19.99,25000,19,0
pu_00001cf,p_002750,s_p_002750_00018,2024-05-10T07:43:02.864Z,coins_medium,4.99,5500,20,0
pu_00001cg,p_002750,s_p_002750_00019,2024-05-10T13:30:16.526Z,coins_medium,4.99,5500,20,0
pu_00001ch,p_002750,s_p_002750_00022,2024-05-11T10:38:45.291Z,coins_medium,4.99,5500,21,0
pu_00001ci,p_002750,s_p_002750_00029,2024-05-20T07:23:36.327Z,coins_large,19.99,25000,30,0
pu_00001cj,p_002750,s_p_002750_00030,2024-05-20T07:59:51.399Z,coins_medium,4.99,5500,30,0
pu_00001ck,p_002750,s_p_002750_00031,2024-05-22T15:03:00.827Z,vip_monthly,9.99,10000,32,0
pu_00001cl,p_002750,s_p_002750_00033,2024-05-24T13:59:04.763Z,coins_medium,4.99,5500,34,0
pu_00001cm,p_002750,s_p_002750_00034,2024-05-26T16:21:11.857Z,coins_large,19.99,25000,36,0
pu_00001cn,p_002750,s_p_002750_00036,2024-05-27T11:35:50.027Z,coins_large,19.99,25000,37,0
pu_00001co,p_002750,s_p_002750_00036,2024-05-27T11:54:46.154Z,coins_large,19.99,25000,37,0
pu_00001cp,p_002750,s_p_002750_00039,2024-06-01T16:58:12.471Z,vip_monthly,9.99,10000,42,0
pu_00001cq,p_002750,s_p_002750_00039,2024-06-01T17:06:53.495Z,vip_monthly,9.99,10000,42,0
pu_00001cr,p_002750,s_p_002750_00041,2024-06-05T14:53:22.404Z,coins_small,0.99,1000,46,0
pu_00001cs,p_002750,s_p_002750_00047,2024-06-14T06:51:25.673Z,vip_monthly,9.99,10000,55,0
pu_00001ct,p_002750,s_p_002750_00048,2024-06-14T09:17:35.623Z,coins_medium,4.99,5500,55,0
pu_00001cu,p_002750,s_p_002750_00051,2024-06-19T13:19:32.647Z,coins_small,0.99,1000,60,0
pu_00001cv,p_002750,s_p_002750_00051,2024-06-19T13:13:58.547Z,vip_monthly,9.99,10000,60,0
pu_00001cw,p_002750,s_p_002750_00054,2024-06-24T15:56:21.527Z,coins_large,19.99,25000,65,0
pu_00001cx,p_002750,s_p_002750_00066,2024-07-10T22:51:26.180Z,coins_large,19.99,25000,81,0
pu_00001cy,p_002750,s_p_002750_00070,2024-07-13T19:37:08.659Z,coins_large,19.99,25000,84,0
pu_00001cz,p_002750,s_p_002750_00073,2024-07-17T21:16:42.017Z,vip_monthly,9.99,10000,88,0
pu_00001d0,p_002750,s_p_002750_00075,2024-07-21T14:27:51.787Z,coins_medium,4.99,5500,92,0
pu_00001d1,p_002750,s_p_002750_00076,2024-07-21T21:44:56.843Z,coins_small,0.99,1000,92,0
pu_00001d2,p_002750,s_p_002750_00078,2024-07-22T22:37:22.053Z,coins_large,19.99,25000,93,0
pu_00001d3,p_002750,s_p_002750_00080,2024-07-23T18:59:10.284Z,vip_monthly,9.99,10000,94,0
pu_00001d4,p_002750,s_p_002750_00083,2024-07-28T11:04:48.358Z,coins_medium,4.99,5500,99,0
pu_00001d5,p_002750,s_p_002750_00085,2024-08-02T13:31:51.180Z,vip_monthly,9.99,10000,104,0
pu_00001d6,p_002750,s_p_002750_00087,2024-08-03T23:29:12.701Z,coins_medium,4.99,5500,105,0
pu_00001d7,p_002750,s_p_002750_00088,2024-08-05T06:41:54.303Z,coins_large,19.99,25000,107,0
pu_00001d8,p_002750,s_p_002750_00089,2024-08-06T19:35:11.074Z,coins_medium,4.99,5500,108,0
pu_00001d9,p_002750,s_p_002750_00093,2024-08-12T16:26:28.287Z,vip_monthly,9.99,10000,114,0
pu_00001da,p_002750,s_p_002750_00097,2024-08-16T14:30:47.229Z,coins_large,19.99,25000,118,0
pu_00001db,p_002750,s_p_002750_00101,2024-08-23T09:49:16.698Z,vip_monthly,9.99,10000,125,0
pu_00001dc,p_002750,s_p_002750_00104,2024-08-28T23:38:05.603Z,coins_small,0.99,1000,130,0
pu_00001dd,p_002750,s_p_002750_00105,2024-08-29T15:06:12.015Z,coins_large,19.99,25000,131,0
pu_00001de,p_002750,s_p_002750_00106,2024-08-31T18:58:48.472Z,coins_large,19.99,25000,133,0
pu_00001df,p_002750,s_p_002750_00108,2024-09-02T22:28:07.917Z,coins_small,0.99,1000,135,0
pu_00001dg,p_002750,s_p_002750_00110,2024-09-03T18:57:18.809Z,starter_pack,1.99,2000,136,0
pu_00001dh,p_002750,s_p_002750_00112,2024-09-06T18:33:52.471Z,coins_large,19.99,25000,139,0
pu_00001di,p_002750,s_p_002750_00113,2024-09-06T20:56:51.394Z,coins_small,0.99,1000,139,0
pu_00001dj,p_002750,s_p_002750_00113,2024-09-06T20:41:59.014Z,coins_medium,4.99,5500,139,0
pu_00001dk,p_002750,s_p_002750_00116,2024-09-07T23:36:26.892Z,coins_large,19.99,25000,140,0
pu_00001dl,p_002750,s_p_002750_00120,2024-09-13T08:08:49.976Z,vip_monthly,9.99,10000,146,0
pu_00001dm,p_002750,s_p_002750_00122,2024-09-19T11:55:15.790Z,vip_monthly,9.99,10000,152,0
pu_00001dn,p_002750,s_p_002750_00125,2024-09-20T19:49:47.851Z,coins_medium,4.99,5500,153,0
pu_00001do,p_002750,s_p_002750_00133,2024-09-26T08:16:39.458Z,vip_monthly,9.99,10000,159,0
pu_00001dp,p_002750,s_p_002750_00133,2024-09-26T08:12:01.729Z,coins_large,19.99,25000,159,0
pu_00001dq,p_002750,s_p_002750_00134,2024-09-26T17:25:25.249Z,vip_monthly,9.99,10000,159,0
pu_00001dr,p_002750,s_p_002750_00137,2024-09-27T14:50:59.221Z,coins_large,19.99,25000,160,0
pu_00001ds,p_002750,s_p_002750_00141,2024-10-01T19:07:35.036Z,vip_monthly,9.99,10000,164,0
pu_00001dt,p_002750,s_p_002750_00143,2024-10-03T15:53:36.929Z,coins_medium,4.99,5500,166,0
pu_00001du,p_002750,s_p_002750_00143,2024-10-03T16:05:59.226Z,coins_large,19.99,25000,166,0
pu_00001dv,p_002750,s_p_002750_00145,2024-10-09T21:49:11.353Z,vip_monthly,9.99,10000,172,0
pu_00001dw,p_002750,s_p_002750_00145,2024-10-09T22:01:40.534Z,vip_monthly,9.99,10000,172,0
pu_00001dx,p_002750,s_p_002750_00146,2024-10-12T08:04:53.417Z,coins_small,0.99,1000,175,0
pu_00001dy,p_002750,s_p_002750_00147,2024-10-13T19:59:36.204Z,coins_large,19.99,25000,176,0
pu_00001dz,p_002750,s_p_002750_00151,2024-10-18T12:16:44.708Z,coins_large,19.99,25000,181,0
pu_00001e0,p_002750,s_p_002750_00151,2024-10-18T12:14:04.415Z,starter_pack,1.99,2000,181,0
pu_00001e1,p_002750,s_p_002750_00153,2024-10-18T17:10:55.464Z,coins_large,19.99,25000,181,0
pu_00001e2,p_002750,s_p_002750_00154,2024-10-19T06:19:26.117Z,coins_large,19.99,25000,182,0
pu_00001e3,p_002750,s_p_002750_00161,2024-11-11T16:44:38.080Z,coins_large,19.99,25000,205,0
pu_00001e4,p_002979,s_p_002979_00001,2024-07-12T06:56:30.794Z,coins_small,0.99,1000,0,1
pu_00001e5,p_002979,s_p_002979_00001,2024-07-12T06:59:12.609Z,coins_large,19.99,25000,0,0
pu_00001e6,p_002979,s_p_002979_00002,2024-07-25T10:52:10.561Z,coins_large,19.99,25000,13,0
pu_00001e7,p_002979,s_p_002979_00006,2024-09-01T15:14:57.819Z,coins_small,0.99,1000,51,0
pu_00001e8,p_002979,s_p_002979_00006,2024-09-01T15:09:50.669Z,coins_small,0.99,1000,51,0
pu_00001e9,p_002979,s_p_002979_00008,2024-09-08T08:29:41.065Z,coins_small,0.99,1000,58,0
pu_00001ea,p_002979,s_p_002979_00008,2024-09-08T08:34:54.242Z,coins_small,0.99,1000,58,0
pu_00001eb,p_002979,s_p_002979_00011,2024-10-04T17:15:56.159Z,coins_small,0.99,1000,84,0
pu_00001ec,p_002979,s_p_002979_00014,2024-10-12T14:33:49.968Z,coins_medium,4.99,5500,92,0
pu_00001ed,p_002979,s_p_002979_00015,2024-10-15T10:50:25.888Z,coins_small,0.99,1000,95,0
pu_00001ee,p_002979,s_p_002979_00017,2024-10-18T18:58:40.024Z,coins_medium,4.99,5500,98,0
pu_00001ef,p_002979,s_p_002979_00022,2024-11-11T15:38:06.902Z,coins_small,0.99,1000,122,0
pu_00001eg,p_002979,s_p_002979_00023,2024-11-13T22:56:26.035Z,coins_small,0.99,1000,124,0
pu_00001eh,p_002979,s_p_002979_00023,2024-11-13T22:57:15.683Z,coins_small,0.99,1000,124,0
pu_00001ei,p_002979,s_p_002979_00024,2024-11-22T20:01:05.477Z,coins_small,0.99,1000,133,0
pu_00001ej,p_002979,s_p_002979_00024,2024-11-22T19:48:55.538Z,coins_medium,4.99,5500,133,0
pu_00001ek,p_002880,s_p_002880_00014,2024-05-08T23:15:01.271Z,coins_small,0.99,1000,80,1
pu_00001el,p_002880,s_p_002880_00019,2024-05-25T08:13:21.814Z,coins_small,0.99,1000,97,0
pu_00001em,p_002880,s_p_002880_00020,2024-05-31T13:25:02.589Z,coins_small,0.99,1000,103,0
pu_00001en,p_002880,s_p_002880_00022,2024-06-15T11:27:30.651Z,starter_pack,1.99,2000,118,0
pu_00001eo,p_002928,s_p_002928_00006,2024-04-07T18:34:37.087Z,coins_medium,4.99,5500,48,1
pu_00001ep,p_002928,s_p_002928_00006,2024-04-07T18:43:10.789Z,starter_pack,1.99,2000,48,0
pu_00001eq,p_002928,s_p_002928_00008,2024-04-12T22:16:25.203Z,coins_small,0.99,1000,53,0
pu_00001er,p_002928,s_p_002928_00009,2024-04-18T16:58:10.225Z,coins_small,0.99,1000,59,0
pu_00001es,p_002928,s_p_002928_00012,2024-04-26T09:27:02.992Z,coins_small,0.99,1000,67,0
pu_00001et,p_002928,s_p_002928_00012,2024-04-26T09:29:51.387Z,coins_small,0.99,1000,67,0
pu_00001eu,p_002928,s_p_002928_00012,2024-04-26T09:32:19.619Z,starter_pack,1.99,2000,67,0
pu_00001ev,p_002928,s_p_002928_00014,2024-05-09T10:23:34.017Z,coins_small,0.99,1000,80,0
pu_00001ew,p_002928,s_p_002928_00016,2024-05-25T10:17:23.609Z,coins_small,0.99,1000,96,0
pu_00001ex,p_002928,s_p_002928_00017,2024-06-06T19:20:30.556Z,coins_small,0.99,1000,108,0
pu_00001ey,p_002928,s_p_002928_00018,2024-06-06T22:43:55.633Z,coins_small,0.99,1000,108,0
pu_00001ez,p_002928,s_p_002928_00021,2024-06-30T12:56:51.039Z,coins_small,0.99,1000,132,0
pu_00001f0,p_002928,s_p_002928_00022,2024-07-03T15:43:43.640Z,coins_small,0.99,1000,135,0
pu_00001f1,p_002928,s_p_002928_00022,2024-07-03T15:43:13.674Z,coins_medium,4.99,5500,135,0
pu_00001f2,p_002928,s_p_002928_00023,2024-07-04T09:16:27.548Z,coins_medium,4.99,5500,136,0
pu_00001f3,p_002928,s_p_002928_00025,2024-07-13T14:04:10.935Z,coins_large,19.99,25000,145,0
pu_00001f4,p_002928,s_p_002928_00026,2024-07-22T15:24:53.464Z,coins_medium,4.99,5500,154,0
pu_00001f5,p_002928,s_p_002928_00028,2024-08-08T15:47:39.220Z,starter_pack,1.99,2000,171,0
pu_00001f6,p_002928,s_p_002928_00028,2024-08-08T15:52:47.941Z,coins_small,0.99,1000,171,0
pu_00001f7,p_002928,s_p_002928_00029,2024-08-18T16:59:58.807Z,coins_small,0.99,1000,181,0
pu_00001f8,p_002928,s_p_002928_00030,2024-09-23T11:37:29.582Z,coins_large,19.99,25000,217,0
pu_00001f9,p_002999,s_p_002999_00001,2024-08-17T07:37:54.874Z,starter_pack,1.99,2000,19,1
pu_00001fa,p_002999,s_p_002999_00002,2024-08-18T22:41:05.526Z,coins_large,19.99,25000,20,0
pu_00001fb,p_002999,s_p_002999_00005,2024-09-06T22:29:24.684Z,coins_large,19.99,25000,39,0
pu_00001fc,p_002999,s_p_002999_00009,2024-09-22T22:18:22.806Z,coins_small,0.99,1000,55,0
pu_00001fd,p_002806,s_p_002806_00001,2024-07-08T20:43:05.766Z,coins_large,19.99,25000,3,1
pu_00001fe,p_002806,s_p_002806_00001,2024-07-08T20:36:22.597Z,coins_large,19.99,25000,3,0
pu_00001ff,p_002806,s_p_002806_00001,2024-07-08T20:25:43.138Z,vip_monthly,9.99,10000,3,0
pu_00001fg,p_002806,s_p_002806_00001,2024-07-08T20:32:56.497Z,coins_medium,4.99,5500,3,0
pu_00001fh,p_002806,s_p_002806_00002,2024-07-10T13:07:00.932Z,coins_medium,4.99,5500,5,0
pu_00001fi,p_002806,s_p_002806_00002,2024-07-10T13:03:30.669Z,coins_large,19.99,25000,5,0
pu_00001fj,p_002806,s_p_002806_00002,2024-07-10T13:10:20.614Z,vip_monthly,9.99,10000,5,0
pu_00001fk,p_002806,s_p_002806_00002,2024-07-10T13:02:13.129Z,coins_medium,4.99,5500,5,0
pu_00001fl,p_002806,s_p_002806_00002,2024-07-10T13:09:25.719Z,coins_large,19.99,25000,5,0
pu_00001fm,p_002806,s_p_002806_00002,2024-07-10T13:08:09.395Z,vip_monthly,9.99,10000,5,0
pu_00001fn,p_002806,s_p_002806_00002,2024-07-10T13:00:10.975Z,coins_medium,4.99,5500,5,0
pu_00001fo,p_002806,s_p_002806_00004,2024-07-12T08:37:52.680Z,vip_monthly,9.99,10000,7,0
pu_00001fp,p_002806,s_p_002806_00004,2024-07-12T08:49:45.670Z,coins_large,19.99,25000,7,0
pu_00001fq,p_002806,s_p_002806_00004,2024-07-12T08:37:52.428Z,coins_medium,4.99,5500,7,0
pu_00001fr,p_002806,s_p_002806_00005,2024-07-12T12:13:31.846Z,coins_small,0.99,1000,7,0
pu_00001fs,p_002806,s_p_002806_00006,2024-07-12T18:36:51.890Z,starter_pack,1.99,2000,7,0
pu_00001ft,p_002806,s_p_002806_00006,2024-07-12T18:38:49.783Z,vip_monthly,9.99,10000,7,0
pu_00001fu,p_002806,s_p_002806_00013,2024-07-23T10:34:54.698Z,coins_medium,4.99,5500,18,0
pu_00001fv,p_002806,s_p_002806_00015,2024-07-26T09:04:53.779Z,coins_large,19.99,25000,21,0
pu_00001fw,p_002806,s_p_002806_00017,2024-07-28T23:15:26.893Z,coins_large,19.99,25000,23,0
pu_00001fx,p_002806,s_p_002806_00018,2024-08-02T07:13:17.266Z,coins_large,19.99,25000,28,0
pu_00001fy,p_002806,s_p_002806_00023,2024-08-06T17:36:59.469Z,coins_large,19.99,25000,32,0
pu_00001fz,p_002806,s_p_002806_00027,2024-08-09T19:53:40.914Z,coins_large,19.99,25000,35,0
pu_00001g0,p_002806,s_p_002806_00028,2024-08-11T11:15:41.305Z,coins_large,19.99,25000,37,0
pu_00001g1,p_002806,s_p_002806_00028,2024-08-11T11:19:10.382Z,coins_large,19.99,25000,37,0
pu_00001g2,p_002806,s_p_002806_00028,2024-08-11T11:26:05.354Z,coins_large,19.99,25000,37,0
pu_00001g3,p_002806,s_p_002806_00031,2024-08-17T23:09:30.536Z,coins_small,0.99,1000,43,0
pu_00001g4,p_002806,s_p_002806_00031,2024-08-17T23:06:05.703Z,coins_medium,4.99,5500,43,0
pu_00001g5,p_002806,s_p_002806_00031,2024-08-17T23:07:23.451Z,coins_medium,4.99,5500,43,0
pu_00001g6,p_002806,s_p_002806_00033,2024-08-20T11:15:22.281Z,coins_small,0.99,1000,46,0
pu_00001g7,p_002806,s_p_002806_00034,2024-08-25T22:58:26.496Z,coins_large,19.99,25000,51,0
pu_00001g8,p_002806,s_p_002806_00034,2024-08-25T23:03:03.298Z,starter_pack,1.99,2000,51,0
pu_00001g9,p_002806,s_p_002806_00035,2024-08-28T12:41:57.050Z,coins_large,19.99,25000,54,0
pu_00001ga,p_002806,s_p_002806_00038,2024-09-02T18:49:09.965Z,vip_monthly,9.99,10000,59,0
pu_00001gb,p_002806,s_p_002806_00039,2024-09-04T21:25:27.289Z,vip_monthly,9.99,10000,61,0
pu_00001gc,p_002806,s_p_002806_00039,2024-09-04T21:23:28.614Z,coins_large,19.99,25000,61,0
pu_00001gd,p_002806,s_p_002806_00040,2024-09-05T11:43:55.744Z,coins_large,19.99,25000,62,0
pu_00001ge,p_002806,s_p_002806_00041,2024-09-05T14:55:23.660Z,coins_small,0.99,1000,62,0
pu_00001gf,p_002806,s_p_002806_00044,2024-09-07T12:13:41.342Z,vip_monthly,9.99,10000,64,0
pu_00001gg,p_002806,s_p_002806_00047,2024-09-13T10:01:34.864Z,coins_medium,4.99,5500,70,0
pu_00001gh,p_002806,s_p_002806_00049,2024-09-16T20:59:34.149Z,vip_monthly,9.99,10000,73,0
pu_00001gi,p_002806,s_p_002806_00049,2024-09-16T20:53:02.705Z,coins_small,0.99,1000,73,0
pu_00001gj,p_002806,s_p_002806_00049,2024-09-16T20:49:12.431Z,vip_monthly,9.99,10000,73,0
pu_00001gk,p_002806,s_p_002806_00050,2024-09-18T23:42:14.397Z,coins_large,19.99,25000,75,0
pu_00001gl,p_002806,s_p_002806_00052,2024-09-22T12:54:06.991Z,vip_monthly,9.99,10000,79,0
pu_00001gm,p_002806,s_p_002806_00053,2024-09-22T15:32:19.519Z,coins_small,0.99,1000,79,0
pu_00001gn,p_002806,s_p_002806_00054,2024-09-24T15:03:01.990Z,coins_medium,4.99,5500,81,0
pu_00001go,p_002806,s_p_002806_00055,2024-09-27T15:02:07.276Z,coins_small,0.99,1000,84,0
pu_00001gp,p_002806,s_p_002806_00058,2024-09-29T19:12:03.009Z,coins_large,19.99,25000,86,0
pu_00001gq,p_002806,s_p_002806_00058,2024-09-29T19:18:44.878Z,coins_large,19.99,25000,86,0
pu_00001gr,p_002806,s_p_002806_00065,2024-10-10T22:41:09.700Z,coins_large,19.99,25000,97,0
pu_00001gs,p_002806,s_p_002806_00067,2024-10-13T19:42:19.199Z,coins_large,19.99,25000,100,0
pu_00001gt,p_002806,s_p_002806_00070,2024-10-19T15:13:59.559Z,starter_pack,1.99,2000,106,0
pu_00001gu,p_002806,s_p_002806_00075,2024-10-23T10:48:31.917Z,vip_monthly,9.99,10000,110,0
pu_00001gv,p_002806,s_p_002806_00076,2024-10-26T22:38:04.912Z,vip_monthly,9.99,10000,113,0
pu_00001gw,p_002806,s_p_002806_00077,2024-10-26T23:00:27.549Z,vip_monthly,9.99,10000,113,0
pu_00001gx,p_002806,s_p_002806_00080,2024-10-27T15:30:20.961Z,coins_large,19.99,25000,114,0
pu_00001gy,p_002806,s_p_002806_00080,2024-10-27T15:44:01.887Z,coins_medium,4.99,5500,114,0
pu_00001gz,p_002806,s_p_002806_00080,2024-10-27T15:47:46.490Z,coins_large,19.99,25000,114,0
pu_00001h0,p_002806,s_p_002806_00083,2024-10-30T19:27:42.918Z,coins_large,19.99,25000,117,0
pu_00001h1,p_002806,s_p_002806_00086,2024-11-09T11:19:53.967Z,coins_small,0.99,1000,127,0
pu_00001h2,p_002806,s_p_002806_00087,2024-11-10T15:00:48.975Z,coins_small,0.99,1000,128,0
pu_00001h3,p_002806,s_p_002806_00093,2024-11-17T13:27:00.983Z,coins_medium,4.99,5500,135,0
pu_00001h4,p_002806,s_p_002806_00096,2024-11-18T18:56:50.309Z,coins_large,19.99,25000,136,0
pu_00001h5,p_002806,s_p_002806_00097,2024-11-18T19:33:29.738Z,coins_medium,4.99,5500,136,0
pu_00001h6,p_002806,s_p_002806_00100,2024-11-19T16:46:03.373Z,coins_medium,4.99,5500,137,0
pu_00001h7,p_002806,s_p_002806_00102,2024-11-20T17:16:38.685Z,coins_medium,4.99,5500,138,0
pu_00001h8,p_002806,s_p_002806_00107,2024-11-27T18:00:45.756Z,vip_monthly,9.99,10000,145,0
pu_00001h9,p_002806,s_p_002806_00107,2024-11-27T18:07:53.541Z,coins_small,0.99,1000,145,0
pu_00001ha,p_002806,s_p_002806_00109,2024-12-01T20:50:11.452Z,coins_large,19.99,25000,149,0
pu_00001hb,p_002806,s_p_002806_00110,2024-12-04T09:23:44.079Z,coins_medium,4.99,5500,152,0
pu_00001hc,p_002806,s_p_002806_00111,2024-12-04T11:40:47.476Z,vip_monthly,9.99,10000,152,0
pu_00001hd,p_002806,s_p_002806_00112,2024-12-04T13:54:33.928Z,vip_monthly,9.99,10000,152,0
pu_00001he,p_002806,s_p_002806_00112,2024-12-04T14:04:47.975Z,coins_large,19.99,25000,152,0
pu_00001hf,p_002806,s_p_002806_00113,2024-12-04T16:46:14.124Z,starter_pack,1.99,2000,152,0
pu_00001hg,p_002806,s_p_002806_00114,2024-12-05T10:38:42.102Z,coins_large,19.99,25000,153,0
pu_00001hh,p_002806,s_p_002806_00114,2024-12-05T10:50:33.042Z,coins_large,19.99,25000,153,0
pu_00001hi,p_002806,s_p_002806_00114,2024-12-05T10:47:44.051Z,coins_large,19.99,25000,153,0
pu_00001hj,p_002806,s_p_002806_00117,2024-12-10T18:18:33.174Z,vip_monthly,9.99,10000,158,0
pu_00001hk,p_002806,s_p_002806_00118,2024-12-14T07:25:09.266Z,coins_large,19.99,25000,162,0
pu_00001hl,p_002806,s_p_002806_00119,2024-12-14T10:46:55.853Z,starter_pack,1.99,2000,162,0
pu_00001hm,p_002806,s_p_002806_00120,2024-12-16T16:45:16.363Z,coins_large,19.99,25000,164,0
pu_00001hn,p_002806,s_p_002806_00125,2024-12-22T09:29:58.128Z,coins_small,0.99,1000,170,0
pu_00001ho,p_002806,s_p_002806_00126,2024-12-22T20:01:09.923Z,coins_small,0.99,1000,170,0
pu_00001hp,p_002925,s_p_002925_00001,2024-08-27T10:49:38.229Z,starter_pack,1.99,2000,8,1
pu_00001hq,p_002925,s_p_002925_00003,2024-09-03T10:22:36.118Z,coins_small,0.99,1000,15,0
pu_00001hr,p_002925,s_p_002925_00004,2024-09-21T14:24:01.423Z,coins_medium,4.99,5500,33,0
pu_00001hs,p_002925,s_p_002925_00004,2024-09-21T14:19:57.671Z,coins_small,0.99,1000,33,0
pu_00001ht,p_002925,s_p_002925_00009,2024-10-12T15:04:58.835Z,coins_large,19.99,25000,54,0
pu_00001hu,p_002925,s_p_002925_00009,2024-10-12T15:05:06.720Z,vip_monthly,9.99,10000,54,0
pu_00001hv,p_002925,s_p_002925_00009,2024-10-12T15:06:59.613Z,coins_medium,4.99,5500,54,0
pu_00001hw,p_002925,s_p_002925_00010,2024-10-18T16:41:44.357Z,coins_small,0.99,1000,60,0
pu_00001hx,p_002925,s_p_002925_00019,2024-12-08T09:17:24.707Z,coins_medium,4.99,5500,111,0
pu_00001hy,p_002925,s_p_002925_00019,2024-12-08T09:18:28.490Z,coins_medium,4.99,5500,111,0
pu_00001hz,p_002925,s_p_002925_00019,2024-12-08T09:18:03.952Z,coins_medium,4.99,5500,111,0
pu_00001i0,p_002740,s_p_002740_00001,2024-03-15T06:27:46.900Z,coins_small,0.99,1000,1,1
pu_00001i1,p_002740,s_p_002740_00001,2024-03-15T06:54:13.325Z,coins_large,19.99,25000,1,0
pu_00001i2,p_002740,s_p_002740_00001,2024-03-15T06:44:12.215Z,coins_medium,4.99,5500,1,0
pu_00001i3,p_002740,s_p_002740_00001,2024-03-15T06:31:25.636Z,coins_large,19.99,25000,1,0
pu_00001i4,p_002740,s_p_002740_00003,2024-03-16T16:20:35.209Z,coins_medium,4.99,5500,2,0
pu_00001i5,p_002740,s_p_002740_00003,2024-03-16T16:32:08.415Z,coins_medium,4.99,5500,2,0
pu_00001i6,p_002740,s_p_002740_00003,2024-03-16T16:27:45.877Z,coins_large,19.99,25000,2,0
pu_00001i7,p_002740,s_p_002740_00003,2024-03-16T16:25:19.601Z,coins_small,0.99,1000,2,0
pu_00001i8,p_002740,s_p_002740_00004,2024-03-18T20:51:30.774Z,coins_medium,4.99,5500,4,0
pu_00001i9,p_002740,s_p_002740_00004,2024-03-18T20:58:50.213Z,coins_small,0.99,1000,4,0
pu_00001ia,p_002740,s_p_002740_00004,2024-03-18T20:50:37.782Z,vip_monthly,9.99,10000,4,0
pu_00001ib,p_002740,s_p_002740_00005,2024-03-19T09:30:47.049Z,coins_small,0.99,1000,5,0
pu_00001ic,p_002740,s_p_002740_00005,2024-03-19T09:22:09.752Z,starter_pack,1.99,2000,5,0
pu_00001id,p_002740,s_p_002740_00006,2024-03-20T13:31:02.255Z,coins_small,0.99,1000,6,0
pu_00001ie,p_002740,s_p_002740_00006,2024-03-20T13:34:02.335Z,coins_large,19.99,25000,6,0
pu_00001if,p_002740,s_p_002740_00007,2024-03-20T20:47:26.360Z,coins_large,19.99,25000,6,0
pu_00001ig,p_002740,s_p_002740_00013,2024-03-25T14:44:06.808Z,coins_small,0.99,1000,11,0
pu_00001ih,p_002740,s_p_002740_00018,2024-03-31T16:44:25.850Z,coins_small,0.99,1000,17,0
pu_00001ii,p_002740,s_p_002740_00020,2024-04-01T09:41:08.411Z,coins_medium,4.99,5500,18,0
pu_00001ij,p_002740,s_p_002740_00026,2024-04-07T16:20:12.406Z,coins_small,0.99,1000,24,0
pu_00001ik,p_002740,s_p_002740_00030,2024-04-12T11:34:03.545Z,coins_medium,4.99,5500,29,0
pu_00001il,p_002740,s_p_002740_00042,2024-04-24T11:40:45.373Z,coins_large,19.99,25000,41,0
pu_00001im,p_002740,s_p_002740_00048,2024-05-09T15:12:10.273Z,coins_small,0.99,1000,56,0
pu_00001in,p_002740,s_p_002740_00048,2024-05-09T15:09:36.844Z,coins_large,19.99,25000,56,0
pu_00001io,p_002740,s_p_002740_00054,2024-05-19T17:23:37.701Z,coins_medium,4.99,5500,66,0
pu_00001ip,p_002740,s_p_002740_00060,2024-05-22T12:09:50.657Z,coins_medium,4.99,5500,69,0
pu_00001iq,p_002740,s_p_002740_00064,2024-05-28T23:06:43.096Z,coins_medium,4.99,5500,75,0
pu_00001ir,p_002740,s_p_002740_00070,2024-05-31T21:56:18.260Z,coins_small,0.99,1000,78,0
pu_00001is,p_002740,s_p_002740_00071,2024-06-02T14:21:58.716Z,coins_large,19.99,25000,80,0
pu_00001it,p_002740,s_p_002740_00082,2024-06-25T13:07:52.569Z,coins_large,19.99,25000,103,0
pu_00001iu,p_002740,s_p_002740_00086,2024-06-28T09:21:37.638Z,coins_small,0.99,1000,106,0
pu_00001iv,p_002740,s_p_002740_00088,2024-06-28T23:02:51.792Z,coins_large,19.99,25000,106,0
pu_00001iw,p_002740,s_p_002740_00090,2024-07-01T13:36:09.688Z,coins_large,19.99,25000,109,0
pu_00001ix,p_002740,s_p_002740_00092,2024-07-02T17:13:22.872Z,coins_large,19.99,25000,110,0
pu_00001iy,p_002740,s_p_002740_00093,2024-07-03T11:13:07.653Z,coins_large,19.99,25000,111,0
pu_00001iz,p_002740,s_p_002740_00093,2024-07-03T11:05:45.694Z,coins_small,0.99,1000,111,0
pu_00001j0,p_002740,s_p_002740_00094,2024-07-04T12:47:38.360Z,coins_large,19.99,25000,112,0
pu_00001j1,p_002740,s_p_002740_00095,2024-07-04T14:05:03.480Z,coins_medium,4.99,5500,112,0
pu_00001j2,p_002740,s_p_002740_00100,2024-07-11T08:38:09.609Z,coins_large,19.99,25000,119,0
pu_00001j3,p_002740,s_p_002740_00101,2024-07-11T18:29:19.628Z,coins_large,19.99,25000,119,0
pu_00001j4,p_002740,s_p_002740_00102,2024-07-15T21:31:01.536Z,coins_medium,4.99,5500,123,0
pu_00001j5,p_002740,s_p_002740_00113,2024-07-30T23:13:19.666Z,coins_small,0.99,1000,138,0
pu_00001j6,p_002740,s_p_002740_00113,2024-07-30T23:24:48.919Z,coins_medium,4.99,5500,138,0
pu_00001j7,p_002740,s_p_002740_00115,2024-08-01T07:12:50.397Z,coins_medium,4.99,5500,140,0
pu_00001j8,p_002740,s_p_002740_00116,2024-08-01T14:42:08.189Z,coins_large,19.99,25000,140,0
pu_00001j9,p_002740,s_p_002740_00121,2024-08-05T23:17:30.474Z,coins_large,19.99,25000,144,0
pu_00001ja,p_002740,s_p_002740_00121,2024-08-05T23:23:49.346Z,coins_medium,4.99,5500,144,0
pu_00001jb,p_002740,s_p_002740_00122,2024-08-06T23:15:58.602Z,coins_large,19.99,25000,145,0
pu_00001jc,p_002740,s_p_002740_00130,2024-08-18T17:42:24.293Z,coins_large,19.99,25000,157,0
pu_00001jd,p_002740,s_p_002740_00133,2024-08-19T16:08:10.794Z,coins_large,19.99,25000,158,0
pu_00001je,p_002740,s_p_002740_00137,2024-08-24T09:59:46.104Z,coins_medium,4.99,5500,163,0
pu_00001jf,p_002740,s_p_002740_00141,2024-08-30T09:18:14.986Z,coins_large,19.99,25000,169,0
pu_00001jg,p_002740,s_p_002740_00145,2024-09-02T12:57:01.090Z,coins_large,19.99,25000,172,0
pu_00001jh,p_002740,s_p_002740_00168,2024-10-11T13:39:36.710Z,coins_medium,4.99,5500,211,0
pu_00001ji,p_002740,s_p_002740_00168,2024-10-11T13:50:35.345Z,coins_medium,4.99,5500,211,0
pu_00001jj,p_002740,s_p_002740_00169,2024-10-15T08:34:23.380Z,coins_medium,4.99,5500,215,0
pu_00001jk,p_002740,s_p_002740_00173,2024-10-18T12:30:00.817Z,vip_monthly,9.99,10000,218,0
pu_00001jl,p_002740,s_p_002740_00178,2024-10-22T20:00:15.821Z,vip_monthly,9.99,10000,222,0
pu_00001jm,p_002740,s_p_002740_00186,2024-11-03T22:01:53.873Z,vip_monthly,9.99,10000,234,0
pu_00001jn,p_002740,s_p_002740_00196,2024-11-13T13:17:56.965Z,coins_large,19.99,25000,244,0
pu_00001jo,p_002740,s_p_002740_00200,2024-11-21T19:08:53.859Z,coins_medium,4.99,5500,252,0
pu_00001jp,p_002740,s_p_002740_00200,2024-11-21T19:04:50.571Z,coins_large,19.99,25000,252,0
pu_00001jq,p_002740,s_p_002740_00203,2024-11-27T11:54:22.031Z,coins_medium,4.99,5500,258,0
pu_00001jr,p_002740,s_p_002740_00207,2024-12-01T18:31:43.285Z,coins_small,0.99,1000,262,0
pu_00001js,p_002740,s_p_002740_00210,2024-12-07T14:25:27.960Z,coins_large,19.99,25000,268,0
pu_00001jt,p_002740,s_p_002740_00211,2024-12-14T16:14:50.936Z,coins_large,19.99,25000,275,0
pu_00001ju,p_000665,s_p_000665_00001,2024-03-01T13:54:54.115Z,coins_small,0.99,1000,17,1
pu_00001jv,p_000665,s_p_000665_00004,2024-04-14T22:42:25.023Z,coins_small,0.99,1000,61,0
pu_00001jw,p_002798,s_p_002798_00001,2024-05-23T12:19:48.805Z,coins_medium,4.99,5500,0,1
pu_00001jx,p_002798,s_p_002798_00002,2024-05-23T14:17:00.118Z,coins_large,19.99,25000,0,0
pu_00001jy,p_002798,s_p_002798_00002,2024-05-23T14:15:01.076Z,vip_monthly,9.99,10000,0,0
pu_00001jz,p_002798,s_p_002798_00003,2024-05-24T15:53:07.736Z,vip_monthly,9.99,10000,1,0
pu_00001k0,p_002798,s_p_002798_00003,2024-05-24T15:57:14.327Z,starter_pack,1.99,2000,1,0
pu_00001k1,p_002798,s_p_002798_00003,2024-05-24T16:05:19.567Z,vip_monthly,9.99,10000,1,0
pu_00001k2,p_002798,s_p_002798_00004,2024-05-25T17:40:59.590Z,coins_medium,4.99,5500,2,0
pu_00001k3,p_002798,s_p_002798_00004,2024-05-25T17:16:40.979Z,coins_large,19.99,25000,2,0
pu_00001k4,p_002798,s_p_002798_00005,2024-05-27T23:21:08.357Z,coins_large,19.99,25000,4,0
pu_00001k5,p_002798,s_p_002798_00005,2024-05-27T23:29:12.515Z,coins_medium,4.99,5500,4,0
pu_00001k6,p_002798,s_p_002798_00005,2024-05-27T23:19:16.130Z,coins_small,0.99,1000,4,0
pu_00001k7,p_002798,s_p_002798_00005,2024-05-27T23:22:34.224Z,coins_medium,4.99,5500,4,0
pu_00001k8,p_002798,s_p_002798_00006,2024-05-30T10:38:47.618Z,coins_small,0.99,1000,7,0
pu_00001k9,p_002798,s_p_002798_00010,2024-06-04T20:20:32.129Z,vip_monthly,9.99,10000,12,0
pu_00001ka,p_002798,s_p_002798_00010,2024-06-04T19:46:07.685Z,coins_medium,4.99,5500,12,0
pu_00001kb,p_002798,s_p_002798_00011,2024-06-05T09:21:35.731Z,coins_medium,4.99,5500,13,0
pu_00001kc,p_002798,s_p_002798_00017,2024-06-08T09:01:55.225Z,coins_large,19.99,25000,16,0
pu_00001kd,p_002798,s_p_002798_00017,2024-06-08T09:03:25.599Z,coins_medium,4.99,5500,16,0
pu_00001ke,p_002798,s_p_002798_00019,2024-06-11T18:55:02.800Z,coins_large,19.99,25000,19,0
pu_00001kf,p_002798,s_p_002798_00022,2024-06-16T08:00:43.022Z,vip_monthly,9.99,10000,24,0
pu_00001kg,p_002798,s_p_002798_00023,2024-06-16T08:21:08.219Z,coins_large,19.99,25000,24,0
pu_00001kh,p_002798,s_p_002798_00029,2024-06-25T16:37:44.095Z,coins_medium,4.99,5500,33,0
pu_00001ki,p_002798,s_p_002798_00032,2024-06-28T15:59:54.618Z,vip_monthly,9.99,10000,36,0
pu_00001kj,p_002798,s_p_002798_00034,2024-06-30T17:45:27.921Z,coins_large,19.99,25000,38,0
pu_00001kk,p_002798,s_p_002798_00038,2024-07-07T09:53:37.350Z,coins_small,0.99,1000,45,0
pu_00001kl,p_002798,s_p_002798_00038,2024-07-07T10:23:40.091Z,vip_monthly,9.99,10000,45,0
pu_00001km,p_002798,s_p_002798_00038,2024-07-07T09:57:57.877Z,starter_pack,1.99,2000,45,0
pu_00001kn,p_002798,s_p_002798_00041,2024-07-08T21:39:37.369Z,coins_large,19.99,25000,46,0
pu_00001ko,p_002798,s_p_002798_00043,2024-07-12T19:53:45.483Z,coins_large,19.99,25000,50,0
pu_00001kp,p_002798,s_p_002798_00047,2024-07-14T20:40:21.717Z,coins_large,19.99,25000,52,0
pu_00001kq,p_002798,s_p_002798_00048,2024-07-15T09:41:28.939Z,coins_medium,4.99,5500,53,0
pu_00001kr,p_002798,s_p_002798_00050,2024-07-18T16:31:55.664Z,coins_small,0.99,1000,56,0
pu_00001ks,p_002798,s_p_002798_00052,2024-07-22T09:26:17.594Z,coins_large,19.99,25000,60,0
pu_00001kt,p_002798,s_p_002798_00060,2024-08-01T15:23:04.555Z,vip_monthly,9.99,10000,70,0
pu_00001ku,p_002798,s_p_002798_00060,2024-08-01T15:13:35.624Z,coins_large,19.99,25000,70,0
pu_00001kv,p_002798,s_p_002798_00062,2024-08-04T11:56:46.492Z,vip_monthly,9.99,10000,73,0
pu_00001kw,p_002798,s_p_002798_00064,2024-08-07T06:51:18.846Z,vip_monthly,9.99,10000,76,0
pu_00001kx,p_002798,s_p_002798_00066,2024-08-08T15:33:09.394Z,coins_medium,4.99,5500,77,0
pu_00001ky,p_002798,s_p_002798_00071,2024-08-18T10:18:17.792Z,vip_monthly,9.99,10000,87,0
pu_00001kz,p_002798,s_p_002798_00071,2024-08-18T09:53:43.468Z,coins_large,19.99,25000,87,0
pu_00001l0,p_002798,s_p_002798_00073,2024-08-19T23:09:02.187Z,coins_medium,4.99,5500,88,0
pu_00001l1,p_002798,s_p_002798_00073,2024-08-19T23:15:49.935Z,coins_medium,4.99,5500,88,0
pu_00001l2,p_002798,s_p_002798_00076,2024-08-25T14:54:28.267Z,coins_medium,4.99,5500,94,0
pu_00001l3,p_002798,s_p_002798_00080,2024-08-30T09:14:50.946Z,coins_medium,4.99,5500,99,0
pu_00001l4,p_002798,s_p_002798_00083,2024-09-05T12:14:32.055Z,coins_medium,4.99,5500,105,0
pu_00001l5,p_002798,s_p_002798_00087,2024-09-07T07:44:23.369Z,vip_monthly,9.99,10000,107,0
pu_00001l6,p_002798,s_p_002798_00088,2024-09-07T17:35:02.542Z,coins_small,0.99,1000,107,0
pu_00001l7,p_002798,s_p_002798_00092,2024-09-16T08:49:48.475Z,coins_medium,4.99,5500,116,0
pu_00001l8,p_002798,s_p_002798_00094,2024-09-17T07:22:16.880Z,vip_monthly,9.99,10000,117,0
pu_00001l9,p_002798,s_p_002798_00096,2024-09-19T17:07:06.808Z,coins_small,0.99,1000,119,0
pu_00001la,p_002798,s_p_002798_00098,2024-09-19T20:49:57.901Z,coins_large,19.99,25000,119,0
pu_00001lb,p_002798,s_p_002798_00101,2024-09-22T09:43:18.668Z,coins_large,19.99,25000,122,0
pu_00001lc,p_002798,s_p_002798_00105,2024-09-27T09:14:19.383Z,vip_monthly,9.99,10000,127,0
pu_00001ld,p_002798,s_p_002798_00105,2024-09-27T08:59:48.761Z,coins_medium,4.99,5500,127,0
pu_00001le,p_002798,s_p_002798_00113,2024-10-13T19:26:00.701Z,starter_pack,1.99,2000,143,0
pu_00001lf,p_002798,s_p_002798_00114,2024-10-14T08:21:04.522Z,vip_monthly,9.99,10000,144,0
pu_00001lg,p_002798,s_p_002798_00114,2024-10-14T08:12:44.803Z,coins_large,19.99,25000,144,0
pu_00001lh,p_002798,s_p_002798_00116,2024-10-18T15:45:13.787Z,vip_monthly,9.99,10000,148,0
pu_00001li,p_002798,s_p_002798_00116,2024-10-18T15:35:41.225Z,coins_large,19.99,25000,148,0
pu_00001lj,p_002798,s_p_002798_00119,2024-10-21T11:52:55.452Z,coins_large,19.99,25000,151,0
pu_00001lk,p_002798,s_p_002798_00119,2024-10-21T12:03:22.697Z,coins_medium,4.99,5500,151,0
pu_00001ll,p_002798,s_p_002798_00121,2024-10-22T17:30:45.839Z,coins_large,19.99,25000,152,0
pu_00001lm,p_002798,s_p_002798_00123,2024-10-24T09:45:37.183Z,coins_small,0.99,1000,154,0
pu_00001ln,p_002798,s_p_002798_00125,2024-10-25T22:40:12.300Z,coins_large,19.99,25000,155,0
pu_00001lo,p_002798,s_p_002798_00126,2024-10-28T11:37:38.582Z,coins_large,19.99,25000,158,0
pu_00001lp,p_002798,s_p_002798_00127,2024-10-29T16:27:29.329Z,coins_large,19.99,25000,159,0
pu_00001lq,p_002798,s_p_002798_00132,2024-11-09T12:13:19.837Z,coins_large,19.99,25000,170,0
pu_00001lr,p_002798,s_p_002798_00133,2024-11-09T16:06:45.845Z,vip_monthly,9.99,10000,170,0
pu_00001ls,p_002798,s_p_002798_00137,2024-11-11T21:36:36.207Z,coins_large,19.99,25000,172,0
pu_00001lt,p_002798,s_p_002798_00139,2024-11-14T07:59:13.987Z,vip_monthly,9.99,10000,175,0
pu_00001lu,p_002798,s_p_002798_00139,2024-11-14T07:40:25.415Z,coins_large,19.99,25000,175,0
pu_00001lv,p_002798,s_p_002798_00144,2024-11-20T18:31:00.817Z,coins_large,19.99,25000,181,0
pu_00001lw,p_002798,s_p_002798_00148,2024-11-24T12:24:35.032Z,coins_medium,4.99,5500,185,0
pu_00001lx,p_002798,s_p_002798_00148,2024-11-24T12:44:55.130Z,vip_monthly,9.99,10000,185,0
pu_00001ly,p_002798,s_p_002798_00149,2024-11-26T13:01:10.134Z,coins_medium,4.99,5500,187,0
pu_00001lz,p_002798,s_p_002798_00149,2024-11-26T12:59:05Z,coins_large,19.99,25000,187,0
pu_00001m0,p_002798,s_p_002798_00156,2024-12-12T13:20:55.692Z,coins_small,0.99,1000,203,0
pu_00001m1,p_002873,s_p_002873_00001,2024-04-10T07:45:31.541Z,starter_pack,1.99,2000,1,1
pu_00001m2,p_002873,s_p_002873_00002,2024-04-24T22:56:06.625Z,coins_medium,4.99,5500,15,0
pu_00001m3,p_002873,s_p_002873_00007,2024-05-22T18:47:12.448Z,coins_medium,4.99,5500,43,0
pu_00001m4,p_002873,s_p_002873_00008,2024-05-23T13:20:04.929Z,coins_small,0.99,1000,44,0
pu_00001m5,p_002873,s_p_002873_00012,2024-06-03T19:05:46.515Z,vip_monthly,9.99,10000,55,0
pu_00001m6,p_002873,s_p_002873_00013,2024-06-15T15:56:57.766Z,coins_small,0.99,1000,67,0
pu_00001m7,p_002873,s_p_002873_00013,2024-06-15T16:00:24.707Z,coins_small,0.99,1000,67,0
pu_00001m8,p_002873,s_p_002873_00014,2024-06-16T06:58:27.957Z,coins_medium,4.99,5500,68,0
pu_00001m9,p_002873,s_p_002873_00014,2024-06-16T07:00:22.756Z,coins_small,0.99,1000,68,0
pu_00001ma,p_002873,s_p_002873_00015,2024-06-21T10:51:52.395Z,coins_medium,4.99,5500,73,0
pu_00001mb,p_002873,s_p_002873_00015,2024-06-21T10:44:53.226Z,coins_small,0.99,1000,73,0
pu_00001mc,p_002873,s_p_002873_00016,2024-06-21T19:39:47.715Z,coins_medium,4.99,5500,73,0
pu_00001md,p_002873,s_p_002873_00019,2024-07-11T20:36:05.389Z,coins_small,0.99,1000,93,0
pu_00001me,p_002873,s_p_002873_00021,2024-07-16T17:44:47.253Z,coins_small,0.99,1000,98,0
pu_00001mf,p_002873,s_p_002873_00023,2024-07-23T12:53:05.279Z,coins_small,0.99,1000,105,0
pu_00001mg,p_002873,s_p_002873_00025,2024-07-25T22:54:30.995Z,coins_large,19.99,25000,107,0
pu_00001mh,p_002873,s_p_002873_00027,2024-07-30T08:16:27.226Z,coins_medium,4.99,5500,112,0
pu_00001mi,p_002706,s_p_002706_00001,2024-03-27T13:04:44.408Z,coins_small,0.99,1000,1,1
pu_00001mj,p_002706,s_p_002706_00001,2024-03-27T13:08:43.657Z,coins_small,0.99,1000,1,0
pu_00001mk,p_002706,s_p_002706_00002,2024-03-29T18:01:00.290Z,coins_medium,4.99,5500,3,0
pu_00001ml,p_002706,s_p_002706_00002,2024-03-29T17:51:27.125Z,vip_monthly,9.99,10000,3,0
pu_00001mm,p_002706,s_p_002706_00003,2024-03-30T21:24:14.449Z,coins_large,19.99,25000,4,0
pu_00001mn,p_002706,s_p_002706_00003,2024-03-30T21:51:05.474Z,coins_large,19.99,25000,4,0
pu_00001mo,p_002706,s_p_002706_00004,2024-03-31T12:25:14.601Z,coins_large,19.99,25000,5,0
pu_00001mp,p_002706,s_p_002706_00004,2024-03-31T12:45:38.980Z,coins_medium,4.99,5500,5,0
pu_00001mq,p_002706,s_p_002706_00004,2024-03-31T12:36:53.883Z,coins_large,19.99,25000,5,0
pu_00001mr,p_002706,s_p_002706_00006,2024-04-01T08:40:08.718Z,coins_small,0.99,1000,6,0
pu_00001ms,p_002706,s_p_002706_00006,2024-04-01T08:46:20.462Z,coins_large,19.99,25000,6,0
pu_00001mt,p_002706,s_p_002706_00014,2024-04-11T21:48:46.214Z,coins_large,19.99,25000,16,0
pu_00001mu,p_002706,s_p_002706_00020,2024-04-18T08:06:49.527Z,coins_medium,4.99,5500,23,0
pu_00001mv,p_002706,s_p_002706_00022,2024-04-18T22:55:13.881Z,coins_medium,4.99,5500,23,0
pu_00001mw,p_002706,s_p_002706_00025,2024-04-19T20:20:22.990Z,coins_medium,4.99,5500,24,0
pu_00001mx,p_002706,s_p_002706_00031,2024-04-28T17:08:01.082Z,coins_large,19.99,25000,33,0
pu_00001my,p_002706,s_p_002706_00035,2024-05-03T12:28:27.548Z,coins_small,0.99,1000,38,0
pu_00001mz,p_002706,s_p_002706_00037,2024-05-04T12:47:20.288Z,coins_large,19.99,25000,39,0
pu_00001n0,p_002706,s_p_002706_00041,2024-05-08T11:57:13.430Z,coins_medium,4.99,5500,43,0
pu_00001n1,p_002706,s_p_002706_00042,2024-05-09T06:58:15.288Z,coins_medium,4.99,5500,44,0
pu_00001n2,p_002706,s_p_002706_00043,2024-05-09T21:58:40.138Z,coins_large,19.99,25000,44,0
pu_00001n3,p_002706,s_p_002706_00044,2024-05-09T23:24:46.584Z,coins_large,19.99,25000,44,0
pu_00001n4,p_002706,s_p_002706_00045,2024-05-11T07:05:06.953Z,vip_monthly,9.99,10000,46,0
pu_00001n5,p_002706,s_p_002706_00045,2024-05-11T07:01:57.287Z,coins_large,19.99,25000,46,0
pu_00001n6,p_002706,s_p_002706_00056,2024-05-22T20:47:20.899Z,coins_medium,4.99,5500,57,0
pu_00001n7,p_002706,s_p_002706_00058,2024-05-26T06:26:56.505Z,coins_large,19.99,25000,61,0
pu_00001n8,p_002706,s_p_002706_00063,2024-06-01T12:50:53.398Z,vip_monthly,9.99,10000,67,0
pu_00001n9,p_002706,s_p_002706_00069,2024-06-05T18:34:36.948Z,coins_medium,4.99,5500,71,0
pu_00001na,p_002706,s_p_002706_00069,2024-06-05T18:33:47.705Z,coins_large,19.99,25000,71,0
pu_00001nb,p_002706,s_p_002706_00079,2024-06-18T06:11:34.270Z,coins_large,19.99,25000,84,0
pu_00001nc,p_002706,s_p_002706_00084,2024-06-21T00:04:14.936Z,coins_medium,4.99,5500,87,0
pu_00001nd,p_002706,s_p_002706_00087,2024-06-22T21:30:04.310Z,starter_pack,1.99,2000,88,0
pu_00001ne,p_002706,s_p_002706_00106,2024-07-30T22:51:29.210Z,coins_large,19.99,25000,126,0
pu_00001nf,p_002706,s_p_002706_00108,2024-08-04T11:22:06.911Z,coins_large,19.99,25000,131,0
pu_00001ng,p_002706,s_p_002706_00116,2024-08-13T14:27:18.777Z,starter_pack,1.99,2000,140,0
pu_00001nh,p_002706,s_p_002706_00123,2024-08-20T11:33:32.717Z,coins_medium,4.99,5500,147,0
pu_00001ni,p_002706,s_p_002706_00126,2024-08-22T16:48:04.105Z,vip_monthly,9.99,10000,149,0
pu_00001nj,p_002706,s_p_002706_00128,2024-08-26T15:26:09.736Z,coins_medium,4.99,5500,153,0
pu_00001nk,p_002706,s_p_002706_00131,2024-09-02T18:17:53.750Z,coins_medium,4.99,5500,160,0
pu_00001nl,p_002706,s_p_002706_00134,2024-09-08T22:01:34.731Z,coins_large,19.99,25000,166,0
pu_00001nm,p_002706,s_p_002706_00135,2024-09-11T06:58:22.748Z,coins_small,0.99,1000,169,0
pu_00001nn,p_002706,s_p_002706_00147,2024-09-23T10:55:51.357Z,coins_small,0.99,1000,181,0
pu_00001no,p_002706,s_p_002706_00147,2024-09-23T10:46:18.004Z,coins_large,19.99,25000,181,0
pu_00001np,p_002706,s_p_002706_00147,2024-09-23T10:46:55.763Z,coins_medium,4.99,5500,181,0
pu_00001nq,p_002706,s_p_002706_00152,2024-09-27T23:13:33.285Z,coins_medium,4.99,5500,185,0
pu_00001nr,p_002706,s_p_002706_00159,2024-10-05T18:13:50.480Z,starter_pack,1.99,2000,193,0
pu_00001ns,p_002706,s_p_002706_00162,2024-10-11T14:00:34.153Z,coins_large,19.99,25000,199,0
pu_00001nt,p_002706,s_p_002706_00164,2024-10-12T16:47:13.424Z,coins_large,19.99,25000,200,0
pu_00001nu,p_002706,s_p_002706_00167,2024-10-14T07:00:08.545Z,coins_large,19.99,25000,202,0
pu_00001nv,p_002706,s_p_002706_00167,2024-10-14T07:02:00.344Z,coins_medium,4.99,5500,202,0
pu_00001nw,p_002706,s_p_002706_00177,2024-10-30T06:28:42.338Z,coins_medium,4.99,5500,218,0
pu_00001nx,p_002706,s_p_002706_00178,2024-10-30T21:24:47.567Z,vip_monthly,9.99,10000,218,0
pu_00001ny,p_002706,s_p_002706_00179,2024-10-31T21:32:18.016Z,coins_large,19.99,25000,219,0
pu_00001nz,p_002706,s_p_002706_00182,2024-11-09T12:49:03.811Z,coins_large,19.99,25000,228,0
pu_00001o0,p_002706,s_p_002706_00184,2024-11-10T19:49:31.318Z,coins_medium,4.99,5500,229,0
pu_00001o1,p_002706,s_p_002706_00185,2024-11-11T11:43:24.618Z,vip_monthly,9.99,10000,230,0
pu_00001o2,p_002706,s_p_002706_00186,2024-11-12T14:43:11.013Z,coins_small,0.99,1000,231,0
pu_00001o3,p_002706,s_p_002706_00192,2024-11-18T20:49:49.459Z,coins_medium,4.99,5500,237,0
pu_00001o4,p_002706,s_p_002706_00193,2024-11-18T22:38:04.526Z,coins_medium,4.99,5500,237,0
pu_00001o5,p_002706,s_p_002706_00197,2024-12-08T08:46:27.167Z,coins_large,19.99,25000,257,0
pu_00001o6,p_002706,s_p_002706_00199,2024-12-09T16:52:02.216Z,vip_monthly,9.99,10000,258,0
pu_00001o7,p_002724,s_p_002724_00001,2024-04-05T06:37:40.193Z,coins_medium,4.99,5500,2,1
pu_00001o8,p_002724,s_p_002724_00002,2024-04-05T11:40:21.494Z,coins_large,19.99,25000,2,0
pu_00001o9,p_002724,s_p_002724_00002,2024-04-05T11:24:01.265Z,coins_medium,4.99,5500,2,0
pu_00001oa,p_002724,s_p_002724_00002,2024-04-05T11:47:51.186Z,coins_medium,4.99,5500,2,0
pu_00001ob,p_002724,s_p_002724_00002,2024-04-05T11:50:13.749Z,starter_pack,1.99,2000,2,0
pu_00001oc,p_002724,s_p_002724_00004,2024-04-06T20:24:04.634Z,coins_small,0.99,1000,3,0
pu_00001od,p_002724,s_p_002724_00005,2024-04-09T13:36:54.207Z,coins_large,19.99,25000,6,0
pu_00001oe,p_002724,s_p_002724_00009,2024-04-15T14:34:14.921Z,coins_medium,4.99,5500,12,0
pu_00001of,p_002724,s_p_002724_00010,2024-04-18T06:31:16.381Z,coins_medium,4.99,5500,15,0
pu_00001og,p_002724,s_p_002724_00011,2024-04-18T09:04:26.521Z,coins_large,19.99,25000,15,0
pu_00001oh,p_002724,s_p_002724_00029,2024-05-13T13:31:49.014Z,coins_medium,4.99,5500,40,0
pu_00001oi,p_002724,s_p_002724_00035,2024-05-21T15:44:03.435Z,vip_monthly,9.99,10000,48,0
pu_00001oj,p_002724,s_p_002724_00035,2024-05-21T15:51:20.137Z,coins_large,19.99,25000,48,0
pu_00001ok,p_002724,s_p_002724_00038,2024-05-24T13:04:26.864Z,vip_monthly,9.99,10000,51,0
pu_00001ol,p_002724,s_p_002724_00043,2024-06-07T12:37:21.037Z,coins_medium,4.99,5500,65,0
pu_00001om,p_002724,s_p_002724_00045,2024-06-09T10:56:08.836Z,coins_medium,4.99,5500,67,0
pu_00001on,p_002724,s_p_002724_00049,2024-06-11T16:46:46.324Z,coins_medium,4.99,5500,69,0
pu_00001oo,p_002724,s_p_002724_00049,2024-06-11T16:34:33.910Z,coins_large,19.99,25000,69,0
pu_00001op,p_002724,s_p_002724_00049,2024-06-11T16:49:40.277Z,coins_small,0.99,1000,69,0
pu_00001oq,p_002724,s_p_002724_00054,2024-06-15T12:04:58.147Z,coins_large,19.99,25000,73,0
pu_00001or,p_002724,s_p_002724_00055,2024-06-18T18:55:45.920Z,coins_large,19.99,25000,76,0
pu_00001os,p_002724,s_p_002724_00059,2024-06-22T09:30:50.070Z,starter_pack,1.99,2000,80,0
pu_00001ot,p_002724,s_p_002724_00064,2024-06-28T18:54:50.746Z,coins_large,19.99,25000,86,0
pu_00001ou,p_002724,s_p_002724_00064,2024-06-28T18:40:25.746Z,coins_medium,4.99,5500,86,0
pu_00001ov,p_002724,s_p_002724_00067,2024-06-30T22:35:25.045Z,coins_large,19.99,25000,88,0
pu_00001ow,p_002724,s_p_002724_00071,2024-07-03T10:31:57.205Z,vip_monthly,9.99,10000,91,0
pu_00001ox,p_002724,s_p_002724_00071,2024-07-03T10:28:26.624Z,coins_medium,4.99,5500,91,0
pu_00001oy,p_002724,s_p_002724_00071,2024-07-03T10:12:09.460Z,coins_large,19.99,25000,91,0
pu_00001oz,p_002724,s_p_002724_00073,2024-07-05T08:58:41.292Z,vip_monthly,9.99,10000,93,0
pu_00001p0,p_002724,s_p_002724_00073,2024-07-05T08:43:18.709Z,coins_large,19.99,25000,93,0
pu_00001p1,p_002724,s_p_002724_00074,2024-07-08T08:23:11.202Z,coins_small,0.99,1000,96,0
pu_00001p2,p_002724,s_p_002724_00075,2024-07-08T18:28:13.327Z,coins_medium,4.99,5500,96,0
pu_00001p3,p_002724,s_p_002724_00077,2024-07-10T06:30:28.991Z,coins_medium,4.99,5500,98,0
pu_00001p4,p_002724,s_p_002724_00078,2024-07-11T10:35:47.277Z,coins_large,19.99,25000,99,0
pu_00001p5,p_002724,s_p_002724_00082,2024-07-22T21:21:03.584Z,coins_large,19.99,25000,110,0
pu_00001p6,p_002724,s_p_002724_00082,2024-07-22T21:09:17.571Z,vip_monthly,9.99,10000,110,0
pu_00001p7,p_002724,s_p_002724_00094,2024-08-10T18:21:06.896Z,coins_large,19.99,25000,129,0
pu_00001p8,p_002724,s_p_002724_00098,2024-08-16T08:23:53.481Z,coins_medium,4.99,5500,135,0
pu_00001p9,p_002724,s_p_002724_00099,2024-08-16T13:23:47.737Z,coins_large,19.99,25000,135,0
pu_00001pa,p_002724,s_p_002724_00105,2024-08-24T22:50:59.942Z,coins_large,19.99,25000,143,0
pu_00001pb,p_002724,s_p_002724_00106,2024-08-25T14:56:08.540Z,coins_small,0.99,1000,144,0
pu_00001pc,p_002724,s_p_002724_00107,2024-08-26T16:33:09.384Z,coins_medium,4.99,5500,145,0
pu_00001pd,p_002724,s_p_002724_00111,2024-08-29T06:44:28.899Z,coins_medium,4.99,5500,148,0
pu_00001pe,p_002724,s_p_002724_00113,2024-09-01T12:30:17.544Z,coins_large,19.99,25000,151,0
pu_00001pf,p_002724,s_p_002724_00123,2024-09-12T09:45:47.041Z,coins_large,19.99,25000,162,0
pu_00001pg,p_002724,s_p_002724_00124,2024-09-12T23:02:09.499Z,coins_small,0.99,1000,162,0
pu_00001ph,p_002724,s_p_002724_00124,2024-09-12T23:09:16.500Z,coins_small,0.99,1000,162,0
pu_00001pi,p_002724,s_p_002724_00129,2024-09-17T18:06:46.476Z,coins_small,0.99,1000,167,0
pu_00001pj,p_002724,s_p_002724_00130,2024-09-18T19:25:01.881Z,starter_pack,1.99,2000,168,0
pu_00001pk,p_002724,s_p_002724_00131,2024-09-20T18:30:49.897Z,coins_large,19.99,25000,170,0
pu_00001pl,p_002724,s_p_002724_00136,2024-10-01T13:14:09.098Z,coins_small,0.99,1000,181,0
pu_00001pm,p_002724,s_p_002724_00137,2024-10-05T22:10:26.332Z,coins_large,19.99,25000,185,0
pu_00001pn,p_002724,s_p_002724_00138,2024-10-05T22:23:51.012Z,coins_medium,4.99,5500,185,0
pu_00001po,p_002724,s_p_002724_00144,2024-10-13T14:04:44.400Z,vip_monthly,9.99,10000,193,0
pu_00001pp,p_002724,s_p_002724_00148,2024-10-15T18:14:42.860Z,coins_large,19.99,25000,195,0
pu_00001pq,p_002724,s_p_002724_00149,2024-10-16T07:56:24.241Z,vip_monthly,9.99,10000,196,0
pu_00001pr,p_002874,s_p_002874_00001,2024-08-15T15:55:28.946Z,starter_pack,1.99,2000,11,1
pu_00001ps,p_002874,s_p_002874_00003,2024-08-31T16:27:25.148Z,coins_small,0.99,1000,27,0
pu_00001pt,p_002874,s_p_002874_00004,2024-09-01T19:42:22.418Z,coins_medium,4.99,5500,28,0
pu_00001pu,p_002874,s_p_002874_00007,2024-09-17T07:14:06.439Z,coins_small,0.99,1000,44,0
pu_00001pv,p_002874,s_p_002874_00010,2024-09-26T07:30:21.679Z,starter_pack,1.99,2000,53,0
pu_00001pw,p_002874,s_p_002874_00012,2024-10-13T22:19:01.980Z,starter_pack,1.99,2000,70,0
pu_00001px,p_002874,s_p_002874_00014,2024-11-14T18:00:13.274Z,coins_medium,4.99,5500,102,0
pu_00001py,p_002874,s_p_002874_00015,2024-12-12T17:56:54.914Z,coins_small,0.99,1000,130,0
pu_00001pz,p_002874,s_p_002874_00016,2024-12-16T18:22:22.259Z,coins_small,0.99,1000,134,0
pu_00001q0,p_002843,s_p_002843_00001,2024-07-16T15:44:51.227Z,starter_pack,1.99,2000,0,1
pu_00001q1,p_002843,s_p_002843_00003,2024-07-19T14:12:23.403Z,coins_medium,4.99,5500,3,0
pu_00001q2,p_002843,s_p_002843_00004,2024-07-21T22:31:42.745Z,coins_large,19.99,25000,5,0
pu_00001q3,p_002843,s_p_002843_00004,2024-07-21T22:35:36.776Z,coins_large,19.99,25000,5,0
pu_00001q4,p_002843,s_p_002843_00006,2024-07-24T22:39:51.289Z,coins_large,19.99,25000,8,0
pu_00001q5,p_002843,s_p_002843_00006,2024-07-24T22:47:10.061Z,vip_monthly,9.99,10000,8,0
pu_00001q6,p_002843,s_p_002843_00006,2024-07-24T22:47:13.267Z,coins_large,19.99,25000,8,0
pu_00001q7,p_002843,s_p_002843_00008,2024-07-28T08:11:33.562Z,vip_monthly,9.99,10000,12,0
pu_00001q8,p_002843,s_p_002843_00009,2024-07-28T23:33:03.778Z,vip_monthly,9.99,10000,12,0
pu_00001q9,p_002843,s_p_002843_00009,2024-07-28T23:38:57.473Z,coins_medium,4.99,5500,12,0
pu_00001qa,p_002843,s_p_002843_00012,2024-08-02T10:04:05.611Z,coins_medium,4.99,5500,17,0
pu_00001qb,p_002843,s_p_002843_00013,2024-08-02T21:30:14.709Z,coins_medium,4.99,5500,17,0
pu_00001qc,p_002843,s_p_002843_00014,2024-08-03T07:53:29.492Z,coins_medium,4.99,5500,18,0
pu_00001qd,p_002843,s_p_002843_00016,2024-08-07T09:41:07.598Z,coins_large,19.99,25000,22,0
pu_00001qe,p_002843,s_p_002843_00016,2024-08-07T09:39:44.242Z,starter_pack,1.99,2000,22,0
pu_00001qf,p_002843,s_p_002843_00017,2024-08-08T12:00:11.128Z,vip_monthly,9.99,10000,23,0
pu_00001qg,p_002843,s_p_002843_00017,2024-08-08T12:13:22.187Z,coins_large,19.99,25000,23,0
pu_00001qh,p_002843,s_p_002843_00017,2024-08-08T12:14:15.710Z,coins_medium,4.99,5500,23,0
pu_00001qi,p_002843,s_p_002843_00017,2024-08-08T11:58:45.973Z,coins_small,0.99,1000,23,0
pu_00001qj,p_002843,s_p_002843_00019,2024-08-10T06:55:12.559Z,coins_medium,4.99,5500,25,0
pu_00001qk,p_002843,s_p_002843_00020,2024-08-11T09:30:16.993Z,vip_monthly,9.99,10000,26,0
pu_00001ql,p_002843,s_p_002843_00021,2024-08-11T12:12:16.912Z,coins_medium,4.99,5500,26,0
pu_00001qm,p_002843,s_p_002843_00022,2024-08-13T17:37:09.810Z,coins_small,0.99,1000,28,0
pu_00001qn,p_002843,s_p_002843_00025,2024-08-16T13:50:25.453Z,coins_large,19.99,25000,31,0
pu_00001qo,p_002843,s_p_002843_00027,2024-08-23T06:38:55.571Z,coins_large,19.99,25000,38,0
pu_00001qp,p_002843,s_p_002843_00028,2024-08-23T22:26:59.712Z,coins_large,19.99,25000,38,0
pu_00001qq,p_002843,s_p_002843_00034,2024-09-05T19:22:46.577Z,coins_small,0.99,1000,51,0
pu_00001qr,p_002843,s_p_002843_00035,2024-09-07T17:57:36.218Z,coins_small,0.99,1000,53,0
pu_00001qs,p_002843,s_p_002843_00037,2024-09-11T11:37:47.132Z,coins_large,19.99,25000,57,0
pu_00001qt,p_002843,s_p_002843_00040,2024-09-14T21:59:41.355Z,coins_large,19.99,25000,60,0
pu_00001qu,p_002843,s_p_002843_00043,2024-09-17T07:44:38.786Z,coins_small,0.99,1000,63,0
pu_00001qv,p_002843,s_p_002843_00043,2024-09-17T07:48:48.759Z,coins_medium,4.99,5500,63,0
pu_00001qw,p_002843,s_p_002843_00051,2024-10-02T07:40:34.571Z,coins_large,19.99,25000,78,0
pu_00001qx,p_002843,s_p_002843_00051,2024-10-02T07:54:41.304Z,coins_small,0.99,1000,78,0
pu_00001qy,p_002843,s_p_002843_00052,2024-10-03T12:03:17.748Z,coins_large,19.99,25000,79,0
pu_00001qz,p_002843,s_p_002843_00054,2024-10-05T20:39:37.843Z,coins_large,19.99,25000,81,0
pu_00001r0,p_002843,s_p_002843_00055,2024-10-08T21:00:52.118Z,coins_medium,4.99,5500,84,0
pu_00001r1,p_002843,s_p_002843_00059,2024-10-12T12:53:00.119Z,coins_large,19.99,25000,88,0
pu_00001r2,p_002843,s_p_002843_00059,2024-10-12T12:35:39.107Z,coins_large,19.99,25000,88,0
pu_00001r3,p_002843,s_p_002843_00060,2024-10-13T18:32:02.815Z,coins_large,19.99,25000,89,0
pu_00001r4,p_002843,s_p_002843_00063,2024-10-15T18:38:49.194Z,coins_large,19.99,25000,91,0
pu_00001r5,p_002843,s_p_002843_00067,2024-10-21T09:05:08.439Z,coins_medium,4.99,5500,97,0
pu_00001r6,p_002843,s_p_002843_00074,2024-11-01T14:01:16.033Z,vip_monthly,9.99,10000,108,0
pu_00001r7,p_002843,s_p_002843_00076,2024-11-03T07:45:55.927Z,vip_monthly,9.99,10000,110,0
pu_00001r8,p_002843,s_p_002843_00077,2024-11-05T16:11:02.537Z,coins_medium,4.99,5500,112,0
pu_00001r9,p_002843,s_p_002843_00080,2024-11-07T12:42:38.631Z,vip_monthly,9.99,10000,114,0
pu_00001ra,p_002843,s_p_002843_00084,2024-11-14T07:19:36.317Z,coins_large,19.99,25000,121,0
pu_00001rb,p_002843,s_p_002843_00097,2024-12-09T10:32:17.869Z,coins_medium,4.99,5500,146,0
pu_00001rc,p_002843,s_p_002843_00097,2024-12-09T10:29:44.125Z,coins_small,0.99,1000,146,0
pu_00001rd,p_002843,s_p_002843_00098,2024-12-11T18:01:25.002Z,coins_medium,4.99,5500,148,0
pu_00001re,p_002843,s_p_002843_00101,2024-12-17T16:09:34.895Z,coins_small,0.99,1000,154,0
pu_00001rf,p_002796,s_p_002796_00001,2024-02-23T22:45:13.722Z,coins_medium,4.99,5500,2,1
pu_00001rg,p_002796,s_p_002796_00001,2024-02-23T23:07:51.814Z,coins_medium,4.99,5500,2,0
pu_00001rh,p_002796,s_p_002796_00002,2024-02-27T08:06:04.566Z,coins_medium,4.99,5500,6,0
pu_00001ri,p_002796,s_p_002796_00002,2024-02-27T08:07:00.450Z,vip_monthly,9.99,10000,6,0
pu_00001rj,p_002796,s_p_002796_00002,2024-02-27T08:11:46.901Z,vip_monthly,9.99,10000,6,0
pu_00001rk,p_002796,s_p_002796_00002,2024-02-27T08:13:34.616Z,coins_medium,4.99,5500,6,0
pu_00001rl,p_002796,s_p_002796_00003,2024-02-29T20:40:58.712Z,vip_monthly,9.99,10000,8,0
pu_00001rm,p_002796,s_p_002796_00004,2024-03-02T14:43:13.649Z,coins_medium,4.99,5500,10,0
pu_00001rn,p_002796,s_p_002796_00004,2024-03-02T14:49:55.637Z,coins_small,0.99,1000,10,0
pu_00001ro,p_002796,s_p_002796_00005,2024-03-05T06:58:38.524Z,vip_monthly,9.99,10000,13,0
pu_00001rp,p_002796,s_p_002796_00006,2024-03-07T09:40:49.119Z,vip_monthly,9.99,10000,15,0
pu_00001rq,p_002796,s_p_002796_00006,2024-03-07T09:41:33.456Z,coins_large,19.99,25000,15,0
pu_00001rr,p_002796,s_p_002796_00009,2024-03-10T14:06:05.237Z,coins_large,19.99,25000,18,0
pu_00001rs,p_002796,s_p_002796_00030,2024-04-13T09:57:49.621Z,coins_small,0.99,1000,52,0
pu_00001rt,p_002796,s_p_002796_00030,2024-04-13T10:08:30.140Z,coins_medium,4.99,5500,52,0
pu_00001ru,p_002796,s_p_002796_00032,2024-04-14T21:54:39.468Z,coins_large,19.99,25000,53,0
pu_00001rv,p_002796,s_p_002796_00035,2024-04-19T15:28:31.370Z,coins_small,0.99,1000,58,0
pu_00001rw,p_002796,s_p_002796_00035,2024-04-19T15:18:22.624Z,coins_large,19.99,25000,58,0
pu_00001rx,p_002796,s_p_002796_00040,2024-04-26T13:49:51.311Z,vip_monthly,9.99,10000,65,0
pu_00001ry,p_002796,s_p_002796_00043,2024-05-02T23:15:07.302Z,coins_medium,4.99,5500,71,0
pu_00001rz,p_002796,s_p_002796_00051,2024-05-14T09:28:11.062Z,coins_large,19.99,25000,83,0
pu_00001s0,p_002796,s_p_002796_00056,2024-05-19T19:33:27.299Z,coins_large,19.99,25000,88,0
pu_00001s1,p_002796,s_p_002796_00058,2024-05-22T15:22:36.742Z,coins_medium,4.99,5500,91,0
pu_00001s2,p_002796,s_p_002796_00059,2024-05-24T17:14:09.894Z,coins_large,19.99,25000,93,0
pu_00001s3,p_002796,s_p_002796_00059,2024-05-24T17:16:46.409Z,vip_monthly,9.99,10000,93,0
pu_00001s4,p_002796,s_p_002796_00064,2024-05-31T20:25:50.246Z,coins_medium,4.99,5500,100,0
pu_00001s5,p_002796,s_p_002796_00068,2024-06-04T08:28:36.101Z,coins_medium,4.99,5500,104,0
pu_00001s6,p_002796,s_p_002796_00071,2024-06-07T07:59:55.149Z,coins_large,19.99,25000,107,0
pu_00001s7,p_002796,s_p_002796_00082,2024-06-25T12:24:08.583Z,coins_large,19.99,25000,125,0
pu_00001s8,p_002796,s_p_002796_00085,2024-06-28T20:50:32.262Z,coins_medium,4.99,5500,128,0
pu_00001s9,p_002796,s_p_002796_00086,2024-06-28T22:04:23.553Z,coins_large,19.99,25000,128,0
pu_00001sa,p_002796,s_p_002796_00091,2024-07-01T19:00:06.222Z,coins_small,0.99,1000,131,0
pu_00001sb,p_002796,s_p_002796_00104,2024-07-17T23:31:34.163Z,coins_small,0.99,1000,147,0
pu_00001sc,p_002796,s_p_002796_00116,2024-08-01T16:02:33.017Z,coins_medium,4.99,5500,162,0
pu_00001sd,p_002796,s_p_002796_00119,2024-08-05T07:02:45.255Z,coins_large,19.99,25000,166,0
pu_00001se,p_002796,s_p_002796_00126,2024-08-08T20:05:34.102Z,vip_monthly,9.99,10000,169,0
pu_00001sf,p_002796,s_p_002796_00128,2024-08-11T10:44:22.501Z,coins_medium,4.99,5500,172,0
pu_00001sg,p_002796,s_p_002796_00133,2024-08-17T23:32:25.123Z,coins_medium,4.99,5500,178,0
pu_00001sh,p_002796,s_p_002796_00137,2024-08-23T15:08:35.702Z,coins_large,19.99,25000,184,0
pu_00001si,p_002796,s_p_002796_00139,2024-08-24T18:06:08.251Z,coins_large,19.99,25000,185,0
pu_00001sj,p_002796,s_p_002796_00139,2024-08-24T17:56:57.110Z,vip_monthly,9.99,10000,185,0
pu_00001sk,p_002796,s_p_002796_00146,2024-09-03T10:38:30.128Z,coins_medium,4.99,5500,195,0
pu_00001sl,p_002796,s_p_002796_00151,2024-09-10T12:03:48.006Z,coins_large,19.99,25000,202,0
pu_00001sm,p_002796,s_p_002796_00156,2024-09-12T15:29:55.079Z,coins_medium,4.99,5500,204,0
pu_00001sn,p_002796,s_p_002796_00159,2024-09-14T07:45:44.290Z,coins_medium,4.99,5500,206,0
pu_00001so,p_002796,s_p_002796_00161,2024-09-15T17:12:15.306Z,coins_large,19.99,25000,207,0
pu_00001sp,p_002796,s_p_002796_00162,2024-09-17T08:40:58.247Z,coins_large,19.99,25000,209,0
pu_00001sq,p_002796,s_p_002796_00162,2024-09-17T08:35:51.023Z,coins_large,19.99,25000,209,0
pu_00001sr,p_002796,s_p_002796_00163,2024-09-18T17:47:44.546Z,coins_large,19.99,25000,210,0
pu_00001ss,p_002796,s_p_002796_00166,2024-09-22T15:50:42.992Z,coins_medium,4.99,5500,214,0
pu_00001st,p_002796,s_p_002796_00166,2024-09-22T16:21:59.956Z,coins_large,19.99,25000,214,0
pu_00001su,p_002796,s_p_002796_00168,2024-09-25T13:37:05.965Z,coins_large,19.99,25000,217,0
pu_00001sv,p_002796,s_p_002796_00178,2024-10-15T22:50:35.209Z,vip_monthly,9.99,10000,237,0
pu_00001sw,p_002897,s_p_002897_00002,2024-01-28T13:58:40.154Z,starter_pack,1.99,2000,11,1
pu_00001sx,p_002897,s_p_002897_00003,2024-01-30T17:44:07.918Z,starter_pack,1.99,2000,13,0
pu_00001sy,p_002897,s_p_002897_00003,2024-01-30T17:44:59.734Z,coins_medium,4.99,5500,13,0
pu_00001sz,p_002897,s_p_002897_00004,2024-01-31T07:32:30.381Z,coins_small,0.99,1000,14,0
pu_00001t0,p_002897,s_p_002897_00005,2024-01-31T09:17:27.668Z,vip_monthly,9.99,10000,14,0
pu_00001t1,p_002897,s_p_002897_00007,2024-02-07T06:22:02.814Z,coins_small,0.99,1000,21,0
pu_00001t2,p_002897,s_p_002897_00007,2024-02-07T06:27:03.179Z,starter_pack,1.99,2000,21,0
pu_00001t3,p_002897,s_p_002897_00013,2024-03-12T13:35:16.767Z,starter_pack,1.99,2000,55,0
pu_00001t4,p_002897,s_p_002897_00013,2024-03-12T13:38:11.600Z,coins_small,0.99,1000,55,0
pu_00001t5,p_002897,s_p_002897_00014,2024-03-14T20:45:01.983Z,coins_medium,4.99,5500,57,0
pu_00001t6,p_002897,s_p_002897_00016,2024-03-18T22:27:49.675Z,coins_small,0.99,1000,61,0
pu_00001t7,p_002897,s_p_002897_00017,2024-03-20T14:35:35.678Z,coins_small,0.99,1000,63,0
pu_00001t8,p_002897,s_p_002897_00017,2024-03-20T14:38:05.179Z,coins_small,0.99,1000,63,0
pu_00001t9,p_002897,s_p_002897_00021,2024-03-27T22:20:47.245Z,coins_medium,4.99,5500,70,0
pu_00001ta,p_002897,s_p_002897_00021,2024-03-27T22:20:52.982Z,coins_small,0.99,1000,70,0
pu_00001tb,p_002897,s_p_002897_00025,2024-04-11T23:19:42.727Z,vip_monthly,9.99,10000,85,0
pu_00001tc,p_002897,s_p_002897_00027,2024-04-15T11:21:28.541Z,starter_pack,1.99,2000,89,0
pu_00001td,p_002897,s_p_002897_00027,2024-04-15T11:23:19.452Z,coins_small,0.99,1000,89,0
pu_00001te,p_002897,s_p_002897_00027,2024-04-15T11:22:30.663Z,coins_small,0.99,1000,89,0
pu_00001tf,p_002897,s_p_002897_00030,2024-04-26T08:16:33.576Z,coins_small,0.99,1000,100,0
pu_00001tg,p_002897,s_p_002897_00030,2024-04-26T08:18:52.377Z,coins_medium,4.99,5500,100,0
pu_00001th,p_002897,s_p_002897_00030,2024-04-26T08:18:51.315Z,coins_small,0.99,1000,100,0
pu_00001ti,p_002897,s_p_002897_00034,2024-05-06T09:11:35.947Z,coins_large,19.99,25000,110,0
pu_00001tj,p_002897,s_p_002897_00035,2024-05-11T13:13:57.019Z,coins_medium,4.99,5500,115,0
pu_00001tk,p_002797,s_p_002797_00001,2024-01-01T16:09:59.167Z,starter_pack,1.99,2000,0,1
pu_00001tl,p_002797,s_p_002797_00001,2024-01-01T16:06:31.248Z,coins_large,19.99,25000,0,0
pu_00001tm,p_002797,s_p_002797_00001,2024-01-01T16:12:11.151Z,starter_pack,1.99,2000,0,0
pu_00001tn,p_002797,s_p_002797_00002,2024-01-01T16:52:03.302Z,coins_large,19.99,25000,0,0
pu_00001to,p_002797,s_p_002797_00002,2024-01-01T16:34:46.243Z,coins_medium,4.99,5500,0,0
pu_00001tp,p_002797,s_p_002797_00003,2024-01-02T10:19:57.488Z,coins_large,19.99,25000,1,0
pu_00001tq,p_002797,s_p_002797_00003,2024-01-02T10:08:29.177Z,coins_medium,4.99,5500,1,0
pu_00001tr,p_002797,s_p_002797_00003,2024-01-02T09:59:24.940Z,coins_medium,4.99,5500,1,0
pu_00001ts,p_002797,s_p_002797_00003,2024-01-02T10:15:43.681Z,coins_large,19.99,25000,1,0
pu_00001tt,p_002797,s_p_002797_00004,2024-01-03T10:54:22.871Z,coins_large,19.99,25000,2,0
pu_00001tu,p_002797,s_p_002797_00005,2024-01-03T11:40:54.774Z,coins_large,19.99,25000,2,0
pu_00001tv,p_002797,s_p_002797_00005,2024-01-03T11:30:14.128Z,coins_medium,4.99,5500,2,0
pu_00001tw,p_002797,s_p_002797_00005,2024-01-03T11:42:18.204Z,coins_medium,4.99,5500,2,0
pu_00001tx,p_002797,s_p_002797_00006,2024-01-05T13:06:17.828Z,coins_large,19.99,25000,4,0
pu_00001ty,p_002797,s_p_002797_00006,2024-01-05T13:14:26.366Z,coins_medium,4.99,5500,4,0
pu_00001tz,p_002797,s_p_002797_00006,2024-01-05T13:12:03.284Z,coins_medium,4.99,5500,4,0
pu_00001u0,p_002797,s_p_002797_00006,2024-01-05T13:05:04.195Z,coins_large,19.99,25000,4,0
pu_00001u1,p_002797,s_p_002797_00011,2024-01-10T06:30:40.819Z,starter_pack,1.99,2000,9,0
pu_00001u2,p_002797,s_p_002797_00012,2024-01-10T09:45:07.048Z,coins_large,19.99,25000,9,0
pu_00001u3,p_002797,s_p_002797_00015,2024-01-15T15:53:02.915Z,coins_medium,4.99,5500,14,0
pu_00001u4,p_002797,s_p_002797_00021,2024-01-27T18:03:37.393Z,vip_monthly,9.99,10000,26,0
pu_00001u5,p_002797,s_p_002797_00024,2024-02-02T15:52:37.706Z,coins_large,19.99,25000,32,0
pu_00001u6,p_002797,s_p_002797_00024,2024-02-02T15:38:21.930Z,coins_large,19.99,25000,32,0
pu_00001u7,p_002797,s_p_002797_00025,2024-02-04T10:08:29.483Z,coins_medium,4.99,5500,34,0
pu_00001u8,p_002797,s_p_002797_00026,2024-02-04T13:22:06.738Z,coins_large,19.99,25000,34,0
pu_00001u9,p_002797,s_p_002797_00028,2024-02-05T09:16:20.923Z,coins_medium,4.99,5500,35,0
pu_00001ua,p_002797,s_p_002797_00031,2024-02-08T11:45:43.750Z,vip_monthly,9.99,10000,38,0
pu_00001ub,p_002797,s_p_002797_00040,2024-02-20T23:35:00.175Z,coins_medium,4.99,5500,50,0
pu_00001uc,p_002797,s_p_002797_00043,2024-02-25T12:07:34.216Z,coins_medium,4.99,5500,55,0
pu_00001ud,p_002797,s_p_002797_00043,2024-02-25T12:09:48.541Z,coins_small,0.99,1000,55,0
pu_00001ue,p_002797,s_p_002797_00045,2024-02-25T21:01:40.518Z,coins_medium,4.99,5500,55,0
pu_00001uf,p_002797,s_p_002797_00047,2024-02-26T08:16:57.049Z,coins_medium,4.99,5500,56,0
pu_00001ug,p_002797,s_p_002797_00049,2024-03-01T21:19:29.602Z,coins_medium,4.99,5500,60,0
pu_00001uh,p_002797,s_p_002797_00052,2024-03-04T17:17:22.600Z,coins_medium,4.99,5500,63,0
pu_00001ui,p_002797,s_p_002797_00054,2024-03-06T18:11:47.390Z,coins_medium,4.99,5500,65,0
pu_00001uj,p_002797,s_p_002797_00055,2024-03-07T07:10:19.283Z,coins_small,0.99,1000,66,0
pu_00001uk,p_002797,s_p_002797_00065,2024-03-18T20:40:54.889Z,coins_medium,4.99,5500,77,0
pu_00001ul,p_002797,s_p_002797_00066,2024-03-18T21:08:15.504Z,coins_large,19.99,25000,77,0
pu_00001um,p_002797,s_p_002797_00070,2024-03-30T19:40:54.032Z,vip_monthly,9.99,10000,89,0
pu_00001un,p_002797,s_p_002797_00075,2024-04-03T12:20:56.819Z,coins_medium,4.99,5500,93,0
pu_00001uo,p_002797,s_p_002797_00075,2024-04-03T12:14:42.993Z,coins_large,19.99,25000,93,0
pu_00001up,p_002797,s_p_002797_00080,2024-04-09T09:22:32.528Z,coins_large,19.99,25000,99,0
pu_00001uq,p_002797,s_p_002797_00087,2024-04-23T16:32:17.822Z,coins_medium,4.99,5500,113,0
pu_00001ur,p_002797,s_p_002797_00091,2024-04-27T13:25:57.198Z,coins_small,0.99,1000,117,0
pu_00001us,p_002797,s_p_002797_00099,2024-05-09T14:32:46.396Z,vip_monthly,9.99,10000,129,0
pu_00001ut,p_002797,s_p_002797_00101,2024-05-10T18:05:30.180Z,coins_medium,4.99,5500,130,0
pu_00001uu,p_002797,s_p_002797_00103,2024-05-14T17:05:28.231Z,coins_large,19.99,25000,134,0
pu_00001uv,p_002797,s_p_002797_00104,2024-05-15T14:54:21.827Z,coins_large,19.99,25000,135,0
pu_00001uw,p_002797,s_p_002797_00109,2024-05-25T06:37:27.963Z,coins_large,19.99,25000,145,0
pu_00001ux,p_002797,s_p_002797_00120,2024-06-01T18:20:35.374Z,coins_small,0.99,1000,152,0
pu_00001uy,p_002797,s_p_002797_00127,2024-06-11T22:42:29.572Z,coins_large,19.99,25000,162,0
pu_00001uz,p_002797,s_p_002797_00132,2024-06-15T09:05:54.148Z,coins_small,0.99,1000,166,0
pu_00001v0,p_002797,s_p_002797_00133,2024-06-15T09:26:21.644Z,coins_large,19.99,25000,166,0
pu_00001v1,p_002797,s_p_002797_00138,2024-06-17T09:44:22.066Z,starter_pack,1.99,2000,168,0
pu_00001v2,p_002797,s_p_002797_00150,2024-06-28T18:26:11.203Z,coins_large,19.99,25000,179,0
pu_00001v3,p_002797,s_p_002797_00155,2024-07-02T06:48:04.865Z,coins_medium,4.99,5500,183,0
pu_00001v4,p_002797,s_p_002797_00157,2024-07-02T17:07:27.215Z,coins_large,19.99,25000,183,0
pu_00001v5,p_002797,s_p_002797_00159,2024-07-05T11:13:52.714Z,coins_small,0.99,1000,186,0
pu_00001v6,p_002797,s_p_002797_00162,2024-07-07T06:21:43.248Z,coins_large,19.99,25000,188,0
pu_00001v7,p_002797,s_p_002797_00163,2024-07-09T18:03:56.204Z,coins_medium,4.99,5500,190,0
pu_00001v8,p_002797,s_p_002797_00166,2024-07-13T15:45:35.468Z,coins_medium,4.99,5500,194,0
pu_00001v9,p_002797,s_p_002797_00172,2024-07-18T09:08:20.953Z,vip_monthly,9.99,10000,199,0
pu_00001va,p_002797,s_p_002797_00180,2024-07-28T07:47:38.184Z,starter_pack,1.99,2000,209,0
pu_00001vb,p_002797,s_p_002797_00183,2024-07-29T20:39:40.349Z,coins_large,19.99,25000,210,0
pu_00001vc,p_002797,s_p_002797_00187,2024-08-07T13:59:30.759Z,coins_large,19.99,25000,219,0
pu_00001vd,p_002797,s_p_002797_00188,2024-08-07T14:36:44.262Z,coins_large,19.99,25000,219,0
pu_00001ve,p_002797,s_p_002797_00191,2024-08-08T09:23:55.139Z,coins_medium,4.99,5500,220,0
pu_00001vf,p_002797,s_p_002797_00192,2024-08-09T13:10:18.867Z,coins_large,19.99,25000,221,0
pu_00001vg,p_002797,s_p_002797_00212,2024-09-14T20:05:34.870Z,coins_large,19.99,25000,257,0
pu_00001vh,p_002929,s_p_002929_00001,2024-05-20T16:21:26.617Z,coins_medium,4.99,5500,2,1
pu_00001vi,p_002929,s_p_002929_00001,2024-05-20T16:20:10.779Z,coins_medium,4.99,5500,2,0
pu_00001vj,p_002929,s_p_002929_00001,2024-05-20T16:17:36.611Z,starter_pack,1.99,2000,2,0
pu_00001vk,p_002929,s_p_002929_00001,2024-05-20T16:17:56.919Z,coins_large,19.99,25000,2,0
pu_00001vl,p_002929,s_p_002929_00001,2024-05-20T16:21:00.520Z,coins_small,0.99,1000,2,0
pu_00001vm,p_002929,s_p_002929_00001,2024-05-20T16:23:05.222Z,coins_medium,4.99,5500,2,0
pu_00001vn,p_002929,s_p_002929_00002,2024-06-04T06:13:44.991Z,coins_medium,4.99,5500,17,0
pu_00001vo,p_002929,s_p_002929_00002,2024-06-04T06:14:54.410Z,coins_large,19.99,25000,17,0
pu_00001vp,p_002929,s_p_002929_00002,2024-06-04T06:13:26.920Z,coins_small,0.99,1000,17,0
pu_00001vq,p_002929,s_p_002929_00002,2024-06-04T06:16:57.861Z,coins_medium,4.99,5500,17,0
pu_00001vr,p_002929,s_p_002929_00002,2024-06-04T06:10:56.139Z,coins_small,0.99,1000,17,0
pu_00001vs,p_002929,s_p_002929_00003,2024-06-29T08:23:11.976Z,vip_monthly,9.99,10000,42,0
pu_00001vt,p_002929,s_p_002929_00003,2024-06-29T08:34:07.676Z,starter_pack,1.99,2000,42,0
pu_00001vu,p_002929,s_p_002929_00003,2024-06-29T08:34:13.351Z,coins_medium,4.99,5500,42,0
pu_00001vv,p_002929,s_p_002929_00003,2024-06-29T08:27:32.810Z,coins_medium,4.99,5500,42,0
pu_00001vw,p_002929,s_p_002929_00003,2024-06-29T08:23:19.365Z,starter_pack,1.99,2000,42,0
pu_00001vx,p_002929,s_p_002929_00003,2024-06-29T08:25:35.970Z,starter_pack,1.99,2000,42,0
pu_00001vy,p_002929,s_p_002929_00003,2024-06-29T08:31:03.426Z,coins_small,0.99,1000,42,0
pu_00001vz,p_002929,s_p_002929_00003,2024-06-29T08:37:22.640Z,coins_small,0.99,1000,42,0
pu_00001w0,p_002929,s_p_002929_00003,2024-06-29T08:34:49.644Z,vip_monthly,9.99,10000,42,0
pu_00001w1,p_002929,s_p_002929_00003,2024-06-29T08:23:58.673Z,starter_pack,1.99,2000,42,0
pu_00001w2,p_002929,s_p_002929_00004,2024-07-04T09:38:34.257Z,coins_small,0.99,1000,47,0
pu_00001w3,p_002929,s_p_002929_00004,2024-07-04T09:33:01.786Z,coins_medium,4.99,5500,47,0
pu_00001w4,p_002929,s_p_002929_00005,2024-07-20T14:44:01.257Z,coins_medium,4.99,5500,63,0
pu_00001w5,p_002966,s_p_002966_00001,2024-06-16T10:04:54.904Z,coins_small,0.99,1000,0,1
pu_00001w6,p_002966,s_p_002966_00002,2024-06-17T16:02:15.158Z,coins_small,0.99,1000,1,0
pu_00001w7,p_002966,s_p_002966_00002,2024-06-17T15:56:55.381Z,coins_medium,4.99,5500,1,0
pu_00001w8,p_002966,s_p_002966_00004,2024-06-30T16:30:46.791Z,coins_medium,4.99,5500,14,0
pu_00001w9,p_002966,s_p_002966_00006,2024-07-05T20:01:41.395Z,vip_monthly,9.99,10000,19,0
pu_00001wa,p_002966,s_p_002966_00006,2024-07-05T20:02:59.024Z,coins_small,0.99,1000,19,0
pu_00001wb,p_002966,s_p_002966_00013,2024-08-16T14:19:20.247Z,coins_medium,4.99,5500,61,0
pu_00001wc,p_002966,s_p_002966_00013,2024-08-16T14:22:48.116Z,coins_small,0.99,1000,61,0
pu_00001wd,p_002966,s_p_002966_00013,2024-08-16T14:18:34.616Z,coins_small,0.99,1000,61,0
pu_00001we,p_002966,s_p_002966_00014,2024-08-19T07:23:39.574Z,coins_small,0.99,1000,64,0
pu_00001wf,p_002966,s_p_002966_00015,2024-08-22T13:01:27.566Z,coins_small,0.99,1000,67,0
pu_00001wg,p_002966,s_p_002966_00019,2024-09-30T06:37:17.989Z,coins_medium,4.99,5500,106,0
pu_00001wh,p_002966,s_p_002966_00019,2024-09-30T06:41:00.184Z,coins_small,0.99,1000,106,0
pu_00001wi,p_002966,s_p_002966_00021,2024-10-02T10:05:57.253Z,coins_small,0.99,1000,108,0
pu_00001wj,p_002966,s_p_002966_00022,2024-10-11T20:02:10.615Z,coins_small,0.99,1000,117,0
pu_00001wk,p_002966,s_p_002966_00026,2024-11-21T12:23:48.956Z,coins_small,0.99,1000,158,0
pu_00001wl,p_002966,s_p_002966_00027,2024-11-21T15:25:56.687Z,coins_small,0.99,1000,158,0
pu_00001wm,p_002966,s_p_002966_00029,2024-11-28T23:30:35.024Z,coins_small,0.99,1000,165,0
pu_00001wn,p_002966,s_p_002966_00029,2024-11-28T23:32:59.333Z,coins_medium,4.99,5500,165,0
pu_00001wo,p_002968,s_p_002968_00001,2024-05-12T08:13:59.914Z,coins_small,0.99,1000,4,1
pu_00001wp,p_002968,s_p_002968_00001,2024-05-12T08:12:41.109Z,coins_small,0.99,1000,4,0
pu_00001wq,p_002968,s_p_002968_00001,2024-05-12T08:15:09.841Z,coins_small,0.99,1000,4,0
pu_00001wr,p_002968,s_p_002968_00002,2024-05-14T07:46:01.636Z,coins_small,0.99,1000,6,0
pu_00001ws,p_002968,s_p_002968_00002,2024-05-14T07:47:29.321Z,coins_medium,4.99,5500,6,0
pu_00001wt,p_002968,s_p_002968_00003,2024-05-22T08:07:21.774Z,coins_small,0.99,1000,14,0
pu_00001wu,p_002968,s_p_002968_00003,2024-05-22T08:08:46.003Z,coins_small,0.99,1000,14,0
pu_00001wv,p_002968,s_p_002968_00004,2024-05-31T06:54:06.971Z,coins_medium,4.99,5500,23,0
pu_00001ww,p_002968,s_p_002968_00004,2024-05-31T07:03:29.291Z,coins_large,19.99,25000,23,0
pu_00001wx,p_002968,s_p_002968_00004,2024-05-31T06:55:22.885Z,coins_small,0.99,1000,23,0
pu_00001wy,p_002968,s_p_002968_00005,2024-07-17T09:20:06.139Z,coins_medium,4.99,5500,70,0
pu_00001wz,p_002968,s_p_002968_00006,2024-08-05T10:09:24.687Z,coins_medium,4.99,5500,89,0
pu_00001x0,p_002968,s_p_002968_00006,2024-08-05T10:09:58.536Z,coins_large,19.99,25000,89,0
pu_00001x1,p_002968,s_p_002968_00006,2024-08-05T10:07:01.151Z,vip_monthly,9.99,10000,89,0
pu_00001x2,p_002968,s_p_002968_00007,2024-08-07T14:02:11.022Z,coins_medium,4.99,5500,91,0
pu_00001x3,p_002968,s_p_002968_00007,2024-08-07T14:02:19.407Z,coins_small,0.99,1000,91,0
pu_00001x4,p_002777,s_p_002777_00002,2024-05-22T08:36:26.348Z,starter_pack,1.99,2000,2,1
pu_00001x5,p_002777,s_p_002777_00004,2024-05-23T12:34:58.283Z,coins_small,0.99,1000,3,0
pu_00001x6,p_002777,s_p_002777_00005,2024-05-25T18:52:36.797Z,coins_large,19.99,25000,5,0
pu_00001x7,p_002777,s_p_002777_00005,2024-05-25T18:51:55.685Z,coins_large,19.99,25000,5,0
pu_00001x8,p_002777,s_p_002777_00005,2024-05-25T18:50:25.579Z,coins_medium,4.99,5500,5,0
pu_00001x9,p_002777,s_p_002777_00006,2024-05-27T15:47:51.736Z,vip_monthly,9.99,10000,7,0
pu_00001xa,p_002777,s_p_002777_00007,2024-05-27T21:53:11.452Z,coins_large,19.99,25000,7,0
pu_00001xb,p_002777,s_p_002777_00007,2024-05-27T21:57:05.085Z,starter_pack,1.99,2000,7,0
pu_00001xc,p_002777,s_p_002777_00007,2024-05-27T21:56:21.268Z,vip_monthly,9.99,10000,7,0
pu_00001xd,p_002777,s_p_002777_00010,2024-05-29T07:14:54.514Z,coins_medium,4.99,5500,9,0
pu_00001xe,p_002777,s_p_002777_00012,2024-05-30T18:22:04.901Z,coins_medium,4.99,5500,10,0
pu_00001xf,p_002777,s_p_002777_00012,2024-05-30T18:33:54.273Z,coins_medium,4.99,5500,10,0
pu_00001xg,p_002777,s_p_002777_00014,2024-05-31T21:09:09.418Z,vip_monthly,9.99,10000,11,0
pu_00001xh,p_002777,s_p_002777_00014,2024-05-31T21:02:23.077Z,coins_small,0.99,1000,11,0
pu_00001xi,p_002777,s_p_002777_00015,2024-05-31T22:00:13.845Z,coins_medium,4.99,5500,11,0
pu_00001xj,p_002777,s_p_002777_00021,2024-06-05T16:50:35.335Z,coins_small,0.99,1000,16,0
pu_00001xk,p_002777,s_p_002777_00027,2024-06-16T21:12:44.804Z,coins_large,19.99,25000,27,0
pu_00001xl,p_002777,s_p_002777_00031,2024-06-25T06:30:48.083Z,starter_pack,1.99,2000,36,0
pu_00001xm,p_002777,s_p_002777_00033,2024-06-26T16:49:51.867Z,coins_small,0.99,1000,37,0
pu_00001xn,p_002777,s_p_002777_00039,2024-07-10T19:47:33.673Z,coins_large,19.99,25000,51,0
pu_00001xo,p_002777,s_p_002777_00039,2024-07-10T19:42:13.575Z,coins_medium,4.99,5500,51,0
pu_00001xp,p_002777,s_p_002777_00042,2024-07-15T14:43:36.541Z,coins_large,19.99,25000,56,0
pu_00001xq,p_002777,s_p_002777_00043,2024-07-16T07:29:07.518Z,coins_large,19.99,25000,57,0
pu_00001xr,p_002777,s_p_002777_00043,2024-07-16T07:35:12.017Z,coins_large,19.99,25000,57,0
pu_00001xs,p_002777,s_p_002777_00045,2024-07-19T16:25:39.986Z,coins_large,19.99,25000,60,0
pu_00001xt,p_002777,s_p_002777_00046,2024-07-20T10:19:50.544Z,coins_small,0.99,1000,61,0
pu_00001xu,p_002777,s_p_002777_00047,2024-07-22T07:08:22.620Z,coins_large,19.99,25000,63,0
pu_00001xv,p_002777,s_p_002777_00051,2024-07-25T15:00:28.264Z,coins_small,0.99,1000,66,0
pu_00001xw,p_002777,s_p_002777_00059,2024-08-02T06:37:15.703Z,coins_large,19.99,25000,74,0
pu_00001xx,p_002777,s_p_002777_00063,2024-08-06T16:23:09.908Z,coins_large,19.99,25000,78,0
pu_00001xy,p_002777,s_p_002777_00069,2024-08-09T20:34:36.918Z,vip_monthly,9.99,10000,81,0
pu_00001xz,p_002777,s_p_002777_00069,2024-08-09T20:24:51.641Z,vip_monthly,9.99,10000,81,0
pu_00001y0,p_002777,s_p_002777_00071,2024-08-10T18:35:55.567Z,coins_large,19.99,25000,82,0
pu_00001y1,p_002777,s_p_002777_00073,2024-08-11T12:39:13.516Z,vip_monthly,9.99,10000,83,0
pu_00001y2,p_002777,s_p_002777_00075,2024-08-15T19:34:26.374Z,vip_monthly,9.99,10000,87,0
pu_00001y3,p_002777,s_p_002777_00078,2024-08-28T15:07:39.687Z,coins_medium,4.99,5500,100,0
pu_00001y4,p_002777,s_p_002777_00079,2024-08-28T21:16:39.066Z,coins_medium,4.99,5500,100,0
pu_00001y5,p_002777,s_p_002777_00080,2024-08-29T19:35:48.441Z,coins_medium,4.99,5500,101,0
pu_00001y6,p_002777,s_p_002777_00081,2024-08-31T22:01:37.920Z,coins_small,0.99,1000,103,0
pu_00001y7,p_002777,s_p_002777_00081,2024-08-31T22:17:35.228Z,coins_medium,4.99,5500,103,0
pu_00001y8,p_002777,s_p_002777_00087,2024-09-06T22:42:51.544Z,coins_large,19.99,25000,109,0
pu_00001y9,p_002777,s_p_002777_00088,2024-09-09T22:06:39.717Z,coins_small,0.99,1000,112,0
pu_00001ya,p_002777,s_p_002777_00090,2024-09-11T22:04:09.247Z,coins_small,0.99,1000,114,0
pu_00001yb,p_002777,s_p_002777_00092,2024-09-12T16:30:06.856Z,coins_medium,4.99,5500,115,0
pu_00001yc,p_002777,s_p_002777_00094,2024-09-16T11:41:21.669Z,coins_medium,4.99,5500,119,0
pu_00001yd,p_002777,s_p_002777_00099,2024-09-23T21:46:40.507Z,coins_medium,4.99,5500,126,0
pu_00001ye,p_002777,s_p_002777_00102,2024-09-24T20:24:46.341Z,coins_medium,4.99,5500,127,0
pu_00001yf,p_002777,s_p_002777_00103,2024-09-25T23:05:37.087Z,vip_monthly,9.99,10000,128,0
pu_00001yg,p_002777,s_p_002777_00104,2024-09-29T14:45:26.752Z,coins_small,0.99,1000,132,0
pu_00001yh,p_002777,s_p_002777_00104,2024-09-29T14:17:22.318Z,coins_medium,4.99,5500,132,0
pu_00001yi,p_002777,s_p_002777_00104,2024-09-29T14:28:06.933Z,coins_medium,4.99,5500,132,0
pu_00001yj,p_002777,s_p_002777_00105,2024-09-29T17:27:01.452Z,coins_small,0.99,1000,132,0
pu_00001yk,p_002777,s_p_002777_00105,2024-09-29T17:17:49.787Z,coins_large,19.99,25000,132,0
pu_00001yl,p_002777,s_p_002777_00106,2024-09-30T08:52:29.141Z,coins_large,19.99,25000,133,0
pu_00001ym,p_002777,s_p_002777_00107,2024-09-30T22:18:58.142Z,coins_large,19.99,25000,133,0
pu_00001yn,p_002777,s_p_002777_00110,2024-10-04T17:45:27.143Z,coins_medium,4.99,5500,137,0
pu_00001yo,p_002777,s_p_002777_00110,2024-10-04T17:42:43.801Z,coins_large,19.99,25000,137,0
pu_00001yp,p_002777,s_p_002777_00111,2024-10-06T08:38:03.794Z,coins_medium,4.99,5500,139,0
pu_00001yq,p_002777,s_p_002777_00117,2024-10-18T20:48:33.935Z,coins_large,19.99,25000,151,0
pu_00001yr,p_002777,s_p_002777_00119,2024-10-19T21:42:42.347Z,vip_monthly,9.99,10000,152,0
pu_00001ys,p_002777,s_p_002777_00124,2024-10-28T11:38:23.433Z,coins_large,19.99,25000,161,0
pu_00001yt,p_002777,s_p_002777_00125,2024-10-28T17:30:59.701Z,vip_monthly,9.99,10000,161,0
pu_00001yu,p_002777,s_p_002777_00130,2024-11-06T06:43:41.969Z,coins_medium,4.99,5500,170,0
pu_00001yv,p_002777,s_p_002777_00133,2024-11-11T18:57:53.910Z,coins_medium,4.99,5500,175,0
pu_00001yw,p_002777,s_p_002777_00134,2024-11-12T18:11:35.046Z,coins_large,19.99,25000,176,0
pu_00001yx,p_002777,s_p_002777_00134,2024-11-12T18:16:04.811Z,coins_large,19.99,25000,176,0
pu_00001yy,p_002777,s_p_002777_00135,2024-11-16T16:58:17.080Z,coins_large,19.99,25000,180,0
pu_00001yz,p_002777,s_p_002777_00135,2024-11-16T17:14:09.629Z,coins_medium,4.99,5500,180,0
pu_00001z0,p_002777,s_p_002777_00135,2024-11-16T17:07:36.338Z,coins_medium,4.99,5500,180,0
pu_00001z1,p_002777,s_p_002777_00137,2024-11-20T16:09:07.241Z,coins_medium,4.99,5500,184,0
pu_00001z2,p_002777,s_p_002777_00137,2024-11-20T15:55:26.573Z,vip_monthly,9.99,10000,184,0
pu_00001z3,p_002777,s_p_002777_00139,2024-11-24T08:45:14.034Z,coins_medium,4.99,5500,188,0
pu_00001z4,p_002777,s_p_002777_00139,2024-11-24T08:42:43.732Z,coins_small,0.99,1000,188,0
pu_00001z5,p_002777,s_p_002777_00142,2024-11-29T17:13:12.377Z,coins_small,0.99,1000,193,0
pu_00001z6,p_002777,s_p_002777_00143,2024-12-01T13:17:19.522Z,coins_medium,4.99,5500,195,0
pu_00001z7,p_002777,s_p_002777_00144,2024-12-02T11:58:17.829Z,coins_large,19.99,25000,196,0
pu_00001z8,p_002777,s_p_002777_00146,2024-12-07T18:16:36.663Z,coins_medium,4.99,5500,201,0
pu_00001z9,p_002777,s_p_002777_00147,2024-12-09T19:17:31.028Z,coins_large,19.99,25000,203,0
pu_00001za,p_002777,s_p_002777_00149,2024-12-12T12:53:07.642Z,coins_large,19.99,25000,206,0
pu_00001zb,p_002813,s_p_002813_00001,2024-04-07T18:28:28.098Z,starter_pack,1.99,2000,0,1
pu_00001zc,p_002813,s_p_002813_00002,2024-04-08T22:20:01.784Z,coins_large,19.99,25000,1,0
pu_00001zd,p_002813,s_p_002813_00002,2024-04-08T22:06:54.391Z,coins_medium,4.99,5500,1,0
pu_00001ze,p_002813,s_p_002813_00002,2024-04-08T22:11:53.216Z,coins_small,0.99,1000,1,0
pu_00001zf,p_002813,s_p_002813_00004,2024-04-10T09:08:00.100Z,coins_large,19.99,25000,3,0
pu_00001zg,p_002813,s_p_002813_00004,2024-04-10T09:09:02.501Z,coins_large,19.99,25000,3,0
pu_00001zh,p_002813,s_p_002813_00005,2024-04-10T11:21:21.336Z,vip_monthly,9.99,10000,3,0
pu_00001zi,p_002813,s_p_002813_00005,2024-04-10T11:23:19.876Z,coins_small,0.99,1000,3,0
pu_00001zj,p_002813,s_p_002813_00006,2024-04-14T13:29:48.650Z,coins_small,0.99,1000,7,0
pu_00001zk,p_002813,s_p_002813_00006,2024-04-14T13:30:38.184Z,coins_small,0.99,1000,7,0
pu_00001zl,p_002813,s_p_002813_00006,2024-04-14T13:25:41.049Z,coins_medium,4.99,5500,7,0
pu_00001zm,p_002813,s_p_002813_00006,2024-04-14T13:31:10.335Z,coins_medium,4.99,5500,7,0
pu_00001zn,p_002813,s_p_002813_00012,2024-04-18T21:39:55.768Z,coins_medium,4.99,5500,11,0
pu_00001zo,p_002813,s_p_002813_00016,2024-04-20T09:36:14.499Z,coins_small,0.99,1000,13,0
pu_00001zp,p_002813,s_p_002813_00018,2024-04-24T22:00:00.707Z,coins_small,0.99,1000,17,0
pu_00001zq,p_002813,s_p_002813_00021,2024-04-25T16:49:36.868Z,coins_large,19.99,25000,18,0
pu_00001zr,p_002813,s_p_002813_00023,2024-04-26T20:06:16.033Z,coins_large,19.99,25000,19,0
pu_00001zs,p_002813,s_p_002813_00026,2024-04-27T08:54:02.736Z,coins_small,0.99,1000,20,0
pu_00001zt,p_002813,s_p_002813_00027,2024-05-01T18:50:49.513Z,coins_large,19.99,25000,24,0
pu_00001zu,p_002813,s_p_002813_00028,2024-05-02T11:42:23.122Z,coins_medium,4.99,5500,25,0
pu_00001zv,p_002813,s_p_002813_00029,2024-05-02T12:06:59.085Z,coins_medium,4.99,5500,25,0
pu_00001zw,p_002813,s_p_002813_00029,2024-05-02T12:03:45.690Z,vip_monthly,9.99,10000,25,0
pu_00001zx,p_002813,s_p_002813_00030,2024-05-03T18:16:19.175Z,coins_small,0.99,1000,26,0
pu_00001zy,p_002813,s_p_002813_00033,2024-05-08T08:37:08.191Z,coins_large,19.99,25000,31,0
pu_00001zz,p_002813,s_p_002813_00040,2024-05-12T07:37:26.997Z,coins_large,19.99,25000,35,0
pu_0000200,p_002813,s_p_002813_00044,2024-05-17T10:10:58.811Z,coins_medium,4.99,5500,40,0
pu_0000201,p_002813,s_p_002813_00046,2024-05-19T19:09:50.325Z,coins_medium,4.99,5500,42,0
pu_0000202,p_002813,s_p_002813_00051,2024-05-23T07:18:48.691Z,coins_medium,4.99,5500,46,0
pu_0000203,p_002813,s_p_002813_00051,2024-05-23T07:21:19.281Z,vip_monthly,9.99,10000,46,0
pu_0000204,p_002813,s_p_002813_00055,2024-05-29T11:26:19.853Z,coins_medium,4.99,5500,52,0
pu_0000205,p_002813,s_p_002813_00055,2024-05-29T11:17:33.287Z,starter_pack,1.99,2000,52,0
pu_0000206,p_002813,s_p_002813_00056,2024-05-30T19:12:03.615Z,coins_medium,4.99,5500,53,0
pu_0000207,p_002813,s_p_002813_00058,2024-06-01T06:52:48.629Z,vip_monthly,9.99,10000,55,0
pu_0000208,p_002813,s_p_002813_00059,2024-06-01T14:43:45.825Z,vip_monthly,9.99,10000,55,0
pu_0000209,p_002813,s_p_002813_00061,2024-06-03T13:22:23.061Z,starter_pack,1.99,2000,57,0
pu_000020a,p_002813,s_p_002813_00062,2024-06-06T23:02:12.674Z,coins_large,19.99,25000,60,0
pu_000020b,p_002813,s_p_002813_00076,2024-07-04T12:39:20.635Z,vip_monthly,9.99,10000,88,0
pu_000020c,p_002813,s_p_002813_00087,2024-07-21T10:57:35.226Z,coins_medium,4.99,5500,105,0
pu_000020d,p_002813,s_p_002813_00092,2024-07-28T06:36:42.914Z,coins_large,19.99,25000,112,0
pu_000020e,p_002813,s_p_002813_00094,2024-07-30T13:53:38.637Z,coins_large,19.99,25000,114,0
pu_000020f,p_002813,s_p_002813_00094,2024-07-30T14:00:12.105Z,coins_medium,4.99,5500,114,0
pu_000020g,p_002813,s_p_002813_00094,2024-07-30T14:00:38.104Z,coins_medium,4.99,5500,114,0
pu_000020h,p_002813,s_p_002813_00096,2024-08-01T21:45:22.438Z,coins_large,19.99,25000,116,0
pu_000020i,p_002813,s_p_002813_00098,2024-08-02T14:50:53.536Z,coins_large,19.99,25000,117,0
pu_000020j,p_002813,s_p_002813_00112,2024-08-17T21:34:55.957Z,coins_large,19.99,25000,132,0
pu_000020k,p_002813,s_p_002813_00113,2024-08-22T20:23:38.576Z,coins_medium,4.99,5500,137,0
pu_000020l,p_002813,s_p_002813_00114,2024-08-22T22:21:28.852Z,coins_large,19.99,25000,137,0
pu_000020m,p_002813,s_p_002813_00118,2024-08-28T12:05:12.904Z,coins_large,19.99,25000,143,0
pu_000020n,p_002813,s_p_002813_00139,2024-09-23T12:46:03.248Z,coins_small,0.99,1000,169,0
pu_000020o,p_002813,s_p_002813_00139,2024-09-23T12:41:36.258Z,coins_large,19.99,25000,169,0
pu_000020p,p_002813,s_p_002813_00149,2024-10-04T10:52:57.595Z,starter_pack,1.99,2000,180,0
pu_000020q,p_002813,s_p_002813_00150,2024-10-05T10:09:52.046Z,coins_small,0.99,1000,181,0
pu_000020r,p_002813,s_p_002813_00152,2024-10-05T14:14:19.930Z,vip_monthly,9.99,10000,181,0
pu_000020s,p_002813,s_p_002813_00154,2024-10-12T22:42:49.331Z,coins_medium,4.99,5500,188,0
pu_000020t,p_002813,s_p_002813_00164,2024-10-27T11:24:29.198Z,vip_monthly,9.99,10000,203,0
pu_000020u,p_002813,s_p_002813_00170,2024-10-31T19:37:35.313Z,coins_medium,4.99,5500,207,0
pu_000020v,p_002813,s_p_002813_00170,2024-10-31T19:36:42.841Z,coins_medium,4.99,5500,207,0
pu_000020w,p_002813,s_p_002813_00170,2024-10-31T19:26:34.374Z,coins_medium,4.99,5500,207,0
pu_000020x,p_002813,s_p_002813_00171,2024-11-01T06:54:48.987Z,starter_pack,1.99,2000,208,0
pu_000020y,p_002813,s_p_002813_00171,2024-11-01T06:39:05.743Z,coins_medium,4.99,5500,208,0
pu_000020z,p_002813,s_p_002813_00174,2024-11-10T21:34:42.775Z,coins_medium,4.99,5500,217,0
pu_0000210,p_002813,s_p_002813_00174,2024-11-10T21:13:43.324Z,coins_large,19.99,25000,217,0
pu_0000211,p_002813,s_p_002813_00181,2024-11-19T13:55:24.900Z,coins_medium,4.99,5500,226,0
pu_0000212,p_002813,s_p_002813_00184,2024-11-23T10:25:21.019Z,coins_large,19.99,25000,230,0
pu_0000213,p_002813,s_p_002813_00185,2024-11-23T18:16:11.011Z,vip_monthly,9.99,10000,230,0
pu_0000214,p_002813,s_p_002813_00191,2024-12-05T22:40:28.928Z,coins_large,19.99,25000,242,0
pu_0000215,p_002813,s_p_002813_00194,2024-12-11T17:22:02.498Z,coins_small,0.99,1000,248,0
pu_0000216,p_002813,s_p_002813_00195,2024-12-13T13:11:10.669Z,vip_monthly,9.99,10000,250,0
pu_0000217,p_002813,s_p_002813_00197,2024-12-16T10:07:10.254Z,coins_large,19.99,25000,253,0
pu_0000218,p_002813,s_p_002813_00200,2024-12-20T07:07:23.705Z,vip_monthly,9.99,10000,257,0
pu_0000219,p_002762,s_p_002762_00001,2024-07-20T18:54:48.382Z,coins_medium,4.99,5500,2,1
pu_000021a,p_002762,s_p_002762_00001,2024-07-20T18:58:30.068Z,coins_large,19.99,25000,2,0
pu_000021b,p_002762,s_p_002762_00001,2024-07-20T18:56:52.550Z,coins_medium,4.99,5500,2,0
pu_000021c,p_002762,s_p_002762_00002,2024-07-23T20:21:24.044Z,coins_large,19.99,25000,5,0
pu_000021d,p_002762,s_p_002762_00002,2024-07-23T20:29:12.880Z,coins_large,19.99,25000,5,0
pu_000021e,p_002762,s_p_002762_00003,2024-07-27T10:48:02.149Z,coins_medium,4.99,5500,9,0
pu_000021f,p_002762,s_p_002762_00003,2024-07-27T10:55:02.472Z,coins_large,19.99,25000,9,0
pu_000021g,p_002762,s_p_002762_00003,2024-07-27T10:49:31.455Z,coins_medium,4.99,5500,9,0
pu_000021h,p_002762,s_p_002762_00004,2024-07-28T16:47:57.477Z,vip_monthly,9.99,10000,10,0
pu_000021i,p_002762,s_p_002762_00004,2024-07-28T16:38:33.162Z,coins_large,19.99,25000,10,0
pu_000021j,p_002762,s_p_002762_00004,2024-07-28T16:41:08.769Z,coins_large,19.99,25000,10,0
pu_000021k,p_002762,s_p_002762_00004,2024-07-28T17:08:02.176Z,coins_large,19.99,25000,10,0
pu_000021l,p_002762,s_p_002762_00004,2024-07-28T16:54:48.368Z,coins_small,0.99,1000,10,0
pu_000021m,p_002762,s_p_002762_00005,2024-08-03T12:46:39.436Z,starter_pack,1.99,2000,16,0
pu_000021n,p_002762,s_p_002762_00005,2024-08-03T12:51:51.706Z,coins_medium,4.99,5500,16,0
pu_000021o,p_002762,s_p_002762_00006,2024-08-04T09:20:52.794Z,vip_monthly,9.99,10000,17,0
pu_000021p,p_002762,s_p_002762_00009,2024-08-11T08:04:56.685Z,coins_large,19.99,25000,24,0
pu_000021q,p_002762,s_p_002762_00010,2024-08-11T10:11:26.070Z,vip_monthly,9.99,10000,24,0
pu_000021r,p_002762,s_p_002762_00015,2024-08-16T13:20:11.808Z,coins_medium,4.99,5500,29,0
pu_000021s,p_002762,s_p_002762_00015,2024-08-16T13:27:18.623Z,coins_medium,4.99,5500,29,0
pu_000021t,p_002762,s_p_002762_00015,2024-08-16T13:17:21.059Z,coins_medium,4.99,5500,29,0
pu_000021u,p_002762,s_p_002762_00017,2024-08-19T18:21:11.409Z,vip_monthly,9.99,10000,32,0
pu_000021v,p_002762,s_p_002762_00018,2024-08-20T08:37:01.519Z,coins_small,0.99,1000,33,0
pu_000021w,p_002762,s_p_002762_00018,2024-08-20T08:38:01.111Z,coins_small,0.99,1000,33,0
pu_000021x,p_002762,s_p_002762_00019,2024-08-21T10:30:17.817Z,coins_large,19.99,25000,34,0
pu_000021y,p_002762,s_p_002762_00021,2024-08-22T16:34:01.576Z,coins_large,19.99,25000,35,0
pu_000021z,p_002762,s_p_002762_00021,2024-08-22T16:11:58.866Z,coins_medium,4.99,5500,35,0
pu_0000220,p_002762,s_p_002762_00021,2024-08-22T16:12:52.241Z,coins_large,19.99,25000,35,0
pu_0000221,p_002762,s_p_002762_00024,2024-08-25T07:19:06.148Z,vip_monthly,9.99,10000,38,0
pu_0000222,p_002762,s_p_002762_00026,2024-08-28T06:48:34.730Z,coins_large,19.99,25000,41,0
pu_0000223,p_002762,s_p_002762_00026,2024-08-28T06:56:50.374Z,coins_large,19.99,25000,41,0
pu_0000224,p_002762,s_p_002762_00026,2024-08-28T06:41:15.686Z,coins_large,19.99,25000,41,0
pu_0000225,p_002762,s_p_002762_00031,2024-09-03T18:56:33.697Z,coins_medium,4.99,5500,47,0
pu_0000226,p_002762,s_p_002762_00038,2024-09-12T10:40:49.308Z,starter_pack,1.99,2000,56,0
pu_0000227,p_002762,s_p_002762_00040,2024-09-15T06:45:56.416Z,vip_monthly,9.99,10000,59,0
pu_0000228,p_002762,s_p_002762_00041,2024-09-16T09:01:18.046Z,coins_medium,4.99,5500,60,0
pu_0000229,p_002762,s_p_002762_00041,2024-09-16T08:53:02.159Z,coins_small,0.99,1000,60,0
pu_000022a,p_002762,s_p_002762_00046,2024-09-20T17:46:05.127Z,coins_medium,4.99,5500,64,0
pu_000022b,p_002762,s_p_002762_00050,2024-09-23T06:59:09.099Z,vip_monthly,9.99,10000,67,0
pu_000022c,p_002762,s_p_002762_00051,2024-09-25T18:25:15.683Z,vip_monthly,9.99,10000,69,0
pu_000022d,p_002762,s_p_002762_00053,2024-09-27T14:24:47.335Z,coins_large,19.99,25000,71,0
pu_000022e,p_002762,s_p_002762_00054,2024-09-27T21:18:07.798Z,coins_medium,4.99,5500,71,0
pu_000022f,p_002762,s_p_002762_00058,2024-10-02T15:37:30.288Z,vip_monthly,9.99,10000,76,0
pu_000022g,p_002762,s_p_002762_00060,2024-10-04T12:14:31.769Z,vip_monthly,9.99,10000,78,0
pu_000022h,p_002762,s_p_002762_00064,2024-10-10T23:14:50.566Z,vip_monthly,9.99,10000,84,0
pu_000022i,p_002762,s_p_002762_00066,2024-10-13T23:29:03.127Z,coins_large,19.99,25000,87,0
pu_000022j,p_002762,s_p_002762_00067,2024-10-14T16:07:55.207Z,vip_monthly,9.99,10000,88,0
pu_000022k,p_002762,s_p_002762_00069,2024-10-18T17:50:25.290Z,coins_small,0.99,1000,92,0
pu_000022l,p_002762,s_p_002762_00069,2024-10-18T17:42:16.101Z,starter_pack,1.99,2000,92,0
pu_000022m,p_002762,s_p_002762_00071,2024-10-20T12:05:10.172Z,coins_large,19.99,25000,94,0
pu_000022n,p_002762,s_p_002762_00073,2024-10-22T07:26:25.970Z,coins_large,19.99,25000,96,0
pu_000022o,p_002762,s_p_002762_00074,2024-10-22T10:00:10.837Z,coins_large,19.99,25000,96,0
pu_000022p,p_002762,s_p_002762_00078,2024-10-24T11:32:00.982Z,coins_medium,4.99,5500,98,0
pu_000022q,p_002762,s_p_002762_00078,2024-10-24T11:16:48.895Z,coins_medium,4.99,5500,98,0
pu_000022r,p_002762,s_p_002762_00080,2024-10-29T14:09:57.818Z,coins_large,19.99,25000,103,0
pu_000022s,p_002762,s_p_002762_00083,2024-10-31T12:19:26.627Z,coins_large,19.99,25000,105,0
pu_000022t,p_002762,s_p_002762_00084,2024-11-04T19:41:11.254Z,coins_medium,4.99,5500,109,0
pu_000022u,p_002762,s_p_002762_00086,2024-11-05T18:44:22.807Z,coins_small,0.99,1000,110,0
pu_000022v,p_002762,s_p_002762_00088,2024-11-07T06:30:07.704Z,coins_medium,4.99,5500,112,0
pu_000022w,p_002762,s_p_002762_00091,2024-11-10T21:45:13.814Z,coins_large,19.99,25000,115,0
pu_000022x,p_002762,s_p_002762_00091,2024-11-10T21:45:25.012Z,coins_medium,4.99,5500,115,0
pu_000022y,p_002762,s_p_002762_00092,2024-11-12T12:43:37.450Z,coins_medium,4.99,5500,117,0
pu_000022z,p_002762,s_p_002762_00094,2024-11-14T18:45:28.170Z,coins_medium,4.99,5500,119,0
pu_0000230,p_002762,s_p_002762_00097,2024-11-16T19:54:47.131Z,coins_medium,4.99,5500,121,0
pu_0000231,p_002762,s_p_002762_00098,2024-11-16T21:08:25.938Z,coins_small,0.99,1000,121,0
pu_0000232,p_002762,s_p_002762_00100,2024-11-18T14:16:03.791Z,coins_large,19.99,25000,123,0
pu_0000233,p_002762,s_p_002762_00102,2024-11-22T06:55:24.966Z,coins_medium,4.99,5500,127,0
pu_0000234,p_002762,s_p_002762_00103,2024-11-25T17:09:25.320Z,vip_monthly,9.99,10000,130,0
pu_0000235,p_002762,s_p_002762_00107,2024-11-28T07:05:59.691Z,starter_pack,1.99,2000,133,0
pu_0000236,p_002762,s_p_002762_00108,2024-11-28T07:25:52.342Z,coins_large,19.99,25000,133,0
pu_0000237,p_002762,s_p_002762_00109,2024-12-04T08:14:20.869Z,vip_monthly,9.99,10000,139,0
pu_0000238,p_002762,s_p_002762_00112,2024-12-07T10:00:39.716Z,coins_large,19.99,25000,142,0
pu_0000239,p_002762,s_p_002762_00113,2024-12-07T19:48:21.187Z,coins_large,19.99,25000,142,0
pu_000023a,p_002762,s_p_002762_00117,2024-12-10T11:15:57.693Z,coins_medium,4.99,5500,145,0
pu_000023b,p_002762,s_p_002762_00118,2024-12-14T07:00:51.007Z,coins_large,19.99,25000,149,0
pu_000023c,p_002762,s_p_002762_00119,2024-12-19T15:33:00.233Z,vip_monthly,9.99,10000,154,0
pu_000023d,p_002728,s_p_002728_00001,2024-07-08T10:02:00.115Z,coins_small,0.99,1000,0,1
pu_000023e,p_002728,s_p_002728_00001,2024-07-08T10:08:29.154Z,coins_small,0.99,1000,0,0
pu_000023f,p_002728,s_p_002728_00001,2024-07-08T10:01:37.337Z,coins_medium,4.99,5500,0,0
pu_000023g,p_002728,s_p_002728_00001,2024-07-08T10:03:46.980Z,coins_small,0.99,1000,0,0
pu_000023h,p_002728,s_p_002728_00002,2024-07-09T12:31:33.973Z,vip_monthly,9.99,10000,1,0
pu_000023i,p_002728,s_p_002728_00002,2024-07-09T12:23:43.078Z,vip_monthly,9.99,10000,1,0
pu_000023j,p_002728,s_p_002728_00003,2024-07-10T11:12:06.551Z,starter_pack,1.99,2000,2,0
pu_000023k,p_002728,s_p_002728_00003,2024-07-10T11:10:28.847Z,coins_medium,4.99,5500,2,0
pu_000023l,p_002728,s_p_002728_00003,2024-07-10T11:02:03.344Z,coins_large,19.99,25000,2,0
pu_000023m,p_002728,s_p_002728_00004,2024-07-10T23:51:02.212Z,coins_large,19.99,25000,2,0
pu_000023n,p_002728,s_p_002728_00005,2024-07-12T19:20:48.027Z,coins_small,0.99,1000,4,0
pu_000023o,p_002728,s_p_002728_00005,2024-07-12T19:41:10.721Z,coins_large,19.99,25000,4,0
pu_000023p,p_002728,s_p_002728_00007,2024-07-15T11:30:27.472Z,coins_large,19.99,25000,7,0
pu_000023q,p_002728,s_p_002728_00008,2024-07-17T14:34:26.011Z,coins_large,19.99,25000,9,0
pu_000023r,p_002728,s_p_002728_00009,2024-07-18T17:45:23.451Z,coins_small,0.99,1000,10,0
pu_000023s,p_002728,s_p_002728_00011,2024-07-18T22:16:48.592Z,coins_small,0.99,1000,10,0
pu_000023t,p_002728,s_p_002728_00011,2024-07-18T22:07:45.983Z,vip_monthly,9.99,10000,10,0
pu_000023u,p_002728,s_p_002728_00012,2024-07-20T16:43:16.657Z,coins_large,19.99,25000,12,0
pu_000023v,p_002728,s_p_002728_00012,2024-07-20T16:35:32.198Z,coins_small,0.99,1000,12,0
pu_000023w,p_002728,s_p_002728_00013,2024-07-22T12:57:00.657Z,coins_medium,4.99,5500,14,0
pu_000023x,p_002728,s_p_002728_00014,2024-07-23T10:11:51.294Z,coins_large,19.99,25000,15,0
pu_000023y,p_002728,s_p_002728_00015,2024-07-23T14:11:00.133Z,coins_large,19.99,25000,15,0
pu_000023z,p_002728,s_p_002728_00019,2024-07-28T18:42:24.149Z,coins_medium,4.99,5500,20,0
pu_0000240,p_002728,s_p_002728_00022,2024-07-31T21:35:45.747Z,coins_medium,4.99,5500,23,0
pu_0000241,p_002728,s_p_002728_00023,2024-08-05T22:17:27.959Z,coins_small,0.99,1000,28,0
pu_0000242,p_002728,s_p_002728_00024,2024-08-07T13:02:27.652Z,coins_large,19.99,25000,30,0
pu_0000243,p_002728,s_p_002728_00024,2024-08-07T12:42:47.997Z,coins_small,0.99,1000,30,0
pu_0000244,p_002728,s_p_002728_00025,2024-08-09T16:31:33.303Z,coins_medium,4.99,5500,32,0
pu_0000245,p_002728,s_p_002728_00027,2024-08-11T16:21:37.483Z,starter_pack,1.99,2000,34,0
pu_0000246,p_002728,s_p_002728_00028,2024-08-15T14:02:35.971Z,coins_large,19.99,25000,38,0
pu_0000247,p_002728,s_p_002728_00029,2024-08-16T08:33:22.012Z,starter_pack,1.99,2000,39,0
pu_0000248,p_002728,s_p_002728_00029,2024-08-16T08:53:59.859Z,vip_monthly,9.99,10000,39,0
pu_0000249,p_002728,s_p_002728_00030,2024-08-16T08:40:44.923Z,coins_medium,4.99,5500,39,0
pu_000024a,p_002728,s_p_002728_00031,2024-08-18T08:02:36.850Z,coins_large,19.99,25000,41,0
pu_000024b,p_002728,s_p_002728_00036,2024-08-26T15:47:19.904Z,coins_large,19.99,25000,49,0
pu_000024c,p_002728,s_p_002728_00037,2024-08-27T09:10:40.376Z,coins_large,19.99,25000,50,0
pu_000024d,p_002728,s_p_002728_00044,2024-09-03T19:57:44.518Z,starter_pack,1.99,2000,57,0
pu_000024e,p_002728,s_p_002728_00049,2024-09-12T07:01:03.216Z,starter_pack,1.99,2000,66,0
pu_000024f,p_002728,s_p_002728_00052,2024-09-14T22:46:11.281Z,coins_medium,4.99,5500,68,0
pu_000024g,p_002728,s_p_002728_00053,2024-09-18T10:03:08.231Z,coins_medium,4.99,5500,72,0
pu_000024h,p_002728,s_p_002728_00053,2024-09-18T09:57:05.337Z,coins_small,0.99,1000,72,0
pu_000024i,p_002728,s_p_002728_00055,2024-09-22T17:37:48.011Z,vip_monthly,9.99,10000,76,0
pu_000024j,p_002728,s_p_002728_00056,2024-09-24T14:51:49.514Z,starter_pack,1.99,2000,78,0
pu_000024k,p_002728,s_p_002728_00056,2024-09-24T14:55:24.440Z,coins_medium,4.99,5500,78,0
pu_000024l,p_002728,s_p_002728_00059,2024-09-28T15:16:18.406Z,coins_medium,4.99,5500,82,0
pu_000024m,p_002728,s_p_002728_00061,2024-10-01T07:19:50.796Z,coins_small,0.99,1000,85,0
pu_000024n,p_002728,s_p_002728_00064,2024-10-05T10:43:03.048Z,coins_large,19.99,25000,89,0
pu_000024o,p_002728,s_p_002728_00068,2024-10-09T21:15:18.193Z,coins_medium,4.99,5500,93,0
pu_000024p,p_002728,s_p_002728_00070,2024-10-13T19:15:44.029Z,coins_large,19.99,25000,97,0
pu_000024q,p_002728,s_p_002728_00078,2024-10-21T13:49:17.837Z,coins_medium,4.99,5500,105,0
pu_000024r,p_002728,s_p_002728_00080,2024-10-26T20:18:22.553Z,coins_medium,4.99,5500,110,0
pu_000024s,p_002728,s_p_002728_00085,2024-10-31T11:29:38.438Z,coins_medium,4.99,5500,115,0
pu_000024t,p_002728,s_p_002728_00089,2024-11-04T06:16:04.541Z,coins_small,0.99,1000,119,0
pu_000024u,p_002728,s_p_002728_00092,2024-11-06T07:46:27.863Z,coins_large,19.99,25000,121,0
pu_000024v,p_002728,s_p_002728_00097,2024-11-12T13:24:11.838Z,coins_medium,4.99,5500,127,0
pu_000024w,p_002728,s_p_002728_00100,2024-11-18T08:16:13.131Z,starter_pack,1.99,2000,133,0
pu_000024x,p_002728,s_p_002728_00102,2024-11-22T06:43:54.264Z,coins_large,19.99,25000,137,0
pu_000024y,p_002728,s_p_002728_00102,2024-11-22T06:42:53.749Z,coins_medium,4.99,5500,137,0
pu_000024z,p_002728,s_p_002728_00108,2024-11-28T13:43:52.775Z,coins_small,0.99,1000,143,0
pu_0000250,p_002728,s_p_002728_00114,2024-12-05T23:33:33.469Z,vip_monthly,9.99,10000,150,0
pu_0000251,p_002728,s_p_002728_00116,2024-12-07T09:08:02.192Z,vip_monthly,9.99,10000,152,0
pu_0000252,p_002728,s_p_002728_00117,2024-12-08T23:07:03.459Z,starter_pack,1.99,2000,153,0
pu_0000253,p_002728,s_p_002728_00120,2024-12-16T20:17:58.790Z,coins_small,0.99,1000,161,0
pu_0000254,p_002728,s_p_002728_00120,2024-12-16T20:31:31.305Z,coins_small,0.99,1000,161,0
pu_0000255,p_002730,s_p_002730_00001,2024-03-20T08:38:44.358Z,coins_large,19.99,25000,0,1
pu_0000256,p_002730,s_p_002730_00002,2024-03-20T09:02:49.316Z,coins_medium,4.99,5500,0,0
pu_0000257,p_002730,s_p_002730_00002,2024-03-20T09:04:01.325Z,coins_large,19.99,25000,0,0
pu_0000258,p_002730,s_p_002730_00002,2024-03-20T09:04:59.018Z,coins_medium,4.99,5500,0,0
pu_0000259,p_002730,s_p_002730_00002,2024-03-20T09:08:40.367Z,starter_pack,1.99,2000,0,0
pu_000025a,p_002730,s_p_002730_00003,2024-03-20T17:33:48.829Z,coins_small,0.99,1000,0,0
pu_000025b,p_002730,s_p_002730_00003,2024-03-20T17:55:18.615Z,coins_small,0.99,1000,0,0
pu_000025c,p_002730,s_p_002730_00004,2024-03-22T09:12:48.241Z,coins_large,19.99,25000,2,0
pu_000025d,p_002730,s_p_002730_00005,2024-03-24T18:57:38.545Z,coins_large,19.99,25000,4,0
pu_000025e,p_002730,s_p_002730_00005,2024-03-24T18:55:36.661Z,vip_monthly,9.99,10000,4,0
pu_000025f,p_002730,s_p_002730_00005,2024-03-24T19:00:28.365Z,coins_small,0.99,1000,4,0
pu_000025g,p_002730,s_p_002730_00007,2024-03-26T17:06:00.499Z,vip_monthly,9.99,10000,6,0
pu_000025h,p_002730,s_p_002730_00008,2024-03-31T14:00:03.806Z,coins_large,19.99,25000,11,0
pu_000025i,p_002730,s_p_002730_00013,2024-04-09T11:36:41.372Z,coins_large,19.99,25000,20,0
pu_000025j,p_002730,s_p_002730_00014,2024-04-09T20:10:47.026Z,starter_pack,1.99,2000,20,0
pu_000025k,p_002730,s_p_002730_00022,2024-04-18T23:14:28.045Z,vip_monthly,9.99,10000,29,0
pu_000025l,p_002730,s_p_002730_00026,2024-04-23T10:48:40.618Z,vip_monthly,9.99,10000,34,0
pu_000025m,p_002730,s_p_002730_00031,2024-04-29T18:19:07.068Z,coins_medium,4.99,5500,40,0
pu_000025n,p_002730,s_p_002730_00031,2024-04-29T18:21:08.017Z,vip_monthly,9.99,10000,40,0
pu_000025o,p_002730,s_p_002730_00032,2024-04-30T10:13:20.141Z,coins_medium,4.99,5500,41,0
pu_000025p,p_002730,s_p_002730_00033,2024-05-01T11:24:32.724Z,coins_medium,4.99,5500,42,0
pu_000025q,p_002730,s_p_002730_00039,2024-05-08T22:19:38.340Z,coins_large,19.99,25000,49,0
pu_000025r,p_002730,s_p_002730_00049,2024-05-22T08:36:14.176Z,starter_pack,1.99,2000,63,0
pu_000025s,p_002730,s_p_002730_00049,2024-05-22T08:49:33.349Z,coins_medium,4.99,5500,63,0
pu_000025t,p_002730,s_p_002730_00049,2024-05-22T08:43:34.200Z,vip_monthly,9.99,10000,63,0
pu_000025u,p_002730,s_p_002730_00055,2024-06-03T09:13:02.862Z,coins_large,19.99,25000,75,0
pu_000025v,p_002730,s_p_002730_00057,2024-06-09T09:27:33.894Z,vip_monthly,9.99,10000,81,0
pu_000025w,p_002730,s_p_002730_00060,2024-06-11T16:35:18.844Z,coins_small,0.99,1000,83,0
pu_000025x,p_002730,s_p_002730_00061,2024-06-12T22:58:32.625Z,coins_small,0.99,1000,84,0
pu_000025y,p_002730,s_p_002730_00063,2024-06-15T21:01:20.497Z,vip_monthly,9.99,10000,87,0
pu_000025z,p_002730,s_p_002730_00066,2024-06-23T11:15:19.929Z,coins_small,0.99,1000,95,0
pu_0000260,p_002730,s_p_002730_00072,2024-06-26T11:08:49.226Z,vip_monthly,9.99,10000,98,0
pu_0000261,p_002730,s_p_002730_00089,2024-07-27T23:36:38.734Z,coins_large,19.99,25000,129,0
pu_0000262,p_002730,s_p_002730_00093,2024-08-01T13:25:50.087Z,coins_medium,4.99,5500,134,0
pu_0000263,p_002730,s_p_002730_00097,2024-08-08T15:06:33.499Z,vip_monthly,9.99,10000,141,0
pu_0000264,p_002730,s_p_002730_00099,2024-08-10T18:56:44.289Z,coins_large,19.99,25000,143,0
pu_0000265,p_002730,s_p_002730_00102,2024-08-13T14:19:38.886Z,vip_monthly,9.99,10000,146,0
pu_0000266,p_002730,s_p_002730_00108,2024-08-21T09:13:57.213Z,coins_medium,4.99,5500,154,0
pu_0000267,p_002730,s_p_002730_00120,2024-09-03T23:03:31.677Z,coins_medium,4.99,5500,167,0
pu_0000268,p_002730,s_p_002730_00125,2024-09-07T22:43:38.965Z,coins_medium,4.99,5500,171,0
pu_0000269,p_002730,s_p_002730_00127,2024-09-10T12:20:16.341Z,vip_monthly,9.99,10000,174,0
pu_000026a,p_002730,s_p_002730_00134,2024-09-18T16:01:17.513Z,coins_large,19.99,25000,182,0
pu_000026b,p_002730,s_p_002730_00142,2024-09-28T18:30:56.450Z,coins_medium,4.99,5500,192,0
pu_000026c,p_002730,s_p_002730_00144,2024-10-01T12:52:55.302Z,coins_large,19.99,25000,195,0
pu_000026d,p_002730,s_p_002730_00146,2024-10-03T18:34:02.799Z,coins_medium,4.99,5500,197,0
pu_000026e,p_002730,s_p_002730_00148,2024-10-04T16:06:37.895Z,coins_medium,4.99,5500,198,0
pu_000026f,p_002730,s_p_002730_00151,2024-10-07T07:06:41.197Z,coins_large,19.99,25000,201,0
pu_000026g,p_002730,s_p_002730_00159,2024-10-18T11:32:47.448Z,coins_medium,4.99,5500,212,0
pu_000026h,p_002730,s_p_002730_00165,2024-10-26T20:17:45.535Z,coins_large,19.99,25000,220,0
pu_000026i,p_002730,s_p_002730_00172,2024-11-05T08:35:07.400Z,coins_medium,4.99,5500,230,0
pu_000026j,p_002730,s_p_002730_00173,2024-11-05T15:39:36.973Z,coins_medium,4.99,5500,230,0
pu_000026k,p_002730,s_p_002730_00176,2024-11-08T16:14:05.310Z,coins_large,19.99,25000,233,0
pu_000026l,p_002426,s_p_002426_00001,2024-06-08T08:13:16.499Z,coins_small,0.99,1000,2,1
pu_000026m,p_002426,s_p_002426_00004,2024-06-18T11:13:57.238Z,coins_small,0.99,1000,12,0
pu_000026n,p_002426,s_p_002426_00007,2024-06-29T11:13:30.151Z,coins_small,0.99,1000,23,0
pu_000026o,p_002426,s_p_002426_00010,2024-07-07T20:36:01.553Z,coins_small,0.99,1000,31,0
pu_000026p,p_002426,s_p_002426_00015,2024-07-18T18:41:48.795Z,coins_medium,4.99,5500,42,0
pu_000026q,p_002426,s_p_002426_00019,2024-08-18T10:55:46.182Z,coins_small,0.99,1000,73,0
pu_000026r,p_002426,s_p_002426_00030,2024-09-29T10:53:37.918Z,coins_medium,4.99,5500,115,0
pu_000026s,p_002426,s_p_002426_00031,2024-10-11T21:38:34.514Z,coins_small,0.99,1000,127,0
pu_000026t,p_002944,s_p_002944_00001,2024-03-15T07:56:01.787Z,coins_large,19.99,25000,0,1
pu_000026u,p_002944,s_p_002944_00001,2024-03-15T08:02:28.962Z,coins_small,0.99,1000,0,0
pu_000026v,p_002944,s_p_002944_00002,2024-03-16T18:44:03.565Z,coins_medium,4.99,5500,1,0
pu_000026w,p_002944,s_p_002944_00002,2024-03-16T18:35:08.635Z,coins_medium,4.99,5500,1,0
pu_000026x,p_002944,s_p_002944_00002,2024-03-16T18:37:38.110Z,coins_medium,4.99,5500,1,0
pu_000026y,p_002944,s_p_002944_00002,2024-03-16T18:41:28.804Z,coins_medium,4.99,5500,1,0
pu_000026z,p_002944,s_p_002944_00004,2024-03-17T21:39:37.669Z,coins_small,0.99,1000,2,0
pu_0000270,p_002944,s_p_002944_00004,2024-03-17T21:37:52.851Z,coins_small,0.99,1000,2,0
pu_0000271,p_002944,s_p_002944_00004,2024-03-17T21:41:54.559Z,coins_small,0.99,1000,2,0
pu_0000272,p_002944,s_p_002944_00005,2024-03-29T14:39:04.651Z,coins_medium,4.99,5500,14,0
pu_0000273,p_002944,s_p_002944_00005,2024-03-29T14:37:29.113Z,coins_small,0.99,1000,14,0
pu_0000274,p_002944,s_p_002944_00005,2024-03-29T14:37:02.966Z,coins_medium,4.99,5500,14,0
pu_0000275,p_002944,s_p_002944_00006,2024-04-05T15:57:40.405Z,coins_small,0.99,1000,21,0
pu_0000276,p_002944,s_p_002944_00006,2024-04-05T15:53:50.433Z,coins_medium,4.99,5500,21,0
pu_0000277,p_002944,s_p_002944_00007,2024-04-05T18:27:27.408Z,coins_medium,4.99,5500,21,0
pu_0000278,p_002944,s_p_002944_00007,2024-04-05T18:28:15.233Z,starter_pack,1.99,2000,21,0
pu_0000279,p_002944,s_p_002944_00007,2024-04-05T18:31:47.094Z,coins_small,0.99,1000,21,0
pu_000027a,p_002944,s_p_002944_00009,2024-04-11T06:24:24.360Z,coins_medium,4.99,5500,27,0
pu_000027b,p_002944,s_p_002944_00009,2024-04-11T06:32:37.058Z,coins_medium,4.99,5500,27,0
pu_000027c,p_002944,s_p_002944_00009,2024-04-11T06:29:09.970Z,coins_large,19.99,25000,27,0
pu_000027d,p_002944,s_p_002944_00009,2024-04-11T06:24:58.957Z,coins_small,0.99,1000,27,0
pu_000027e,p_002944,s_p_002944_00010,2024-04-13T12:43:29.007Z,coins_small,0.99,1000,29,0
pu_000027f,p_002944,s_p_002944_00011,2024-04-13T23:14:24.746Z,coins_small,0.99,1000,29,0
pu_000027g,p_002944,s_p_002944_00014,2024-06-05T07:01:39.317Z,coins_small,0.99,1000,82,0
pu_000027h,p_002923,s_p_002923_00001,2024-10-10T16:40:43.511Z,starter_pack,1.99,2000,5,1
pu_000027i,p_002923,s_p_002923_00003,2024-10-16T21:47:36.222Z,coins_small,0.99,1000,11,0
pu_000027j,p_002923,s_p_002923_00004,2024-10-17T16:12:36.829Z,starter_pack,1.99,2000,12,0
pu_000027k,p_002923,s_p_002923_00006,2024-10-28T13:23:48.394Z,coins_small,0.99,1000,23,0
pu_000027l,p_002923,s_p_002923_00011,2024-11-18T14:39:17.335Z,starter_pack,1.99,2000,44,0
pu_000027m,p_002923,s_p_002923_00012,2024-11-20T17:32:21.084Z,coins_small,0.99,1000,46,0
pu_000027n,p_002923,s_p_002923_00014,2024-12-11T15:23:13.260Z,vip_monthly,9.99,10000,67,0
pu_000027o,p_002923,s_p_002923_00014,2024-12-11T15:17:36.239Z,coins_small,0.99,1000,67,0
pu_000027p,p_002923,s_p_002923_00016,2024-12-13T20:03:33.052Z,coins_small,0.99,1000,69,0
pu_000027q,p_002923,s_p_002923_00018,2024-12-27T23:28:38.141Z,coins_medium,4.99,5500,83,0
pu_000027r,p_002965,s_p_002965_00001,2024-05-04T22:04:01.809Z,starter_pack,1.99,2000,8,1
pu_000027s,p_002965,s_p_002965_00002,2024-05-06T09:52:25.506Z,coins_small,0.99,1000,10,0
pu_000027t,p_002965,s_p_002965_00006,2024-05-11T14:20:07.873Z,vip_monthly,9.99,10000,15,0
pu_000027u,p_002965,s_p_002965_00006,2024-05-11T14:19:47.803Z,coins_medium,4.99,5500,15,0
pu_000027v,p_002965,s_p_002965_00007,2024-05-20T21:43:17.970Z,coins_small,0.99,1000,24,0
pu_000027w,p_002965,s_p_002965_00008,2024-05-26T12:05:30.835Z,coins_small,0.99,1000,30,0
pu_000027x,p_002965,s_p_002965_00009,2024-05-26T16:15:27.414Z,coins_small,0.99,1000,30,0
pu_000027y,p_002965,s_p_002965_00009,2024-05-26T16:19:15.956Z,vip_monthly,9.99,10000,30,0
pu_000027z,p_002965,s_p_002965_00011,2024-06-29T16:55:31.367Z,starter_pack,1.99,2000,64,0
pu_0000280,p_002965,s_p_002965_00012,2024-07-02T13:40:42.106Z,coins_small,0.99,1000,67,0
pu_0000281,p_002965,s_p_002965_00013,2024-07-06T21:13:00.324Z,coins_small,0.99,1000,71,0
pu_0000282,p_002965,s_p_002965_00014,2024-07-07T11:59:04.807Z,coins_small,0.99,1000,72,0
pu_0000283,p_002774,s_p_002774_00002,2024-06-26T11:22:08.770Z,starter_pack,1.99,2000,1,1
pu_0000284,p_002774,s_p_002774_00002,2024-06-26T11:07:51.280Z,vip_monthly,9.99,10000,1,0
pu_0000285,p_002774,s_p_002774_00003,2024-06-26T11:44:30.744Z,vip_monthly,9.99,10000,1,0
pu_0000286,p_002774,s_p_002774_00004,2024-06-26T13:43:10.879Z,starter_pack,1.99,2000,1,0
pu_0000287,p_002774,s_p_002774_00005,2024-06-26T22:20:25.947Z,coins_large,19.99,25000,1,0
pu_0000288,p_002774,s_p_002774_00005,2024-06-26T22:18:17.649Z,coins_medium,4.99,5500,1,0
pu_0000289,p_002774,s_p_002774_00008,2024-07-01T18:20:33.329Z,coins_large,19.99,25000,6,0
pu_000028a,p_002774,s_p_002774_00013,2024-07-05T10:04:53.333Z,coins_large,19.99,25000,10,0
pu_000028b,p_002774,s_p_002774_00027,2024-07-21T16:37:19.680Z,coins_large,19.99,25000,26,0
pu_000028c,p_002774,s_p_002774_00029,2024-07-22T21:02:55.796Z,coins_large,19.99,25000,27,0
pu_000028d,p_002774,s_p_002774_00052,2024-08-22T10:12:53.459Z,coins_medium,4.99,5500,58,0
pu_000028e,p_002774,s_p_002774_00056,2024-08-26T10:24:16.384Z,coins_medium,4.99,5500,62,0
pu_000028f,p_002774,s_p_002774_00056,2024-08-26T10:07:32.708Z,vip_monthly,9.99,10000,62,0
pu_000028g,p_002774,s_p_002774_00057,2024-08-28T10:49:50.818Z,coins_large,19.99,25000,64,0
pu_000028h,p_002774,s_p_002774_00068,2024-09-10T07:41:02.700Z,coins_large,19.99,25000,77,0
pu_000028i,p_002774,s_p_002774_00072,2024-09-20T08:03:39.785Z,coins_large,19.99,25000,87,0
pu_000028j,p_002774,s_p_002774_00095,2024-10-08T21:53:30.260Z,coins_small,0.99,1000,105,0
pu_000028k,p_002774,s_p_002774_00103,2024-10-16T16:04:43.252Z,coins_large,19.99,25000,113,0
pu_000028l,p_002774,s_p_002774_00105,2024-10-17T12:57:11.049Z,coins_large,19.99,25000,114,0
pu_000028m,p_002774,s_p_002774_00105,2024-10-17T12:49:10.439Z,vip_monthly,9.99,10000,114,0
pu_000028n,p_002774,s_p_002774_00107,2024-10-20T17:09:17.600Z,coins_medium,4.99,5500,117,0
pu_000028o,p_002774,s_p_002774_00108,2024-10-22T07:21:58.563Z,coins_small,0.99,1000,119,0
pu_000028p,p_002774,s_p_002774_00108,2024-10-22T07:23:50.613Z,coins_medium,4.99,5500,119,0
pu_000028q,p_002774,s_p_002774_00113,2024-10-31T15:28:07.249Z,vip_monthly,9.99,10000,128,0
pu_000028r,p_002774,s_p_002774_00113,2024-10-31T15:22:02.523Z,coins_medium,4.99,5500,128,0
pu_000028s,p_002774,s_p_002774_00121,2024-11-12T12:25:35.482Z,coins_large,19.99,25000,140,0
pu_000028t,p_002774,s_p_002774_00121,2024-11-12T12:36:47.420Z,vip_monthly,9.99,10000,140,0
pu_000028u,p_002774,s_p_002774_00123,2024-11-15T08:11:06.803Z,coins_medium,4.99,5500,143,0
pu_000028v,p_002774,s_p_002774_00125,2024-11-20T09:36:38.446Z,coins_large,19.99,25000,148,0
pu_000028w,p_002774,s_p_002774_00130,2024-11-23T22:05:07.752Z,coins_large,19.99,25000,151,0
pu_000028x,p_002774,s_p_002774_00132,2024-11-26T16:33:50.660Z,coins_small,0.99,1000,154,0
pu_000028y,p_002774,s_p_002774_00138,2024-12-03T07:55:46.045Z,coins_medium,4.99,5500,161,0
pu_000028z,p_002774,s_p_002774_00139,2024-12-03T08:20:31.446Z,vip_monthly,9.99,10000,161,0
pu_0000290,p_002774,s_p_002774_00140,2024-12-06T13:40:15.222Z,coins_small,0.99,1000,164,0
pu_0000291,p_002774,s_p_002774_00141,2024-12-07T11:50:51.675Z,coins_medium,4.99,5500,165,0
pu_0000292,p_002774,s_p_002774_00142,2024-12-09T22:23:14.614Z,coins_medium,4.99,5500,167,0
pu_0000293,p_002774,s_p_002774_00142,2024-12-09T22:29:23.272Z,coins_large,19.99,25000,167,0
pu_0000294,p_002774,s_p_002774_00144,2024-12-15T22:34:02.157Z,vip_monthly,9.99,10000,173,0
pu_0000295,p_002774,s_p_002774_00146,2024-12-22T16:40:09.691Z,coins_small,0.99,1000,180,0
pu_0000296,p_002774,s_p_002774_00148,2024-12-23T22:42:01.686Z,starter_pack,1.99,2000,181,0
pu_0000297,p_002781,s_p_002781_00003,2024-05-21T11:56:29.189Z,starter_pack,1.99,2000,3,1
pu_0000298,p_002781,s_p_002781_00005,2024-05-28T11:20:52.223Z,coins_medium,4.99,5500,10,0
pu_0000299,p_002781,s_p_002781_00007,2024-05-29T20:55:27.562Z,vip_monthly,9.99,10000,11,0
pu_000029a,p_002781,s_p_002781_00011,2024-06-01T21:43:44.932Z,coins_large,19.99,25000,14,0
pu_000029b,p_002781,s_p_002781_00013,2024-06-02T23:09:31.504Z,coins_large,19.99,25000,15,0
pu_000029c,p_002781,s_p_002781_00014,2024-06-04T10:47:54.237Z,coins_medium,4.99,5500,17,0
pu_000029d,p_002781,s_p_002781_00017,2024-06-06T06:57:59.907Z,coins_medium,4.99,5500,19,0
pu_000029e,p_002781,s_p_002781_00023,2024-06-08T20:25:33.078Z,vip_monthly,9.99,10000,21,0
pu_000029f,p_002781,s_p_002781_00028,2024-06-19T20:59:34.457Z,coins_large,19.99,25000,32,0
pu_000029g,p_002781,s_p_002781_00032,2024-06-25T11:29:38.325Z,vip_monthly,9.99,10000,38,0
pu_000029h,p_002781,s_p_002781_00036,2024-06-30T17:59:27.394Z,coins_large,19.99,25000,43,0
pu_000029i,p_002781,s_p_002781_00037,2024-07-02T12:47:15.158Z,starter_pack,1.99,2000,45,0
pu_000029j,p_002781,s_p_002781_00038,2024-07-04T11:07:16.280Z,coins_medium,4.99,5500,47,0
pu_000029k,p_002781,s_p_002781_00042,2024-07-11T18:27:34.756Z,coins_large,19.99,25000,54,0
pu_000029l,p_002781,s_p_002781_00044,2024-07-13T15:25:47.195Z,coins_large,19.99,25000,56,0
pu_000029m,p_002781,s_p_002781_00045,2024-07-13T21:40:19.259Z,coins_large,19.99,25000,56,0
pu_000029n,p_002781,s_p_002781_00046,2024-07-14T09:03:57.564Z,vip_monthly,9.99,10000,57,0
pu_000029o,p_002781,s_p_002781_00050,2024-07-17T21:56:03.981Z,coins_medium,4.99,5500,60,0
pu_000029p,p_002781,s_p_002781_00051,2024-07-22T14:06:06.349Z,vip_monthly,9.99,10000,65,0
pu_000029q,p_002781,s_p_002781_00055,2024-07-31T10:32:59.877Z,coins_medium,4.99,5500,74,0
pu_000029r,p_002781,s_p_002781_00064,2024-08-15T09:37:09.712Z,coins_large,19.99,25000,89,0
pu_000029s,p_002781,s_p_002781_00065,2024-08-17T12:32:12.886Z,vip_monthly,9.99,10000,91,0
pu_000029t,p_002781,s_p_002781_00074,2024-08-22T20:21:22.028Z,coins_large,19.99,25000,96,0
pu_000029u,p_002781,s_p_002781_00086,2024-09-05T16:23:20.683Z,coins_medium,4.99,5500,110,0
pu_000029v,p_002781,s_p_002781_00087,2024-09-06T21:06:14.120Z,coins_large,19.99,25000,111,0
pu_000029w,p_002781,s_p_002781_00089,2024-09-10T22:59:56.635Z,coins_medium,4.99,5500,115,0
pu_000029x,p_002781,s_p_002781_00101,2024-09-23T15:26:54.735Z,coins_small,0.99,1000,128,0
pu_000029y,p_002781,s_p_002781_00105,2024-09-26T20:35:35.853Z,coins_small,0.99,1000,131,0
pu_000029z,p_002781,s_p_002781_00108,2024-10-01T16:10:01.737Z,coins_large,19.99,25000,136,0
pu_00002a0,p_002781,s_p_002781_00119,2024-10-12T14:16:29.762Z,coins_large,19.99,25000,147,0
pu_00002a1,p_002781,s_p_002781_00120,2024-10-14T06:34:29.517Z,coins_large,19.99,25000,149,0
pu_00002a2,p_002781,s_p_002781_00129,2024-10-22T18:18:23.855Z,coins_small,0.99,1000,157,0
pu_00002a3,p_002781,s_p_002781_00131,2024-10-26T14:12:33.402Z,vip_monthly,9.99,10000,161,0
pu_00002a4,p_002781,s_p_002781_00136,2024-10-31T19:50:16.859Z,coins_medium,4.99,5500,166,0
pu_00002a5,p_002781,s_p_002781_00138,2024-11-03T18:02:17.475Z,coins_large,19.99,25000,169,0
pu_00002a6,p_002781,s_p_002781_00143,2024-11-06T11:18:18.013Z,coins_small,0.99,1000,172,0
pu_00002a7,p_002781,s_p_002781_00144,2024-11-07T06:35:08.945Z,coins_medium,4.99,5500,173,0
pu_00002a8,p_002781,s_p_002781_00144,2024-11-07T06:53:57.140Z,coins_medium,4.99,5500,173,0
pu_00002a9,p_002781,s_p_002781_00148,2024-11-10T22:56:58.935Z,coins_large,19.99,25000,176,0
pu_00002aa,p_002781,s_p_002781_00158,2024-11-25T13:10:19.764Z,coins_large,19.99,25000,191,0
pu_00002ab,p_002781,s_p_002781_00163,2024-12-01T19:18:16.699Z,vip_monthly,9.99,10000,197,0
pu_00002ac,p_002901,s_p_002901_00004,2024-02-19T10:42:28.792Z,starter_pack,1.99,2000,39,1
pu_00002ad,p_002901,s_p_002901_00006,2024-03-15T08:20:26.205Z,coins_small,0.99,1000,64,0
pu_00002ae,p_002901,s_p_002901_00009,2024-03-21T23:24:05.457Z,coins_small,0.99,1000,70,0
pu_00002af,p_002901,s_p_002901_00010,2024-03-24T10:29:19.743Z,coins_small,0.99,1000,73,0
pu_00002ag,p_002901,s_p_002901_00012,2024-03-29T21:57:03.024Z,coins_medium,4.99,5500,78,0
pu_00002ah,p_002901,s_p_002901_00013,2024-04-03T16:56:35.430Z,coins_medium,4.99,5500,83,0
pu_00002ai,p_002901,s_p_002901_00014,2024-04-04T12:16:59.544Z,coins_medium,4.99,5500,84,0
pu_00002aj,p_002901,s_p_002901_00018,2024-04-18T14:10:02.639Z,starter_pack,1.99,2000,98,0
pu_00002ak,p_002901,s_p_002901_00019,2024-04-19T16:23:27.178Z,coins_small,0.99,1000,99,0
pu_00002al,p_002901,s_p_002901_00019,2024-04-19T16:17:48.867Z,coins_small,0.99,1000,99,0
pu_00002am,p_002901,s_p_002901_00021,2024-05-20T19:59:46.083Z,coins_small,0.99,1000,130,0
pu_00002an,p_002901,s_p_002901_00022,2024-05-22T21:07:42.433Z,coins_small,0.99,1000,132,0
pu_00002ao,p_002901,s_p_002901_00022,2024-05-22T21:04:25.510Z,coins_small,0.99,1000,132,0
pu_00002ap,p_002901,s_p_002901_00023,2024-05-27T20:49:55.020Z,coins_medium,4.99,5500,137,0
pu_00002aq,p_002901,s_p_002901_00024,2024-06-12T07:29:27.188Z,coins_small,0.99,1000,153,0
pu_00002ar,p_002901,s_p_002901_00031,2024-08-06T13:01:25.448Z,coins_small,0.99,1000,208,0
pu_00002as,p_002901,s_p_002901_00032,2024-08-08T14:12:30.261Z,coins_medium,4.99,5500,210,0
pu_00002at,p_002904,s_p_002904_00001,2024-08-18T13:38:47.372Z,starter_pack,1.99,2000,3,1
pu_00002au,p_002904,s_p_002904_00008,2024-10-29T23:06:11.705Z,coins_large,19.99,25000,75,0
pu_00002av,p_002904,s_p_002904_00010,2024-11-05T07:19:26.277Z,vip_monthly,9.99,10000,82,0
pu_00002aw,p_002904,s_p_002904_00011,2024-11-05T12:20:39.907Z,coins_medium,4.99,5500,82,0
pu_00002ax,p_002712,s_p_002712_00001,2024-07-12T16:06:38.034Z,coins_large,19.99,25000,0,1
pu_00002ay,p_002712,s_p_002712_00001,2024-07-12T16:19:29.032Z,vip_monthly,9.99,10000,0,0
pu_00002az,p_002712,s_p_002712_00001,2024-07-12T16:04:45.611Z,coins_small,0.99,1000,0,0
pu_00002b0,p_002712,s_p_002712_00002,2024-07-21T19:24:13.775Z,vip_monthly,9.99,10000,9,0
pu_00002b1,p_002712,s_p_002712_00002,2024-07-21T19:01:36.034Z,coins_small,0.99,1000,9,0
pu_00002b2,p_002712,s_p_002712_00003,2024-07-21T19:51:07.810Z,vip_monthly,9.99,10000,9,0
pu_00002b3,p_002712,s_p_002712_00004,2024-07-24T06:37:21.842Z,vip_monthly,9.99,10000,12,0
pu_00002b4,p_002712,s_p_002712_00004,2024-07-24T06:48:22.638Z,vip_monthly,9.99,10000,12,0
pu_00002b5,p_002712,s_p_002712_00004,2024-07-24T06:45:26.025Z,coins_large,19.99,25000,12,0
pu_00002b6,p_002712,s_p_002712_00005,2024-07-27T08:40:42.859Z,coins_medium,4.99,5500,15,0
pu_00002b7,p_002712,s_p_002712_00005,2024-07-27T09:04:39.800Z,coins_large,19.99,25000,15,0
pu_00002b8,p_002712,s_p_002712_00006,2024-07-27T20:04:33.912Z,coins_large,19.99,25000,15,0
pu_00002b9,p_002712,s_p_002712_00006,2024-07-27T20:08:33.767Z,vip_monthly,9.99,10000,15,0
pu_00002ba,p_002712,s_p_002712_00007,2024-07-28T12:55:17.887Z,coins_medium,4.99,5500,16,0
pu_00002bb,p_002712,s_p_002712_00007,2024-07-28T13:04:51.887Z,starter_pack,1.99,2000,16,0
pu_00002bc,p_002712,s_p_002712_00022,2024-08-14T07:22:58.739Z,coins_small,0.99,1000,33,0
pu_00002bd,p_002712,s_p_002712_00023,2024-08-14T15:39:55.856Z,coins_large,19.99,25000,33,0
pu_00002be,p_002712,s_p_002712_00024,2024-08-17T09:46:52.403Z,vip_monthly,9.99,10000,36,0
pu_00002bf,p_002712,s_p_002712_00030,2024-08-29T22:39:54.012Z,starter_pack,1.99,2000,48,0
pu_00002bg,p_002712,s_p_002712_00030,2024-08-29T22:32:34.174Z,coins_large,19.99,25000,48,0
pu_00002bh,p_002712,s_p_002712_00032,2024-09-01T22:22:59.014Z,coins_medium,4.99,5500,51,0
pu_00002bi,p_002712,s_p_002712_00032,2024-09-01T22:25:11.505Z,coins_medium,4.99,5500,51,0
pu_00002bj,p_002712,s_p_002712_00033,2024-09-04T16:32:17.266Z,coins_large,19.99,25000,54,0
pu_00002bk,p_002712,s_p_002712_00035,2024-09-07T11:09:49.761Z,coins_medium,4.99,5500,57,0
pu_00002bl,p_002712,s_p_002712_00036,2024-09-09T12:17:21.781Z,coins_large,19.99,25000,59,0
pu_00002bm,p_002712,s_p_002712_00037,2024-09-11T16:06:02.163Z,coins_large,19.99,25000,61,0
pu_00002bn,p_002712,s_p_002712_00039,2024-09-15T19:50:02.680Z,vip_monthly,9.99,10000,65,0
pu_00002bo,p_002712,s_p_002712_00039,2024-09-15T20:14:23.489Z,coins_medium,4.99,5500,65,0
pu_00002bp,p_002712,s_p_002712_00043,2024-09-18T14:22:46.213Z,coins_medium,4.99,5500,68,0
pu_00002bq,p_002712,s_p_002712_00046,2024-09-21T07:57:27.172Z,coins_large,19.99,25000,71,0
pu_00002br,p_002712,s_p_002712_00046,2024-09-21T07:42:52.685Z,vip_monthly,9.99,10000,71,0
pu_00002bs,p_002712,s_p_002712_00049,2024-09-25T09:39:24.650Z,coins_medium,4.99,5500,75,0
pu_00002bt,p_002712,s_p_002712_00049,2024-09-25T09:28:35.182Z,coins_small,0.99,1000,75,0
pu_00002bu,p_002712,s_p_002712_00050,2024-09-25T10:58:09.222Z,coins_medium,4.99,5500,75,0
pu_00002bv,p_002712,s_p_002712_00057,2024-09-28T16:49:38.364Z,coins_medium,4.99,5500,78,0
pu_00002bw,p_002712,s_p_002712_00059,2024-10-01T17:32:27.736Z,starter_pack,1.99,2000,81,0
pu_00002bx,p_002712,s_p_002712_00066,2024-10-16T18:57:22.981Z,coins_small,0.99,1000,96,0
pu_00002by,p_002712,s_p_002712_00067,2024-10-17T18:00:47.404Z,coins_large,19.99,25000,97,0
pu_00002bz,p_002712,s_p_002712_00069,2024-10-18T18:36:03.537Z,coins_large,19.99,25000,98,0
pu_00002c0,p_002712,s_p_002712_00070,2024-10-20T08:07:22.511Z,coins_small,0.99,1000,100,0
pu_00002c1,p_002712,s_p_002712_00073,2024-10-22T22:12:45.450Z,coins_small,0.99,1000,102,0
pu_00002c2,p_002712,s_p_002712_00074,2024-10-27T14:18:58.523Z,coins_large,19.99,25000,107,0
pu_00002c3,p_002712,s_p_002712_00077,2024-10-28T17:36:38.530Z,coins_medium,4.99,5500,108,0
pu_00002c4,p_002712,s_p_002712_00078,2024-10-29T22:58:06.819Z,vip_monthly,9.99,10000,109,0
pu_00002c5,p_002712,s_p_002712_00079,2024-11-01T13:53:31.930Z,coins_large,19.99,25000,112,0
pu_00002c6,p_002712,s_p_002712_00080,2024-11-02T08:58:46.582Z,vip_monthly,9.99,10000,113,0
pu_00002c7,p_002712,s_p_002712_00084,2024-11-08T08:10:28.263Z,coins_small,0.99,1000,119,0
pu_00002c8,p_002712,s_p_002712_00084,2024-11-08T08:38:28.007Z,coins_small,0.99,1000,119,0
pu_00002c9,p_002712,s_p_002712_00087,2024-11-10T15:54:44.601Z,coins_large,19.99,25000,121,0
pu_00002ca,p_002712,s_p_002712_00088,2024-11-11T07:04:06.582Z,coins_large,19.99,25000,122,0
pu_00002cb,p_002712,s_p_002712_00089,2024-11-12T13:46:35.726Z,coins_large,19.99,25000,123,0
pu_00002cc,p_002712,s_p_002712_00097,2024-11-20T14:56:35.999Z,coins_medium,4.99,5500,131,0
pu_00002cd,p_002712,s_p_002712_00097,2024-11-20T14:58:56.271Z,vip_monthly,9.99,10000,131,0
pu_00002ce,p_002712,s_p_002712_00099,2024-11-22T10:15:58.781Z,coins_large,19.99,25000,133,0
pu_00002cf,p_002712,s_p_002712_00099,2024-11-22T09:58:38.432Z,vip_monthly,9.99,10000,133,0
pu_00002cg,p_002712,s_p_002712_00102,2024-11-23T17:33:31.852Z,coins_medium,4.99,5500,134,0
pu_00002ch,p_002712,s_p_002712_00112,2024-12-09T16:44:44.762Z,vip_monthly,9.99,10000,150,0
pu_00002ci,p_002712,s_p_002712_00112,2024-12-09T16:47:15.590Z,coins_small,0.99,1000,150,0
pu_00002cj,p_002712,s_p_002712_00118,2024-12-17T21:26:06.656Z,starter_pack,1.99,2000,158,0
pu_00002ck,p_002712,s_p_002712_00119,2024-12-18T07:56:40.103Z,coins_large,19.99,25000,159,0
pu_00002cl,p_002712,s_p_002712_00119,2024-12-18T08:03:57.549Z,vip_monthly,9.99,10000,159,0
pu_00002cm,p_002712,s_p_002712_00121,2024-12-26T09:37:06.292Z,vip_monthly,9.99,10000,167,0
pu_00002cn,p_002963,s_p_002963_00002,2024-08-16T13:13:55.323Z,coins_small,0.99,1000,8,1
pu_00002co,p_002963,s_p_002963_00002,2024-08-16T13:13:10.115Z,coins_small,0.99,1000,8,0
pu_00002cp,p_002963,s_p_002963_00003,2024-08-22T13:43:33.365Z,coins_small,0.99,1000,14,0
pu_00002cq,p_002963,s_p_002963_00004,2024-08-26T09:56:44.475Z,coins_small,0.99,1000,18,0
pu_00002cr,p_002963,s_p_002963_00007,2024-09-17T17:09:59.358Z,vip_monthly,9.99,10000,40,0
pu_00002cs,p_002963,s_p_002963_00008,2024-09-24T20:55:09.204Z,coins_small,0.99,1000,47,0
pu_00002ct,p_002963,s_p_002963_00008,2024-09-24T20:55:07.514Z,coins_small,0.99,1000,47,0
pu_00002cu,p_002963,s_p_002963_00009,2024-09-27T11:12:32.682Z,coins_small,0.99,1000,50,0
pu_00002cv,p_002963,s_p_002963_00010,2024-09-30T10:41:53.106Z,coins_small,0.99,1000,53,0
pu_00002cw,p_002963,s_p_002963_00011,2024-09-30T16:40:17.854Z,coins_small,0.99,1000,53,0
pu_00002cx,p_002963,s_p_002963_00012,2024-10-04T08:42:00.278Z,coins_small,0.99,1000,57,0
pu_00002cy,p_002963,s_p_002963_00013,2024-10-04T23:15:42.299Z,coins_small,0.99,1000,57,0
pu_00002cz,p_002963,s_p_002963_00015,2024-10-23T06:37:28.935Z,coins_medium,4.99,5500,76,0
pu_00002d0,p_002963,s_p_002963_00016,2024-10-23T14:22:28.072Z,coins_small,0.99,1000,76,0
pu_00002d1,p_002963,s_p_002963_00016,2024-10-23T14:16:28.614Z,coins_medium,4.99,5500,76,0
pu_00002d2,p_002963,s_p_002963_00017,2024-10-27T10:01:49.580Z,coins_small,0.99,1000,80,0
pu_00002d3,p_002963,s_p_002963_00017,2024-10-27T09:59:08.917Z,coins_small,0.99,1000,80,0
pu_00002d4,p_002963,s_p_002963_00019,2024-11-03T17:08:24.315Z,starter_pack,1.99,2000,87,0
pu_00002d5,p_002963,s_p_002963_00019,2024-11-03T17:12:36.698Z,coins_small,0.99,1000,87,0
pu_00002d6,p_002963,s_p_002963_00020,2024-11-07T20:48:31.327Z,coins_small,0.99,1000,91,0
pu_00002d7,p_002963,s_p_002963_00020,2024-11-07T20:45:14.505Z,coins_small,0.99,1000,91,0
pu_00002d8,p_002963,s_p_002963_00021,2024-12-03T07:49:11.902Z,coins_medium,4.99,5500,117,0
pu_00002d9,p_002963,s_p_002963_00022,2024-12-09T13:41:06.586Z,coins_small,0.99,1000,123,0
pu_00002da,p_002956,s_p_002956_00002,2024-06-27T13:53:59.619Z,coins_small,0.99,1000,8,1
pu_00002db,p_002956,s_p_002956_00003,2024-07-01T21:27:21.845Z,coins_medium,4.99,5500,12,0
pu_00002dc,p_002956,s_p_002956_00005,2024-08-01T19:36:28.700Z,vip_monthly,9.99,10000,43,0
pu_00002dd,p_002956,s_p_002956_00005,2024-08-01T19:39:04.998Z,starter_pack,1.99,2000,43,0
pu_00002de,p_002956,s_p_002956_00009,2024-08-27T18:43:50.404Z,vip_monthly,9.99,10000,69,0
pu_00002df,p_002956,s_p_002956_00012,2024-09-19T18:53:03.592Z,coins_small,0.99,1000,92,0
pu_00002dg,p_002956,s_p_002956_00012,2024-09-19T18:56:52.471Z,vip_monthly,9.99,10000,92,0
pu_00002dh,p_002956,s_p_002956_00013,2024-10-01T12:36:17.141Z,coins_small,0.99,1000,104,0
pu_00002di,p_002956,s_p_002956_00014,2024-10-18T11:08:06.070Z,coins_medium,4.99,5500,121,0
pu_00002dj,p_002956,s_p_002956_00015,2024-10-19T08:51:38.940Z,starter_pack,1.99,2000,122,0
pu_00002dk,p_002956,s_p_002956_00015,2024-10-19T08:52:45.876Z,coins_small,0.99,1000,122,0
pu_00002dl,p_002956,s_p_002956_00019,2024-11-20T07:41:40.162Z,coins_small,0.99,1000,154,0
pu_00002dm,p_002956,s_p_002956_00020,2024-12-01T13:23:08.640Z,coins_small,0.99,1000,165,0
pu_00002dn,p_002956,s_p_002956_00021,2024-12-05T14:58:11.515Z,coins_small,0.99,1000,169,0
pu_00002do,p_002747,s_p_002747_00001,2024-02-19T21:55:04.730Z,starter_pack,1.99,2000,1,1
pu_00002dp,p_002747,s_p_002747_00001,2024-02-19T22:04:26.486Z,coins_medium,4.99,5500,1,0
pu_00002dq,p_002747,s_p_002747_00003,2024-02-20T18:36:44.227Z,coins_large,19.99,25000,2,0
pu_00002dr,p_002747,s_p_002747_00005,2024-02-23T08:33:12.066Z,coins_medium,4.99,5500,5,0
pu_00002ds,p_002747,s_p_002747_00005,2024-02-23T08:34:03.179Z,vip_monthly,9.99,10000,5,0
pu_00002dt,p_002747,s_p_002747_00005,2024-02-23T08:41:51.318Z,coins_large,19.99,25000,5,0
pu_00002du,p_002747,s_p_002747_00005,2024-02-23T08:36:05.382Z,vip_monthly,9.99,10000,5,0
pu_00002dv,p_002747,s_p_002747_00005,2024-02-23T08:36:16.196Z,vip_monthly,9.99,10000,5,0
pu_00002dw,p_002747,s_p_002747_00006,2024-02-24T15:10:28.542Z,coins_large,19.99,25000,6,0
pu_00002dx,p_002747,s_p_002747_00006,2024-02-24T15:01:23.466Z,vip_monthly,9.99,10000,6,0
pu_00002dy,p_002747,s_p_002747_00012,2024-03-01T08:22:08.494Z,coins_medium,4.99,5500,12,0
pu_00002dz,p_002747,s_p_002747_00014,2024-03-03T17:04:05.011Z,coins_large,19.99,25000,14,0
pu_00002e0,p_002747,s_p_002747_00020,2024-03-12T08:20:46.081Z,vip_monthly,9.99,10000,23,0
pu_00002e1,p_002747,s_p_002747_00022,2024-03-15T12:31:38.214Z,coins_large,19.99,25000,26,0
pu_00002e2,p_002747,s_p_002747_00023,2024-03-16T17:00:45.911Z,coins_large,19.99,25000,27,0
pu_00002e3,p_002747,s_p_002747_00024,2024-03-17T07:58:28.202Z,coins_medium,4.99,5500,28,0
pu_00002e4,p_002747,s_p_002747_00027,2024-03-18T13:59:38.152Z,coins_medium,4.99,5500,29,0
pu_00002e5,p_002747,s_p_002747_00033,2024-03-26T22:56:44.261Z,coins_medium,4.99,5500,37,0
pu_00002e6,p_002747,s_p_002747_00043,2024-04-07T19:17:55.793Z,coins_large,19.99,25000,49,0
pu_00002e7,p_002747,s_p_002747_00051,2024-04-19T16:16:54.810Z,coins_small,0.99,1000,61,0
pu_00002e8,p_002747,s_p_002747_00054,2024-04-22T16:50:02.607Z,coins_medium,4.99,5500,64,0
pu_00002e9,p_002747,s_p_002747_00054,2024-04-22T16:26:45.106Z,vip_monthly,9.99,10000,64,0
pu_00002ea,p_002747,s_p_002747_00061,2024-04-29T06:59:59.885Z,vip_monthly,9.99,10000,71,0
pu_00002eb,p_002747,s_p_002747_00062,2024-04-29T17:14:30.705Z,coins_large,19.99,25000,71,0
pu_00002ec,p_002747,s_p_002747_00070,2024-05-07T19:09:48.281Z,coins_small,0.99,1000,79,0
pu_00002ed,p_002747,s_p_002747_00071,2024-05-10T15:50:13.919Z,coins_small,0.99,1000,82,0
pu_00002ee,p_002747,s_p_002747_00076,2024-05-12T18:09:04.042Z,coins_small,0.99,1000,84,0
pu_00002ef,p_002747,s_p_002747_00082,2024-05-20T06:03:38.249Z,coins_large,19.99,25000,92,0
pu_00002eg,p_002747,s_p_002747_00094,2024-06-02T08:05:49.376Z,coins_large,19.99,25000,105,0
pu_00002eh,p_002747,s_p_002747_00101,2024-06-09T08:13:20.370Z,coins_large,19.99,25000,112,0
pu_00002ei,p_002747,s_p_002747_00102,2024-06-10T08:34:33.653Z,coins_large,19.99,25000,113,0
pu_00002ej,p_002747,s_p_002747_00107,2024-06-12T13:50:32.708Z,coins_medium,4.99,5500,115,0
pu_00002ek,p_002747,s_p_002747_00108,2024-06-13T15:52:19.384Z,coins_large,19.99,25000,116,0
pu_00002el,p_002747,s_p_002747_00112,2024-06-20T12:40:06.100Z,coins_small,0.99,1000,123,0
pu_00002em,p_002747,s_p_002747_00118,2024-06-30T10:21:35.234Z,coins_medium,4.99,5500,133,0
pu_00002en,p_002747,s_p_002747_00118,2024-06-30T10:38:34.176Z,coins_medium,4.99,5500,133,0
pu_00002eo,p_002747,s_p_002747_00119,2024-06-30T18:36:01.928Z,coins_large,19.99,25000,133,0
pu_00002ep,p_002747,s_p_002747_00120,2024-07-01T11:31:45.307Z,starter_pack,1.99,2000,134,0
pu_00002eq,p_002747,s_p_002747_00123,2024-07-06T11:43:10.815Z,vip_monthly,9.99,10000,139,0
pu_00002er,p_002747,s_p_002747_00140,2024-07-16T20:21:16.490Z,coins_large,19.99,25000,149,0
pu_00002es,p_002747,s_p_002747_00145,2024-07-22T10:35:56.637Z,coins_large,19.99,25000,155,0
pu_00002et,p_002747,s_p_002747_00150,2024-07-28T19:23:38.270Z,coins_medium,4.99,5500,161,0
pu_00002eu,p_002747,s_p_002747_00151,2024-07-31T07:21:26.826Z,coins_small,0.99,1000,164,0
pu_00002ev,p_002747,s_p_002747_00158,2024-08-13T07:46:41.104Z,vip_monthly,9.99,10000,177,0
pu_00002ew,p_002747,s_p_002747_00159,2024-08-13T21:22:44.295Z,coins_medium,4.99,5500,177,0
pu_00002ex,p_002747,s_p_002747_00159,2024-08-13T21:31:27.891Z,coins_small,0.99,1000,177,0
pu_00002ey,p_002747,s_p_002747_00159,2024-08-13T21:30:05.999Z,coins_large,19.99,25000,177,0
pu_00002ez,p_002747,s_p_002747_00160,2024-08-14T16:30:01.813Z,coins_large,19.99,25000,178,0
pu_00002f0,p_002747,s_p_002747_00166,2024-08-23T16:28:02.249Z,coins_small,0.99,1000,187,0
pu_00002f1,p_002747,s_p_002747_00168,2024-08-28T13:24:56.736Z,vip_monthly,9.99,10000,192,0
pu_00002f2,p_002747,s_p_002747_00178,2024-09-10T08:28:43.770Z,coins_small,0.99,1000,205,0
pu_00002f3,p_002747,s_p_002747_00195,2024-10-17T12:09:12.902Z,coins_small,0.99,1000,242,0
pu_00002f4,p_002747,s_p_002747_00196,2024-10-17T21:52:22.978Z,coins_large,19.99,25000,242,0
pu_00002f5,p_002941,s_p_002941_00001,2024-06-12T09:04:40.183Z,coins_small,0.99,1000,5,1
pu_00002f6,p_002941,s_p_002941_00004,2024-06-21T11:56:04.345Z,coins_small,0.99,1000,14,0
pu_00002f7,p_002941,s_p_002941_00006,2024-07-01T21:48:55.939Z,coins_small,0.99,1000,24,0
pu_00002f8,p_002941,s_p_002941_00007,2024-07-08T09:40:44.155Z,vip_monthly,9.99,10000,31,0
pu_00002f9,p_002941,s_p_002941_00007,2024-07-08T09:34:57.954Z,coins_small,0.99,1000,31,0
pu_00002fa,p_002941,s_p_002941_00009,2024-07-12T22:27:58.463Z,coins_small,0.99,1000,35,0
pu_00002fb,p_002941,s_p_002941_00009,2024-07-12T22:35:44.504Z,coins_small,0.99,1000,35,0
pu_00002fc,p_002941,s_p_002941_00014,2024-08-03T13:17:18.422Z,coins_small,0.99,1000,57,0
pu_00002fd,p_002941,s_p_002941_00015,2024-08-06T20:26:11.327Z,coins_small,0.99,1000,60,0
pu_00002fe,p_002941,s_p_002941_00015,2024-08-06T20:18:54.950Z,starter_pack,1.99,2000,60,0
pu_00002ff,p_002941,s_p_002941_00017,2024-08-07T17:26:11.182Z,coins_small,0.99,1000,61,0
pu_00002fg,p_002941,s_p_002941_00018,2024-08-09T07:24:01.046Z,coins_large,19.99,25000,63,0
pu_00002fh,p_002941,s_p_002941_00019,2024-08-12T12:24:03.369Z,starter_pack,1.99,2000,66,0
pu_00002fi,p_002941,s_p_002941_00019,2024-08-12T12:22:58.330Z,coins_medium,4.99,5500,66,0
pu_00002fj,p_002941,s_p_002941_00020,2024-08-13T07:12:51.305Z,coins_small,0.99,1000,67,0
pu_00002fk,p_002941,s_p_002941_00022,2024-08-20T06:15:14.762Z,coins_small,0.99,1000,74,0
pu_00002fl,p_002941,s_p_002941_00022,2024-08-20T06:24:14.054Z,starter_pack,1.99,2000,74,0
pu_00002fm,p_002941,s_p_002941_00023,2024-08-20T23:16:38.849Z,vip_monthly,9.99,10000,74,0
pu_00002fn,p_002941,s_p_002941_00023,2024-08-20T23:09:04.831Z,coins_small,0.99,1000,74,0
pu_00002fo,p_002941,s_p_002941_00024,2024-09-12T08:59:27.335Z,coins_small,0.99,1000,97,0
pu_00002fp,p_002809,s_p_002809_00001,2024-06-18T13:34:45.011Z,coins_large,19.99,25000,0,1
pu_00002fq,p_002809,s_p_002809_00001,2024-06-18T13:40:04.532Z,coins_medium,4.99,5500,0,0
pu_00002fr,p_002809,s_p_002809_00001,2024-06-18T13:40:17.861Z,starter_pack,1.99,2000,0,0
pu_00002fs,p_002809,s_p_002809_00002,2024-06-19T07:00:49.416Z,coins_large,19.99,25000,1,0
pu_00002ft,p_002809,s_p_002809_00003,2024-06-20T08:09:19.739Z,coins_medium,4.99,5500,2,0
pu_00002fu,p_002809,s_p_002809_00003,2024-06-20T08:08:11.498Z,coins_medium,4.99,5500,2,0
pu_00002fv,p_002809,s_p_002809_00003,2024-06-20T08:07:53.462Z,coins_small,0.99,1000,2,0
pu_00002fw,p_002809,s_p_002809_00004,2024-06-22T08:37:10.469Z,coins_medium,4.99,5500,4,0
pu_00002fx,p_002809,s_p_002809_00004,2024-06-22T08:38:11.605Z,coins_large,19.99,25000,4,0
pu_00002fy,p_002809,s_p_002809_00007,2024-06-26T16:43:54.995Z,coins_small,0.99,1000,8,0
pu_00002fz,p_002809,s_p_002809_00008,2024-06-28T21:30:45.814Z,coins_large,19.99,25000,10,0
pu_00002g0,p_002809,s_p_002809_00009,2024-07-01T10:43:06.632Z,coins_large,19.99,25000,13,0
pu_00002g1,p_002809,s_p_002809_00009,2024-07-01T11:05:59.132Z,coins_medium,4.99,5500,13,0
pu_00002g2,p_002809,s_p_002809_00016,2024-07-07T08:04:31.645Z,coins_large,19.99,25000,19,0
pu_00002g3,p_002809,s_p_002809_00019,2024-07-12T12:58:54.249Z,coins_large,19.99,25000,24,0
pu_00002g4,p_002809,s_p_002809_00020,2024-07-12T17:12:44.337Z,coins_medium,4.99,5500,24,0
pu_00002g5,p_002809,s_p_002809_00021,2024-07-19T10:19:54.840Z,coins_medium,4.99,5500,31,0
pu_00002g6,p_002809,s_p_002809_00023,2024-07-21T20:43:53.048Z,coins_large,19.99,25000,33,0
pu_00002g7,p_002809,s_p_002809_00023,2024-07-21T20:52:43.242Z,coins_medium,4.99,5500,33,0
pu_00002g8,p_002809,s_p_002809_00030,2024-08-02T16:50:36.648Z,coins_large,19.99,25000,45,0
pu_00002g9,p_002809,s_p_002809_00030,2024-08-02T16:41:58.826Z,starter_pack,1.99,2000,45,0
pu_00002ga,p_002809,s_p_002809_00033,2024-08-07T08:04:59.988Z,coins_medium,4.99,5500,50,0
pu_00002gb,p_002809,s_p_002809_00041,2024-08-19T18:38:03.558Z,vip_monthly,9.99,10000,62,0
pu_00002gc,p_002809,s_p_002809_00042,2024-08-22T10:50:03.335Z,vip_monthly,9.99,10000,65,0
pu_00002gd,p_002809,s_p_002809_00043,2024-08-25T06:28:38.665Z,coins_medium,4.99,5500,68,0
pu_00002ge,p_002809,s_p_002809_00044,2024-08-28T16:35:11.958Z,coins_medium,4.99,5500,71,0
pu_00002gf,p_002809,s_p_002809_00047,2024-08-29T20:57:00.544Z,coins_medium,4.99,5500,72,0
pu_00002gg,p_002809,s_p_002809_00053,2024-09-04T07:42:11.107Z,coins_large,19.99,25000,78,0
pu_00002gh,p_002809,s_p_002809_00056,2024-09-07T14:00:49.198Z,coins_small,0.99,1000,81,0
pu_00002gi,p_002809,s_p_002809_00058,2024-09-08T14:36:57.470Z,coins_large,19.99,25000,82,0
pu_00002gj,p_002809,s_p_002809_00058,2024-09-08T14:37:34.152Z,coins_small,0.99,1000,82,0
pu_00002gk,p_002809,s_p_002809_00071,2024-10-04T17:43:56.243Z,coins_large,19.99,25000,108,0
pu_00002gl,p_002809,s_p_002809_00082,2024-10-14T14:34:31.724Z,coins_medium,4.99,5500,118,0
pu_00002gm,p_002809,s_p_002809_00082,2024-10-14T14:38:16.039Z,coins_large,19.99,25000,118,0
pu_00002gn,p_002809,s_p_002809_00084,2024-10-17T21:41:57.359Z,starter_pack,1.99,2000,121,0
pu_00002go,p_002809,s_p_002809_00084,2024-10-17T21:43:21.093Z,vip_monthly,9.99,10000,121,0
pu_00002gp,p_002809,s_p_002809_00086,2024-10-20T21:53:32.209Z,coins_large,19.99,25000,124,0
pu_00002gq,p_002809,s_p_002809_00089,2024-10-23T17:05:09.982Z,coins_large,19.99,25000,127,0
pu_00002gr,p_002809,s_p_002809_00089,2024-10-23T16:50:19.040Z,coins_medium,4.99,5500,127,0
pu_00002gs,p_002809,s_p_002809_00091,2024-10-25T14:42:31.560Z,coins_medium,4.99,5500,129,0
pu_00002gt,p_002809,s_p_002809_00091,2024-10-25T14:47:54.047Z,coins_medium,4.99,5500,129,0
pu_00002gu,p_002809,s_p_002809_00094,2024-10-31T15:36:37.757Z,coins_small,0.99,1000,135,0
pu_00002gv,p_002809,s_p_002809_00096,2024-11-02T13:31:11.906Z,starter_pack,1.99,2000,137,0
pu_00002gw,p_002809,s_p_002809_00098,2024-11-03T14:54:17.754Z,coins_large,19.99,25000,138,0
pu_00002gx,p_002809,s_p_002809_00106,2024-11-13T19:45:09.925Z,coins_large,19.99,25000,148,0
pu_00002gy,p_002809,s_p_002809_00108,2024-11-16T18:53:43.894Z,vip_monthly,9.99,10000,151,0
pu_00002gz,p_002809,s_p_002809_00110,2024-11-18T09:18:20.812Z,coins_large,19.99,25000,153,0
pu_00002h0,p_002809,s_p_002809_00113,2024-11-23T22:07:43.971Z,coins_large,19.99,25000,158,0
pu_00002h1,p_002809,s_p_002809_00115,2024-11-25T12:26:40.108Z,coins_medium,4.99,5500,160,0
pu_00002h2,p_002809,s_p_002809_00121,2024-12-08T14:13:40.112Z,vip_monthly,9.99,10000,173,0
pu_00002h3,p_002809,s_p_002809_00121,2024-12-08T14:13:50.384Z,coins_medium,4.99,5500,173,0
pu_00002h4,p_002809,s_p_002809_00122,2024-12-09T19:16:29.600Z,coins_large,19.99,25000,174,0
pu_00002h5,p_002809,s_p_002809_00123,2024-12-10T15:21:05.770Z,vip_monthly,9.99,10000,175,0
pu_00002h6,p_002809,s_p_002809_00129,2024-12-21T06:33:44.484Z,coins_large,19.99,25000,186,0
pu_00002h7,p_002809,s_p_002809_00129,2024-12-21T06:23:41.125Z,vip_monthly,9.99,10000,186,0
pu_00002h8,p_002809,s_p_002809_00132,2024-12-23T08:49:27.061Z,coins_medium,4.99,5500,188,0
pu_00002h9,p_002809,s_p_002809_00132,2024-12-23T08:50:26.277Z,starter_pack,1.99,2000,188,0
pu_00002ha,p_002809,s_p_002809_00133,2024-12-23T20:07:30.247Z,coins_large,19.99,25000,188,0
pu_00002hb,p_002820,s_p_002820_00001,2024-03-02T11:31:39.344Z,coins_large,19.99,25000,0,1
pu_00002hc,p_002820,s_p_002820_00001,2024-03-02T11:41:15.688Z,coins_medium,4.99,5500,0,0
pu_00002hd,p_002820,s_p_002820_00002,2024-03-04T11:31:54.735Z,coins_large,19.99,25000,2,0
pu_00002he,p_002820,s_p_002820_00002,2024-03-04T11:36:01.867Z,vip_monthly,9.99,10000,2,0
pu_00002hf,p_002820,s_p_002820_00002,2024-03-04T11:31:07.145Z,vip_monthly,9.99,10000,2,0
pu_00002hg,p_002820,s_p_002820_00002,2024-03-04T11:28:18.820Z,coins_medium,4.99,5500,2,0
pu_00002hh,p_002820,s_p_002820_00002,2024-03-04T11:27:32.214Z,starter_pack,1.99,2000,2,0
pu_00002hi,p_002820,s_p_002820_00003,2024-03-04T15:46:03.434Z,coins_medium,4.99,5500,2,0
pu_00002hj,p_002820,s_p_002820_00004,2024-03-05T09:55:12.810Z,coins_large,19.99,25000,3,0
pu_00002hk,p_002820,s_p_002820_00004,2024-03-05T09:56:54.208Z,coins_medium,4.99,5500,3,0
pu_00002hl,p_002820,s_p_002820_00005,2024-03-05T12:11:58.886Z,coins_large,19.99,25000,3,0
pu_00002hm,p_002820,s_p_002820_00005,2024-03-05T12:06:14.307Z,coins_large,19.99,25000,3,0
pu_00002hn,p_002820,s_p_002820_00006,2024-03-05T21:01:46.221Z,coins_medium,4.99,5500,3,0
pu_00002ho,p_002820,s_p_002820_00006,2024-03-05T20:48:00.509Z,coins_small,0.99,1000,3,0
pu_00002hp,p_002820,s_p_002820_00009,2024-03-09T16:52:44.399Z,coins_small,0.99,1000,7,0
pu_00002hq,p_002820,s_p_002820_00015,2024-03-18T18:24:21.237Z,coins_medium,4.99,5500,16,0
pu_00002hr,p_002820,s_p_002820_00017,2024-03-21T17:26:03.320Z,coins_large,19.99,25000,19,0
pu_00002hs,p_002820,s_p_002820_00018,2024-03-22T11:56:05.945Z,vip_monthly,9.99,10000,20,0
pu_00002ht,p_002820,s_p_002820_00021,2024-03-25T12:22:40.806Z,coins_large,19.99,25000,23,0
pu_00002hu,p_002820,s_p_002820_00022,2024-03-26T09:31:32.185Z,coins_medium,4.99,5500,24,0
pu_00002hv,p_002820,s_p_002820_00022,2024-03-26T09:53:28.393Z,vip_monthly,9.99,10000,24,0
pu_00002hw,p_002820,s_p_002820_00023,2024-03-28T20:53:09.889Z,coins_small,0.99,1000,26,0
pu_00002hx,p_002820,s_p_002820_00028,2024-04-01T17:22:51.284Z,coins_medium,4.99,5500,30,0
pu_00002hy,p_002820,s_p_002820_00032,2024-04-08T21:45:00.509Z,coins_large,19.99,25000,37,0
pu_00002hz,p_002820,s_p_002820_00033,2024-04-09T11:28:57.844Z,coins_large,19.99,25000,38,0
pu_00002i0,p_002820,s_p_002820_00037,2024-04-11T22:45:33.120Z,coins_large,19.99,25000,40,0
pu_00002i1,p_002820,s_p_002820_00048,2024-04-30T17:27:53.783Z,coins_large,19.99,25000,59,0
pu_00002i2,p_002820,s_p_002820_00050,2024-05-02T10:31:20.531Z,coins_large,19.99,25000,61,0
pu_00002i3,p_002820,s_p_002820_00058,2024-05-09T07:48:36.277Z,coins_large,19.99,25000,68,0
pu_00002i4,p_002820,s_p_002820_00063,2024-05-11T19:14:25.026Z,coins_large,19.99,25000,70,0
pu_00002i5,p_002820,s_p_002820_00065,2024-05-14T06:16:37.160Z,coins_small,0.99,1000,73,0
pu_00002i6,p_002820,s_p_002820_00066,2024-05-15T10:23:09.048Z,coins_large,19.99,25000,74,0
pu_00002i7,p_002820,s_p_002820_00068,2024-05-17T23:12:56.662Z,coins_medium,4.99,5500,76,0
pu_00002i8,p_002820,s_p_002820_00070,2024-05-25T09:12:17.016Z,coins_medium,4.99,5500,84,0
pu_00002i9,p_002820,s_p_002820_00071,2024-05-25T12:30:38.548Z,starter_pack,1.99,2000,84,0
pu_00002ia,p_002820,s_p_002820_00072,2024-05-25T18:28:58.793Z,coins_medium,4.99,5500,84,0
pu_00002ib,p_002820,s_p_002820_00072,2024-05-25T18:20:33.045Z,coins_medium,4.99,5500,84,0
pu_00002ic,p_002820,s_p_002820_00072,2024-05-25T18:32:40.578Z,coins_medium,4.99,5500,84,0
pu_00002id,p_002820,s_p_002820_00075,2024-05-30T09:53:11.858Z,coins_medium,4.99,5500,89,0
pu_00002ie,p_002820,s_p_002820_00081,2024-06-09T14:09:19.981Z,coins_large,19.99,25000,99,0
pu_00002if,p_002820,s_p_002820_00085,2024-06-11T16:08:54.312Z,coins_medium,4.99,5500,101,0
pu_00002ig,p_002820,s_p_002820_00088,2024-06-15T23:31:56.628Z,coins_large,19.99,25000,105,0
pu_00002ih,p_002820,s_p_002820_00090,2024-06-17T07:05:15.482Z,coins_large,19.99,25000,107,0
pu_00002ii,p_002820,s_p_002820_00093,2024-06-19T07:07:43.202Z,coins_large,19.99,25000,109,0
pu_00002ij,p_002820,s_p_002820_00094,2024-06-19T09:36:24.542Z,vip_monthly,9.99,10000,109,0
pu_00002ik,p_002820,s_p_002820_00096,2024-06-21T14:02:38.888Z,coins_medium,4.99,5500,111,0
pu_00002il,p_002820,s_p_002820_00097,2024-06-23T13:48:02.038Z,vip_monthly,9.99,10000,113,0
pu_00002im,p_002820,s_p_002820_00097,2024-06-23T13:40:09.442Z,vip_monthly,9.99,10000,113,0
pu_00002in,p_002820,s_p_002820_00100,2024-06-26T10:03:39.616Z,coins_medium,4.99,5500,116,0
pu_00002io,p_002820,s_p_002820_00105,2024-07-06T06:16:33.272Z,coins_medium,4.99,5500,126,0
pu_00002ip,p_002820,s_p_002820_00106,2024-07-10T12:40:49.995Z,vip_monthly,9.99,10000,130,0
pu_00002iq,p_002820,s_p_002820_00110,2024-07-21T06:41:07.413Z,coins_large,19.99,25000,141,0
pu_00002ir,p_002820,s_p_002820_00112,2024-07-22T16:12:48.215Z,coins_medium,4.99,5500,142,0
pu_00002is,p_002820,s_p_002820_00114,2024-07-29T15:38:58.046Z,starter_pack,1.99,2000,149,0
pu_00002it,p_002820,s_p_002820_00121,2024-08-12T23:00:27.660Z,vip_monthly,9.99,10000,163,0
pu_00002iu,p_002820,s_p_002820_00127,2024-08-20T15:37:14.345Z,coins_large,19.99,25000,171,0
pu_00002iv,p_002820,s_p_002820_00134,2024-08-26T12:38:00.158Z,starter_pack,1.99,2000,177,0
pu_00002iw,p_002820,s_p_002820_00135,2024-08-27T13:06:11.383Z,coins_large,19.99,25000,178,0
pu_00002ix,p_002820,s_p_002820_00137,2024-08-28T21:46:15.686Z,coins_medium,4.99,5500,179,0
pu_00002iy,p_002820,s_p_002820_00138,2024-09-01T09:12:38.270Z,coins_medium,4.99,5500,183,0
pu_00002iz,p_002820,s_p_002820_00140,2024-09-05T20:46:50.022Z,vip_monthly,9.99,10000,187,0
pu_00002j0,p_002820,s_p_002820_00142,2024-09-07T12:31:13.727Z,coins_large,19.99,25000,189,0
pu_00002j1,p_002820,s_p_002820_00154,2024-09-19T23:06:41.652Z,coins_small,0.99,1000,201,0
pu_00002j2,p_002820,s_p_002820_00157,2024-09-27T12:42:00.373Z,coins_medium,4.99,5500,209,0
pu_00002j3,p_002820,s_p_002820_00158,2024-09-27T22:41:46.976Z,coins_medium,4.99,5500,209,0
pu_00002j4,p_002820,s_p_002820_00159,2024-10-01T11:41:12.716Z,coins_medium,4.99,5500,213,0
pu_00002j5,p_002820,s_p_002820_00160,2024-10-02T12:19:23.768Z,coins_large,19.99,25000,214,0
pu_00002j6,p_002820,s_p_002820_00165,2024-10-07T14:05:25.483Z,coins_medium,4.99,5500,219,0
pu_00002j7,p_002820,s_p_002820_00170,2024-10-16T20:07:31.685Z,coins_medium,4.99,5500,228,0
pu_00002j8,p_002820,s_p_002820_00174,2024-10-26T07:26:24.308Z,coins_large,19.99,25000,238,0
pu_00002j9,p_002820,s_p_002820_00180,2024-11-07T22:56:14.837Z,coins_large,19.99,25000,250,0
pu_00002ja,p_002820,s_p_002820_00184,2024-11-11T08:39:24.248Z,coins_large,19.99,25000,254,0
pu_00002jb,p_002820,s_p_002820_00191,2024-11-19T09:44:23.874Z,coins_large,19.99,25000,262,0
pu_00002jc,p_002820,s_p_002820_00193,2024-11-21T17:40:13.702Z,coins_small,0.99,1000,264,0
pu_00002jd,p_002820,s_p_002820_00194,2024-11-23T21:18:11.419Z,coins_small,0.99,1000,266,0
pu_00002je,p_002820,s_p_002820_00200,2024-12-18T06:56:51.666Z,coins_large,19.99,25000,291,0
pu_00002jf,p_001875,s_p_001875_00003,2024-06-15T16:21:10.579Z,coins_small,0.99,1000,2,1
pu_00002jg,p_001875,s_p_001875_00006,2024-06-21T06:33:37.538Z,coins_small,0.99,1000,8,0
pu_00002jh,p_002935,s_p_002935_00001,2024-06-02T20:46:16.801Z,starter_pack,1.99,2000,0,1
pu_00002ji,p_002935,s_p_002935_00002,2024-06-03T14:41:50.123Z,coins_small,0.99,1000,1,0
pu_00002jj,p_002935,s_p_002935_00003,2024-06-05T13:46:38.224Z,coins_medium,4.99,5500,3,0
pu_00002jk,p_002935,s_p_002935_00005,2024-06-09T21:21:34.481Z,coins_small,0.99,1000,7,0
pu_00002jl,p_002935,s_p_002935_00005,2024-06-09T21:21:58.054Z,coins_small,0.99,1000,7,0
pu_00002jm,p_002935,s_p_002935_00005,2024-06-09T21:31:22.488Z,coins_small,0.99,1000,7,0
pu_00002jn,p_002935,s_p_002935_00005,2024-06-09T21:22:02.495Z,coins_small,0.99,1000,7,0
pu_00002jo,p_002935,s_p_002935_00005,2024-06-09T21:29:08.480Z,coins_small,0.99,1000,7,0
pu_00002jp,p_002935,s_p_002935_00006,2024-06-21T11:15:03.249Z,coins_small,0.99,1000,19,0
pu_00002jq,p_002935,s_p_002935_00007,2024-06-21T20:05:23.137Z,coins_small,0.99,1000,19,0
pu_00002jr,p_002935,s_p_002935_00009,2024-07-08T17:43:29.294Z,coins_small,0.99,1000,36,0
pu_00002js,p_002935,s_p_002935_00009,2024-07-08T17:45:25.970Z,coins_medium,4.99,5500,36,0
pu_00002jt,p_002935,s_p_002935_00009,2024-07-08T17:46:14.276Z,coins_medium,4.99,5500,36,0
pu_00002ju,p_002935,s_p_002935_00012,2024-08-05T09:06:37.055Z,coins_small,0.99,1000,64,0
pu_00002jv,p_002811,s_p_002811_00001,2024-02-03T12:22:42.746Z,starter_pack,1.99,2000,0,1
pu_00002jw,p_002811,s_p_002811_00001,2024-02-03T12:15:19.259Z,coins_medium,4.99,5500,0,0
pu_00002jx,p_002811,s_p_002811_00002,2024-02-03T13:54:40.895Z,starter_pack,1.99,2000,0,0
pu_00002jy,p_002811,s_p_002811_00002,2024-02-03T13:54:20.840Z,coins_large,19.99,25000,0,0
pu_00002jz,p_002811,s_p_002811_00003,2024-02-04T20:10:16.548Z,coins_medium,4.99,5500,1,0
pu_00002k0,p_002811,s_p_002811_00003,2024-02-04T20:20:50.817Z,coins_large,19.99,25000,1,0
pu_00002k1,p_002811,s_p_002811_00003,2024-02-04T20:17:45.048Z,coins_medium,4.99,5500,1,0
pu_00002k2,p_002811,s_p_002811_00004,2024-02-05T16:23:22.175Z,coins_large,19.99,25000,2,0
pu_00002k3,p_002811,s_p_002811_00005,2024-02-05T18:52:34.180Z,coins_medium,4.99,5500,2,0
pu_00002k4,p_002811,s_p_002811_00005,2024-02-05T18:58:07.631Z,coins_large,19.99,25000,2,0
pu_00002k5,p_002811,s_p_002811_00005,2024-02-05T18:53:24.116Z,vip_monthly,9.99,10000,2,0
pu_00002k6,p_002811,s_p_002811_00005,2024-02-05T18:52:18.191Z,vip_monthly,9.99,10000,2,0
pu_00002k7,p_002811,s_p_002811_00005,2024-02-05T18:49:27.786Z,coins_small,0.99,1000,2,0
pu_00002k8,p_002811,s_p_002811_00005,2024-02-05T18:58:14.507Z,vip_monthly,9.99,10000,2,0
pu_00002k9,p_002811,s_p_002811_00006,2024-02-06T09:33:52.894Z,coins_large,19.99,25000,3,0
pu_00002ka,p_002811,s_p_002811_00006,2024-02-06T09:42:03.794Z,coins_medium,4.99,5500,3,0
pu_00002kb,p_002811,s_p_002811_00006,2024-02-06T09:27:01.101Z,coins_medium,4.99,5500,3,0
pu_00002kc,p_002811,s_p_002811_00006,2024-02-06T09:37:03.569Z,coins_medium,4.99,5500,3,0
pu_00002kd,p_002811,s_p_002811_00009,2024-02-09T08:19:47.030Z,coins_large,19.99,25000,6,0
pu_00002ke,p_002811,s_p_002811_00012,2024-02-20T20:21:28.468Z,coins_small,0.99,1000,17,0
pu_00002kf,p_002811,s_p_002811_00012,2024-02-20T20:02:43.339Z,coins_large,19.99,25000,17,0
pu_00002kg,p_002811,s_p_002811_00014,2024-02-24T21:07:27.861Z,coins_large,19.99,25000,21,0
pu_00002kh,p_002811,s_p_002811_00017,2024-02-28T18:50:37.344Z,coins_medium,4.99,5500,25,0
pu_00002ki,p_002811,s_p_002811_00018,2024-02-28T20:47:52.616Z,coins_large,19.99,25000,25,0
pu_00002kj,p_002811,s_p_002811_00021,2024-03-01T21:18:52.054Z,coins_large,19.99,25000,27,0
pu_00002kk,p_002811,s_p_002811_00024,2024-03-03T22:56:38.738Z,coins_large,19.99,25000,29,0
pu_00002kl,p_002811,s_p_002811_00026,2024-03-04T15:51:12.082Z,coins_medium,4.99,5500,30,0
pu_00002km,p_002811,s_p_002811_00029,2024-03-10T14:18:55.444Z,coins_large,19.99,25000,36,0
pu_00002kn,p_002811,s_p_002811_00034,2024-03-15T07:53:03.545Z,coins_medium,4.99,5500,41,0
pu_00002ko,p_002811,s_p_002811_00038,2024-03-23T08:13:49.182Z,vip_monthly,9.99,10000,49,0
pu_00002kp,p_002811,s_p_002811_00038,2024-03-23T08:14:01.033Z,coins_medium,4.99,5500,49,0
pu_00002kq,p_002811,s_p_002811_00038,2024-03-23T08:17:51.252Z,coins_large,19.99,25000,49,0
pu_00002kr,p_002811,s_p_002811_00044,2024-03-28T22:28:01.706Z,coins_medium,4.99,5500,54,0
pu_00002ks,p_002811,s_p_002811_00049,2024-04-05T17:08:07.830Z,starter_pack,1.99,2000,62,0
pu_00002kt,p_002811,s_p_002811_00052,2024-04-11T07:35:07.100Z,coins_large,19.99,25000,68,0
pu_00002ku,p_002811,s_p_002811_00055,2024-04-14T10:04:18.994Z,vip_monthly,9.99,10000,71,0
pu_00002kv,p_002811,s_p_002811_00055,2024-04-14T10:00:35.575Z,vip_monthly,9.99,10000,71,0
pu_00002kw,p_002811,s_p_002811_00058,2024-04-15T14:00:14.966Z,coins_large,19.99,25000,72,0
pu_00002kx,p_002811,s_p_002811_00067,2024-04-28T13:17:56.943Z,coins_small,0.99,1000,85,0
pu_00002ky,p_002811,s_p_002811_00071,2024-05-06T22:34:16.756Z,vip_monthly,9.99,10000,93,0
pu_00002kz,p_002811,s_p_002811_00072,2024-05-07T10:25:18.162Z,coins_large,19.99,25000,94,0
pu_00002l0,p_002811,s_p_002811_00075,2024-05-12T19:41:32.286Z,coins_large,19.99,25000,99,0
pu_00002l1,p_002811,s_p_002811_00076,2024-05-15T11:39:11.104Z,vip_monthly,9.99,10000,102,0
pu_00002l2,p_002811,s_p_002811_00077,2024-05-15T15:18:49.398Z,coins_small,0.99,1000,102,0
pu_00002l3,p_002811,s_p_002811_00081,2024-05-21T22:23:01.379Z,vip_monthly,9.99,10000,108,0
pu_00002l4,p_002811,s_p_002811_00084,2024-05-24T07:50:38.636Z,coins_small,0.99,1000,111,0
pu_00002l5,p_002811,s_p_002811_00088,2024-05-25T22:55:45.489Z,coins_large,19.99,25000,112,0
pu_00002l6,p_002811,s_p_002811_00088,2024-05-25T22:56:10.864Z,vip_monthly,9.99,10000,112,0
pu_00002l7,p_002811,s_p_002811_00090,2024-05-28T20:08:11.653Z,coins_medium,4.99,5500,115,0
pu_00002l8,p_002811,s_p_002811_00093,2024-06-02T22:16:21.628Z,vip_monthly,9.99,10000,120,0
pu_00002l9,p_002811,s_p_002811_00094,2024-06-03T23:59:13.762Z,coins_medium,4.99,5500,121,0
pu_00002la,p_002811,s_p_002811_00099,2024-06-07T13:54:43.123Z,coins_medium,4.99,5500,125,0
pu_00002lb,p_002811,s_p_002811_00099,2024-06-07T14:14:43.566Z,coins_medium,4.99,5500,125,0
pu_00002lc,p_002811,s_p_002811_00100,2024-06-09T13:47:57.430Z,coins_small,0.99,1000,127,0
pu_00002ld,p_002811,s_p_002811_00107,2024-06-16T18:29:42.030Z,coins_small,0.99,1000,134,0
pu_00002le,p_002811,s_p_002811_00109,2024-06-17T15:48:33.832Z,coins_medium,4.99,5500,135,0
pu_00002lf,p_002811,s_p_002811_00113,2024-06-28T19:06:46.729Z,vip_monthly,9.99,10000,146,0
pu_00002lg,p_002811,s_p_002811_00113,2024-06-28T19:02:23.083Z,coins_large,19.99,25000,146,0
pu_00002lh,p_002811,s_p_002811_00116,2024-06-29T17:40:44.861Z,coins_medium,4.99,5500,147,0
pu_00002li,p_002811,s_p_002811_00117,2024-07-03T21:25:46.513Z,coins_medium,4.99,5500,151,0
pu_00002lj,p_002811,s_p_002811_00122,2024-07-12T07:58:20.795Z,coins_small,0.99,1000,160,0
pu_00002lk,p_002811,s_p_002811_00128,2024-07-17T22:45:56.727Z,coins_large,19.99,25000,165,0
pu_00002ll,p_002811,s_p_002811_00133,2024-07-24T19:05:31.727Z,starter_pack,1.99,2000,172,0
pu_00002lm,p_002811,s_p_002811_00133,2024-07-24T19:05:41.926Z,vip_monthly,9.99,10000,172,0
pu_00002ln,p_002811,s_p_002811_00142,2024-07-29T11:53:47.114Z,coins_medium,4.99,5500,177,0
pu_00002lo,p_002811,s_p_002811_00143,2024-08-03T21:39:49.254Z,coins_large,19.99,25000,182,0
pu_00002lp,p_002811,s_p_002811_00144,2024-08-06T19:25:12.552Z,coins_medium,4.99,5500,185,0
pu_00002lq,p_002811,s_p_002811_00145,2024-08-07T17:51:15.265Z,coins_large,19.99,25000,186,0
pu_00002lr,p_002811,s_p_002811_00146,2024-08-08T11:12:37.962Z,coins_medium,4.99,5500,187,0
pu_00002ls,p_002811,s_p_002811_00147,2024-08-09T20:46:20.706Z,starter_pack,1.99,2000,188,0
pu_00002lt,p_002811,s_p_002811_00147,2024-08-09T21:17:03.853Z,coins_medium,4.99,5500,188,0
pu_00002lu,p_002811,s_p_002811_00149,2024-08-12T09:47:44.312Z,coins_medium,4.99,5500,191,0
pu_00002lv,p_002811,s_p_002811_00150,2024-08-12T15:38:37.370Z,coins_large,19.99,25000,191,0
pu_00002lw,p_002811,s_p_002811_00152,2024-08-13T13:55:37.571Z,coins_large,19.99,25000,192,0
pu_00002lx,p_002811,s_p_002811_00153,2024-08-15T11:51:31.452Z,coins_large,19.99,25000,194,0
pu_00002ly,p_002811,s_p_002811_00155,2024-08-17T09:57:59.483Z,starter_pack,1.99,2000,196,0
pu_00002lz,p_002811,s_p_002811_00162,2024-09-02T09:18:13.667Z,coins_medium,4.99,5500,212,0
pu_00002m0,p_002811,s_p_002811_00171,2024-09-14T15:27:01.335Z,vip_monthly,9.99,10000,224,0
pu_00002m1,p_002811,s_p_002811_00174,2024-09-16T11:41:07.828Z,coins_large,19.99,25000,226,0
pu_00002m2,p_002811,s_p_002811_00176,2024-09-18T11:30:12.214Z,coins_medium,4.99,5500,228,0
pu_00002m3,p_002811,s_p_002811_00178,2024-09-21T14:12:47.955Z,coins_medium,4.99,5500,231,0
pu_00002m4,p_002811,s_p_002811_00178,2024-09-21T14:15:02.738Z,coins_medium,4.99,5500,231,0
pu_00002m5,p_002811,s_p_002811_00179,2024-09-25T15:18:18.973Z,starter_pack,1.99,2000,235,0
pu_00002m6,p_002811,s_p_002811_00179,2024-09-25T15:15:31.200Z,coins_large,19.99,25000,235,0
pu_00002m7,p_002811,s_p_002811_00183,2024-09-29T07:30:46.271Z,coins_large,19.99,25000,239,0
pu_00002m8,p_002811,s_p_002811_00183,2024-09-29T07:39:43.043Z,coins_medium,4.99,5500,239,0
pu_00002m9,p_002811,s_p_002811_00184,2024-10-01T22:29:10.493Z,coins_large,19.99,25000,241,0
pu_00002ma,p_002811,s_p_002811_00186,2024-10-04T12:00:35.788Z,coins_large,19.99,25000,244,0
pu_00002mb,p_001828,s_p_001828_00005,2024-11-29T15:56:42.969Z,coins_medium,4.99,5500,4,1
pu_00002mc,p_001828,s_p_001828_00008,2024-12-03T09:57:22.366Z,coins_small,0.99,1000,8,0
pu_00002md,p_001828,s_p_001828_00010,2024-12-04T21:03:38.688Z,coins_medium,4.99,5500,9,0
pu_00002me,p_001828,s_p_001828_00013,2024-12-07T12:19:03.592Z,coins_small,0.99,1000,12,0
pu_00002mf,p_001828,s_p_001828_00013,2024-12-07T12:19:26.698Z,coins_small,0.99,1000,12,0
pu_00002mg,p_001828,s_p_001828_00015,2024-12-13T14:15:22.804Z,coins_small,0.99,1000,18,0
pu_00002mh,p_002911,s_p_002911_00003,2024-05-16T18:33:14.660Z,starter_pack,1.99,2000,4,1
pu_00002mi,p_002911,s_p_002911_00003,2024-05-16T18:31:14.139Z,coins_small,0.99,1000,4,0
pu_00002mj,p_002911,s_p_002911_00004,2024-05-18T22:49:26.760Z,coins_small,0.99,1000,6,0
pu_00002mk,p_002911,s_p_002911_00005,2024-05-21T23:17:05.824Z,coins_medium,4.99,5500,9,0
pu_00002ml,p_002911,s_p_002911_00006,2024-06-07T20:18:59.783Z,coins_medium,4.99,5500,26,0
pu_00002mm,p_002911,s_p_002911_00007,2024-06-27T10:03:21.695Z,coins_small,0.99,1000,46,0
pu_00002mn,p_002911,s_p_002911_00007,2024-06-27T10:08:15.476Z,starter_pack,1.99,2000,46,0
pu_00002mo,p_002911,s_p_002911_00010,2024-07-02T18:00:01.767Z,vip_monthly,9.99,10000,51,0
pu_00002mp,p_002911,s_p_002911_00010,2024-07-02T18:04:20.016Z,coins_small,0.99,1000,51,0
pu_00002mq,p_002911,s_p_002911_00011,2024-07-05T21:09:12.179Z,coins_small,0.99,1000,54,0
pu_00002mr,p_002911,s_p_002911_00014,2024-07-10T12:40:17.618Z,coins_small,0.99,1000,59,0
pu_00002ms,p_002911,s_p_002911_00015,2024-07-18T12:59:46.757Z,coins_medium,4.99,5500,67,0
pu_00002mt,p_002911,s_p_002911_00018,2024-08-20T14:46:53.591Z,coins_small,0.99,1000,100,0
pu_00002mu,p_002757,s_p_002757_00001,2024-07-18T12:31:08.672Z,coins_small,0.99,1000,2,1
pu_00002mv,p_002757,s_p_002757_00001,2024-07-18T12:38:11.096Z,coins_small,0.99,1000,2,0
pu_00002mw,p_002757,s_p_002757_00001,2024-07-18T12:35:29.257Z,starter_pack,1.99,2000,2,0
pu_00002mx,p_002757,s_p_002757_00001,2024-07-18T12:46:02.810Z,coins_large,19.99,25000,2,0
pu_00002my,p_002757,s_p_002757_00001,2024-07-18T12:34:14.243Z,coins_large,19.99,25000,2,0
pu_00002mz,p_002757,s_p_002757_00001,2024-07-18T12:34:32.287Z,coins_large,19.99,25000,2,0
pu_00002n0,p_002757,s_p_002757_00002,2024-07-18T16:53:50.346Z,vip_monthly,9.99,10000,2,0
pu_00002n1,p_002757,s_p_002757_00003,2024-07-19T10:22:47.646Z,coins_medium,4.99,5500,3,0
pu_00002n2,p_002757,s_p_002757_00005,2024-07-22T06:15:31.934Z,vip_monthly,9.99,10000,6,0
pu_00002n3,p_002757,s_p_002757_00006,2024-07-23T16:15:36.130Z,coins_large,19.99,25000,7,0
pu_00002n4,p_002757,s_p_002757_00006,2024-07-23T16:18:20.746Z,coins_medium,4.99,5500,7,0
pu_00002n5,p_002757,s_p_002757_00006,2024-07-23T16:21:55.393Z,starter_pack,1.99,2000,7,0
pu_00002n6,p_002757,s_p_002757_00008,2024-07-27T10:29:45.168Z,coins_medium,4.99,5500,11,0
pu_00002n7,p_002757,s_p_002757_00009,2024-07-27T12:08:26.594Z,coins_large,19.99,25000,11,0
pu_00002n8,p_002757,s_p_002757_00010,2024-07-27T16:06:39.259Z,coins_small,0.99,1000,11,0
pu_00002n9,p_002757,s_p_002757_00011,2024-07-31T08:02:48.090Z,coins_large,19.99,25000,15,0
pu_00002na,p_002757,s_p_002757_00013,2024-08-02T12:35:07.936Z,coins_medium,4.99,5500,17,0
pu_00002nb,p_002757,s_p_002757_00014,2024-08-02T19:28:02.320Z,coins_medium,4.99,5500,17,0
pu_00002nc,p_002757,s_p_002757_00015,2024-08-03T17:25:07.803Z,coins_small,0.99,1000,18,0
pu_00002nd,p_002757,s_p_002757_00016,2024-08-04T07:56:31.709Z,coins_large,19.99,25000,19,0
pu_00002ne,p_002757,s_p_002757_00017,2024-08-05T16:56:20.154Z,coins_large,19.99,25000,20,0
pu_00002nf,p_002757,s_p_002757_00017,2024-08-05T16:53:52.686Z,coins_medium,4.99,5500,20,0
pu_00002ng,p_002757,s_p_002757_00020,2024-08-12T20:20:11.976Z,coins_medium,4.99,5500,27,0
pu_00002nh,p_002757,s_p_002757_00020,2024-08-12T20:24:45.560Z,vip_monthly,9.99,10000,27,0
pu_00002ni,p_002757,s_p_002757_00020,2024-08-12T20:24:53.468Z,coins_large,19.99,25000,27,0
pu_00002nj,p_002757,s_p_002757_00025,2024-08-22T16:05:24.737Z,coins_large,19.99,25000,37,0
pu_00002nk,p_002757,s_p_002757_00026,2024-08-22T17:44:18.109Z,vip_monthly,9.99,10000,37,0
pu_00002nl,p_002757,s_p_002757_00029,2024-08-27T20:59:49.480Z,coins_large,19.99,25000,42,0
pu_00002nm,p_002757,s_p_002757_00035,2024-09-01T12:42:28.400Z,coins_medium,4.99,5500,47,0
pu_00002nn,p_002757,s_p_002757_00035,2024-09-01T12:47:32.458Z,coins_small,0.99,1000,47,0
pu_00002no,p_002757,s_p_002757_00038,2024-09-06T16:40:30.341Z,coins_medium,4.99,5500,52,0
pu_00002np,p_002757,s_p_002757_00039,2024-09-07T13:07:38.621Z,coins_medium,4.99,5500,53,0
pu_00002nq,p_002757,s_p_002757_00040,2024-09-07T20:54:30.734Z,vip_monthly,9.99,10000,53,0
pu_00002nr,p_002757,s_p_002757_00042,2024-09-10T23:17:10.617Z,starter_pack,1.99,2000,56,0
pu_00002ns,p_002757,s_p_002757_00044,2024-09-12T06:26:51.012Z,vip_monthly,9.99,10000,58,0
pu_00002nt,p_002757,s_p_002757_00044,2024-09-12T06:25:21.380Z,coins_large,19.99,25000,58,0
pu_00002nu,p_002757,s_p_002757_00045,2024-09-13T22:26:00.224Z,coins_large,19.99,25000,59,0
pu_00002nv,p_002757,s_p_002757_00047,2024-09-17T17:55:05.680Z,vip_monthly,9.99,10000,63,0
pu_00002nw,p_002757,s_p_002757_00052,2024-09-21T10:02:03.596Z,coins_large,19.99,25000,67,0
pu_00002nx,p_002757,s_p_002757_00052,2024-09-21T09:59:33.274Z,coins_large,19.99,25000,67,0
pu_00002ny,p_002757,s_p_002757_00053,2024-09-22T20:10:58.386Z,coins_large,19.99,25000,68,0
pu_00002nz,p_002757,s_p_002757_00053,2024-09-22T19:45:16.248Z,coins_large,19.99,25000,68,0
pu_00002o0,p_002757,s_p_002757_00054,2024-09-23T06:29:19.200Z,coins_medium,4.99,5500,69,0
pu_00002o1,p_002757,s_p_002757_00057,2024-09-24T22:39:40.976Z,coins_medium,4.99,5500,70,0
pu_00002o2,p_002757,s_p_002757_00057,2024-09-24T22:38:58.560Z,vip_monthly,9.99,10000,70,0
pu_00002o3,p_002757,s_p_002757_00058,2024-09-26T12:23:03.657Z,coins_medium,4.99,5500,72,0
pu_00002o4,p_002757,s_p_002757_00060,2024-10-02T14:07:45.011Z,vip_monthly,9.99,10000,78,0
pu_00002o5,p_002757,s_p_002757_00061,2024-10-03T17:45:15.534Z,coins_large,19.99,25000,79,0
pu_00002o6,p_002757,s_p_002757_00061,2024-10-03T17:45:04.273Z,coins_small,0.99,1000,79,0
pu_00002o7,p_002757,s_p_002757_00064,2024-10-04T07:14:55.160Z,vip_monthly,9.99,10000,80,0
pu_00002o8,p_002757,s_p_002757_00064,2024-10-04T07:17:27.711Z,coins_large,19.99,25000,80,0
pu_00002o9,p_002757,s_p_002757_00072,2024-10-15T14:17:49.078Z,coins_medium,4.99,5500,91,0
pu_00002oa,p_002757,s_p_002757_00074,2024-10-16T10:14:36.771Z,vip_monthly,9.99,10000,92,0
pu_00002ob,p_002757,s_p_002757_00075,2024-10-17T08:44:09.002Z,starter_pack,1.99,2000,93,0
pu_00002oc,p_002757,s_p_002757_00079,2024-10-22T11:56:19.746Z,vip_monthly,9.99,10000,98,0
pu_00002od,p_002757,s_p_002757_00080,2024-10-23T14:54:27.441Z,coins_medium,4.99,5500,99,0
pu_00002oe,p_002757,s_p_002757_00081,2024-10-23T17:58:21.401Z,vip_monthly,9.99,10000,99,0
pu_00002of,p_002757,s_p_002757_00082,2024-10-24T14:58:26.920Z,vip_monthly,9.99,10000,100,0
pu_00002og,p_002757,s_p_002757_00082,2024-10-24T14:43:52.296Z,coins_large,19.99,25000,100,0
pu_00002oh,p_002757,s_p_002757_00086,2024-10-27T17:18:21.644Z,coins_small,0.99,1000,103,0
pu_00002oi,p_002757,s_p_002757_00088,2024-10-28T18:42:29.366Z,coins_large,19.99,25000,104,0
pu_00002oj,p_002757,s_p_002757_00093,2024-11-06T17:54:58.691Z,coins_large,19.99,25000,113,0
pu_00002ok,p_002757,s_p_002757_00093,2024-11-06T18:07:39.372Z,vip_monthly,9.99,10000,113,0
pu_00002ol,p_002757,s_p_002757_00093,2024-11-06T17:48:48.313Z,coins_large,19.99,25000,113,0
pu_00002om,p_002757,s_p_002757_00095,2024-11-09T10:21:41.549Z,coins_large,19.99,25000,116,0
pu_00002on,p_002757,s_p_002757_00095,2024-11-09T10:26:31.577Z,coins_large,19.99,25000,116,0
pu_00002oo,p_002757,s_p_002757_00095,2024-11-09T10:31:58.164Z,coins_medium,4.99,5500,116,0
pu_00002op,p_002757,s_p_002757_00098,2024-11-13T21:31:57.239Z,coins_medium,4.99,5500,120,0
pu_00002oq,p_002757,s_p_002757_00099,2024-11-17T10:07:12.275Z,vip_monthly,9.99,10000,124,0
pu_00002or,p_002757,s_p_002757_00102,2024-11-23T06:51:35.823Z,coins_large,19.99,25000,130,0
pu_00002os,p_002757,s_p_002757_00103,2024-11-23T20:24:18.200Z,vip_monthly,9.99,10000,130,0
pu_00002ot,p_002757,s_p_002757_00105,2024-11-25T09:28:37.736Z,vip_monthly,9.99,10000,132,0
pu_00002ou,p_002757,s_p_002757_00105,2024-11-25T09:21:01.582Z,coins_large,19.99,25000,132,0
pu_00002ov,p_002757,s_p_002757_00105,2024-11-25T09:21:27.242Z,vip_monthly,9.99,10000,132,0
pu_00002ow,p_002757,s_p_002757_00106,2024-11-26T08:13:54.748Z,coins_large,19.99,25000,133,0
pu_00002ox,p_002757,s_p_002757_00106,2024-11-26T08:18:08.239Z,coins_large,19.99,25000,133,0
pu_00002oy,p_002757,s_p_002757_00107,2024-11-26T09:36:44.487Z,coins_medium,4.99,5500,133,0
pu_00002oz,p_002757,s_p_002757_00110,2024-11-28T12:28:38.669Z,coins_medium,4.99,5500,135,0
pu_00002p0,p_002757,s_p_002757_00114,2024-12-01T21:04:12.021Z,coins_large,19.99,25000,138,0
pu_00002p1,p_002757,s_p_002757_00118,2024-12-08T11:50:53.492Z,coins_large,19.99,25000,145,0
pu_00002p2,p_002757,s_p_002757_00119,2024-12-11T07:05:08.377Z,starter_pack,1.99,2000,148,0
pu_00002p3,p_002757,s_p_002757_00119,2024-12-11T06:36:08.941Z,coins_small,0.99,1000,148,0
pu_00002p4,p_002757,s_p_002757_00121,2024-12-12T16:09:09.079Z,coins_small,0.99,1000,149,0
pu_00002p5,p_002757,s_p_002757_00123,2024-12-14T13:24:21.884Z,coins_large,19.99,25000,151,0
pu_00002p6,p_002757,s_p_002757_00124,2024-12-16T08:58:03.800Z,coins_medium,4.99,5500,153,0
pu_00002p7,p_002757,s_p_002757_00124,2024-12-16T08:57:38.339Z,coins_large,19.99,25000,153,0
pu_00002p8,p_002757,s_p_002757_00125,2024-12-16T11:37:38.997Z,coins_medium,4.99,5500,153,0
pu_00002p9,p_002757,s_p_002757_00125,2024-12-16T11:40:48.326Z,coins_medium,4.99,5500,153,0
pu_00002pa,p_002757,s_p_002757_00125,2024-12-16T11:54:33.591Z,coins_large,19.99,25000,153,0
pu_00002pb,p_002883,s_p_002883_00001,2024-05-08T19:43:59.314Z,coins_medium,4.99,5500,2,1
pu_00002pc,p_002883,s_p_002883_00003,2024-05-24T14:12:37.626Z,coins_small,0.99,1000,18,0
pu_00002pd,p_002883,s_p_002883_00004,2024-06-03T08:30:31.089Z,coins_small,0.99,1000,28,0
pu_00002pe,p_002883,s_p_002883_00004,2024-06-03T08:22:56.458Z,coins_small,0.99,1000,28,0
pu_00002pf,p_002883,s_p_002883_00004,2024-06-03T08:23:21.084Z,coins_small,0.99,1000,28,0
pu_00002pg,p_002883,s_p_002883_00004,2024-06-03T08:26:05.834Z,coins_medium,4.99,5500,28,0
pu_00002ph,p_002883,s_p_002883_00005,2024-06-13T15:39:53.358Z,coins_medium,4.99,5500,38,0
pu_00002pi,p_002883,s_p_002883_00005,2024-06-13T15:40:09.009Z,starter_pack,1.99,2000,38,0
pu_00002pj,p_002883,s_p_002883_00007,2024-07-03T07:51:21.433Z,coins_medium,4.99,5500,58,0
pu_00002pk,p_002883,s_p_002883_00007,2024-07-03T07:52:17.399Z,starter_pack,1.99,2000,58,0
pu_00002pl,p_002883,s_p_002883_00010,2024-07-08T16:57:06.443Z,coins_medium,4.99,5500,63,0
pu_00002pm,p_002883,s_p_002883_00012,2024-07-16T13:51:43.366Z,coins_small,0.99,1000,71,0
pu_00002pn,p_002883,s_p_002883_00014,2024-07-30T21:43:35.038Z,coins_medium,4.99,5500,85,0
pu_00002po,p_002883,s_p_002883_00014,2024-07-30T21:38:19.214Z,coins_small,0.99,1000,85,0
pu_00002pp,p_001815,s_p_001815_00001,2024-12-18T09:42:33.929Z,coins_small,0.99,1000,0,1
pu_00002pq,p_001815,s_p_001815_00002,2024-12-20T21:07:08.152Z,coins_small,0.99,1000,2,0
pu_00002pr,p_001815,s_p_001815_00003,2024-12-20T21:33:17.264Z,starter_pack,1.99,2000,2,0
pu_00002ps,p_001815,s_p_001815_00007,2024-12-24T06:45:52.188Z,coins_medium,4.99,5500,6,0
pu_00002pt,p_001815,s_p_001815_00011,2024-12-27T06:08:03.542Z,coins_small,0.99,1000,9,0
pu_00002pu,p_001815,s_p_001815_00014,2024-12-31T21:37:36.464Z,coins_small,0.99,1000,13,0
pu_00002pv,p_002841,s_p_002841_00001,2024-02-29T07:02:50.887Z,coins_large,19.99,25000,0,1
pu_00002pw,p_002841,s_p_002841_00001,2024-02-29T07:04:13.271Z,coins_medium,4.99,5500,0,0
pu_00002px,p_002841,s_p_002841_00001,2024-02-29T07:06:05.977Z,coins_large,19.99,25000,0,0
pu_00002py,p_002841,s_p_002841_00002,2024-02-29T21:44:29.146Z,coins_large,19.99,25000,0,0
pu_00002pz,p_002841,s_p_002841_00003,2024-03-01T06:53:42.294Z,coins_medium,4.99,5500,1,0
pu_00002q0,p_002841,s_p_002841_00004,2024-03-04T09:34:46.093Z,coins_medium,4.99,5500,4,0
pu_00002q1,p_002841,s_p_002841_00004,2024-03-04T09:44:31.510Z,coins_medium,4.99,5500,4,0
pu_00002q2,p_002841,s_p_002841_00005,2024-03-04T19:33:13.640Z,coins_large,19.99,25000,4,0
pu_00002q3,p_002841,s_p_002841_00005,2024-03-04T19:43:43.448Z,coins_large,19.99,25000,4,0
pu_00002q4,p_002841,s_p_002841_00005,2024-03-04T19:39:12.036Z,vip_monthly,9.99,10000,4,0
pu_00002q5,p_002841,s_p_002841_00005,2024-03-04T19:42:26.898Z,coins_small,0.99,1000,4,0
pu_00002q6,p_002841,s_p_002841_00005,2024-03-04T19:32:57.753Z,vip_monthly,9.99,10000,4,0
pu_00002q7,p_002841,s_p_002841_00005,2024-03-04T19:35:54.226Z,coins_large,19.99,25000,4,0
pu_00002q8,p_002841,s_p_002841_00006,2024-03-05T23:08:41.609Z,vip_monthly,9.99,10000,5,0
pu_00002q9,p_002841,s_p_002841_00006,2024-03-05T23:08:02.410Z,vip_monthly,9.99,10000,5,0
pu_00002qa,p_002841,s_p_002841_00006,2024-03-05T22:49:12.231Z,coins_large,19.99,25000,5,0
pu_00002qb,p_002841,s_p_002841_00010,2024-03-12T15:57:58.351Z,coins_large,19.99,25000,12,0
pu_00002qc,p_002841,s_p_002841_00011,2024-03-21T15:24:00.067Z,coins_medium,4.99,5500,21,0
pu_00002qd,p_002841,s_p_002841_00012,2024-03-21T15:56:31.010Z,coins_medium,4.99,5500,21,0
pu_00002qe,p_002841,s_p_002841_00012,2024-03-21T15:52:21.694Z,coins_small,0.99,1000,21,0
pu_00002qf,p_002841,s_p_002841_00013,2024-03-22T07:40:09.953Z,vip_monthly,9.99,10000,22,0
pu_00002qg,p_002841,s_p_002841_00014,2024-03-23T21:55:33.280Z,coins_large,19.99,25000,23,0
pu_00002qh,p_002841,s_p_002841_00018,2024-04-04T16:01:46.457Z,coins_small,0.99,1000,35,0
pu_00002qi,p_002841,s_p_002841_00021,2024-04-10T21:09:45.127Z,coins_large,19.99,25000,41,0
pu_00002qj,p_002841,s_p_002841_00024,2024-04-13T09:16:46.242Z,coins_medium,4.99,5500,44,0
pu_00002qk,p_002841,s_p_002841_00033,2024-04-29T09:56:18.266Z,coins_large,19.99,25000,60,0
pu_00002ql,p_002841,s_p_002841_00039,2024-05-07T22:41:53.385Z,coins_large,19.99,25000,68,0
pu_00002qm,p_002841,s_p_002841_00040,2024-05-08T13:48:22.702Z,coins_medium,4.99,5500,69,0
pu_00002qn,p_002841,s_p_002841_00041,2024-05-08T14:43:06.428Z,coins_large,19.99,25000,69,0
pu_00002qo,p_002841,s_p_002841_00045,2024-05-10T15:37:38.164Z,coins_large,19.99,25000,71,0
pu_00002qp,p_002841,s_p_002841_00046,2024-05-12T15:32:57.397Z,vip_monthly,9.99,10000,73,0
pu_00002qq,p_002841,s_p_002841_00047,2024-05-12T22:38:59.687Z,coins_medium,4.99,5500,73,0
pu_00002qr,p_002841,s_p_002841_00049,2024-05-16T23:28:21.288Z,coins_small,0.99,1000,77,0
pu_00002qs,p_002841,s_p_002841_00059,2024-06-01T14:08:18.519Z,coins_small,0.99,1000,93,0
pu_00002qt,p_002841,s_p_002841_00059,2024-06-01T14:22:39.618Z,coins_medium,4.99,5500,93,0
pu_00002qu,p_002841,s_p_002841_00060,2024-06-02T12:10:03.533Z,vip_monthly,9.99,10000,94,0
pu_00002qv,p_002841,s_p_002841_00070,2024-06-21T20:38:36.651Z,coins_large,19.99,25000,113,0
pu_00002qw,p_002841,s_p_002841_00074,2024-06-25T18:52:12.199Z,vip_monthly,9.99,10000,117,0
pu_00002qx,p_002841,s_p_002841_00077,2024-06-28T13:45:06.616Z,coins_large,19.99,25000,120,0
pu_00002qy,p_002841,s_p_002841_00078,2024-06-30T15:04:28.464Z,vip_monthly,9.99,10000,122,0
pu_00002qz,p_002841,s_p_002841_00079,2024-07-02T11:17:49.093Z,coins_large,19.99,25000,124,0
pu_00002r0,p_002841,s_p_002841_00080,2024-07-02T11:18:11.916Z,vip_monthly,9.99,10000,124,0
pu_00002r1,p_002841,s_p_002841_00084,2024-07-10T10:40:21.511Z,coins_medium,4.99,5500,132,0
pu_00002r2,p_002841,s_p_002841_00085,2024-07-11T16:58:25.582Z,coins_large,19.99,25000,133,0
pu_00002r3,p_002841,s_p_002841_00088,2024-07-12T11:26:09.944Z,coins_large,19.99,25000,134,0
pu_00002r4,p_002841,s_p_002841_00090,2024-07-15T14:27:30.547Z,coins_medium,4.99,5500,137,0
pu_00002r5,p_002841,s_p_002841_00095,2024-07-23T06:47:59.457Z,coins_medium,4.99,5500,145,0
pu_00002r6,p_002841,s_p_002841_00100,2024-07-26T16:16:04.047Z,coins_medium,4.99,5500,148,0
pu_00002r7,p_002841,s_p_002841_00103,2024-08-04T21:30:17.100Z,coins_small,0.99,1000,157,0
pu_00002r8,p_002841,s_p_002841_00104,2024-08-05T12:10:25.494Z,coins_small,0.99,1000,158,0
pu_00002r9,p_002841,s_p_002841_00107,2024-08-11T13:33:26.944Z,coins_medium,4.99,5500,164,0
pu_00002ra,p_002841,s_p_002841_00109,2024-08-14T10:06:03.475Z,coins_large,19.99,25000,167,0
pu_00002rb,p_002841,s_p_002841_00111,2024-08-14T18:59:15.514Z,coins_medium,4.99,5500,167,0
pu_00002rc,p_002841,s_p_002841_00114,2024-08-15T20:46:38.222Z,vip_monthly,9.99,10000,168,0
pu_00002rd,p_002841,s_p_002841_00121,2024-08-26T23:12:06.155Z,coins_medium,4.99,5500,179,0
pu_00002re,p_002841,s_p_002841_00124,2024-08-28T21:34:00.116Z,coins_large,19.99,25000,181,0
pu_00002rf,p_002841,s_p_002841_00125,2024-08-29T10:24:15.165Z,coins_small,0.99,1000,182,0
pu_00002rg,p_002841,s_p_002841_00127,2024-08-29T13:11:08.367Z,coins_small,0.99,1000,182,0
pu_00002rh,p_002841,s_p_002841_00129,2024-08-31T18:31:00.919Z,coins_large,19.99,25000,184,0
pu_00002ri,p_002841,s_p_002841_00130,2024-09-01T08:44:43.162Z,vip_monthly,9.99,10000,185,0
pu_00002rj,p_002841,s_p_002841_00133,2024-09-04T19:20:59.766Z,coins_large,19.99,25000,188,0
pu_00002rk,p_002841,s_p_002841_00135,2024-09-06T22:25:16.679Z,starter_pack,1.99,2000,190,0
pu_00002rl,p_002841,s_p_002841_00139,2024-09-13T19:04:10.256Z,vip_monthly,9.99,10000,197,0
pu_00002rm,p_002841,s_p_002841_00139,2024-09-13T18:47:47.658Z,coins_small,0.99,1000,197,0
pu_00002rn,p_002841,s_p_002841_00141,2024-09-15T15:26:17.041Z,starter_pack,1.99,2000,199,0
pu_00002ro,p_002841,s_p_002841_00144,2024-09-23T10:27:22.062Z,coins_medium,4.99,5500,207,0
pu_00002rp,p_002841,s_p_002841_00144,2024-09-23T10:29:02.517Z,vip_monthly,9.99,10000,207,0
pu_00002rq,p_002841,s_p_002841_00145,2024-09-23T22:31:14.338Z,coins_medium,4.99,5500,207,0
pu_00002rr,p_002841,s_p_002841_00147,2024-10-04T06:08:10.059Z,coins_medium,4.99,5500,218,0
pu_00002rs,p_002841,s_p_002841_00147,2024-10-04T06:08:48.150Z,coins_large,19.99,25000,218,0
pu_00002rt,p_002788,s_p_002788_00001,2024-05-21T15:03:56.913Z,starter_pack,1.99,2000,3,1
pu_00002ru,p_002788,s_p_002788_00001,2024-05-21T15:01:03.951Z,coins_medium,4.99,5500,3,0
pu_00002rv,p_002788,s_p_002788_00003,2024-05-21T21:52:22.948Z,coins_medium,4.99,5500,3,0
pu_00002rw,p_002788,s_p_002788_00003,2024-05-21T22:14:22.303Z,starter_pack,1.99,2000,3,0
pu_00002rx,p_002788,s_p_002788_00004,2024-05-24T06:31:15.223Z,coins_medium,4.99,5500,6,0
pu_00002ry,p_002788,s_p_002788_00005,2024-05-25T10:00:56.737Z,coins_medium,4.99,5500,7,0
pu_00002rz,p_002788,s_p_002788_00005,2024-05-25T09:37:26.516Z,coins_small,0.99,1000,7,0
pu_00002s0,p_002788,s_p_002788_00006,2024-05-26T14:08:32.658Z,starter_pack,1.99,2000,8,0
pu_00002s1,p_002788,s_p_002788_00010,2024-05-31T12:24:17.907Z,starter_pack,1.99,2000,13,0
pu_00002s2,p_002788,s_p_002788_00016,2024-06-07T15:33:05.490Z,coins_large,19.99,25000,20,0
pu_00002s3,p_002788,s_p_002788_00020,2024-06-11T08:40:02.114Z,coins_small,0.99,1000,24,0
pu_00002s4,p_002788,s_p_002788_00023,2024-06-18T10:54:45.390Z,coins_large,19.99,25000,31,0
pu_00002s5,p_002788,s_p_002788_00027,2024-06-20T20:37:24.649Z,coins_large,19.99,25000,33,0
pu_00002s6,p_002788,s_p_002788_00028,2024-06-23T21:42:11.865Z,vip_monthly,9.99,10000,36,0
pu_00002s7,p_002788,s_p_002788_00028,2024-06-23T21:41:36.429Z,vip_monthly,9.99,10000,36,0
pu_00002s8,p_002788,s_p_002788_00041,2024-07-07T10:50:38.016Z,coins_medium,4.99,5500,50,0
pu_00002s9,p_002788,s_p_002788_00068,2024-08-07T13:52:14.705Z,coins_large,19.99,25000,81,0
pu_00002sa,p_002788,s_p_002788_00073,2024-08-10T22:52:24.681Z,coins_medium,4.99,5500,84,0
pu_00002sb,p_002788,s_p_002788_00073,2024-08-10T22:49:06.790Z,coins_large,19.99,25000,84,0
pu_00002sc,p_002788,s_p_002788_00076,2024-08-14T21:29:09.332Z,coins_medium,4.99,5500,88,0
pu_00002sd,p_002788,s_p_002788_00088,2024-08-26T06:47:53.849Z,coins_medium,4.99,5500,100,0
pu_00002se,p_002788,s_p_002788_00093,2024-08-29T07:04:46.252Z,coins_large,19.99,25000,103,0
pu_00002sf,p_002788,s_p_002788_00094,2024-08-29T23:27:34.513Z,coins_medium,4.99,5500,103,0
pu_00002sg,p_002788,s_p_002788_00109,2024-09-17T14:59:07.494Z,coins_medium,4.99,5500,122,0
pu_00002sh,p_002788,s_p_002788_00114,2024-09-24T23:17:07.421Z,coins_large,19.99,25000,129,0
pu_00002si,p_002788,s_p_002788_00120,2024-10-03T16:22:49.882Z,coins_medium,4.99,5500,138,0
pu_00002sj,p_002788,s_p_002788_00133,2024-10-21T10:23:37.535Z,coins_large,19.99,25000,156,0
pu_00002sk,p_002788,s_p_002788_00140,2024-10-30T07:22:11.146Z,coins_large,19.99,25000,165,0
pu_00002sl,p_002788,s_p_002788_00156,2024-11-25T23:08:34.502Z,vip_monthly,9.99,10000,191,0
pu_00002sm,p_002788,s_p_002788_00156,2024-11-25T23:21:37.884Z,coins_large,19.99,25000,191,0
pu_00002sn,p_002788,s_p_002788_00156,2024-11-25T23:10:25.360Z,vip_monthly,9.99,10000,191,0
pu_00002so,p_002788,s_p_002788_00167,2024-12-10T10:41:32.191Z,coins_large,19.99,25000,206,0
pu_00002sp,p_002913,s_p_002913_00001,2024-05-10T21:35:06.975Z,starter_pack,1.99,2000,5,1
pu_00002sq,p_002913,s_p_002913_00001,2024-05-10T21:46:35.052Z,starter_pack,1.99,2000,5,0
pu_00002sr,p_002913,s_p_002913_00012,2024-06-19T21:50:16.907Z,coins_small,0.99,1000,45,0
pu_00002ss,p_002913,s_p_002913_00025,2024-09-02T16:04:46.631Z,coins_small,0.99,1000,120,0
pu_00002st,p_002913,s_p_002913_00026,2024-09-02T22:28:56.366Z,coins_large,19.99,25000,120,0
pu_00002su,p_002810,s_p_002810_00001,2024-05-13T17:02:37.843Z,vip_monthly,9.99,10000,0,1
pu_00002sv,p_002810,s_p_002810_00002,2024-05-14T08:59:27.578Z,coins_medium,4.99,5500,1,0
pu_00002sw,p_002810,s_p_002810_00002,2024-05-14T08:41:09.435Z,coins_large,19.99,25000,1,0
pu_00002sx,p_002810,s_p_002810_00003,2024-05-15T12:21:39.980Z,coins_medium,4.99,5500,2,0
pu_00002sy,p_002810,s_p_002810_00003,2024-05-15T12:20:05.738Z,starter_pack,1.99,2000,2,0
pu_00002sz,p_002810,s_p_002810_00003,2024-05-15T12:15:12.479Z,coins_small,0.99,1000,2,0
pu_00002t0,p_002810,s_p_002810_00003,2024-05-15T12:25:59.531Z,coins_large,19.99,25000,2,0
pu_00002t1,p_002810,s_p_002810_00003,2024-05-15T12:28:03.078Z,vip_monthly,9.99,10000,2,0
pu_00002t2,p_002810,s_p_002810_00004,2024-05-16T16:45:14.909Z,coins_medium,4.99,5500,3,0
pu_00002t3,p_002810,s_p_002810_00006,2024-05-18T10:32:14.513Z,vip_monthly,9.99,10000,5,0
pu_00002t4,p_002810,s_p_002810_00006,2024-05-18T10:44:24.069Z,coins_large,19.99,25000,5,0
pu_00002t5,p_002810,s_p_002810_00008,2024-05-19T15:13:29.878Z,coins_small,0.99,1000,6,0
pu_00002t6,p_002810,s_p_002810_00009,2024-05-19T16:53:12.677Z,coins_medium,4.99,5500,6,0
pu_00002t7,p_002810,s_p_002810_00009,2024-05-19T16:42:37.641Z,coins_medium,4.99,5500,6,0
pu_00002t8,p_002810,s_p_002810_00012,2024-05-25T13:37:28.872Z,coins_small,0.99,1000,12,0
pu_00002t9,p_002810,s_p_002810_00030,2024-06-17T17:27:21.266Z,coins_large,19.99,25000,35,0
pu_00002ta,p_002810,s_p_002810_00033,2024-06-26T10:30:24.435Z,coins_large,19.99,25000,44,0
pu_00002tb,p_002810,s_p_002810_00040,2024-07-01T12:03:36.262Z,coins_medium,4.99,5500,49,0
pu_00002tc,p_002810,s_p_002810_00049,2024-07-14T11:20:44.499Z,starter_pack,1.99,2000,62,0
pu_00002td,p_002810,s_p_002810_00049,2024-07-14T11:21:26.278Z,coins_large,19.99,25000,62,0
pu_00002te,p_002810,s_p_002810_00050,2024-07-14T19:57:02.238Z,vip_monthly,9.99,10000,62,0
pu_00002tf,p_002810,s_p_002810_00050,2024-07-14T20:01:28.413Z,coins_large,19.99,25000,62,0
pu_00002tg,p_002810,s_p_002810_00052,2024-07-16T18:41:05.969Z,coins_small,0.99,1000,64,0
pu_00002th,p_002810,s_p_002810_00056,2024-07-21T06:44:31.804Z,starter_pack,1.99,2000,69,0
pu_00002ti,p_002810,s_p_002810_00059,2024-07-24T21:00:27.369Z,vip_monthly,9.99,10000,72,0
pu_00002tj,p_002810,s_p_002810_00060,2024-07-24T23:16:36.554Z,coins_medium,4.99,5500,72,0
pu_00002tk,p_002810,s_p_002810_00067,2024-07-31T12:08:45.934Z,vip_monthly,9.99,10000,79,0
pu_00002tl,p_002810,s_p_002810_00068,2024-07-31T23:17:26.713Z,starter_pack,1.99,2000,79,0
pu_00002tm,p_002810,s_p_002810_00077,2024-08-10T20:14:59.818Z,coins_medium,4.99,5500,89,0
pu_00002tn,p_002810,s_p_002810_00080,2024-08-14T19:22:55.535Z,coins_medium,4.99,5500,93,0
pu_00002to,p_002810,s_p_002810_00082,2024-08-15T19:08:11.026Z,coins_small,0.99,1000,94,0
pu_00002tp,p_002810,s_p_002810_00087,2024-08-22T11:11:14.465Z,coins_small,0.99,1000,101,0
pu_00002tq,p_002810,s_p_002810_00089,2024-08-25T09:17:17.062Z,coins_medium,4.99,5500,104,0
pu_00002tr,p_002810,s_p_002810_00099,2024-09-06T10:52:09.876Z,coins_medium,4.99,5500,116,0
pu_00002ts,p_002810,s_p_002810_00100,2024-09-08T20:35:27.193Z,coins_large,19.99,25000,118,0
pu_00002tt,p_002810,s_p_002810_00101,2024-09-11T10:12:57.156Z,vip_monthly,9.99,10000,121,0
pu_00002tu,p_002810,s_p_002810_00102,2024-09-12T23:20:38.230Z,coins_small,0.99,1000,122,0
pu_00002tv,p_002810,s_p_002810_00105,2024-09-14T17:42:25.698Z,vip_monthly,9.99,10000,124,0
pu_00002tw,p_002810,s_p_002810_00108,2024-09-17T08:22:15.744Z,coins_large,19.99,25000,127,0
pu_00002tx,p_002810,s_p_002810_00116,2024-10-02T20:33:19.927Z,coins_large,19.99,25000,142,0
pu_00002ty,p_002810,s_p_002810_00119,2024-10-04T14:18:28.351Z,coins_large,19.99,25000,144,0
pu_00002tz,p_002810,s_p_002810_00120,2024-10-04T22:11:07.374Z,coins_large,19.99,25000,144,0
pu_00002u0,p_002810,s_p_002810_00121,2024-10-05T10:38:12.247Z,coins_medium,4.99,5500,145,0
pu_00002u1,p_002810,s_p_002810_00121,2024-10-05T10:53:31.710Z,coins_large,19.99,25000,145,0
pu_00002u2,p_002810,s_p_002810_00123,2024-10-07T15:24:36.672Z,vip_monthly,9.99,10000,147,0
pu_00002u3,p_002810,s_p_002810_00125,2024-10-09T21:41:09.540Z,coins_medium,4.99,5500,149,0
pu_00002u4,p_002810,s_p_002810_00127,2024-10-11T21:30:22.981Z,coins_small,0.99,1000,151,0
pu_00002u5,p_002810,s_p_002810_00131,2024-10-16T16:12:10.657Z,coins_small,0.99,1000,156,0
pu_00002u6,p_002810,s_p_002810_00135,2024-10-21T13:36:38.317Z,coins_medium,4.99,5500,161,0
pu_00002u7,p_002810,s_p_002810_00136,2024-10-22T20:50:30.989Z,vip_monthly,9.99,10000,162,0
pu_00002u8,p_002810,s_p_002810_00137,2024-10-23T23:44:19.590Z,coins_medium,4.99,5500,163,0
pu_00002u9,p_002810,s_p_002810_00139,2024-10-25T07:59:32.465Z,coins_medium,4.99,5500,165,0
pu_00002ua,p_002810,s_p_002810_00142,2024-10-31T18:00:11.750Z,coins_medium,4.99,5500,171,0
pu_00002ub,p_002810,s_p_002810_00144,2024-11-04T18:51:09.975Z,coins_medium,4.99,5500,175,0
pu_00002uc,p_002810,s_p_002810_00148,2024-11-07T11:27:46.027Z,coins_large,19.99,25000,178,0
pu_00002ud,p_002810,s_p_002810_00153,2024-11-15T21:42:31.470Z,coins_small,0.99,1000,186,0
pu_00002ue,p_002810,s_p_002810_00157,2024-11-20T14:21:59.596Z,coins_large,19.99,25000,191,0
pu_00002uf,p_002810,s_p_002810_00161,2024-11-24T12:35:27.237Z,coins_large,19.99,25000,195,0
pu_00002ug,p_002810,s_p_002810_00166,2024-12-02T08:14:31.004Z,coins_medium,4.99,5500,203,0
pu_00002uh,p_002810,s_p_002810_00171,2024-12-08T10:20:47.480Z,starter_pack,1.99,2000,209,0
pu_00002ui,p_002810,s_p_002810_00173,2024-12-08T22:35:21.192Z,coins_large,19.99,25000,209,0
pu_00002uj,p_002810,s_p_002810_00180,2024-12-19T07:58:28.147Z,vip_monthly,9.99,10000,220,0
pu_00002uk,p_002810,s_p_002810_00181,2024-12-19T10:18:50.669Z,coins_large,19.99,25000,220,0
pu_00002ul,p_002810,s_p_002810_00183,2024-12-25T11:16:04.334Z,coins_medium,4.99,5500,226,0
pu_00002um,p_001813,s_p_001813_00004,2024-08-28T15:03:07.748Z,coins_small,0.99,1000,2,1
pu_00002un,p_001813,s_p_001813_00005,2024-08-30T11:25:37.926Z,coins_medium,4.99,5500,4,0
pu_00002uo,p_001813,s_p_001813_00009,2024-09-09T20:21:29.226Z,coins_medium,4.99,5500,14,0
pu_00002up,p_002744,s_p_002744_00001,2024-05-13T13:40:06.694Z,starter_pack,1.99,2000,1,1
pu_00002uq,p_002744,s_p_002744_00001,2024-05-13T14:03:10.873Z,vip_monthly,9.99,10000,1,0
pu_00002ur,p_002744,s_p_002744_00001,2024-05-13T13:37:04.105Z,vip_monthly,9.99,10000,1,0
pu_00002us,p_002744,s_p_002744_00003,2024-05-14T08:43:45.183Z,coins_medium,4.99,5500,2,0
pu_00002ut,p_002744,s_p_002744_00003,2024-05-14T08:54:08.699Z,starter_pack,1.99,2000,2,0
pu_00002uu,p_002744,s_p_002744_00004,2024-05-15T20:50:36.036Z,coins_medium,4.99,5500,3,0
pu_00002uv,p_002744,s_p_002744_00004,2024-05-15T21:00:14.581Z,coins_small,0.99,1000,3,0
pu_00002uw,p_002744,s_p_002744_00004,2024-05-15T20:55:44.590Z,coins_medium,4.99,5500,3,0
pu_00002ux,p_002744,s_p_002744_00006,2024-05-18T19:24:33.725Z,coins_small,0.99,1000,6,0
pu_00002uy,p_002744,s_p_002744_00008,2024-05-22T23:40:31.457Z,coins_large,19.99,25000,10,0
pu_00002uz,p_002744,s_p_002744_00010,2024-05-23T11:19:11.521Z,coins_large,19.99,25000,11,0
pu_00002v0,p_002744,s_p_002744_00012,2024-05-24T07:26:20.663Z,coins_large,19.99,25000,12,0
pu_00002v1,p_002744,s_p_002744_00018,2024-05-27T10:32:51.541Z,vip_monthly,9.99,10000,15,0
pu_00002v2,p_002744,s_p_002744_00022,2024-06-01T14:33:13.849Z,coins_medium,4.99,5500,20,0
pu_00002v3,p_002744,s_p_002744_00023,2024-06-01T14:23:20.833Z,coins_medium,4.99,5500,20,0
pu_00002v4,p_002744,s_p_002744_00031,2024-06-12T15:35:12.412Z,coins_medium,4.99,5500,31,0
pu_00002v5,p_002744,s_p_002744_00032,2024-06-13T23:02:03.964Z,vip_monthly,9.99,10000,32,0
pu_00002v6,p_002744,s_p_002744_00041,2024-06-22T17:18:46.364Z,vip_monthly,9.99,10000,41,0
pu_00002v7,p_002744,s_p_002744_00042,2024-06-23T09:35:13.162Z,coins_large,19.99,25000,42,0
pu_00002v8,p_002744,s_p_002744_00044,2024-06-27T17:42:00.578Z,coins_large,19.99,25000,46,0
pu_00002v9,p_002744,s_p_002744_00057,2024-07-14T21:33:10.258Z,coins_medium,4.99,5500,63,0
pu_00002va,p_002744,s_p_002744_00058,2024-07-16T12:17:47.628Z,coins_medium,4.99,5500,65,0
pu_00002vb,p_002744,s_p_002744_00069,2024-07-29T20:00:07.245Z,coins_medium,4.99,5500,78,0
pu_00002vc,p_002744,s_p_002744_00079,2024-08-11T18:15:37.550Z,vip_monthly,9.99,10000,91,0
pu_00002vd,p_002744,s_p_002744_00084,2024-08-17T17:18:06.799Z,coins_small,0.99,1000,97,0
pu_00002ve,p_002744,s_p_002744_00085,2024-08-17T22:25:48.838Z,vip_monthly,9.99,10000,97,0
pu_00002vf,p_002744,s_p_002744_00096,2024-08-26T08:05:43.894Z,coins_medium,4.99,5500,106,0
pu_00002vg,p_002744,s_p_002744_00097,2024-08-26T14:20:17.732Z,coins_medium,4.99,5500,106,0
pu_00002vh,p_002744,s_p_002744_00098,2024-08-27T15:53:23.392Z,starter_pack,1.99,2000,107,0
pu_00002vi,p_002744,s_p_002744_00101,2024-08-30T10:05:49.168Z,vip_monthly,9.99,10000,110,0
pu_00002vj,p_002744,s_p_002744_00102,2024-08-31T20:40:57.510Z,coins_large,19.99,25000,111,0
pu_00002vk,p_002744,s_p_002744_00105,2024-09-05T13:49:41.883Z,starter_pack,1.99,2000,116,0
pu_00002vl,p_002744,s_p_002744_00111,2024-09-12T06:53:46.271Z,coins_medium,4.99,5500,123,0
pu_00002vm,p_002744,s_p_002744_00111,2024-09-12T06:58:34.094Z,coins_medium,4.99,5500,123,0
pu_00002vn,p_002744,s_p_002744_00119,2024-09-18T19:03:45.179Z,coins_large,19.99,25000,129,0
pu_00002vo,p_002744,s_p_002744_00121,2024-09-20T16:48:01.156Z,starter_pack,1.99,2000,131,0
pu_00002vp,p_002744,s_p_002744_00123,2024-09-24T22:18:59.154Z,coins_medium,4.99,5500,135,0
pu_00002vq,p_002744,s_p_002744_00136,2024-10-06T17:30:29.894Z,coins_large,19.99,25000,147,0
pu_00002vr,p_002744,s_p_002744_00140,2024-10-09T20:41:13.957Z,coins_medium,4.99,5500,150,0
pu_00002vs,p_002744,s_p_002744_00141,2024-10-10T09:07:49.317Z,coins_large,19.99,25000,151,0
pu_00002vt,p_002744,s_p_002744_00144,2024-10-11T21:41:37.723Z,coins_large,19.99,25000,152,0
pu_00002vu,p_002744,s_p_002744_00147,2024-10-15T19:16:46.239Z,coins_small,0.99,1000,156,0
pu_00002vv,p_002744,s_p_002744_00151,2024-10-20T10:49:23.168Z,coins_large,19.99,25000,161,0
pu_00002vw,p_002744,s_p_002744_00152,2024-10-20T22:41:33.002Z,coins_large,19.99,25000,161,0
pu_00002vx,p_002744,s_p_002744_00159,2024-10-29T23:09:16.189Z,coins_large,19.99,25000,170,0
pu_00002vy,p_002744,s_p_002744_00159,2024-10-29T23:29:12.938Z,coins_small,0.99,1000,170,0
pu_00002vz,p_002744,s_p_002744_00162,2024-11-01T16:06:26.723Z,vip_monthly,9.99,10000,173,0
pu_00002w0,p_002744,s_p_002744_00163,2024-11-01T21:25:18.044Z,vip_monthly,9.99,10000,173,0
pu_00002w1,p_002744,s_p_002744_00165,2024-11-03T11:41:35.268Z,coins_medium,4.99,5500,175,0
pu_00002w2,p_002744,s_p_002744_00166,2024-11-05T10:39:45.994Z,vip_monthly,9.99,10000,177,0
pu_00002w3,p_002744,s_p_002744_00169,2024-11-14T18:02:53.065Z,coins_large,19.99,25000,186,0
pu_00002w4,p_002744,s_p_002744_00170,2024-11-15T15:30:38.570Z,coins_medium,4.99,5500,187,0
pu_00002w5,p_002744,s_p_002744_00173,2024-11-21T21:30:51.687Z,vip_monthly,9.99,10000,193,0
pu_00002w6,p_002744,s_p_002744_00174,2024-11-21T21:49:26.540Z,coins_large,19.99,25000,193,0
pu_00002w7,p_002744,s_p_002744_00179,2024-11-27T15:33:16.819Z,coins_large,19.99,25000,199,0
pu_00002w8,p_002744,s_p_002744_00184,2024-12-05T10:29:54.185Z,coins_medium,4.99,5500,207,0
pu_00002w9,p_002744,s_p_002744_00187,2024-12-08T11:22:52.951Z,coins_small,0.99,1000,210,0
pu_00002wa,p_002744,s_p_002744_00193,2024-12-23T11:22:10.138Z,coins_large,19.99,25000,225,0
pu_00002wb,p_002703,s_p_002703_00001,2024-06-04T07:16:17.729Z,starter_pack,1.99,2000,4,1
pu_00002wc,p_002703,s_p_002703_00003,2024-06-06T08:15:10.467Z,coins_small,0.99,1000,6,0
pu_00002wd,p_002703,s_p_002703_00003,2024-06-06T08:12:06.673Z,coins_medium,4.99,5500,6,0
pu_00002we,p_002703,s_p_002703_00003,2024-06-06T08:30:17.822Z,coins_medium,4.99,5500,6,0
pu_00002wf,p_002703,s_p_002703_00003,2024-06-06T08:21:17.222Z,coins_medium,4.99,5500,6,0
pu_00002wg,p_002703,s_p_002703_00003,2024-06-06T08:14:07.840Z,coins_large,19.99,25000,6,0
pu_00002wh,p_002703,s_p_002703_00004,2024-06-07T06:21:58.341Z,coins_large,19.99,25000,7,0
pu_00002wi,p_002703,s_p_002703_00005,2024-06-10T15:14:29.270Z,coins_large,19.99,25000,10,0
pu_00002wj,p_002703,s_p_002703_00005,2024-06-10T15:11:06.482Z,coins_large,19.99,25000,10,0
pu_00002wk,p_002703,s_p_002703_00005,2024-06-10T15:11:08.118Z,coins_large,19.99,25000,10,0
pu_00002wl,p_002703,s_p_002703_00005,2024-06-10T15:23:44.624Z,coins_large,19.99,25000,10,0
pu_00002wm,p_002703,s_p_002703_00005,2024-06-10T15:00:32.977Z,coins_large,19.99,25000,10,0
pu_00002wn,p_002703,s_p_002703_00005,2024-06-10T15:18:40.361Z,coins_medium,4.99,5500,10,0
pu_00002wo,p_002703,s_p_002703_00005,2024-06-10T15:10:05.260Z,coins_medium,4.99,5500,10,0
pu_00002wp,p_002703,s_p_002703_00006,2024-06-11T07:40:41.557Z,coins_small,0.99,1000,11,0
pu_00002wq,p_002703,s_p_002703_00006,2024-06-11T07:42:42.605Z,coins_large,19.99,25000,11,0
pu_00002wr,p_002703,s_p_002703_00007,2024-06-11T17:39:44.271Z,coins_large,19.99,25000,11,0
pu_00002ws,p_002703,s_p_002703_00009,2024-06-12T12:52:37.206Z,vip_monthly,9.99,10000,12,0
pu_00002wt,p_002703,s_p_002703_00015,2024-06-19T12:03:25.873Z,coins_medium,4.99,5500,19,0
pu_00002wu,p_002703,s_p_002703_00017,2024-06-20T09:46:30.234Z,coins_large,19.99,25000,20,0
pu_00002wv,p_002703,s_p_002703_00018,2024-06-20T20:04:28.640Z,coins_large,19.99,25000,20,0
pu_00002ww,p_002703,s_p_002703_00018,2024-06-20T19:52:51.943Z,coins_medium,4.99,5500,20,0
pu_00002wx,p_002703,s_p_002703_00021,2024-06-24T06:41:35.263Z,coins_medium,4.99,5500,24,0
pu_00002wy,p_002703,s_p_002703_00026,2024-06-26T17:21:31.016Z,coins_medium,4.99,5500,26,0
pu_00002wz,p_002703,s_p_002703_00028,2024-06-27T12:55:16.109Z,vip_monthly,9.99,10000,27,0
pu_00002x0,p_002703,s_p_002703_00030,2024-06-30T08:38:45.994Z,vip_monthly,9.99,10000,30,0
pu_00002x1,p_002703,s_p_002703_00041,2024-07-14T10:02:08.220Z,vip_monthly,9.99,10000,44,0
pu_00002x2,p_002703,s_p_002703_00045,2024-07-22T15:49:52.383Z,vip_monthly,9.99,10000,52,0
pu_00002x3,p_002703,s_p_002703_00052,2024-08-02T19:57:18.880Z,coins_medium,4.99,5500,63,0
pu_00002x4,p_002703,s_p_002703_00052,2024-08-02T20:04:37.521Z,coins_medium,4.99,5500,63,0
pu_00002x5,p_002703,s_p_002703_00054,2024-08-05T06:10:04.829Z,coins_medium,4.99,5500,66,0
pu_00002x6,p_002703,s_p_002703_00056,2024-08-06T07:59:24.100Z,coins_small,0.99,1000,67,0
pu_00002x7,p_002703,s_p_002703_00057,2024-08-06T19:01:23.381Z,coins_large,19.99,25000,67,0
pu_00002x8,p_002703,s_p_002703_00060,2024-08-09T12:00:48.518Z,coins_medium,4.99,5500,70,0
pu_00002x9,p_002703,s_p_002703_00060,2024-08-09T11:32:55.114Z,vip_monthly,9.99,10000,70,0
pu_00002xa,p_002703,s_p_002703_00066,2024-08-17T10:40:52.120Z,coins_large,19.99,25000,78,0
pu_00002xb,p_002703,s_p_002703_00068,2024-08-19T23:00:32.250Z,coins_medium,4.99,5500,80,0
pu_00002xc,p_002703,s_p_002703_00069,2024-08-20T08:25:53.166Z,coins_large,19.99,25000,81,0
pu_00002xd,p_002703,s_p_002703_00069,2024-08-20T08:12:17.782Z,coins_medium,4.99,5500,81,0
pu_00002xe,p_002703,s_p_002703_00072,2024-08-23T12:58:19.065Z,vip_monthly,9.99,10000,84,0
pu_00002xf,p_002703,s_p_002703_00076,2024-08-31T07:47:27.189Z,coins_large,19.99,25000,92,0
pu_00002xg,p_002703,s_p_002703_00077,2024-08-31T09:07:44.824Z,coins_medium,4.99,5500,92,0
pu_00002xh,p_002703,s_p_002703_00080,2024-09-01T13:18:27.985Z,coins_medium,4.99,5500,93,0
pu_00002xi,p_002703,s_p_002703_00081,2024-09-02T09:21:05.169Z,coins_large,19.99,25000,94,0
pu_00002xj,p_002703,s_p_002703_00083,2024-09-04T17:27:32.910Z,starter_pack,1.99,2000,96,0
pu_00002xk,p_002703,s_p_002703_00091,2024-09-13T18:05:58.778Z,vip_monthly,9.99,10000,105,0
pu_00002xl,p_002703,s_p_002703_00093,2024-09-14T11:19:02.821Z,coins_medium,4.99,5500,106,0
pu_00002xm,p_002703,s_p_002703_00096,2024-09-19T09:26:16.323Z,coins_medium,4.99,5500,111,0
pu_00002xn,p_002703,s_p_002703_00096,2024-09-19T09:25:11.059Z,coins_large,19.99,25000,111,0
pu_00002xo,p_002703,s_p_002703_00097,2024-09-20T08:41:42.412Z,coins_medium,4.99,5500,112,0
pu_00002xp,p_002703,s_p_002703_00098,2024-09-21T21:51:00.873Z,coins_medium,4.99,5500,113,0
pu_00002xq,p_002703,s_p_002703_00101,2024-09-24T23:01:53.611Z,coins_small,0.99,1000,116,0
pu_00002xr,p_002703,s_p_002703_00101,2024-09-24T22:56:29.275Z,coins_large,19.99,25000,116,0
pu_00002xs,p_002703,s_p_002703_00102,2024-09-25T08:52:07.215Z,coins_medium,4.99,5500,117,0
pu_00002xt,p_002703,s_p_002703_00104,2024-09-27T09:33:07.356Z,coins_large,19.99,25000,119,0
pu_00002xu,p_002703,s_p_002703_00107,2024-09-29T15:24:31.820Z,coins_large,19.99,25000,121,0
pu_00002xv,p_002703,s_p_002703_00107,2024-09-29T15:23:15.087Z,coins_small,0.99,1000,121,0
pu_00002xw,p_002703,s_p_002703_00107,2024-09-29T15:26:06.563Z,vip_monthly,9.99,10000,121,0
pu_00002xx,p_002703,s_p_002703_00109,2024-09-30T15:52:30.265Z,coins_large,19.99,25000,122,0
pu_00002xy,p_002703,s_p_002703_00110,2024-10-02T23:23:38.878Z,coins_large,19.99,25000,124,0
pu_00002xz,p_002703,s_p_002703_00111,2024-10-04T17:14:14.955Z,coins_large,19.99,25000,126,0
pu_00002y0,p_002703,s_p_002703_00112,2024-10-06T20:17:26Z,coins_large,19.99,25000,128,0
pu_00002y1,p_002703,s_p_002703_00114,2024-10-09T09:52:01.552Z,coins_medium,4.99,5500,131,0
pu_00002y2,p_002703,s_p_002703_00116,2024-10-13T07:54:29.424Z,coins_medium,4.99,5500,135,0
pu_00002y3,p_002703,s_p_002703_00119,2024-10-18T11:27:22.748Z,coins_large,19.99,25000,140,0
pu_00002y4,p_002703,s_p_002703_00121,2024-10-19T18:07:03.008Z,coins_medium,4.99,5500,141,0
pu_00002y5,p_002703,s_p_002703_00124,2024-10-26T17:33:47.689Z,coins_large,19.99,25000,148,0
pu_00002y6,p_002703,s_p_002703_00130,2024-11-05T06:49:57.307Z,coins_medium,4.99,5500,158,0
pu_00002y7,p_002703,s_p_002703_00133,2024-11-07T23:47:06.863Z,coins_medium,4.99,5500,160,0
pu_00002y8,p_002703,s_p_002703_00133,2024-11-07T23:51:44.073Z,coins_large,19.99,25000,160,0
pu_00002y9,p_002703,s_p_002703_00143,2024-11-18T12:50:25.612Z,coins_large,19.99,25000,171,0
pu_00002ya,p_002703,s_p_002703_00144,2024-11-18T16:29:33.587Z,vip_monthly,9.99,10000,171,0
pu_00002yb,p_002703,s_p_002703_00147,2024-11-27T07:42:13.479Z,coins_medium,4.99,5500,180,0
pu_00002yc,p_002703,s_p_002703_00148,2024-11-27T17:37:15.061Z,vip_monthly,9.99,10000,180,0
pu_00002yd,p_002703,s_p_002703_00148,2024-11-27T17:28:18.519Z,coins_small,0.99,1000,180,0
pu_00002ye,p_002703,s_p_002703_00150,2024-11-29T09:32:59.121Z,coins_medium,4.99,5500,182,0
pu_00002yf,p_002703,s_p_002703_00154,2024-12-06T14:55:11.267Z,coins_small,0.99,1000,189,0
pu_00002yg,p_002703,s_p_002703_00154,2024-12-06T14:51:21.041Z,coins_large,19.99,25000,189,0
pu_00002yh,p_002703,s_p_002703_00154,2024-12-06T14:46:32.760Z,vip_monthly,9.99,10000,189,0
pu_00002yi,p_002703,s_p_002703_00155,2024-12-10T11:13:53.108Z,coins_small,0.99,1000,193,0
pu_00002yj,p_002703,s_p_002703_00157,2024-12-14T12:21:07.599Z,starter_pack,1.99,2000,197,0
pu_00002yk,p_002917,s_p_002917_00001,2024-06-05T14:22:28.194Z,starter_pack,1.99,2000,22,1
pu_00002yl,p_002917,s_p_002917_00003,2024-06-12T14:26:57.567Z,coins_medium,4.99,5500,29,0
pu_00002ym,p_002917,s_p_002917_00003,2024-06-12T14:31:55.535Z,coins_small,0.99,1000,29,0
pu_00002yn,p_002917,s_p_002917_00003,2024-06-12T14:28:57.877Z,coins_medium,4.99,5500,29,0
pu_00002yo,p_002917,s_p_002917_00004,2024-06-15T09:55:03.836Z,coins_medium,4.99,5500,32,0
pu_00002yp,p_002917,s_p_002917_00004,2024-06-15T09:51:05.278Z,coins_small,0.99,1000,32,0
pu_00002yq,p_002917,s_p_002917_00004,2024-06-15T09:48:02.552Z,coins_small,0.99,1000,32,0
pu_00002yr,p_002917,s_p_002917_00005,2024-06-17T10:20:58.283Z,coins_small,0.99,1000,34,0
pu_00002ys,p_002917,s_p_002917_00005,2024-06-17T10:20:08.966Z,coins_small,0.99,1000,34,0
pu_00002yt,p_002917,s_p_002917_00005,2024-06-17T10:20:32.864Z,coins_small,0.99,1000,34,0
pu_00002yu,p_002917,s_p_002917_00005,2024-06-17T10:17:44.718Z,coins_medium,4.99,5500,34,0
pu_00002yv,p_002917,s_p_002917_00006,2024-06-29T20:37:25.583Z,coins_medium,4.99,5500,46,0
pu_00002yw,p_002917,s_p_002917_00007,2024-07-07T13:50:42.945Z,coins_medium,4.99,5500,54,0
pu_00002yx,p_002917,s_p_002917_00007,2024-07-07T13:49:17.595Z,coins_small,0.99,1000,54,0
pu_00002yy,p_002917,s_p_002917_00008,2024-07-09T11:21:40.391Z,coins_medium,4.99,5500,56,0
pu_00002yz,p_002917,s_p_002917_00009,2024-07-15T23:32:56.944Z,coins_medium,4.99,5500,62,0
pu_00002z0,p_002917,s_p_002917_00010,2024-07-16T15:00:07.081Z,coins_small,0.99,1000,63,0
pu_00002z1,p_002917,s_p_002917_00010,2024-07-16T14:55:10.358Z,vip_monthly,9.99,10000,63,0
pu_00002z2,p_002917,s_p_002917_00010,2024-07-16T15:01:35.059Z,coins_small,0.99,1000,63,0
pu_00002z3,p_002917,s_p_002917_00012,2024-07-21T23:13:16.651Z,coins_medium,4.99,5500,68,0
pu_00002z4,p_002917,s_p_002917_00013,2024-07-24T16:26:19.706Z,coins_medium,4.99,5500,71,0
pu_00002z5,p_002917,s_p_002917_00014,2024-07-29T14:15:57.484Z,coins_small,0.99,1000,76,0
pu_00002z6,p_002917,s_p_002917_00014,2024-07-29T14:13:23.779Z,coins_medium,4.99,5500,76,0
pu_00002z7,p_002917,s_p_002917_00015,2024-07-30T06:57:57.622Z,vip_monthly,9.99,10000,77,0
pu_00002z8,p_002759,s_p_002759_00001,2024-03-15T06:15:07.345Z,starter_pack,1.99,2000,1,1
pu_00002z9,p_002759,s_p_002759_00001,2024-03-15T06:10:26.678Z,coins_medium,4.99,5500,1,0
pu_00002za,p_002759,s_p_002759_00002,2024-03-15T08:27:50.331Z,coins_medium,4.99,5500,1,0
pu_00002zb,p_002759,s_p_002759_00002,2024-03-15T08:54:34.266Z,coins_large,19.99,25000,1,0
pu_00002zc,p_002759,s_p_002759_00004,2024-03-17T10:33:27.575Z,vip_monthly,9.99,10000,3,0
pu_00002zd,p_002759,s_p_002759_00006,2024-03-22T08:57:25.816Z,coins_medium,4.99,5500,8,0
pu_00002ze,p_002759,s_p_002759_00006,2024-03-22T08:56:12.422Z,starter_pack,1.99,2000,8,0
pu_00002zf,p_002759,s_p_002759_00007,2024-03-22T17:37:58.024Z,coins_medium,4.99,5500,8,0
pu_00002zg,p_002759,s_p_002759_00007,2024-03-22T17:41:55.703Z,coins_large,19.99,25000,8,0
pu_00002zh,p_002759,s_p_002759_00010,2024-03-28T06:38:56.119Z,coins_small,0.99,1000,14,0
pu_00002zi,p_002759,s_p_002759_00011,2024-03-28T06:56:51.477Z,coins_large,19.99,25000,14,0
pu_00002zj,p_002759,s_p_002759_00012,2024-03-30T08:29:04.236Z,coins_medium,4.99,5500,16,0
pu_00002zk,p_002759,s_p_002759_00022,2024-04-13T13:55:11.280Z,starter_pack,1.99,2000,30,0
pu_00002zl,p_002759,s_p_002759_00022,2024-04-13T14:01:50.489Z,coins_small,0.99,1000,30,0
pu_00002zm,p_002759,s_p_002759_00025,2024-04-17T13:05:54.881Z,coins_small,0.99,1000,34,0
pu_00002zn,p_002759,s_p_002759_00029,2024-04-18T13:50:36.406Z,coins_large,19.99,25000,35,0
pu_00002zo,p_002759,s_p_002759_00031,2024-04-23T23:30:57.049Z,coins_small,0.99,1000,40,0
pu_00002zp,p_002759,s_p_002759_00032,2024-04-24T09:14:54.691Z,coins_small,0.99,1000,41,0
pu_00002zq,p_002759,s_p_002759_00034,2024-04-25T07:25:11.025Z,coins_large,19.99,25000,42,0
pu_00002zr,p_002759,s_p_002759_00043,2024-05-11T21:17:13.850Z,coins_large,19.99,25000,58,0
pu_00002zs,p_002759,s_p_002759_00044,2024-05-12T17:09:37.970Z,vip_monthly,9.99,10000,59,0
pu_00002zt,p_002759,s_p_002759_00055,2024-05-28T17:04:46.104Z,coins_small,0.99,1000,75,0
pu_00002zu,p_002759,s_p_002759_00059,2024-06-01T22:01:44.716Z,coins_large,19.99,25000,79,0
pu_00002zv,p_002759,s_p_002759_00071,2024-06-19T08:12:42.060Z,coins_medium,4.99,5500,97,0
pu_00002zw,p_002759,s_p_002759_00073,2024-06-21T10:38:47.061Z,coins_large,19.99,25000,99,0
pu_00002zx,p_002759,s_p_002759_00079,2024-06-28T17:20:15.769Z,coins_large,19.99,25000,106,0
pu_00002zy,p_002759,s_p_002759_00082,2024-06-29T12:43:46.177Z,vip_monthly,9.99,10000,107,0
pu_00002zz,p_002759,s_p_002759_00083,2024-06-30T17:00:21.755Z,vip_monthly,9.99,10000,108,0
pu_0000300,p_002759,s_p_002759_00089,2024-07-08T17:57:00.157Z,coins_large,19.99,25000,116,0
pu_0000301,p_002759,s_p_002759_00097,2024-07-19T16:50:56.146Z,coins_large,19.99,25000,127,0
pu_0000302,p_002759,s_p_002759_00100,2024-07-23T09:26:52.453Z,vip_monthly,9.99,10000,131,0
pu_0000303,p_002759,s_p_002759_00101,2024-07-23T21:07:16.312Z,coins_medium,4.99,5500,131,0
pu_0000304,p_002759,s_p_002759_00109,2024-08-06T19:54:33.268Z,coins_medium,4.99,5500,145,0
pu_0000305,p_002759,s_p_002759_00109,2024-08-06T19:56:43.307Z,vip_monthly,9.99,10000,145,0
pu_0000306,p_002759,s_p_002759_00122,2024-08-23T19:12:53.184Z,vip_monthly,9.99,10000,162,0
pu_0000307,p_002759,s_p_002759_00123,2024-08-24T08:18:41.793Z,coins_medium,4.99,5500,163,0
pu_0000308,p_002759,s_p_002759_00126,2024-08-26T22:18:42.034Z,coins_large,19.99,25000,165,0
pu_0000309,p_002759,s_p_002759_00126,2024-08-26T22:07:15.446Z,vip_monthly,9.99,10000,165,0
pu_000030a,p_002759,s_p_002759_00133,2024-09-04T09:27:53.081Z,coins_large,19.99,25000,174,0
pu_000030b,p_002759,s_p_002759_00133,2024-09-04T09:49:04.107Z,coins_medium,4.99,5500,174,0
pu_000030c,p_002759,s_p_002759_00133,2024-09-04T09:38:51.293Z,coins_large,19.99,25000,174,0
pu_000030d,p_002759,s_p_002759_00138,2024-09-13T20:16:33.244Z,vip_monthly,9.99,10000,183,0
pu_000030e,p_002759,s_p_002759_00145,2024-09-26T22:03:21.157Z,coins_large,19.99,25000,196,0
pu_000030f,p_002759,s_p_002759_00151,2024-09-29T14:48:47.639Z,coins_large,19.99,25000,199,0
pu_000030g,p_002759,s_p_002759_00155,2024-10-05T20:41:00.149Z,coins_large,19.99,25000,205,0
pu_000030h,p_002759,s_p_002759_00155,2024-10-05T20:42:29.670Z,coins_large,19.99,25000,205,0
pu_000030i,p_002759,s_p_002759_00159,2024-10-07T15:05:44.149Z,coins_medium,4.99,5500,207,0
pu_000030j,p_002759,s_p_002759_00162,2024-10-14T10:48:45.597Z,coins_small,0.99,1000,214,0
pu_000030k,p_002759,s_p_002759_00168,2024-10-28T15:25:20.647Z,coins_medium,4.99,5500,228,0
pu_000030l,p_002773,s_p_002773_00001,2024-05-09T11:55:30.624Z,starter_pack,1.99,2000,1,1
pu_000030m,p_002773,s_p_002773_00001,2024-05-09T11:51:06.042Z,coins_large,19.99,25000,1,0
pu_000030n,p_002773,s_p_002773_00001,2024-05-09T11:50:19.300Z,coins_large,19.99,25000,1,0
pu_000030o,p_002773,s_p_002773_00004,2024-05-11T19:57:08.509Z,coins_large,19.99,25000,3,0
pu_000030p,p_002773,s_p_002773_00019,2024-05-23T20:57:48.078Z,coins_large,19.99,25000,15,0
pu_000030q,p_002773,s_p_002773_00025,2024-05-28T17:35:22.516Z,coins_large,19.99,25000,20,0
pu_000030r,p_002773,s_p_002773_00027,2024-05-31T10:50:17.443Z,coins_small,0.99,1000,23,0
pu_000030s,p_002773,s_p_002773_00032,2024-06-03T13:49:23.795Z,coins_large,19.99,25000,26,0
pu_000030t,p_002773,s_p_002773_00032,2024-06-03T13:43:48.623Z,coins_small,0.99,1000,26,0
pu_000030u,p_002773,s_p_002773_00033,2024-06-03T17:17:45.353Z,coins_medium,4.99,5500,26,0
pu_000030v,p_002773,s_p_002773_00034,2024-06-04T23:22:37.736Z,coins_medium,4.99,5500,27,0
pu_000030w,p_002773,s_p_002773_00041,2024-06-14T23:20:03.939Z,coins_medium,4.99,5500,37,0
pu_000030x,p_002773,s_p_002773_00048,2024-06-20T17:06:15.179Z,coins_small,0.99,1000,43,0
pu_000030y,p_002773,s_p_002773_00056,2024-06-26T21:09:47.890Z,starter_pack,1.99,2000,49,0
pu_000030z,p_002773,s_p_002773_00060,2024-07-03T20:46:46.780Z,coins_medium,4.99,5500,56,0
pu_0000310,p_002773,s_p_002773_00063,2024-07-08T10:27:31.166Z,coins_large,19.99,25000,61,0
pu_0000311,p_002773,s_p_002773_00068,2024-07-16T22:53:01.288Z,coins_large,19.99,25000,69,0
pu_0000312,p_002773,s_p_002773_00078,2024-08-04T08:03:18.030Z,coins_large,19.99,25000,88,0
pu_0000313,p_002773,s_p_002773_00105,2024-09-12T18:14:08.147Z,coins_large,19.99,25000,127,0
pu_0000314,p_002773,s_p_002773_00117,2024-10-01T08:58:14.686Z,coins_medium,4.99,5500,146,0
pu_0000315,p_002773,s_p_002773_00117,2024-10-01T09:03:19.340Z,coins_large,19.99,25000,146,0
pu_0000316,p_002773,s_p_002773_00126,2024-10-09T14:40:08.272Z,vip_monthly,9.99,10000,154,0
pu_0000317,p_002773,s_p_002773_00134,2024-10-21T06:10:13.304Z,coins_large,19.99,25000,166,0
pu_0000318,p_002773,s_p_002773_00135,2024-10-23T14:40:37.593Z,vip_monthly,9.99,10000,168,0
pu_0000319,p_002773,s_p_002773_00136,2024-10-24T13:53:42.375Z,coins_small,0.99,1000,169,0
pu_000031a,p_002773,s_p_002773_00139,2024-10-28T20:52:08.789Z,coins_medium,4.99,5500,173,0
pu_000031b,p_002773,s_p_002773_00142,2024-10-31T15:58:17.286Z,coins_medium,4.99,5500,176,0
pu_000031c,p_002773,s_p_002773_00148,2024-11-05T14:13:53.146Z,coins_large,19.99,25000,181,0
pu_000031d,p_002773,s_p_002773_00153,2024-11-11T07:33:24.114Z,coins_small,0.99,1000,187,0
pu_000031e,p_002773,s_p_002773_00153,2024-11-11T07:05:47.725Z,coins_large,19.99,25000,187,0
pu_000031f,p_002905,s_p_002905_00007,2024-08-27T14:48:47.019Z,coins_small,0.99,1000,50,1
pu_000031g,p_002905,s_p_002905_00009,2024-09-01T16:46:14.093Z,vip_monthly,9.99,10000,55,0
pu_000031h,p_002905,s_p_002905_00018,2024-10-27T18:39:17.560Z,coins_small,0.99,1000,111,0
pu_000031i,p_002305,s_p_002305_00026,2024-09-11T08:46:57.333Z,starter_pack,1.99,2000,57,1
pu_000031j,p_002305,s_p_002305_00044,2024-11-03T09:48:21.839Z,coins_small,0.99,1000,110,0
pu_000031k,p_002739,s_p_002739_00001,2024-06-10T16:30:30.621Z,starter_pack,1.99,2000,0,1
pu_000031l,p_002739,s_p_002739_00002,2024-06-11T19:06:24.344Z,coins_medium,4.99,5500,1,0
pu_000031m,p_002739,s_p_002739_00002,2024-06-11T18:48:25.940Z,coins_medium,4.99,5500,1,0
pu_000031n,p_002739,s_p_002739_00003,2024-06-13T13:35:48.094Z,coins_medium,4.99,5500,3,0
pu_000031o,p_002739,s_p_002739_00003,2024-06-13T13:28:38.001Z,coins_medium,4.99,5500,3,0
pu_000031p,p_002739,s_p_002739_00004,2024-06-13T16:46:23.116Z,coins_large,19.99,25000,3,0
pu_000031q,p_002739,s_p_002739_00005,2024-06-14T20:11:26.822Z,coins_large,19.99,25000,4,0
pu_000031r,p_002739,s_p_002739_00008,2024-06-20T19:23:10.145Z,coins_large,19.99,25000,10,0
pu_000031s,p_002739,s_p_002739_00009,2024-06-22T12:22:34.404Z,coins_large,19.99,25000,12,0
pu_000031t,p_002739,s_p_002739_00009,2024-06-22T12:28:49.215Z,vip_monthly,9.99,10000,12,0
pu_000031u,p_002739,s_p_002739_00010,2024-06-22T17:19:10.159Z,coins_small,0.99,1000,12,0
pu_000031v,p_002739,s_p_002739_00010,2024-06-22T17:13:53.753Z,starter_pack,1.99,2000,12,0
pu_000031w,p_002739,s_p_002739_00012,2024-06-24T10:54:46.578Z,vip_monthly,9.99,10000,14,0
pu_000031x,p_002739,s_p_002739_00013,2024-06-28T09:27:33.526Z,coins_large,19.99,25000,18,0
pu_000031y,p_002739,s_p_002739_00016,2024-06-30T14:39:37.632Z,vip_monthly,9.99,10000,20,0
pu_000031z,p_002739,s_p_002739_00019,2024-07-03T07:06:28.629Z,coins_small,0.99,1000,23,0
pu_0000320,p_002739,s_p_002739_00019,2024-07-03T07:04:08.392Z,coins_large,19.99,25000,23,0
pu_0000321,p_002739,s_p_002739_00019,2024-07-03T07:05:25.505Z,vip_monthly,9.99,10000,23,0
pu_0000322,p_002739,s_p_002739_00023,2024-07-14T09:51:27.491Z,coins_large,19.99,25000,34,0
pu_0000323,p_002739,s_p_002739_00025,2024-07-15T12:52:33.144Z,coins_medium,4.99,5500,35,0
pu_0000324,p_002739,s_p_002739_00027,2024-07-19T20:49:47.136Z,coins_large,19.99,25000,39,0
pu_0000325,p_002739,s_p_002739_00029,2024-07-22T16:12:11.294Z,coins_large,19.99,25000,42,0
pu_0000326,p_002739,s_p_002739_00038,2024-08-04T10:52:56.302Z,coins_medium,4.99,5500,55,0
pu_0000327,p_002739,s_p_002739_00047,2024-08-15T19:05:42.837Z,coins_medium,4.99,5500,66,0
pu_0000328,p_002739,s_p_002739_00051,2024-08-20T17:02:48.325Z,coins_large,19.99,25000,71,0
pu_0000329,p_002739,s_p_002739_00052,2024-08-25T07:04:59.007Z,coins_small,0.99,1000,76,0
pu_000032a,p_002739,s_p_002739_00054,2024-08-26T17:11:46.647Z,coins_small,0.99,1000,77,0
pu_000032b,p_002739,s_p_002739_00055,2024-08-26T18:22:31.840Z,coins_small,0.99,1000,77,0
pu_000032c,p_002739,s_p_002739_00055,2024-08-26T18:18:44.020Z,coins_medium,4.99,5500,77,0
pu_000032d,p_002739,s_p_002739_00058,2024-08-28T16:47:42.498Z,coins_large,19.99,25000,79,0
pu_000032e,p_002739,s_p_002739_00059,2024-08-30T19:45:48.337Z,coins_large,19.99,25000,81,0
pu_000032f,p_002739,s_p_002739_00060,2024-08-31T08:56:14.116Z,coins_medium,4.99,5500,82,0
pu_000032g,p_002739,s_p_002739_00066,2024-09-07T23:19:35.974Z,coins_small,0.99,1000,89,0
pu_000032h,p_002739,s_p_002739_00067,2024-09-08T16:08:05.287Z,vip_monthly,9.99,10000,90,0
pu_000032i,p_002739,s_p_002739_00070,2024-09-10T20:25:40.505Z,coins_medium,4.99,5500,92,0
pu_000032j,p_002739,s_p_002739_00074,2024-09-17T11:30:13.414Z,coins_medium,4.99,5500,99,0
pu_000032k,p_002739,s_p_002739_00077,2024-09-18T18:32:35.143Z,coins_medium,4.99,5500,100,0
pu_000032l,p_002739,s_p_002739_00079,2024-09-20T15:14:08.079Z,coins_medium,4.99,5500,102,0
pu_000032m,p_002739,s_p_002739_00081,2024-09-22T22:56:17.899Z,coins_medium,4.99,5500,104,0
pu_000032n,p_002739,s_p_002739_00085,2024-09-27T17:07:35.948Z,coins_small,0.99,1000,109,0
pu_000032o,p_002739,s_p_002739_00092,2024-10-07T06:59:36.797Z,coins_large,19.99,25000,119,0
pu_000032p,p_002739,s_p_002739_00100,2024-10-13T06:21:24.328Z,coins_small,0.99,1000,125,0
pu_000032q,p_002739,s_p_002739_00101,2024-10-15T20:26:11.336Z,coins_medium,4.99,5500,127,0
pu_000032r,p_002739,s_p_002739_00102,2024-10-16T13:48:55.938Z,vip_monthly,9.99,10000,128,0
pu_000032s,p_002739,s_p_002739_00106,2024-10-21T10:27:04.550Z,coins_large,19.99,25000,133,0
pu_000032t,p_002739,s_p_002739_00106,2024-10-21T10:28:09.704Z,coins_large,19.99,25000,133,0
pu_000032u,p_002739,s_p_002739_00107,2024-10-21T22:05:29.939Z,vip_monthly,9.99,10000,133,0
pu_000032v,p_002739,s_p_002739_00109,2024-10-26T21:54:06.332Z,coins_medium,4.99,5500,138,0
pu_000032w,p_002739,s_p_002739_00109,2024-10-26T21:54:46.290Z,coins_small,0.99,1000,138,0
pu_000032x,p_002739,s_p_002739_00110,2024-10-29T11:29:10.195Z,starter_pack,1.99,2000,141,0
pu_000032y,p_002739,s_p_002739_00111,2024-10-30T16:57:52.113Z,coins_large,19.99,25000,142,0
pu_000032z,p_002739,s_p_002739_00113,2024-11-02T22:10:42.554Z,coins_large,19.99,25000,145,0
pu_0000330,p_002739,s_p_002739_00117,2024-11-04T22:44:49.968Z,coins_small,0.99,1000,147,0
pu_0000331,p_002739,s_p_002739_00121,2024-11-08T07:02:05.794Z,vip_monthly,9.99,10000,151,0
pu_0000332,p_002739,s_p_002739_00124,2024-11-12T16:58:52.504Z,coins_large,19.99,25000,155,0
pu_0000333,p_002739,s_p_002739_00129,2024-11-15T14:42:25.343Z,coins_small,0.99,1000,158,0
pu_0000334,p_002739,s_p_002739_00132,2024-11-18T09:55:06.483Z,coins_medium,4.99,5500,161,0
pu_0000335,p_002739,s_p_002739_00134,2024-11-19T19:04:11.511Z,coins_large,19.99,25000,162,0
pu_0000336,p_002739,s_p_002739_00135,2024-11-21T18:07:50.037Z,coins_large,19.99,25000,164,0
pu_0000337,p_002739,s_p_002739_00137,2024-11-23T09:04:14.788Z,coins_large,19.99,25000,166,0
pu_0000338,p_002739,s_p_002739_00137,2024-11-23T09:14:15.084Z,coins_medium,4.99,5500,166,0
pu_0000339,p_002739,s_p_002739_00146,2024-12-06T17:51:56.229Z,coins_large,19.99,25000,179,0
pu_000033a,p_002739,s_p_002739_00151,2024-12-13T14:37:13.756Z,coins_medium,4.99,5500,186,0
pu_000033b,p_002739,s_p_002739_00151,2024-12-13T14:37:57.055Z,coins_large,19.99,25000,186,0
pu_000033c,p_002739,s_p_002739_00153,2024-12-17T15:24:17.937Z,coins_medium,4.99,5500,190,0
pu_000033d,p_002739,s_p_002739_00156,2024-12-26T16:52:55.151Z,coins_small,0.99,1000,199,0
pu_000033e,p_002739,s_p_002739_00156,2024-12-26T16:44:26.749Z,coins_small,0.99,1000,199,0
pu_000033f,p_002972,s_p_002972_00003,2024-05-15T09:35:10.352Z,starter_pack,1.99,2000,11,1
pu_000033g,p_002972,s_p_002972_00003,2024-05-15T09:43:44.743Z,coins_medium,4.99,5500,11,0
pu_000033h,p_002972,s_p_002972_00006,2024-05-23T09:09:35.757Z,coins_medium,4.99,5500,19,0
pu_000033i,p_002972,s_p_002972_00007,2024-05-24T17:53:28.117Z,coins_small,0.99,1000,20,0
pu_000033j,p_002972,s_p_002972_00014,2024-07-09T16:26:19.141Z,vip_monthly,9.99,10000,66,0
pu_000033k,p_002955,s_p_002955_00001,2024-08-16T10:42:41.402Z,starter_pack,1.99,2000,6,1
pu_000033l,p_002955,s_p_002955_00002,2024-08-25T11:28:10.382Z,vip_monthly,9.99,10000,15,0
pu_000033m,p_002955,s_p_002955_00002,2024-08-25T11:30:21.788Z,coins_medium,4.99,5500,15,0
pu_000033n,p_002955,s_p_002955_00003,2024-09-07T20:00:46.215Z,vip_monthly,9.99,10000,28,0
pu_000033o,p_002955,s_p_002955_00003,2024-09-07T19:59:45.760Z,coins_medium,4.99,5500,28,0
pu_000033p,p_002955,s_p_002955_00004,2024-09-08T21:39:52.748Z,coins_small,0.99,1000,29,0
pu_000033q,p_002955,s_p_002955_00008,2024-10-11T07:24:34.806Z,coins_small,0.99,1000,62,0
pu_000033r,p_002955,s_p_002955_00009,2024-10-11T17:08:53.496Z,coins_large,19.99,25000,62,0
pu_000033s,p_002955,s_p_002955_00010,2024-10-13T21:00:35.243Z,coins_small,0.99,1000,64,0
pu_000033t,p_002955,s_p_002955_00011,2024-10-19T20:12:48.174Z,coins_medium,4.99,5500,70,0
pu_000033u,p_002955,s_p_002955_00011,2024-10-19T20:18:03.689Z,coins_small,0.99,1000,70,0
pu_000033v,p_002955,s_p_002955_00012,2024-10-20T06:25:47.518Z,vip_monthly,9.99,10000,71,0
pu_000033w,p_002955,s_p_002955_00012,2024-10-20T06:34:32.701Z,coins_small,0.99,1000,71,0
pu_000033x,p_002955,s_p_002955_00012,2024-10-20T06:30:56.562Z,coins_small,0.99,1000,71,0
pu_000033y,p_002955,s_p_002955_00012,2024-10-20T06:23:32.728Z,coins_small,0.99,1000,71,0
pu_000033z,p_002955,s_p_002955_00012,2024-10-20T06:28:57.635Z,coins_medium,4.99,5500,71,0
pu_0000340,p_002955,s_p_002955_00014,2024-10-25T07:48:30.698Z,starter_pack,1.99,2000,76,0
pu_0000341,p_002955,s_p_002955_00015,2024-10-29T09:16:11.326Z,coins_small,0.99,1000,80,0
pu_0000342,p_002955,s_p_002955_00015,2024-10-29T09:14:54.050Z,coins_medium,4.99,5500,80,0
pu_0000343,p_002955,s_p_002955_00015,2024-10-29T09:14:28.644Z,coins_small,0.99,1000,80,0
pu_0000344,p_002955,s_p_002955_00016,2024-11-19T06:48:44.212Z,coins_small,0.99,1000,101,0
pu_0000345,p_002427,s_p_002427_00015,2024-08-19T11:47:58.524Z,starter_pack,1.99,2000,31,1
pu_0000346,p_002427,s_p_002427_00019,2024-08-26T10:52:48.327Z,coins_small,0.99,1000,38,0
pu_0000347,p_002427,s_p_002427_00022,2024-08-31T10:58:07.941Z,coins_small,0.99,1000,43,0
pu_0000348,p_002427,s_p_002427_00029,2024-09-06T09:40:02.976Z,coins_small,0.99,1000,49,0
pu_0000349,p_002427,s_p_002427_00034,2024-09-19T06:30:52.835Z,coins_medium,4.99,5500,62,0
pu_000034a,p_002427,s_p_002427_00039,2024-10-04T08:14:24.554Z,coins_small,0.99,1000,77,0
pu_000034b,p_002427,s_p_002427_00049,2024-10-21T06:35:33.215Z,coins_medium,4.99,5500,94,0
pu_000034c,p_002427,s_p_002427_00065,2024-12-03T18:35:12.484Z,coins_small,0.99,1000,137,0
pu_000034d,p_002850,s_p_002850_00002,2024-08-02T08:01:14.535Z,coins_small,0.99,1000,5,1
pu_000034e,p_002850,s_p_002850_00002,2024-08-02T07:59:57.617Z,coins_small,0.99,1000,5,0
pu_000034f,p_002850,s_p_002850_00003,2024-08-02T10:42:31.564Z,coins_medium,4.99,5500,5,0
pu_000034g,p_002850,s_p_002850_00004,2024-08-06T08:02:19.237Z,coins_small,0.99,1000,9,0
pu_000034h,p_002850,s_p_002850_00005,2024-08-15T16:21:33.121Z,vip_monthly,9.99,10000,18,0
pu_000034i,p_002850,s_p_002850_00005,2024-08-15T16:23:42.971Z,coins_large,19.99,25000,18,0
pu_000034j,p_002850,s_p_002850_00006,2024-08-16T19:20:50.544Z,coins_small,0.99,1000,19,0
pu_000034k,p_002850,s_p_002850_00008,2024-08-27T14:45:04.143Z,coins_small,0.99,1000,30,0
pu_000034l,p_002850,s_p_002850_00010,2024-09-08T12:02:13.284Z,coins_medium,4.99,5500,42,0
pu_000034m,p_002850,s_p_002850_00014,2024-09-11T15:42:05.284Z,coins_small,0.99,1000,45,0
pu_000034n,p_002850,s_p_002850_00018,2024-11-06T08:41:37.078Z,coins_small,0.99,1000,101,0
pu_000034o,p_002850,s_p_002850_00018,2024-11-06T08:33:50.692Z,coins_medium,4.99,5500,101,0
pu_000034p,p_002850,s_p_002850_00021,2024-12-03T18:41:56.226Z,coins_small,0.99,1000,128,0
pu_000034q,p_002951,s_p_002951_00017,2024-10-10T15:31:12.143Z,starter_pack,1.99,2000,115,1
pu_000034r,p_002951,s_p_002951_00017,2024-10-10T15:29:47.732Z,vip_monthly,9.99,10000,115,0
pu_000034s,p_002951,s_p_002951_00023,2024-10-24T06:47:01.297Z,coins_small,0.99,1000,129,0
pu_000034t,p_002988,s_p_002988_00001,2024-02-08T11:12:59.364Z,vip_monthly,9.99,10000,10,1
pu_000034u,p_002988,s_p_002988_00002,2024-02-09T18:35:49.963Z,coins_small,0.99,1000,11,0
pu_000034v,p_002988,s_p_002988_00002,2024-02-09T18:33:32.911Z,coins_small,0.99,1000,11,0
pu_000034w,p_002988,s_p_002988_00005,2024-02-16T19:13:48.225Z,coins_small,0.99,1000,18,0
pu_000034x,p_002988,s_p_002988_00007,2024-02-20T17:52:09.951Z,coins_medium,4.99,5500,22,0
pu_000034y,p_002988,s_p_002988_00007,2024-02-20T17:55:33.972Z,coins_medium,4.99,5500,22,0
pu_000034z,p_002988,s_p_002988_00007,2024-02-20T17:54:59.552Z,coins_small,0.99,1000,22,0
pu_0000350,p_002988,s_p_002988_00009,2024-03-06T20:29:41.479Z,vip_monthly,9.99,10000,37,0
pu_0000351,p_002988,s_p_002988_00009,2024-03-06T20:32:04.806Z,coins_small,0.99,1000,37,0
pu_0000352,p_002988,s_p_002988_00011,2024-03-16T17:10:22.709Z,coins_small,0.99,1000,47,0
pu_0000353,p_002988,s_p_002988_00012,2024-03-16T18:11:13.499Z,coins_small,0.99,1000,47,0
pu_0000354,p_002988,s_p_002988_00013,2024-03-19T17:44:22.764Z,coins_large,19.99,25000,50,0
pu_0000355,p_002922,s_p_002922_00001,2024-03-11T14:14:35.981Z,starter_pack,1.99,2000,2,1
pu_0000356,p_002922,s_p_002922_00001,2024-03-11T14:15:44.979Z,coins_small,0.99,1000,2,0
pu_0000357,p_002922,s_p_002922_00002,2024-03-19T09:48:56.479Z,coins_small,0.99,1000,10,0
pu_0000358,p_002922,s_p_002922_00003,2024-03-22T12:46:47.132Z,coins_small,0.99,1000,13,0
pu_0000359,p_002922,s_p_002922_00004,2024-03-31T10:20:01.078Z,coins_medium,4.99,5500,22,0
pu_000035a,p_002922,s_p_002922_00008,2024-04-15T20:53:20.063Z,coins_small,0.99,1000,37,0
pu_000035b,p_002922,s_p_002922_00010,2024-04-30T20:28:10.100Z,coins_small,0.99,1000,52,0
pu_000035c,p_002922,s_p_002922_00010,2024-04-30T20:29:17.604Z,starter_pack,1.99,2000,52,0
pu_000035d,p_002922,s_p_002922_00011,2024-05-01T11:38:41.718Z,coins_medium,4.99,5500,53,0
pu_000035e,p_002922,s_p_002922_00012,2024-05-01T14:40:33.818Z,coins_small,0.99,1000,53,0
pu_000035f,p_002922,s_p_002922_00014,2024-05-02T17:25:31.830Z,coins_small,0.99,1000,54,0
pu_000035g,p_002922,s_p_002922_00018,2024-05-18T10:29:24.178Z,coins_medium,4.99,5500,70,0
pu_000035h,p_002922,s_p_002922_00023,2024-06-05T13:10:27.766Z,coins_small,0.99,1000,88,0
pu_000035i,p_002922,s_p_002922_00026,2024-06-20T21:48:55.198Z,coins_small,0.99,1000,103,0
pu_000035j,p_002922,s_p_002922_00027,2024-06-23T06:49:07.028Z,coins_medium,4.99,5500,106,0
pu_000035k,p_002922,s_p_002922_00027,2024-06-23T06:54:57.678Z,coins_medium,4.99,5500,106,0
pu_000035l,p_002922,s_p_002922_00029,2024-07-01T18:34:45.054Z,vip_monthly,9.99,10000,114,0
pu_000035m,p_002922,s_p_002922_00030,2024-07-08T16:33:03.590Z,coins_small,0.99,1000,121,0
pu_000035n,p_002922,s_p_002922_00032,2024-07-15T21:45:40.067Z,coins_small,0.99,1000,128,0
pu_000035o,p_002854,s_p_002854_00001,2024-07-04T10:36:48.151Z,starter_pack,1.99,2000,11,1
pu_000035p,p_002854,s_p_002854_00002,2024-07-13T10:14:56.382Z,coins_small,0.99,1000,20,0
pu_000035q,p_002854,s_p_002854_00006,2024-08-13T22:12:09.436Z,coins_small,0.99,1000,51,0
pu_000035r,p_002854,s_p_002854_00006,2024-08-13T22:16:50.914Z,coins_large,19.99,25000,51,0
pu_000035s,p_002854,s_p_002854_00009,2024-09-01T07:47:28.855Z,coins_medium,4.99,5500,70,0
pu_000035t,p_002854,s_p_002854_00019,2024-10-16T07:36:31.312Z,coins_small,0.99,1000,115,0
pu_000035u,p_002854,s_p_002854_00019,2024-10-16T07:33:46.775Z,coins_large,19.99,25000,115,0
pu_000035v,p_002854,s_p_002854_00024,2024-12-15T15:23:51.428Z,coins_small,0.99,1000,175,0
pu_000035w,p_002969,s_p_002969_00002,2024-04-04T09:42:53.915Z,starter_pack,1.99,2000,31,1
pu_000035x,p_002969,s_p_002969_00003,2024-04-05T20:13:25.095Z,coins_small,0.99,1000,32,0
pu_000035y,p_002969,s_p_002969_00003,2024-04-05T20:21:07.228Z,coins_medium,4.99,5500,32,0
pu_000035z,p_002969,s_p_002969_00004,2024-04-26T23:36:50.199Z,coins_small,0.99,1000,53,0
pu_0000360,p_002969,s_p_002969_00008,2024-05-05T13:21:32.250Z,coins_small,0.99,1000,62,0
pu_0000361,p_002969,s_p_002969_00008,2024-05-05T13:19:16.086Z,coins_medium,4.99,5500,62,0
pu_0000362,p_002969,s_p_002969_00011,2024-05-24T15:01:22.576Z,coins_small,0.99,1000,81,0
pu_0000363,p_002969,s_p_002969_00012,2024-05-24T20:42:45.507Z,coins_small,0.99,1000,81,0
pu_0000364,p_002969,s_p_002969_00014,2024-06-10T09:26:29.871Z,coins_medium,4.99,5500,98,0
pu_0000365,p_002969,s_p_002969_00015,2024-06-10T21:47:58.722Z,vip_monthly,9.99,10000,98,0
pu_0000366,p_002969,s_p_002969_00017,2024-06-22T07:55:38.320Z,coins_small,0.99,1000,110,0
pu_0000367,p_002969,s_p_002969_00017,2024-06-22T07:54:55.970Z,coins_small,0.99,1000,110,0
pu_0000368,p_002969,s_p_002969_00018,2024-07-07T16:26:12.413Z,starter_pack,1.99,2000,125,0
pu_0000369,p_002969,s_p_002969_00019,2024-07-13T14:03:29.867Z,coins_medium,4.99,5500,131,0
pu_000036a,p_002969,s_p_002969_00020,2024-07-15T12:37:04.419Z,coins_small,0.99,1000,133,0
pu_000036b,p_002969,s_p_002969_00021,2024-07-18T14:20:03.021Z,vip_monthly,9.99,10000,136,0
pu_000036c,p_002969,s_p_002969_00023,2024-07-26T09:05:43.357Z,coins_small,0.99,1000,144,0
pu_000036d,p_002969,s_p_002969_00023,2024-07-26T09:06:58.640Z,coins_medium,4.99,5500,144,0
pu_000036e,p_002969,s_p_002969_00026,2024-08-04T11:56:20.498Z,coins_small,0.99,1000,153,0
pu_000036f,p_002969,s_p_002969_00026,2024-08-04T11:59:28.970Z,coins_medium,4.99,5500,153,0
pu_000036g,p_002969,s_p_002969_00027,2024-08-04T22:44:38.207Z,starter_pack,1.99,2000,153,0
pu_000036h,p_002969,s_p_002969_00028,2024-08-25T14:21:30.233Z,coins_small,0.99,1000,174,0
pu_000036i,p_002959,s_p_002959_00003,2024-06-20T21:30:18.353Z,coins_small,0.99,1000,9,1
pu_000036j,p_002959,s_p_002959_00007,2024-08-03T22:49:52.998Z,coins_medium,4.99,5500,53,0
pu_000036k,p_002959,s_p_002959_00007,2024-08-03T22:51:28.139Z,coins_small,0.99,1000,53,0
pu_000036l,p_002959,s_p_002959_00008,2024-08-31T13:36:18.519Z,coins_medium,4.99,5500,81,0
pu_000036m,p_002959,s_p_002959_00008,2024-08-31T13:35:35.873Z,coins_medium,4.99,5500,81,0
pu_000036n,p_002959,s_p_002959_00008,2024-08-31T13:34:18.506Z,coins_small,0.99,1000,81,0
pu_000036o,p_002959,s_p_002959_00009,2024-08-31T20:33:27.463Z,coins_medium,4.99,5500,81,0
pu_000036p,p_002959,s_p_002959_00009,2024-08-31T20:32:09.166Z,coins_small,0.99,1000,81,0
pu_000036q,p_002959,s_p_002959_00010,2024-09-02T10:11:17.971Z,coins_small,0.99,1000,83,0
pu_000036r,p_002959,s_p_002959_00012,2024-09-16T19:28:57.100Z,coins_small,0.99,1000,97,0
pu_000036s,p_002959,s_p_002959_00014,2024-09-26T09:37:40.201Z,coins_large,19.99,25000,107,0
pu_000036t,p_002959,s_p_002959_00015,2024-09-29T17:04:47.305Z,starter_pack,1.99,2000,110,0
pu_000036u,p_002959,s_p_002959_00015,2024-09-29T16:54:51.956Z,coins_small,0.99,1000,110,0
pu_000036v,p_002959,s_p_002959_00015,2024-09-29T17:06:36.632Z,coins_medium,4.99,5500,110,0
pu_000036w,p_002959,s_p_002959_00016,2024-10-12T08:59:38.955Z,coins_small,0.99,1000,123,0
pu_000036x,p_002959,s_p_002959_00016,2024-10-12T09:00:13.408Z,coins_small,0.99,1000,123,0
pu_000036y,p_002959,s_p_002959_00016,2024-10-12T08:54:35.425Z,coins_small,0.99,1000,123,0
pu_000036z,p_002959,s_p_002959_00016,2024-10-12T08:53:16.562Z,coins_small,0.99,1000,123,0
pu_0000370,p_002959,s_p_002959_00019,2024-10-16T22:05:36.933Z,coins_large,19.99,25000,127,0
pu_0000371,p_002959,s_p_002959_00022,2024-10-30T19:48:44.827Z,coins_small,0.99,1000,141,0
pu_0000372,p_002959,s_p_002959_00022,2024-10-30T19:48:14.953Z,coins_small,0.99,1000,141,0
pu_0000373,p_002959,s_p_002959_00023,2024-10-30T20:43:43.052Z,coins_small,0.99,1000,141,0
pu_0000374,p_002959,s_p_002959_00024,2024-11-23T07:47:41.881Z,vip_monthly,9.99,10000,165,0
pu_0000375,p_002959,s_p_002959_00025,2024-12-18T10:53:21.674Z,coins_large,19.99,25000,190,0
pu_0000376,p_002942,s_p_002942_00017,2024-07-26T22:04:16.385Z,coins_medium,4.99,5500,105,1
pu_0000377,p_002942,s_p_002942_00018,2024-07-29T19:36:09.213Z,coins_small,0.99,1000,108,0
pu_0000378,p_002942,s_p_002942_00019,2024-08-03T11:25:59.068Z,vip_monthly,9.99,10000,113,0
pu_0000379,p_002942,s_p_002942_00028,2024-09-27T08:26:48.483Z,starter_pack,1.99,2000,168,0
pu_000037a,p_002942,s_p_002942_00028,2024-09-27T08:30:36.528Z,coins_small,0.99,1000,168,0
pu_000037b,p_002942,s_p_002942_00028,2024-09-27T08:28:27.863Z,coins_small,0.99,1000,168,0
pu_000037c,p_002942,s_p_002942_00029,2024-10-07T22:07:43.955Z,coins_medium,4.99,5500,178,0
pu_000037d,p_002942,s_p_002942_00032,2024-10-18T06:21:08.113Z,coins_medium,4.99,5500,189,0
pu_000037e,p_002942,s_p_002942_00032,2024-10-18T06:16:38.555Z,coins_small,0.99,1000,189,0
pu_000037f,p_002942,s_p_002942_00038,2024-11-15T07:56:59.065Z,coins_large,19.99,25000,217,0
pu_000037g,p_002918,s_p_002918_00006,2024-03-25T15:01:33.500Z,starter_pack,1.99,2000,25,1
pu_000037h,p_002918,s_p_002918_00007,2024-04-03T15:25:54.791Z,coins_small,0.99,1000,34,0
pu_000037i,p_002918,s_p_002918_00007,2024-04-03T15:27:30.724Z,coins_small,0.99,1000,34,0
pu_000037j,p_002918,s_p_002918_00014,2024-05-07T15:42:25.380Z,coins_small,0.99,1000,68,0
pu_000037k,p_002918,s_p_002918_00014,2024-05-07T15:52:56.133Z,coins_small,0.99,1000,68,0
pu_000037l,p_002918,s_p_002918_00017,2024-06-11T17:36:58.579Z,coins_small,0.99,1000,103,0
pu_000037m,p_002918,s_p_002918_00017,2024-06-11T17:33:03.533Z,coins_medium,4.99,5500,103,0
pu_000037n,p_002149,s_p_002149_00004,2024-03-16T19:07:33.354Z,starter_pack,1.99,2000,13,1
pu_000037o,p_002149,s_p_002149_00007,2024-03-30T21:34:29.989Z,coins_medium,4.99,5500,27,0
pu_000037p,p_002149,s_p_002149_00011,2024-04-13T12:10:52.374Z,coins_small,0.99,1000,41,0
pu_000037q,p_002149,s_p_002149_00015,2024-04-22T14:52:33.176Z,coins_small,0.99,1000,50,0
pu_000037r,p_002149,s_p_002149_00029,2024-06-05T21:07:16.522Z,coins_large,19.99,25000,94,0
pu_000037s,p_002149,s_p_002149_00033,2024-06-15T08:16:58.844Z,coins_medium,4.99,5500,104,0
pu_000037t,p_002149,s_p_002149_00034,2024-06-17T12:47:30.473Z,coins_medium,4.99,5500,106,0
pu_000037u,p_002149,s_p_002149_00038,2024-06-27T10:20:22.115Z,coins_medium,4.99,5500,116,0
pu_000037v,p_002149,s_p_002149_00042,2024-07-06T22:50:38.492Z,coins_medium,4.99,5500,125,0
pu_000037w,p_002149,s_p_002149_00052,2024-07-28T07:46:02.094Z,coins_medium,4.99,5500,147,0
pu_000037x,p_002989,s_p_002989_00001,2024-04-05T07:27:23.412Z,starter_pack,1.99,2000,2,1
pu_000037y,p_002989,s_p_002989_00001,2024-04-05T07:23:42.896Z,coins_small,0.99,1000,2,0
pu_000037z,p_002989,s_p_002989_00007,2024-05-21T08:50:21.977Z,coins_small,0.99,1000,48,0
pu_0000380,p_002989,s_p_002989_00009,2024-06-12T10:31:06.190Z,vip_monthly,9.99,10000,70,0
pu_0000381,p_002834,s_p_002834_00003,2024-07-04T11:42:03.190Z,coins_large,19.99,25000,4,1
pu_0000382,p_002834,s_p_002834_00003,2024-07-04T11:36:53.507Z,coins_small,0.99,1000,4,0
pu_0000383,p_002834,s_p_002834_00003,2024-07-04T12:02:51.484Z,coins_large,19.99,25000,4,0
pu_0000384,p_002834,s_p_002834_00004,2024-07-05T20:10:35.538Z,coins_large,19.99,25000,5,0
pu_0000385,p_002834,s_p_002834_00004,2024-07-05T19:54:11.429Z,coins_large,19.99,25000,5,0
pu_0000386,p_002834,s_p_002834_00005,2024-07-05T20:44:15.747Z,coins_large,19.99,25000,5,0
pu_0000387,p_002834,s_p_002834_00005,2024-07-05T20:56:33.445Z,coins_medium,4.99,5500,5,0
pu_0000388,p_002834,s_p_002834_00005,2024-07-05T20:52:42.991Z,coins_large,19.99,25000,5,0
pu_0000389,p_002834,s_p_002834_00006,2024-07-06T12:37:07.847Z,coins_small,0.99,1000,6,0
pu_000038a,p_002834,s_p_002834_00006,2024-07-06T12:36:41.377Z,coins_small,0.99,1000,6,0
pu_000038b,p_002834,s_p_002834_00008,2024-07-09T23:28:13.729Z,coins_medium,4.99,5500,9,0
pu_000038c,p_002834,s_p_002834_00010,2024-07-12T20:39:00.108Z,starter_pack,1.99,2000,12,0
pu_000038d,p_002834,s_p_002834_00019,2024-07-22T14:46:20.313Z,coins_large,19.99,25000,22,0
pu_000038e,p_002834,s_p_002834_00019,2024-07-22T14:52:14.559Z,coins_large,19.99,25000,22,0
pu_000038f,p_002834,s_p_002834_00028,2024-08-09T16:17:58.938Z,coins_medium,4.99,5500,40,0
pu_000038g,p_002834,s_p_002834_00029,2024-08-11T11:29:47.525Z,coins_medium,4.99,5500,42,0
pu_000038h,p_002834,s_p_002834_00038,2024-08-27T14:06:59.331Z,coins_large,19.99,25000,58,0
pu_000038i,p_002834,s_p_002834_00038,2024-08-27T13:49:17.218Z,coins_medium,4.99,5500,58,0
pu_000038j,p_002834,s_p_002834_00046,2024-09-11T06:20:39.354Z,coins_medium,4.99,5500,73,0
pu_000038k,p_002834,s_p_002834_00059,2024-09-24T16:39:43.735Z,coins_medium,4.99,5500,86,0
pu_000038l,p_002834,s_p_002834_00064,2024-10-04T22:49:23.144Z,vip_monthly,9.99,10000,96,0
pu_000038m,p_002834,s_p_002834_00066,2024-10-05T17:43:14.698Z,coins_medium,4.99,5500,97,0
pu_000038n,p_002834,s_p_002834_00068,2024-10-07T13:17:37.858Z,coins_medium,4.99,5500,99,0
pu_000038o,p_002834,s_p_002834_00069,2024-10-08T14:34:50.199Z,coins_medium,4.99,5500,100,0
pu_000038p,p_002834,s_p_002834_00071,2024-10-09T10:20:36.573Z,coins_small,0.99,1000,101,0
pu_000038q,p_002834,s_p_002834_00076,2024-10-13T07:22:57.608Z,starter_pack,1.99,2000,105,0
pu_000038r,p_002834,s_p_002834_00077,2024-10-15T22:11:07.388Z,vip_monthly,9.99,10000,107,0
pu_000038s,p_002834,s_p_002834_00084,2024-10-27T14:32:45.627Z,coins_large,19.99,25000,119,0
pu_000038t,p_002834,s_p_002834_00085,2024-10-27T17:43:51.355Z,starter_pack,1.99,2000,119,0
pu_000038u,p_002834,s_p_002834_00085,2024-10-27T17:51:06.927Z,coins_large,19.99,25000,119,0
pu_000038v,p_002834,s_p_002834_00086,2024-10-28T08:52:22.692Z,starter_pack,1.99,2000,120,0
pu_000038w,p_002834,s_p_002834_00087,2024-10-29T10:56:39.404Z,coins_large,19.99,25000,121,0
pu_000038x,p_002834,s_p_002834_00092,2024-11-03T06:46:22.326Z,vip_monthly,9.99,10000,126,0
pu_000038y,p_002834,s_p_002834_00096,2024-11-05T22:58:35.072Z,coins_large,19.99,25000,128,0
pu_000038z,p_002834,s_p_002834_00101,2024-11-20T07:00:01.218Z,coins_large,19.99,25000,143,0
pu_0000390,p_002834,s_p_002834_00108,2024-11-26T23:19:12.352Z,coins_medium,4.99,5500,149,0
pu_0000391,p_002834,s_p_002834_00112,2024-11-30T19:28:08.383Z,coins_medium,4.99,5500,153,0
pu_0000392,p_002834,s_p_002834_00115,2024-12-05T23:07:29.333Z,starter_pack,1.99,2000,158,0
pu_0000393,p_002834,s_p_002834_00117,2024-12-07T13:29:24.062Z,coins_medium,4.99,5500,160,0
pu_0000394,p_002834,s_p_002834_00119,2024-12-10T12:11:33.517Z,coins_small,0.99,1000,163,0
pu_0000395,p_002834,s_p_002834_00122,2024-12-18T16:43:26.148Z,vip_monthly,9.99,10000,171,0
pu_0000396,p_002842,s_p_002842_00002,2024-05-11T07:34:43.974Z,coins_large,19.99,25000,1,1
pu_0000397,p_002842,s_p_002842_00003,2024-05-12T17:37:00.044Z,coins_large,19.99,25000,2,0
pu_0000398,p_002842,s_p_002842_00003,2024-05-12T17:41:49.865Z,coins_large,19.99,25000,2,0
pu_0000399,p_002842,s_p_002842_00006,2024-05-25T12:30:36.167Z,coins_large,19.99,25000,15,0
pu_000039a,p_002842,s_p_002842_00006,2024-05-25T12:16:21.339Z,coins_medium,4.99,5500,15,0
pu_000039b,p_002842,s_p_002842_00006,2024-05-25T12:32:48.570Z,coins_small,0.99,1000,15,0
pu_000039c,p_002842,s_p_002842_00006,2024-05-25T12:19:30.188Z,coins_medium,4.99,5500,15,0
pu_000039d,p_002842,s_p_002842_00009,2024-05-27T23:35:56.652Z,coins_medium,4.99,5500,17,0
pu_000039e,p_002842,s_p_002842_00013,2024-05-30T12:22:05.056Z,coins_medium,4.99,5500,20,0
pu_000039f,p_002842,s_p_002842_00014,2024-05-30T19:03:00.503Z,coins_medium,4.99,5500,20,0
pu_000039g,p_002842,s_p_002842_00014,2024-05-30T18:54:29.932Z,vip_monthly,9.99,10000,20,0
pu_000039h,p_002842,s_p_002842_00024,2024-06-10T20:47:36.993Z,coins_large,19.99,25000,31,0
pu_000039i,p_002842,s_p_002842_00034,2024-06-26T07:37:39.418Z,coins_medium,4.99,5500,47,0
pu_000039j,p_002842,s_p_002842_00038,2024-06-30T11:23:15.958Z,coins_large,19.99,25000,51,0
pu_000039k,p_002842,s_p_002842_00039,2024-06-30T22:07:05.691Z,coins_large,19.99,25000,51,0
pu_000039l,p_002842,s_p_002842_00043,2024-07-06T08:23:16.183Z,coins_large,19.99,25000,57,0
pu_000039m,p_002842,s_p_002842_00047,2024-07-11T08:20:49.260Z,coins_large,19.99,25000,62,0
pu_000039n,p_002842,s_p_002842_00055,2024-07-17T20:37:16.139Z,vip_monthly,9.99,10000,68,0
pu_000039o,p_002842,s_p_002842_00061,2024-07-22T23:26:23.735Z,coins_large,19.99,25000,73,0
pu_000039p,p_002842,s_p_002842_00064,2024-07-30T15:28:48.674Z,vip_monthly,9.99,10000,81,0
pu_000039q,p_002842,s_p_002842_00065,2024-08-01T13:12:31.245Z,coins_medium,4.99,5500,83,0
pu_000039r,p_002842,s_p_002842_00070,2024-08-07T06:08:29.954Z,coins_large,19.99,25000,89,0
pu_000039s,p_002842,s_p_002842_00075,2024-08-12T08:35:12.399Z,coins_medium,4.99,5500,94,0
pu_000039t,p_002842,s_p_002842_00083,2024-08-22T13:42:07.906Z,coins_medium,4.99,5500,104,0
pu_000039u,p_002842,s_p_002842_00085,2024-08-24T21:26:32.581Z,coins_small,0.99,1000,106,0
pu_000039v,p_002842,s_p_002842_00086,2024-08-25T06:22:54.614Z,vip_monthly,9.99,10000,107,0
pu_000039w,p_002842,s_p_002842_00089,2024-09-02T12:39:37.404Z,coins_medium,4.99,5500,115,0
pu_000039x,p_002842,s_p_002842_00090,2024-09-03T22:31:02.519Z,vip_monthly,9.99,10000,116,0
pu_000039y,p_002842,s_p_002842_00092,2024-09-04T21:25:37.914Z,coins_medium,4.99,5500,117,0
pu_000039z,p_002842,s_p_002842_00095,2024-09-07T12:57:17.807Z,coins_large,19.99,25000,120,0
pu_00003a0,p_002842,s_p_002842_00100,2024-09-11T22:10:02.905Z,coins_large,19.99,25000,124,0
pu_00003a1,p_002842,s_p_002842_00102,2024-09-15T16:06:52.491Z,coins_medium,4.99,5500,128,0
pu_00003a2,p_002842,s_p_002842_00109,2024-09-23T18:08:04.954Z,coins_large,19.99,25000,136,0
pu_00003a3,p_002842,s_p_002842_00111,2024-09-25T16:39:50.926Z,coins_small,0.99,1000,138,0
pu_00003a4,p_002842,s_p_002842_00111,2024-09-25T16:42:52.806Z,vip_monthly,9.99,10000,138,0
pu_00003a5,p_002842,s_p_002842_00112,2024-09-26T23:35:08.817Z,coins_large,19.99,25000,139,0
pu_00003a6,p_002842,s_p_002842_00121,2024-10-12T09:54:38.495Z,coins_large,19.99,25000,155,0
pu_00003a7,p_002842,s_p_002842_00130,2024-10-20T12:44:14.874Z,coins_medium,4.99,5500,163,0
pu_00003a8,p_002842,s_p_002842_00135,2024-10-28T16:41:23.071Z,coins_medium,4.99,5500,171,0
pu_00003a9,p_002842,s_p_002842_00136,2024-10-31T08:41:40.995Z,coins_large,19.99,25000,174,0
pu_00003aa,p_002842,s_p_002842_00137,2024-10-31T18:36:45.082Z,coins_medium,4.99,5500,174,0
pu_00003ab,p_002842,s_p_002842_00137,2024-10-31T18:19:44.841Z,coins_medium,4.99,5500,174,0
pu_00003ac,p_002842,s_p_002842_00141,2024-11-02T22:46:20.271Z,coins_medium,4.99,5500,176,0
pu_00003ad,p_002842,s_p_002842_00148,2024-11-12T09:09:39.755Z,coins_large,19.99,25000,186,0
pu_00003ae,p_002842,s_p_002842_00151,2024-11-13T14:15:18.367Z,coins_medium,4.99,5500,187,0
pu_00003af,p_002842,s_p_002842_00153,2024-11-17T13:03:39.236Z,vip_monthly,9.99,10000,191,0
pu_00003ag,p_002842,s_p_002842_00159,2024-11-26T14:58:10.463Z,coins_large,19.99,25000,200,0
pu_00003ah,p_002842,s_p_002842_00159,2024-11-26T14:56:35.650Z,coins_large,19.99,25000,200,0
pu_00003ai,p_002842,s_p_002842_00163,2024-11-30T13:12:06.490Z,starter_pack,1.99,2000,204,0
pu_00003aj,p_002842,s_p_002842_00166,2024-12-02T13:24:54.800Z,coins_medium,4.99,5500,206,0
pu_00003ak,p_002842,s_p_002842_00166,2024-12-02T13:22:11.480Z,vip_monthly,9.99,10000,206,0
pu_00003al,p_002842,s_p_002842_00166,2024-12-02T13:31:53.030Z,coins_medium,4.99,5500,206,0
pu_00003am,p_002842,s_p_002842_00167,2024-12-04T12:53:28.234Z,coins_medium,4.99,5500,208,0
pu_00003an,p_002842,s_p_002842_00169,2024-12-06T11:20:30.588Z,coins_large,19.99,25000,210,0
pu_00003ao,p_002842,s_p_002842_00171,2024-12-16T19:23:12.517Z,coins_medium,4.99,5500,220,0
pu_00003ap,p_002852,s_p_002852_00007,2024-08-30T17:47:47.632Z,coins_small,0.99,1000,39,1
pu_00003aq,p_002852,s_p_002852_00009,2024-09-08T20:45:51.909Z,coins_small,0.99,1000,48,0
pu_00003ar,p_002852,s_p_002852_00013,2024-10-02T21:06:30.192Z,coins_medium,4.99,5500,72,0
pu_00003as,p_002852,s_p_002852_00013,2024-10-02T21:10:05.613Z,coins_small,0.99,1000,72,0
pu_00003at,p_002852,s_p_002852_00024,2024-11-08T15:02:36.388Z,coins_small,0.99,1000,109,0
pu_00003au,p_002852,s_p_002852_00028,2024-11-19T11:46:35.384Z,coins_medium,4.99,5500,120,0
pu_00003av,p_002735,s_p_002735_00001,2024-06-29T06:51:26.208Z,vip_monthly,9.99,10000,0,1
pu_00003aw,p_002735,s_p_002735_00002,2024-06-29T16:20:51.361Z,coins_large,19.99,25000,0,0
pu_00003ax,p_002735,s_p_002735_00003,2024-07-01T11:34:45.524Z,coins_small,0.99,1000,2,0
pu_00003ay,p_002735,s_p_002735_00004,2024-07-01T21:18:36.302Z,vip_monthly,9.99,10000,2,0
pu_00003az,p_002735,s_p_002735_00005,2024-07-02T09:38:34.266Z,coins_medium,4.99,5500,3,0
pu_00003b0,p_002735,s_p_002735_00005,2024-07-02T09:46:31.354Z,coins_small,0.99,1000,3,0
pu_00003b1,p_002735,s_p_002735_00007,2024-07-03T23:23:02.222Z,coins_large,19.99,25000,4,0
pu_00003b2,p_002735,s_p_002735_00008,2024-07-04T17:29:43.807Z,coins_large,19.99,25000,5,0
pu_00003b3,p_002735,s_p_002735_00020,2024-07-18T10:51:18.709Z,vip_monthly,9.99,10000,19,0
pu_00003b4,p_002735,s_p_002735_00025,2024-07-24T07:34:42.419Z,coins_medium,4.99,5500,25,0
pu_00003b5,p_002735,s_p_002735_00025,2024-07-24T07:38:58.939Z,starter_pack,1.99,2000,25,0
pu_00003b6,p_002735,s_p_002735_00034,2024-08-06T07:01:24.996Z,coins_medium,4.99,5500,38,0
pu_00003b7,p_002735,s_p_002735_00035,2024-08-07T21:13:38.096Z,coins_medium,4.99,5500,39,0
pu_00003b8,p_002735,s_p_002735_00045,2024-08-25T10:42:47.391Z,vip_monthly,9.99,10000,57,0
pu_00003b9,p_002735,s_p_002735_00049,2024-09-01T19:03:03.076Z,coins_large,19.99,25000,64,0
pu_00003ba,p_002735,s_p_002735_00051,2024-09-04T08:33:13.146Z,coins_large,19.99,25000,67,0
pu_00003bb,p_002735,s_p_002735_00061,2024-09-15T21:42:03.387Z,coins_large,19.99,25000,78,0
pu_00003bc,p_002735,s_p_002735_00064,2024-09-19T17:50:00.430Z,coins_medium,4.99,5500,82,0
pu_00003bd,p_002735,s_p_002735_00065,2024-09-21T08:46:04.792Z,coins_medium,4.99,5500,84,0
pu_00003be,p_002735,s_p_002735_00073,2024-09-30T18:27:49.407Z,coins_large,19.99,25000,93,0
pu_00003bf,p_002735,s_p_002735_00076,2024-10-05T22:20:37.369Z,starter_pack,1.99,2000,98,0
pu_00003bg,p_002735,s_p_002735_00076,2024-10-05T22:17:46.341Z,coins_medium,4.99,5500,98,0
pu_00003bh,p_002735,s_p_002735_00083,2024-10-17T21:52:30.185Z,coins_medium,4.99,5500,110,0
pu_00003bi,p_002735,s_p_002735_00096,2024-11-01T15:53:51.103Z,coins_medium,4.99,5500,125,0
pu_00003bj,p_002735,s_p_002735_00096,2024-11-01T15:53:55.860Z,starter_pack,1.99,2000,125,0
pu_00003bk,p_002735,s_p_002735_00097,2024-11-02T13:58:19.516Z,coins_large,19.99,25000,126,0
pu_00003bl,p_002735,s_p_002735_00103,2024-11-15T20:12:44.441Z,starter_pack,1.99,2000,139,0
pu_00003bm,p_002735,s_p_002735_00104,2024-11-20T08:42:32.132Z,coins_large,19.99,25000,144,0
pu_00003bn,p_002735,s_p_002735_00110,2024-11-25T15:08:37.591Z,coins_medium,4.99,5500,149,0
pu_00003bo,p_002735,s_p_002735_00113,2024-11-27T11:04:32.764Z,coins_large,19.99,25000,151,0
pu_00003bp,p_002735,s_p_002735_00113,2024-11-27T10:54:11.477Z,coins_medium,4.99,5500,151,0
pu_00003bq,p_002735,s_p_002735_00117,2024-12-01T15:50:05.715Z,vip_monthly,9.99,10000,155,0
pu_00003br,p_002735,s_p_002735_00118,2024-12-01T22:00:05.017Z,coins_large,19.99,25000,155,0
pu_00003bs,p_002735,s_p_002735_00125,2024-12-16T20:10:21.568Z,coins_large,19.99,25000,170,0
pu_00003bt,p_002998,s_p_002998_00002,2024-04-23T17:42:23.347Z,starter_pack,1.99,2000,8,1
pu_00003bu,p_002998,s_p_002998_00008,2024-05-24T22:59:50.814Z,coins_medium,4.99,5500,39,0
pu_00003bv,p_002998,s_p_002998_00009,2024-06-10T20:13:49.580Z,coins_small,0.99,1000,56,0
pu_00003bw,p_002998,s_p_002998_00011,2024-06-12T08:05:07.111Z,coins_small,0.99,1000,58,0
pu_00003bx,p_002998,s_p_002998_00013,2024-06-22T07:06:17.812Z,coins_small,0.99,1000,68,0
pu_00003by,p_002998,s_p_002998_00017,2024-07-26T16:10:49.548Z,coins_small,0.99,1000,102,0
pu_00003bz,p_002998,s_p_002998_00028,2024-09-10T11:00:28.529Z,starter_pack,1.99,2000,148,0
pu_00003c0,p_002998,s_p_002998_00037,2024-10-17T09:50:16.017Z,coins_small,0.99,1000,185,0
pu_00003c1,p_002998,s_p_002998_00038,2024-10-20T09:15:30.322Z,coins_small,0.99,1000,188,0
pu_00003c2,p_002787,s_p_002787_00002,2024-06-27T23:03:59.606Z,starter_pack,1.99,2000,2,1
pu_00003c3,p_002787,s_p_002787_00003,2024-06-28T11:24:46.717Z,starter_pack,1.99,2000,3,0
pu_00003c4,p_002787,s_p_002787_00003,2024-06-28T11:20:18.595Z,coins_large,19.99,25000,3,0
pu_00003c5,p_002787,s_p_002787_00003,2024-06-28T11:26:06.828Z,coins_medium,4.99,5500,3,0
pu_00003c6,p_002787,s_p_002787_00004,2024-06-29T11:55:22.901Z,coins_large,19.99,25000,4,0
pu_00003c7,p_002787,s_p_002787_00004,2024-06-29T11:39:10.177Z,coins_medium,4.99,5500,4,0
pu_00003c8,p_002787,s_p_002787_00004,2024-06-29T12:02:27.006Z,vip_monthly,9.99,10000,4,0
pu_00003c9,p_002787,s_p_002787_00005,2024-06-29T15:21:54.260Z,coins_large,19.99,25000,4,0
pu_00003ca,p_002787,s_p_002787_00005,2024-06-29T15:28:19.674Z,vip_monthly,9.99,10000,4,0
pu_00003cb,p_002787,s_p_002787_00005,2024-06-29T15:27:46.881Z,coins_large,19.99,25000,4,0
pu_00003cc,p_002787,s_p_002787_00005,2024-06-29T15:23:38.030Z,starter_pack,1.99,2000,4,0
pu_00003cd,p_002787,s_p_002787_00005,2024-06-29T15:28:45.961Z,coins_small,0.99,1000,4,0
pu_00003ce,p_002787,s_p_002787_00006,2024-06-29T18:55:04.641Z,coins_medium,4.99,5500,4,0
pu_00003cf,p_002787,s_p_002787_00007,2024-06-30T09:33:23.852Z,vip_monthly,9.99,10000,5,0
pu_00003cg,p_002787,s_p_002787_00015,2024-07-07T17:46:12.993Z,coins_large,19.99,25000,12,0
pu_00003ch,p_002787,s_p_002787_00017,2024-07-09T18:14:28.501Z,coins_large,19.99,25000,14,0
pu_00003ci,p_002787,s_p_002787_00020,2024-07-19T19:57:52.666Z,vip_monthly,9.99,10000,24,0
pu_00003cj,p_002787,s_p_002787_00022,2024-07-21T18:11:45.983Z,coins_large,19.99,25000,26,0
pu_00003ck,p_002787,s_p_002787_00022,2024-07-21T18:24:59.105Z,vip_monthly,9.99,10000,26,0
pu_00003cl,p_002787,s_p_002787_00023,2024-07-22T08:49:38.977Z,coins_large,19.99,25000,27,0
pu_00003cm,p_002787,s_p_002787_00026,2024-07-25T08:46:08.794Z,coins_large,19.99,25000,30,0
pu_00003cn,p_002787,s_p_002787_00026,2024-07-25T08:43:18.712Z,coins_small,0.99,1000,30,0
pu_00003co,p_002787,s_p_002787_00026,2024-07-25T08:34:59.667Z,coins_small,0.99,1000,30,0
pu_00003cp,p_002787,s_p_002787_00027,2024-07-26T08:51:29.484Z,coins_large,19.99,25000,31,0
pu_00003cq,p_002787,s_p_002787_00028,2024-07-26T18:36:45.164Z,coins_medium,4.99,5500,31,0
pu_00003cr,p_002787,s_p_002787_00031,2024-07-31T07:45:25.687Z,coins_large,19.99,25000,36,0
pu_00003cs,p_002787,s_p_002787_00031,2024-07-31T07:38:16.844Z,vip_monthly,9.99,10000,36,0
pu_00003ct,p_002787,s_p_002787_00032,2024-07-31T08:31:11.903Z,coins_large,19.99,25000,36,0
pu_00003cu,p_002787,s_p_002787_00033,2024-07-31T16:23:12.759Z,vip_monthly,9.99,10000,36,0
pu_00003cv,p_002787,s_p_002787_00039,2024-08-10T09:26:04.106Z,coins_medium,4.99,5500,46,0
pu_00003cw,p_002787,s_p_002787_00039,2024-08-10T09:25:48.570Z,coins_large,19.99,25000,46,0
pu_00003cx,p_002787,s_p_002787_00041,2024-08-10T17:23:08.071Z,coins_large,19.99,25000,46,0
pu_00003cy,p_002787,s_p_002787_00041,2024-08-10T17:38:28.606Z,coins_small,0.99,1000,46,0
pu_00003cz,p_002787,s_p_002787_00048,2024-08-21T13:56:02.031Z,coins_small,0.99,1000,57,0
pu_00003d0,p_002787,s_p_002787_00048,2024-08-21T13:50:01.713Z,coins_large,19.99,25000,57,0
pu_00003d1,p_002787,s_p_002787_00050,2024-08-25T10:16:50.748Z,coins_large,19.99,25000,61,0
pu_00003d2,p_002787,s_p_002787_00050,2024-08-25T10:14:50.351Z,coins_large,19.99,25000,61,0
pu_00003d3,p_002787,s_p_002787_00052,2024-08-31T11:58:10.958Z,coins_small,0.99,1000,67,0
pu_00003d4,p_002787,s_p_002787_00056,2024-09-03T23:25:16.649Z,coins_medium,4.99,5500,70,0
pu_00003d5,p_002787,s_p_002787_00061,2024-09-11T14:26:02.757Z,coins_large,19.99,25000,78,0
pu_00003d6,p_002787,s_p_002787_00064,2024-09-18T10:51:34.695Z,coins_medium,4.99,5500,85,0
pu_00003d7,p_002787,s_p_002787_00065,2024-09-19T22:02:24.226Z,coins_medium,4.99,5500,86,0
pu_00003d8,p_002787,s_p_002787_00065,2024-09-19T22:04:04.914Z,coins_medium,4.99,5500,86,0
pu_00003d9,p_002787,s_p_002787_00066,2024-09-21T10:30:45.435Z,coins_large,19.99,25000,88,0
pu_00003da,p_002787,s_p_002787_00068,2024-09-23T13:55:31.730Z,coins_medium,4.99,5500,90,0
pu_00003db,p_002787,s_p_002787_00069,2024-09-23T19:41:44.730Z,coins_large,19.99,25000,90,0
pu_00003dc,p_002787,s_p_002787_00071,2024-09-24T14:09:06.380Z,coins_small,0.99,1000,91,0
pu_00003dd,p_002787,s_p_002787_00073,2024-09-26T07:46:46.572Z,coins_large,19.99,25000,93,0
pu_00003de,p_002787,s_p_002787_00073,2024-09-26T07:50:12.061Z,coins_large,19.99,25000,93,0
pu_00003df,p_002787,s_p_002787_00075,2024-10-02T22:55:53.955Z,vip_monthly,9.99,10000,99,0
pu_00003dg,p_002787,s_p_002787_00076,2024-10-05T14:49:15.005Z,vip_monthly,9.99,10000,102,0
pu_00003dh,p_002787,s_p_002787_00076,2024-10-05T14:52:24.627Z,coins_large,19.99,25000,102,0
pu_00003di,p_002787,s_p_002787_00076,2024-10-05T14:47:03.065Z,starter_pack,1.99,2000,102,0
pu_00003dj,p_002787,s_p_002787_00079,2024-10-07T19:09:33.519Z,vip_monthly,9.99,10000,104,0
pu_00003dk,p_002787,s_p_002787_00079,2024-10-07T19:14:24.289Z,coins_large,19.99,25000,104,0
pu_00003dl,p_002787,s_p_002787_00080,2024-10-08T10:54:11.625Z,vip_monthly,9.99,10000,105,0
pu_00003dm,p_002787,s_p_002787_00082,2024-10-11T15:40:55.612Z,starter_pack,1.99,2000,108,0
pu_00003dn,p_002787,s_p_002787_00083,2024-10-12T13:05:49.411Z,coins_medium,4.99,5500,109,0
pu_00003do,p_002787,s_p_002787_00085,2024-10-14T09:57:56.441Z,vip_monthly,9.99,10000,111,0
pu_00003dp,p_002787,s_p_002787_00087,2024-10-18T13:28:39.563Z,coins_medium,4.99,5500,115,0
pu_00003dq,p_002787,s_p_002787_00087,2024-10-18T13:20:36.122Z,coins_small,0.99,1000,115,0
pu_00003dr,p_002787,s_p_002787_00087,2024-10-18T13:45:56.938Z,vip_monthly,9.99,10000,115,0
pu_00003ds,p_002787,s_p_002787_00092,2024-10-30T13:33:55.210Z,coins_medium,4.99,5500,127,0
pu_00003dt,p_002787,s_p_002787_00096,2024-11-02T14:49:11.104Z,coins_medium,4.99,5500,130,0
pu_00003du,p_002787,s_p_002787_00096,2024-11-02T14:53:08.349Z,coins_medium,4.99,5500,130,0
pu_00003dv,p_002787,s_p_002787_00104,2024-11-09T23:56:29.019Z,coins_medium,4.99,5500,137,0
pu_00003dw,p_002787,s_p_002787_00105,2024-11-10T19:51:31.919Z,coins_large,19.99,25000,138,0
pu_00003dx,p_002787,s_p_002787_00105,2024-11-10T20:04:24.451Z,vip_monthly,9.99,10000,138,0
pu_00003dy,p_002787,s_p_002787_00109,2024-11-13T18:58:38.815Z,coins_large,19.99,25000,141,0
pu_00003dz,p_002787,s_p_002787_00114,2024-11-15T17:04:52.714Z,starter_pack,1.99,2000,143,0
pu_00003e0,p_002787,s_p_002787_00118,2024-11-22T19:43:34.662Z,coins_medium,4.99,5500,150,0
pu_00003e1,p_002787,s_p_002787_00119,2024-11-23T13:49:59.019Z,vip_monthly,9.99,10000,151,0
pu_00003e2,p_002787,s_p_002787_00119,2024-11-23T13:47:37.274Z,coins_medium,4.99,5500,151,0
pu_00003e3,p_002787,s_p_002787_00120,2024-11-24T06:49:02.804Z,coins_large,19.99,25000,152,0
pu_00003e4,p_002787,s_p_002787_00123,2024-11-27T20:35:28.085Z,coins_large,19.99,25000,155,0
pu_00003e5,p_002787,s_p_002787_00132,2024-12-05T09:48:48.998Z,coins_large,19.99,25000,163,0
pu_00003e6,p_002787,s_p_002787_00136,2024-12-09T13:44:22.493Z,coins_large,19.99,25000,167,0
pu_00003e7,p_002787,s_p_002787_00136,2024-12-09T14:08:00.887Z,coins_large,19.99,25000,167,0
pu_00003e8,p_002787,s_p_002787_00143,2024-12-22T08:24:36.632Z,coins_medium,4.99,5500,180,0
pu_00003e9,p_002787,s_p_002787_00143,2024-12-22T08:27:37.412Z,coins_medium,4.99,5500,180,0
pu_00003ea,p_002787,s_p_002787_00144,2024-12-22T11:12:11.129Z,coins_small,0.99,1000,180,0
pu_00003eb,p_002790,s_p_002790_00001,2024-04-17T12:17:56.228Z,coins_small,0.99,1000,1,1
pu_00003ec,p_002790,s_p_002790_00002,2024-04-18T17:53:40.394Z,coins_large,19.99,25000,2,0
pu_00003ed,p_002790,s_p_002790_00003,2024-04-21T09:34:23.400Z,coins_large,19.99,25000,5,0
pu_00003ee,p_002790,s_p_002790_00003,2024-04-21T09:34:24.628Z,coins_large,19.99,25000,5,0
pu_00003ef,p_002790,s_p_002790_00004,2024-04-22T18:52:02.698Z,vip_monthly,9.99,10000,6,0
pu_00003eg,p_002790,s_p_002790_00005,2024-04-23T10:42:22.012Z,coins_large,19.99,25000,7,0
pu_00003eh,p_002790,s_p_002790_00005,2024-04-23T10:28:38.594Z,vip_monthly,9.99,10000,7,0
pu_00003ei,p_002790,s_p_002790_00005,2024-04-23T10:45:20.797Z,vip_monthly,9.99,10000,7,0
pu_00003ej,p_002790,s_p_002790_00005,2024-04-23T10:43:24.890Z,coins_small,0.99,1000,7,0
pu_00003ek,p_002790,s_p_002790_00006,2024-04-24T12:49:48.771Z,coins_medium,4.99,5500,8,0
pu_00003el,p_002790,s_p_002790_00009,2024-04-27T08:11:46.416Z,coins_medium,4.99,5500,11,0
pu_00003em,p_002790,s_p_002790_00012,2024-05-04T08:20:49.656Z,vip_monthly,9.99,10000,18,0
pu_00003en,p_002790,s_p_002790_00016,2024-05-06T07:01:10.460Z,coins_large,19.99,25000,20,0
pu_00003eo,p_002790,s_p_002790_00018,2024-05-08T18:59:44.266Z,coins_large,19.99,25000,22,0
pu_00003ep,p_002790,s_p_002790_00025,2024-05-16T12:39:03.216Z,coins_medium,4.99,5500,30,0
pu_00003eq,p_002790,s_p_002790_00031,2024-05-25T21:54:48.755Z,coins_large,19.99,25000,39,0
pu_00003er,p_002790,s_p_002790_00032,2024-05-26T12:57:02.030Z,vip_monthly,9.99,10000,40,0
pu_00003es,p_002790,s_p_002790_00033,2024-05-27T08:54:17.656Z,coins_medium,4.99,5500,41,0
pu_00003et,p_002790,s_p_002790_00034,2024-05-28T13:38:31.393Z,vip_monthly,9.99,10000,42,0
pu_00003eu,p_002790,s_p_002790_00041,2024-06-04T10:53:10.248Z,coins_small,0.99,1000,49,0
pu_00003ev,p_002790,s_p_002790_00053,2024-06-17T21:22:58.594Z,vip_monthly,9.99,10000,62,0
pu_00003ew,p_002790,s_p_002790_00056,2024-06-18T18:39:05.204Z,coins_large,19.99,25000,63,0
pu_00003ex,p_002790,s_p_002790_00062,2024-06-28T16:59:29.721Z,coins_large,19.99,25000,73,0
pu_00003ey,p_002790,s_p_002790_00067,2024-07-03T07:29:26.861Z,coins_large,19.99,25000,78,0
pu_00003ez,p_002790,s_p_002790_00068,2024-07-03T10:37:04.854Z,coins_medium,4.99,5500,78,0
pu_00003f0,p_002790,s_p_002790_00069,2024-07-05T10:53:09.015Z,coins_medium,4.99,5500,80,0
pu_00003f1,p_002790,s_p_002790_00074,2024-07-11T21:26:47.923Z,coins_medium,4.99,5500,86,0
pu_00003f2,p_002790,s_p_002790_00074,2024-07-11T21:32:12.027Z,vip_monthly,9.99,10000,86,0
pu_00003f3,p_002790,s_p_002790_00089,2024-08-04T19:37:52.794Z,coins_small,0.99,1000,110,0
pu_00003f4,p_002790,s_p_002790_00089,2024-08-04T19:30:13.485Z,coins_large,19.99,25000,110,0
pu_00003f5,p_002790,s_p_002790_00090,2024-08-05T12:44:04.903Z,vip_monthly,9.99,10000,111,0
pu_00003f6,p_002790,s_p_002790_00098,2024-08-20T13:39:00.690Z,vip_monthly,9.99,10000,126,0
pu_00003f7,p_002790,s_p_002790_00104,2024-08-27T19:15:49.036Z,coins_medium,4.99,5500,133,0
pu_00003f8,p_002790,s_p_002790_00109,2024-09-04T19:30:49.006Z,coins_medium,4.99,5500,141,0
pu_00003f9,p_002790,s_p_002790_00123,2024-09-20T18:50:01.040Z,starter_pack,1.99,2000,157,0
pu_00003fa,p_002790,s_p_002790_00130,2024-10-01T20:04:54.410Z,starter_pack,1.99,2000,168,0
pu_00003fb,p_002790,s_p_002790_00134,2024-10-08T15:56:49.898Z,vip_monthly,9.99,10000,175,0
pu_00003fc,p_002790,s_p_002790_00137,2024-10-11T08:13:14.461Z,coins_large,19.99,25000,178,0
pu_00003fd,p_002790,s_p_002790_00142,2024-10-19T10:14:07.012Z,coins_medium,4.99,5500,186,0
pu_00003fe,p_002790,s_p_002790_00142,2024-10-19T10:02:01.534Z,coins_large,19.99,25000,186,0
pu_00003ff,p_002790,s_p_002790_00146,2024-10-25T19:43:51.666Z,coins_large,19.99,25000,192,0
pu_00003fg,p_002790,s_p_002790_00146,2024-10-25T19:25:25.133Z,coins_medium,4.99,5500,192,0
pu_00003fh,p_002790,s_p_002790_00152,2024-11-05T19:07:43.860Z,coins_medium,4.99,5500,203,0
pu_00003fi,p_002771,s_p_002771_00001,2024-01-09T16:44:09.699Z,starter_pack,1.99,2000,0,1
pu_00003fj,p_002771,s_p_002771_00002,2024-01-11T08:22:11.137Z,coins_small,0.99,1000,2,0
pu_00003fk,p_002771,s_p_002771_00002,2024-01-11T08:29:10.950Z,coins_medium,4.99,5500,2,0
pu_00003fl,p_002771,s_p_002771_00002,2024-01-11T08:27:35.920Z,coins_medium,4.99,5500,2,0
pu_00003fm,p_002771,s_p_002771_00002,2024-01-11T08:30:02.885Z,coins_large,19.99,25000,2,0
pu_00003fn,p_002771,s_p_002771_00002,2024-01-11T08:28:18.058Z,coins_medium,4.99,5500,2,0
pu_00003fo,p_002771,s_p_002771_00003,2024-01-13T17:11:06.968Z,starter_pack,1.99,2000,4,0
pu_00003fp,p_002771,s_p_002771_00003,2024-01-13T17:00:20.741Z,coins_large,19.99,25000,4,0
pu_00003fq,p_002771,s_p_002771_00003,2024-01-13T17:11:54.649Z,coins_medium,4.99,5500,4,0
pu_00003fr,p_002771,s_p_002771_00004,2024-01-14T21:50:16.998Z,coins_medium,4.99,5500,5,0
pu_00003fs,p_002771,s_p_002771_00005,2024-01-16T11:45:11.026Z,coins_large,19.99,25000,7,0
pu_00003ft,p_002771,s_p_002771_00005,2024-01-16T11:36:17.981Z,coins_medium,4.99,5500,7,0
pu_00003fu,p_002771,s_p_002771_00006,2024-01-18T07:52:29.314Z,coins_large,19.99,25000,9,0
pu_00003fv,p_002771,s_p_002771_00006,2024-01-18T07:53:03.990Z,coins_large,19.99,25000,9,0
pu_00003fw,p_002771,s_p_002771_00008,2024-01-19T17:25:30.621Z,coins_large,19.99,25000,10,0
pu_00003fx,p_002771,s_p_002771_00010,2024-01-21T15:44:44.217Z,coins_medium,4.99,5500,12,0
pu_00003fy,p_002771,s_p_002771_00012,2024-01-24T13:17:05.937Z,vip_monthly,9.99,10000,15,0
pu_00003fz,p_002771,s_p_002771_00015,2024-01-27T22:27:19.867Z,coins_large,19.99,25000,18,0
pu_00003g0,p_002771,s_p_002771_00016,2024-01-29T09:01:18.601Z,coins_small,0.99,1000,20,0
pu_00003g1,p_002771,s_p_002771_00027,2024-02-08T08:34:08.750Z,coins_medium,4.99,5500,30,0
pu_00003g2,p_002771,s_p_002771_00027,2024-02-08T08:22:34.286Z,vip_monthly,9.99,10000,30,0
pu_00003g3,p_002771,s_p_002771_00027,2024-02-08T08:23:54.573Z,coins_small,0.99,1000,30,0
pu_00003g4,p_002771,s_p_002771_00032,2024-02-12T13:22:05.372Z,coins_medium,4.99,5500,34,0
pu_00003g5,p_002771,s_p_002771_00033,2024-02-12T21:43:08.156Z,vip_monthly,9.99,10000,34,0
pu_00003g6,p_002771,s_p_002771_00041,2024-02-21T11:01:55.534Z,starter_pack,1.99,2000,43,0
pu_00003g7,p_002771,s_p_002771_00042,2024-02-23T18:07:29.778Z,starter_pack,1.99,2000,45,0
pu_00003g8,p_002771,s_p_002771_00042,2024-02-23T18:15:21.657Z,coins_small,0.99,1000,45,0
pu_00003g9,p_002771,s_p_002771_00044,2024-02-26T10:41:08.861Z,coins_small,0.99,1000,48,0
pu_00003ga,p_002771,s_p_002771_00047,2024-02-27T14:04:41.375Z,coins_small,0.99,1000,49,0
pu_00003gb,p_002771,s_p_002771_00049,2024-02-28T22:42:58.287Z,coins_large,19.99,25000,50,0
pu_00003gc,p_002771,s_p_002771_00058,2024-03-08T15:04:57.502Z,coins_large,19.99,25000,59,0
pu_00003gd,p_002771,s_p_002771_00061,2024-03-12T16:05:06.053Z,coins_large,19.99,25000,63,0
pu_00003ge,p_002771,s_p_002771_00061,2024-03-12T16:07:12.881Z,coins_large,19.99,25000,63,0
pu_00003gf,p_002771,s_p_002771_00063,2024-03-16T14:40:18.298Z,coins_large,19.99,25000,67,0
pu_00003gg,p_002771,s_p_002771_00063,2024-03-16T14:45:15.855Z,coins_medium,4.99,5500,67,0
pu_00003gh,p_002771,s_p_002771_00063,2024-03-16T14:36:10.590Z,coins_large,19.99,25000,67,0
pu_00003gi,p_002771,s_p_002771_00065,2024-03-20T10:09:37.026Z,coins_large,19.99,25000,71,0
pu_00003gj,p_002771,s_p_002771_00068,2024-03-21T21:29:49.231Z,coins_small,0.99,1000,72,0
pu_00003gk,p_002771,s_p_002771_00071,2024-03-27T10:17:54.872Z,starter_pack,1.99,2000,78,0
pu_00003gl,p_002771,s_p_002771_00078,2024-04-05T07:55:19.696Z,coins_medium,4.99,5500,87,0
pu_00003gm,p_002771,s_p_002771_00081,2024-04-07T08:00:42.184Z,coins_medium,4.99,5500,89,0
pu_00003gn,p_002771,s_p_002771_00081,2024-04-07T08:00:59.054Z,coins_large,19.99,25000,89,0
pu_00003go,p_002771,s_p_002771_00083,2024-04-08T14:56:22.045Z,vip_monthly,9.99,10000,90,0
pu_00003gp,p_002771,s_p_002771_00084,2024-04-09T15:05:54.908Z,coins_medium,4.99,5500,91,0
pu_00003gq,p_002771,s_p_002771_00084,2024-04-09T15:13:09.923Z,coins_medium,4.99,5500,91,0
pu_00003gr,p_002771,s_p_002771_00089,2024-04-15T11:56:14.520Z,coins_large,19.99,25000,97,0
pu_00003gs,p_002771,s_p_002771_00091,2024-04-17T13:41:53.258Z,coins_small,0.99,1000,99,0
pu_00003gt,p_002771,s_p_002771_00097,2024-04-28T21:59:47.384Z,coins_medium,4.99,5500,110,0
pu_00003gu,p_002771,s_p_002771_00098,2024-04-29T09:53:16.648Z,vip_monthly,9.99,10000,111,0
pu_00003gv,p_002771,s_p_002771_00099,2024-04-29T12:39:27.403Z,coins_medium,4.99,5500,111,0
pu_00003gw,p_002771,s_p_002771_00101,2024-05-01T07:52:19.185Z,coins_large,19.99,25000,113,0
pu_00003gx,p_002771,s_p_002771_00109,2024-05-16T07:41:06.121Z,coins_large,19.99,25000,128,0
pu_00003gy,p_002771,s_p_002771_00113,2024-05-18T09:37:07.728Z,coins_large,19.99,25000,130,0
pu_00003gz,p_002771,s_p_002771_00120,2024-05-25T13:40:47.392Z,vip_monthly,9.99,10000,137,0
pu_00003h0,p_002771,s_p_002771_00124,2024-05-30T18:06:00.636Z,coins_medium,4.99,5500,142,0
pu_00003h1,p_002771,s_p_002771_00127,2024-06-04T23:37:39.606Z,coins_large,19.99,25000,147,0
pu_00003h2,p_002771,s_p_002771_00129,2024-06-11T15:23:10.174Z,starter_pack,1.99,2000,154,0
pu_00003h3,p_002771,s_p_002771_00134,2024-06-18T16:52:20.014Z,coins_medium,4.99,5500,161,0
pu_00003h4,p_002771,s_p_002771_00142,2024-06-24T08:01:51.757Z,coins_medium,4.99,5500,167,0
pu_00003h5,p_002771,s_p_002771_00145,2024-06-27T09:23:56.491Z,coins_large,19.99,25000,170,0
pu_00003h6,p_002771,s_p_002771_00148,2024-07-04T12:49:02.440Z,vip_monthly,9.99,10000,177,0
pu_00003h7,p_002771,s_p_002771_00152,2024-07-11T17:46:40.181Z,coins_large,19.99,25000,184,0
pu_00003h8,p_002771,s_p_002771_00158,2024-07-14T19:33:47.741Z,coins_medium,4.99,5500,187,0
pu_00003h9,p_002771,s_p_002771_00161,2024-07-18T10:28:07.094Z,coins_small,0.99,1000,191,0
pu_00003ha,p_002771,s_p_002771_00164,2024-07-22T18:42:54.368Z,coins_large,19.99,25000,195,0
pu_00003hb,p_002771,s_p_002771_00164,2024-07-22T18:40:45.866Z,coins_medium,4.99,5500,195,0
pu_00003hc,p_002771,s_p_002771_00164,2024-07-22T18:44:35.223Z,coins_small,0.99,1000,195,0
pu_00003hd,p_002771,s_p_002771_00171,2024-07-30T14:03:29.411Z,starter_pack,1.99,2000,203,0
pu_00003he,p_002771,s_p_002771_00171,2024-07-30T14:00:26.617Z,coins_large,19.99,25000,203,0
pu_00003hf,p_002771,s_p_002771_00174,2024-08-05T15:30:05.824Z,coins_medium,4.99,5500,209,0
pu_00003hg,p_002771,s_p_002771_00175,2024-08-07T14:32:06.401Z,coins_large,19.99,25000,211,0
pu_00003hh,p_002771,s_p_002771_00175,2024-08-07T14:31:01.322Z,vip_monthly,9.99,10000,211,0
pu_00003hi,p_002771,s_p_002771_00181,2024-08-22T23:42:25.291Z,coins_large,19.99,25000,226,0
pu_00003hj,p_002771,s_p_002771_00181,2024-08-22T23:36:25.888Z,coins_small,0.99,1000,226,0
pu_00003hk,p_002771,s_p_002771_00183,2024-08-29T20:34:52.846Z,coins_medium,4.99,5500,233,0
pu_00003hl,p_002818,s_p_002818_00005,2024-06-28T07:49:08.978Z,coins_small,0.99,1000,8,1
pu_00003hm,p_002818,s_p_002818_00006,2024-06-28T18:14:09.048Z,starter_pack,1.99,2000,8,0
pu_00003hn,p_002818,s_p_002818_00012,2024-07-04T18:06:09.150Z,coins_large,19.99,25000,14,0
pu_00003ho,p_002818,s_p_002818_00021,2024-07-15T14:01:54.190Z,coins_large,19.99,25000,25,0
pu_00003hp,p_002818,s_p_002818_00022,2024-07-20T13:00:31.547Z,vip_monthly,9.99,10000,30,0
pu_00003hq,p_002818,s_p_002818_00025,2024-07-22T14:41:43.089Z,coins_large,19.99,25000,32,0
pu_00003hr,p_002818,s_p_002818_00028,2024-07-31T08:56:06.874Z,coins_medium,4.99,5500,41,0
pu_00003hs,p_002818,s_p_002818_00028,2024-07-31T08:50:50.460Z,coins_large,19.99,25000,41,0
pu_00003ht,p_002818,s_p_002818_00034,2024-08-03T06:32:13.755Z,coins_small,0.99,1000,44,0
pu_00003hu,p_002818,s_p_002818_00034,2024-08-03T06:30:21.919Z,vip_monthly,9.99,10000,44,0
pu_00003hv,p_002818,s_p_002818_00036,2024-08-03T18:09:56.073Z,coins_large,19.99,25000,44,0
pu_00003hw,p_002818,s_p_002818_00039,2024-08-04T23:16:51.621Z,coins_large,19.99,25000,45,0
pu_00003hx,p_002818,s_p_002818_00039,2024-08-04T23:34:03.073Z,coins_small,0.99,1000,45,0
pu_00003hy,p_002818,s_p_002818_00042,2024-08-09T19:18:55.312Z,coins_medium,4.99,5500,50,0
pu_00003hz,p_002818,s_p_002818_00044,2024-08-11T13:41:53.750Z,coins_small,0.99,1000,52,0
pu_00003i0,p_002818,s_p_002818_00049,2024-08-15T19:14:12.076Z,coins_medium,4.99,5500,56,0
pu_00003i1,p_002818,s_p_002818_00049,2024-08-15T19:07:35.738Z,coins_large,19.99,25000,56,0
pu_00003i2,p_002818,s_p_002818_00053,2024-08-18T23:00:26.280Z,coins_large,19.99,25000,59,0
pu_00003i3,p_002818,s_p_002818_00055,2024-08-20T17:55:53.258Z,coins_large,19.99,25000,61,0
pu_00003i4,p_002818,s_p_002818_00059,2024-08-23T22:46:27.387Z,coins_small,0.99,1000,64,0
pu_00003i5,p_002818,s_p_002818_00073,2024-09-07T20:18:31.703Z,coins_medium,4.99,5500,79,0
pu_00003i6,p_002818,s_p_002818_00078,2024-09-16T17:11:57.909Z,coins_medium,4.99,5500,88,0
pu_00003i7,p_002818,s_p_002818_00079,2024-09-17T11:37:22.247Z,vip_monthly,9.99,10000,89,0
pu_00003i8,p_002818,s_p_002818_00079,2024-09-17T11:19:11.931Z,coins_small,0.99,1000,89,0
pu_00003i9,p_002818,s_p_002818_00081,2024-09-19T07:43:50.631Z,coins_medium,4.99,5500,91,0
pu_00003ia,p_002818,s_p_002818_00088,2024-09-25T08:34:04.154Z,coins_small,0.99,1000,97,0
pu_00003ib,p_002818,s_p_002818_00106,2024-10-12T21:54:19.667Z,coins_large,19.99,25000,114,0
pu_00003ic,p_002818,s_p_002818_00117,2024-10-20T17:45:17.740Z,coins_small,0.99,1000,122,0
pu_00003id,p_002818,s_p_002818_00120,2024-10-24T21:51:37.405Z,coins_medium,4.99,5500,126,0
pu_00003ie,p_002818,s_p_002818_00124,2024-10-28T11:13:42.257Z,coins_small,0.99,1000,130,0
pu_00003if,p_002818,s_p_002818_00130,2024-11-02T15:42:40.020Z,coins_medium,4.99,5500,135,0
pu_00003ig,p_002818,s_p_002818_00132,2024-11-03T08:54:01.528Z,coins_medium,4.99,5500,136,0
pu_00003ih,p_002818,s_p_002818_00133,2024-11-03T11:50:24.580Z,coins_medium,4.99,5500,136,0
pu_00003ii,p_002818,s_p_002818_00134,2024-11-03T13:14:15.273Z,coins_small,0.99,1000,136,0
pu_00003ij,p_002818,s_p_002818_00140,2024-11-07T21:06:43.586Z,coins_small,0.99,1000,140,0
pu_00003ik,p_002818,s_p_002818_00145,2024-11-12T18:08:34.459Z,coins_medium,4.99,5500,145,0
pu_00003il,p_002818,s_p_002818_00147,2024-11-14T18:29:32.761Z,coins_large,19.99,25000,147,0
pu_00003im,p_002818,s_p_002818_00162,2024-11-25T08:26:29.974Z,starter_pack,1.99,2000,158,0
pu_00003in,p_002818,s_p_002818_00170,2024-12-11T20:47:13.415Z,coins_small,0.99,1000,174,0
pu_00003io,p_002836,s_p_002836_00003,2024-05-21T23:24:02.961Z,coins_medium,4.99,5500,3,1
pu_00003ip,p_002836,s_p_002836_00003,2024-05-21T23:17:24.128Z,coins_large,19.99,25000,3,0
pu_00003iq,p_002836,s_p_002836_00005,2024-05-23T21:52:13.662Z,starter_pack,1.99,2000,5,0
pu_00003ir,p_002836,s_p_002836_00006,2024-05-25T09:02:36.014Z,coins_medium,4.99,5500,7,0
pu_00003is,p_002836,s_p_002836_00006,2024-05-25T09:14:00.960Z,coins_medium,4.99,5500,7,0
pu_00003it,p_002836,s_p_002836_00009,2024-05-28T10:16:46.084Z,coins_medium,4.99,5500,10,0
pu_00003iu,p_002836,s_p_002836_00016,2024-06-04T22:37:04.528Z,vip_monthly,9.99,10000,17,0
pu_00003iv,p_002836,s_p_002836_00017,2024-06-05T20:44:04.821Z,coins_large,19.99,25000,18,0
pu_00003iw,p_002836,s_p_002836_00017,2024-06-05T20:50:29.437Z,coins_large,19.99,25000,18,0
pu_00003ix,p_002836,s_p_002836_00019,2024-06-08T12:49:26.410Z,coins_medium,4.99,5500,21,0
pu_00003iy,p_002836,s_p_002836_00022,2024-06-14T13:51:36.374Z,coins_large,19.99,25000,27,0
pu_00003iz,p_002836,s_p_002836_00029,2024-06-26T23:18:29.463Z,coins_large,19.99,25000,39,0
pu_00003j0,p_002836,s_p_002836_00036,2024-07-01T11:47:48.923Z,coins_large,19.99,25000,44,0
pu_00003j1,p_002836,s_p_002836_00036,2024-07-01T12:05:03.493Z,coins_medium,4.99,5500,44,0
pu_00003j2,p_002836,s_p_002836_00038,2024-07-07T21:16:47.862Z,coins_large,19.99,25000,50,0
pu_00003j3,p_002836,s_p_002836_00038,2024-07-07T21:01:39.092Z,coins_small,0.99,1000,50,0
pu_00003j4,p_002836,s_p_002836_00039,2024-07-09T19:39:33.871Z,coins_large,19.99,25000,52,0
pu_00003j5,p_002836,s_p_002836_00040,2024-07-11T18:18:58.110Z,coins_large,19.99,25000,54,0
pu_00003j6,p_002836,s_p_002836_00044,2024-07-15T22:56:15.828Z,coins_medium,4.99,5500,58,0
pu_00003j7,p_002836,s_p_002836_00046,2024-07-22T13:43:27.730Z,coins_large,19.99,25000,65,0
pu_00003j8,p_002836,s_p_002836_00056,2024-08-01T09:53:36.542Z,coins_medium,4.99,5500,75,0
pu_00003j9,p_002836,s_p_002836_00062,2024-08-07T21:14:05.440Z,coins_medium,4.99,5500,81,0
pu_00003ja,p_002836,s_p_002836_00062,2024-08-07T21:21:12.747Z,coins_large,19.99,25000,81,0
pu_00003jb,p_002836,s_p_002836_00065,2024-08-13T15:12:39.177Z,coins_large,19.99,25000,87,0
pu_00003jc,p_002836,s_p_002836_00070,2024-08-19T06:11:10.211Z,coins_large,19.99,25000,93,0
pu_00003jd,p_002836,s_p_002836_00070,2024-08-19T06:12:04.964Z,coins_medium,4.99,5500,93,0
pu_00003je,p_002836,s_p_002836_00071,2024-08-19T07:41:08.818Z,coins_small,0.99,1000,93,0
pu_00003jf,p_002836,s_p_002836_00073,2024-08-24T16:37:38.387Z,coins_medium,4.99,5500,98,0
pu_00003jg,p_002836,s_p_002836_00077,2024-08-27T09:42:31.311Z,coins_large,19.99,25000,101,0
pu_00003jh,p_002836,s_p_002836_00085,2024-09-10T08:16:53.395Z,coins_small,0.99,1000,115,0
pu_00003ji,p_002836,s_p_002836_00085,2024-09-10T08:14:42.769Z,vip_monthly,9.99,10000,115,0
pu_00003jj,p_002836,s_p_002836_00086,2024-09-12T09:52:09.747Z,coins_medium,4.99,5500,117,0
pu_00003jk,p_002836,s_p_002836_00090,2024-09-18T21:09:56.147Z,coins_medium,4.99,5500,123,0
pu_00003jl,p_002836,s_p_002836_00090,2024-09-18T21:10:08.049Z,vip_monthly,9.99,10000,123,0
pu_00003jm,p_002836,s_p_002836_00090,2024-09-18T20:55:22.553Z,vip_monthly,9.99,10000,123,0
pu_00003jn,p_002836,s_p_002836_00090,2024-09-18T21:12:23.589Z,coins_large,19.99,25000,123,0
pu_00003jo,p_002836,s_p_002836_00094,2024-09-21T11:12:02.400Z,coins_small,0.99,1000,126,0
pu_00003jp,p_002836,s_p_002836_00102,2024-10-01T09:56:42.057Z,coins_small,0.99,1000,136,0
pu_00003jq,p_002836,s_p_002836_00103,2024-10-01T18:10:13.216Z,coins_large,19.99,25000,136,0
pu_00003jr,p_002836,s_p_002836_00104,2024-10-01T19:22:53.796Z,coins_medium,4.99,5500,136,0
pu_00003js,p_002836,s_p_002836_00104,2024-10-01T19:33:11.118Z,vip_monthly,9.99,10000,136,0
pu_00003jt,p_002836,s_p_002836_00111,2024-10-13T19:36:48.369Z,coins_large,19.99,25000,148,0
pu_00003ju,p_002836,s_p_002836_00113,2024-10-18T17:16:27.123Z,coins_small,0.99,1000,153,0
pu_00003jv,p_002836,s_p_002836_00116,2024-10-21T08:08:49.793Z,coins_large,19.99,25000,156,0
pu_00003jw,p_002836,s_p_002836_00128,2024-11-03T12:11:50.665Z,coins_large,19.99,25000,169,0
pu_00003jx,p_002836,s_p_002836_00131,2024-11-05T09:15:36.314Z,coins_large,19.99,25000,171,0
pu_00003jy,p_002836,s_p_002836_00131,2024-11-05T09:11:38.325Z,coins_large,19.99,25000,171,0
pu_00003jz,p_002836,s_p_002836_00140,2024-11-13T09:07:59.990Z,coins_small,0.99,1000,179,0
pu_00003k0,p_002836,s_p_002836_00147,2024-11-28T13:51:41.420Z,coins_large,19.99,25000,194,0
pu_00003k1,p_002836,s_p_002836_00147,2024-11-28T13:45:53.548Z,coins_large,19.99,25000,194,0
pu_00003k2,p_002836,s_p_002836_00148,2024-11-29T10:48:15.548Z,coins_small,0.99,1000,195,0
pu_00003k3,p_002836,s_p_002836_00151,2024-12-02T22:41:10.921Z,coins_large,19.99,25000,198,0
pu_00003k4,p_002836,s_p_002836_00153,2024-12-04T22:27:23.604Z,coins_large,19.99,25000,200,0
pu_00003k5,p_002836,s_p_002836_00156,2024-12-10T09:03:38.248Z,coins_medium,4.99,5500,206,0
pu_00003k6,p_002836,s_p_002836_00160,2024-12-17T13:29:33.507Z,vip_monthly,9.99,10000,213,0
pu_00003k7,p_002836,s_p_002836_00160,2024-12-17T13:45:09.201Z,coins_large,19.99,25000,213,0
pu_00003k8,p_002729,s_p_002729_00002,2024-06-06T16:54:12.766Z,starter_pack,1.99,2000,0,1
pu_00003k9,p_002729,s_p_002729_00002,2024-06-06T17:00:22.619Z,coins_small,0.99,1000,0,0
pu_00003ka,p_002729,s_p_002729_00006,2024-06-14T15:30:36.967Z,coins_small,0.99,1000,8,0
pu_00003kb,p_002729,s_p_002729_00010,2024-06-16T23:24:24.985Z,coins_large,19.99,25000,10,0
pu_00003kc,p_002729,s_p_002729_00017,2024-06-23T07:52:16.060Z,coins_medium,4.99,5500,17,0
pu_00003kd,p_002729,s_p_002729_00019,2024-06-23T20:31:50.882Z,coins_large,19.99,25000,17,0
pu_00003ke,p_002729,s_p_002729_00023,2024-06-29T07:48:43.547Z,coins_medium,4.99,5500,23,0
pu_00003kf,p_002729,s_p_002729_00025,2024-07-02T20:48:12.328Z,coins_medium,4.99,5500,26,0
pu_00003kg,p_002729,s_p_002729_00026,2024-07-02T23:49:27.595Z,coins_medium,4.99,5500,26,0
pu_00003kh,p_002729,s_p_002729_00031,2024-07-07T22:59:35.155Z,coins_medium,4.99,5500,31,0
pu_00003ki,p_002729,s_p_002729_00034,2024-07-10T14:55:50.406Z,coins_medium,4.99,5500,34,0
pu_00003kj,p_002729,s_p_002729_00037,2024-07-12T21:06:53.783Z,vip_monthly,9.99,10000,36,0
pu_00003kk,p_002729,s_p_002729_00043,2024-07-20T17:23:39.900Z,coins_medium,4.99,5500,44,0
pu_00003kl,p_002729,s_p_002729_00061,2024-08-08T16:38:40.597Z,coins_small,0.99,1000,63,0
pu_00003km,p_002729,s_p_002729_00083,2024-09-06T13:16:54.196Z,vip_monthly,9.99,10000,92,0
pu_00003kn,p_002729,s_p_002729_00086,2024-09-08T15:23:32.628Z,coins_medium,4.99,5500,94,0
pu_00003ko,p_002729,s_p_002729_00087,2024-09-10T09:50:40.571Z,coins_large,19.99,25000,96,0
pu_00003kp,p_002729,s_p_002729_00100,2024-09-26T20:07:09.123Z,coins_medium,4.99,5500,112,0
pu_00003kq,p_002729,s_p_002729_00102,2024-09-30T18:34:59.952Z,coins_medium,4.99,5500,116,0
pu_00003kr,p_002729,s_p_002729_00104,2024-10-04T19:33:08.606Z,coins_large,19.99,25000,120,0
pu_00003ks,p_002729,s_p_002729_00116,2024-10-18T14:40:29.148Z,coins_medium,4.99,5500,134,0
pu_00003kt,p_002729,s_p_002729_00121,2024-10-22T12:17:15.398Z,coins_large,19.99,25000,138,0
pu_00003ku,p_002729,s_p_002729_00122,2024-10-22T16:25:00.836Z,coins_large,19.99,25000,138,0
pu_00003kv,p_002729,s_p_002729_00122,2024-10-22T16:20:53.863Z,coins_medium,4.99,5500,138,0
pu_00003kw,p_002729,s_p_002729_00123,2024-10-26T21:00:12.193Z,coins_medium,4.99,5500,142,0
pu_00003kx,p_002729,s_p_002729_00125,2024-10-30T11:44:43.234Z,coins_medium,4.99,5500,146,0
pu_00003ky,p_002729,s_p_002729_00125,2024-10-30T11:31:16.135Z,coins_large,19.99,25000,146,0
pu_00003kz,p_002729,s_p_002729_00130,2024-11-04T10:03:36.708Z,coins_medium,4.99,5500,151,0
pu_00003l0,p_002729,s_p_002729_00133,2024-11-07T14:53:51.090Z,coins_large,19.99,25000,154,0
pu_00003l1,p_002729,s_p_002729_00135,2024-11-08T12:25:27.874Z,coins_large,19.99,25000,155,0
pu_00003l2,p_002729,s_p_002729_00135,2024-11-08T12:26:15.980Z,coins_medium,4.99,5500,155,0
pu_00003l3,p_002729,s_p_002729_00144,2024-11-20T06:26:20.481Z,coins_medium,4.99,5500,167,0
pu_00003l4,p_002729,s_p_002729_00147,2024-11-21T06:44:30.188Z,starter_pack,1.99,2000,168,0
pu_00003l5,p_002729,s_p_002729_00151,2024-11-28T09:07:14.367Z,starter_pack,1.99,2000,175,0
pu_00003l6,p_002729,s_p_002729_00157,2024-12-06T23:24:00.736Z,coins_medium,4.99,5500,183,0
pu_00003l7,p_002789,s_p_002789_00002,2024-04-16T21:36:46.182Z,vip_monthly,9.99,10000,1,1
pu_00003l8,p_002789,s_p_002789_00003,2024-04-20T19:05:30.750Z,coins_medium,4.99,5500,5,0
pu_00003l9,p_002789,s_p_002789_00004,2024-04-21T18:04:00.797Z,vip_monthly,9.99,10000,6,0
pu_00003la,p_002789,s_p_002789_00004,2024-04-21T18:16:27.369Z,coins_large,19.99,25000,6,0
pu_00003lb,p_002789,s_p_002789_00006,2024-04-26T15:47:20.658Z,coins_small,0.99,1000,11,0
pu_00003lc,p_002789,s_p_002789_00007,2024-04-28T09:51:35.098Z,coins_large,19.99,25000,13,0
pu_00003ld,p_002789,s_p_002789_00009,2024-04-29T21:16:10.815Z,coins_small,0.99,1000,14,0
pu_00003le,p_002789,s_p_002789_00010,2024-04-30T23:31:02.238Z,coins_small,0.99,1000,15,0
pu_00003lf,p_002789,s_p_002789_00012,2024-05-03T10:30:24.038Z,coins_medium,4.99,5500,18,0
pu_00003lg,p_002789,s_p_002789_00015,2024-05-09T07:56:33.495Z,vip_monthly,9.99,10000,24,0
pu_00003lh,p_002789,s_p_002789_00015,2024-05-09T07:46:43.429Z,coins_medium,4.99,5500,24,0
pu_00003li,p_002789,s_p_002789_00024,2024-05-22T20:37:54.030Z,coins_medium,4.99,5500,37,0
pu_00003lj,p_002789,s_p_002789_00027,2024-05-28T16:18:05.985Z,coins_small,0.99,1000,43,0
pu_00003lk,p_002789,s_p_002789_00028,2024-05-28T16:51:44.865Z,coins_large,19.99,25000,43,0
pu_00003ll,p_002789,s_p_002789_00029,2024-05-28T23:17:59.266Z,coins_small,0.99,1000,43,0
pu_00003lm,p_002789,s_p_002789_00030,2024-05-29T15:53:13.300Z,coins_large,19.99,25000,44,0
pu_00003ln,p_002789,s_p_002789_00038,2024-06-10T10:08:15.217Z,coins_small,0.99,1000,56,0
pu_00003lo,p_002789,s_p_002789_00041,2024-06-12T18:01:02.887Z,coins_medium,4.99,5500,58,0
pu_00003lp,p_002789,s_p_002789_00043,2024-06-14T11:49:00.311Z,coins_medium,4.99,5500,60,0
pu_00003lq,p_002789,s_p_002789_00045,2024-06-15T19:04:56.746Z,coins_small,0.99,1000,61,0
pu_00003lr,p_002789,s_p_002789_00046,2024-06-16T09:08:20.486Z,coins_large,19.99,25000,62,0
pu_00003ls,p_002789,s_p_002789_00047,2024-06-22T10:20:28.077Z,coins_small,0.99,1000,68,0
pu_00003lt,p_002789,s_p_002789_00057,2024-07-07T20:03:19.110Z,starter_pack,1.99,2000,83,0
pu_00003lu,p_002789,s_p_002789_00058,2024-07-11T19:40:28.799Z,coins_large,19.99,25000,87,0
pu_00003lv,p_002789,s_p_002789_00061,2024-07-14T14:19:23.044Z,coins_medium,4.99,5500,90,0
pu_00003lw,p_002789,s_p_002789_00062,2024-07-15T19:35:49.721Z,coins_medium,4.99,5500,91,0
pu_00003lx,p_002789,s_p_002789_00065,2024-07-21T11:18:25.787Z,coins_medium,4.99,5500,97,0
pu_00003ly,p_002789,s_p_002789_00066,2024-07-21T12:11:54.374Z,coins_large,19.99,25000,97,0
pu_00003lz,p_002789,s_p_002789_00067,2024-07-21T20:52:47.586Z,coins_small,0.99,1000,97,0
pu_00003m0,p_002789,s_p_002789_00071,2024-07-27T16:33:19.332Z,coins_large,19.99,25000,103,0
pu_00003m1,p_002789,s_p_002789_00072,2024-07-29T21:06:47.082Z,coins_large,19.99,25000,105,0
pu_00003m2,p_002789,s_p_002789_00073,2024-07-31T19:11:35.636Z,coins_large,19.99,25000,107,0
pu_00003m3,p_002789,s_p_002789_00074,2024-08-01T09:10:43.098Z,coins_large,19.99,25000,108,0
pu_00003m4,p_002789,s_p_002789_00077,2024-08-02T09:26:32.846Z,coins_medium,4.99,5500,109,0
pu_00003m5,p_002789,s_p_002789_00080,2024-08-10T07:13:39.401Z,coins_small,0.99,1000,117,0
pu_00003m6,p_002789,s_p_002789_00082,2024-08-10T12:54:44.059Z,vip_monthly,9.99,10000,117,0
pu_00003m7,p_002789,s_p_002789_00086,2024-08-17T09:27:31.733Z,starter_pack,1.99,2000,124,0
pu_00003m8,p_002789,s_p_002789_00096,2024-08-26T17:18:19.390Z,coins_medium,4.99,5500,133,0
pu_00003m9,p_002789,s_p_002789_00103,2024-09-02T23:39:08.081Z,coins_large,19.99,25000,140,0
pu_00003ma,p_002789,s_p_002789_00104,2024-09-06T21:30:34.464Z,coins_large,19.99,25000,144,0
pu_00003mb,p_002789,s_p_002789_00105,2024-09-07T14:55:39.729Z,coins_medium,4.99,5500,145,0
pu_00003mc,p_002789,s_p_002789_00105,2024-09-07T14:46:48.126Z,coins_small,0.99,1000,145,0
pu_00003md,p_002789,s_p_002789_00119,2024-09-22T12:40:11.648Z,coins_medium,4.99,5500,160,0
pu_00003me,p_002789,s_p_002789_00121,2024-09-24T15:09:01.670Z,coins_large,19.99,25000,162,0
pu_00003mf,p_002789,s_p_002789_00126,2024-10-02T13:14:52.250Z,vip_monthly,9.99,10000,170,0
pu_00003mg,p_002789,s_p_002789_00138,2024-10-14T08:10:17.610Z,coins_medium,4.99,5500,182,0
pu_00003mh,p_002789,s_p_002789_00139,2024-10-15T21:25:31.702Z,coins_medium,4.99,5500,183,0
pu_00003mi,p_002789,s_p_002789_00140,2024-10-17T17:19:56.636Z,coins_medium,4.99,5500,185,0
pu_00003mj,p_002789,s_p_002789_00143,2024-10-20T09:21:26.333Z,coins_large,19.99,25000,188,0
pu_00003mk,p_002789,s_p_002789_00143,2024-10-20T08:59:18.524Z,coins_medium,4.99,5500,188,0
pu_00003ml,p_002789,s_p_002789_00147,2024-10-21T10:36:59.398Z,coins_medium,4.99,5500,189,0
pu_00003mm,p_002789,s_p_002789_00150,2024-10-22T21:27:02.925Z,coins_medium,4.99,5500,190,0
pu_00003mn,p_002789,s_p_002789_00154,2024-10-28T16:15:34.895Z,coins_large,19.99,25000,196,0
pu_00003mo,p_002789,s_p_002789_00160,2024-11-01T23:36:50.673Z,vip_monthly,9.99,10000,200,0
pu_00003mp,p_002789,s_p_002789_00162,2024-11-02T17:00:10.446Z,vip_monthly,9.99,10000,201,0
pu_00003mq,p_002789,s_p_002789_00173,2024-11-18T16:12:25.450Z,vip_monthly,9.99,10000,217,0
pu_00003mr,p_002789,s_p_002789_00173,2024-11-18T16:06:34.686Z,coins_large,19.99,25000,217,0
pu_00003ms,p_002789,s_p_002789_00175,2024-11-20T19:38:05.471Z,coins_medium,4.99,5500,219,0
pu_00003mt,p_002789,s_p_002789_00178,2024-11-25T12:42:03.772Z,coins_medium,4.99,5500,224,0
pu_00003mu,p_002789,s_p_002789_00180,2024-11-28T11:26:40.084Z,coins_large,19.99,25000,227,0
pu_00003mv,p_002789,s_p_002789_00184,2024-12-03T08:22:42.136Z,coins_large,19.99,25000,232,0
pu_00003mw,p_002906,s_p_002906_00009,2024-03-25T06:53:36.426Z,starter_pack,1.99,2000,31,1
pu_00003mx,p_002906,s_p_002906_00014,2024-05-08T18:34:31.486Z,coins_small,0.99,1000,75,0
pu_00003my,p_002906,s_p_002906_00022,2024-07-04T16:49:33.529Z,coins_small,0.99,1000,132,0
pu_00003mz,p_002795,s_p_002795_00001,2024-01-12T21:08:02.639Z,coins_medium,4.99,5500,2,1
pu_00003n0,p_002795,s_p_002795_00001,2024-01-12T21:07:30.155Z,coins_small,0.99,1000,2,0
pu_00003n1,p_002795,s_p_002795_00001,2024-01-12T21:17:13.436Z,coins_large,19.99,25000,2,0
pu_00003n2,p_002795,s_p_002795_00001,2024-01-12T21:11:57.957Z,coins_large,19.99,25000,2,0
pu_00003n3,p_002795,s_p_002795_00002,2024-01-14T08:09:43.871Z,coins_large,19.99,25000,4,0
pu_00003n4,p_002795,s_p_002795_00002,2024-01-14T08:02:59.429Z,coins_medium,4.99,5500,4,0
pu_00003n5,p_002795,s_p_002795_00002,2024-01-14T08:08:11.176Z,coins_large,19.99,25000,4,0
pu_00003n6,p_002795,s_p_002795_00003,2024-01-14T17:01:44.368Z,coins_large,19.99,25000,4,0
pu_00003n7,p_002795,s_p_002795_00003,2024-01-14T17:27:53.297Z,coins_medium,4.99,5500,4,0
pu_00003n8,p_002795,s_p_002795_00004,2024-01-15T07:47:57.902Z,coins_medium,4.99,5500,5,0
pu_00003n9,p_002795,s_p_002795_00005,2024-01-18T13:38:29.779Z,vip_monthly,9.99,10000,8,0
pu_00003na,p_002795,s_p_002795_00005,2024-01-18T13:41:07.968Z,vip_monthly,9.99,10000,8,0
pu_00003nb,p_002795,s_p_002795_00005,2024-01-18T13:44:24.230Z,vip_monthly,9.99,10000,8,0
pu_00003nc,p_002795,s_p_002795_00006,2024-01-19T22:17:13.409Z,vip_monthly,9.99,10000,9,0
pu_00003nd,p_002795,s_p_002795_00006,2024-01-19T21:54:38.495Z,coins_large,19.99,25000,9,0
pu_00003ne,p_002795,s_p_002795_00016,2024-01-29T19:03:32.689Z,coins_medium,4.99,5500,19,0
pu_00003nf,p_002795,s_p_002795_00018,2024-01-31T11:00:16.666Z,coins_large,19.99,25000,21,0
pu_00003ng,p_002795,s_p_002795_00019,2024-02-02T06:08:30.329Z,coins_medium,4.99,5500,23,0
pu_00003nh,p_002795,s_p_002795_00021,2024-02-06T18:04:42.567Z,coins_small,0.99,1000,27,0
pu_00003ni,p_002795,s_p_002795_00023,2024-02-11T21:28:44.843Z,coins_large,19.99,25000,32,0
pu_00003nj,p_002795,s_p_002795_00023,2024-02-11T22:01:34.882Z,coins_large,19.99,25000,32,0
pu_00003nk,p_002795,s_p_002795_00025,2024-02-15T20:36:12.260Z,coins_medium,4.99,5500,36,0
pu_00003nl,p_002795,s_p_002795_00026,2024-02-16T06:44:08.074Z,coins_large,19.99,25000,37,0
pu_00003nm,p_002795,s_p_002795_00027,2024-02-18T20:56:40.344Z,coins_medium,4.99,5500,39,0
pu_00003nn,p_002795,s_p_002795_00027,2024-02-18T20:39:30.506Z,coins_medium,4.99,5500,39,0
pu_00003no,p_002795,s_p_002795_00029,2024-02-22T08:10:07.193Z,vip_monthly,9.99,10000,43,0
pu_00003np,p_002795,s_p_002795_00030,2024-02-22T07:57:28.195Z,vip_monthly,9.99,10000,43,0
pu_00003nq,p_002795,s_p_002795_00036,2024-02-29T13:52:23.890Z,coins_large,19.99,25000,50,0
pu_00003nr,p_002795,s_p_002795_00036,2024-02-29T13:37:06.173Z,coins_large,19.99,25000,50,0
pu_00003ns,p_002795,s_p_002795_00041,2024-03-16T11:47:48.840Z,coins_medium,4.99,5500,66,0
pu_00003nt,p_002795,s_p_002795_00042,2024-03-16T21:43:36.321Z,coins_small,0.99,1000,66,0
pu_00003nu,p_002795,s_p_002795_00042,2024-03-16T21:42:02.961Z,coins_medium,4.99,5500,66,0
pu_00003nv,p_002795,s_p_002795_00042,2024-03-16T21:48:20.063Z,starter_pack,1.99,2000,66,0
pu_00003nw,p_002795,s_p_002795_00046,2024-03-21T07:21:15.847Z,coins_large,19.99,25000,71,0
pu_00003nx,p_002795,s_p_002795_00049,2024-03-24T19:32:20.598Z,coins_small,0.99,1000,74,0
pu_00003ny,p_002795,s_p_002795_00053,2024-03-27T13:43:02.813Z,coins_medium,4.99,5500,77,0
pu_00003nz,p_002795,s_p_002795_00056,2024-03-31T14:44:50.303Z,coins_large,19.99,25000,81,0
pu_00003o0,p_002795,s_p_002795_00057,2024-04-02T12:22:45.760Z,coins_medium,4.99,5500,83,0
pu_00003o1,p_002795,s_p_002795_00059,2024-04-06T06:44:32.849Z,vip_monthly,9.99,10000,87,0
pu_00003o2,p_002795,s_p_002795_00061,2024-04-13T14:04:27.803Z,coins_small,0.99,1000,94,0
pu_00003o3,p_002795,s_p_002795_00062,2024-04-13T17:07:50.659Z,coins_large,19.99,25000,94,0
pu_00003o4,p_002795,s_p_002795_00065,2024-04-22T07:07:36.545Z,coins_small,0.99,1000,103,0
pu_00003o5,p_002795,s_p_002795_00066,2024-04-22T08:25:32.161Z,coins_medium,4.99,5500,103,0
pu_00003o6,p_002795,s_p_002795_00068,2024-04-28T11:50:40.626Z,coins_medium,4.99,5500,109,0
pu_00003o7,p_002795,s_p_002795_00071,2024-05-06T10:30:23.433Z,starter_pack,1.99,2000,117,0
pu_00003o8,p_002795,s_p_002795_00072,2024-05-07T08:04:07.471Z,coins_medium,4.99,5500,118,0
pu_00003o9,p_002795,s_p_002795_00074,2024-05-10T12:57:44.354Z,coins_medium,4.99,5500,121,0
pu_00003oa,p_002795,s_p_002795_00077,2024-05-13T23:56:32.283Z,coins_large,19.99,25000,124,0
pu_00003ob,p_002795,s_p_002795_00078,2024-05-14T18:39:59.519Z,vip_monthly,9.99,10000,125,0
pu_00003oc,p_002795,s_p_002795_00086,2024-05-24T18:47:22.581Z,coins_large,19.99,25000,135,0
pu_00003od,p_002795,s_p_002795_00087,2024-05-30T08:14:57.213Z,coins_large,19.99,25000,141,0
pu_00003oe,p_002795,s_p_002795_00087,2024-05-30T08:21:52.590Z,vip_monthly,9.99,10000,141,0
pu_00003of,p_002795,s_p_002795_00090,2024-06-02T16:46:52.814Z,coins_medium,4.99,5500,144,0
pu_00003og,p_002795,s_p_002795_00091,2024-06-02T22:14:37.796Z,coins_large,19.99,25000,144,0
pu_00003oh,p_002795,s_p_002795_00092,2024-06-03T16:26:18.104Z,coins_large,19.99,25000,145,0
pu_00003oi,p_002795,s_p_002795_00092,2024-06-03T16:18:54.749Z,coins_small,0.99,1000,145,0
pu_00003oj,p_002795,s_p_002795_00092,2024-06-03T16:18:56.070Z,coins_medium,4.99,5500,145,0
pu_00003ok,p_002795,s_p_002795_00095,2024-06-06T21:00:54.579Z,vip_monthly,9.99,10000,148,0
pu_00003ol,p_002795,s_p_002795_00100,2024-06-16T16:49:25.736Z,coins_small,0.99,1000,158,0
pu_00003om,p_002795,s_p_002795_00103,2024-06-22T13:35:34.339Z,coins_medium,4.99,5500,164,0
pu_00003on,p_002795,s_p_002795_00103,2024-06-22T13:29:04.122Z,coins_small,0.99,1000,164,0
pu_00003oo,p_002795,s_p_002795_00109,2024-06-27T19:21:44.204Z,coins_small,0.99,1000,169,0
pu_00003op,p_002795,s_p_002795_00110,2024-06-28T22:17:49.426Z,coins_large,19.99,25000,170,0
pu_00003oq,p_002795,s_p_002795_00110,2024-06-28T22:37:25.053Z,coins_large,19.99,25000,170,0
pu_00003or,p_002795,s_p_002795_00115,2024-07-05T20:36:19.006Z,coins_large,19.99,25000,177,0
pu_00003os,p_002795,s_p_002795_00118,2024-07-13T17:22:26.024Z,coins_large,19.99,25000,185,0
pu_00003ot,p_002795,s_p_002795_00119,2024-07-13T17:54:01.686Z,coins_medium,4.99,5500,185,0
pu_00003ou,p_002795,s_p_002795_00120,2024-07-14T06:39:53.204Z,vip_monthly,9.99,10000,186,0
pu_00003ov,p_002795,s_p_002795_00121,2024-07-14T13:00:16.391Z,coins_small,0.99,1000,186,0
pu_00003ow,p_002795,s_p_002795_00122,2024-07-15T13:33:02.126Z,starter_pack,1.99,2000,187,0
pu_00003ox,p_002795,s_p_002795_00128,2024-07-20T21:08:56.845Z,coins_medium,4.99,5500,192,0
pu_00003oy,p_002795,s_p_002795_00128,2024-07-20T20:57:51.943Z,coins_large,19.99,25000,192,0
pu_00003oz,p_002795,s_p_002795_00131,2024-07-27T12:41:36.334Z,coins_large,19.99,25000,199,0
pu_00003p0,p_002795,s_p_002795_00134,2024-07-30T21:18:23.090Z,coins_small,0.99,1000,202,0
pu_00003p1,p_002795,s_p_002795_00136,2024-08-01T12:23:02.432Z,coins_medium,4.99,5500,204,0
pu_00003p2,p_002795,s_p_002795_00139,2024-08-04T16:00:08.093Z,vip_monthly,9.99,10000,207,0
pu_00003p3,p_002795,s_p_002795_00140,2024-08-05T15:51:11.781Z,coins_small,0.99,1000,208,0
pu_00003p4,p_002795,s_p_002795_00143,2024-08-08T13:31:39.670Z,vip_monthly,9.99,10000,211,0
pu_00003p5,p_002795,s_p_002795_00143,2024-08-08T13:29:52.707Z,coins_medium,4.99,5500,211,0
pu_00003p6,p_002795,s_p_002795_00148,2024-08-13T09:08:51.743Z,coins_medium,4.99,5500,216,0
pu_00003p7,p_002795,s_p_002795_00150,2024-08-15T19:06:34.497Z,coins_large,19.99,25000,218,0
pu_00003p8,p_002795,s_p_002795_00151,2024-08-17T08:39:52.759Z,coins_large,19.99,25000,220,0
pu_00003p9,p_002795,s_p_002795_00158,2024-08-28T21:04:31.746Z,coins_large,19.99,25000,231,0
pu_00003pa,p_002795,s_p_002795_00161,2024-08-30T20:03:28.483Z,coins_medium,4.99,5500,233,0
pu_00003pb,p_002795,s_p_002795_00162,2024-09-01T17:18:58.890Z,coins_large,19.99,25000,235,0
pu_00003pc,p_002795,s_p_002795_00163,2024-09-02T14:46:07.492Z,coins_medium,4.99,5500,236,0
pu_00003pd,p_002795,s_p_002795_00164,2024-09-09T18:13:27.404Z,coins_large,19.99,25000,243,0
pu_00003pe,p_002795,s_p_002795_00171,2024-09-27T19:07:31.293Z,starter_pack,1.99,2000,261,0
pu_00003pf,p_002795,s_p_002795_00172,2024-09-28T07:24:03.037Z,coins_medium,4.99,5500,262,0
pu_00003pg,p_002795,s_p_002795_00176,2024-10-05T21:42:49.875Z,coins_large,19.99,25000,269,0
pu_00003ph,p_002056,s_p_002056_00006,2024-07-07T17:17:51.356Z,coins_medium,4.99,5500,10,1
pu_00003pi,p_002056,s_p_002056_00007,2024-07-09T12:41:17.540Z,coins_medium,4.99,5500,12,0
pu_00003pj,p_002056,s_p_002056_00008,2024-07-13T20:02:10.829Z,coins_small,0.99,1000,16,0
pu_00003pk,p_002930,s_p_002930_00001,2024-08-02T19:15:34.587Z,starter_pack,1.99,2000,3,1
pu_00003pl,p_002930,s_p_002930_00006,2024-09-07T18:59:42.927Z,starter_pack,1.99,2000,39,0
pu_00003pm,p_002930,s_p_002930_00011,2024-10-02T11:13:04.300Z,coins_medium,4.99,5500,64,0
pu_00003pn,p_002930,s_p_002930_00012,2024-10-06T06:44:01.640Z,coins_small,0.99,1000,68,0
pu_00003po,p_002930,s_p_002930_00015,2024-10-23T10:59:59.383Z,coins_small,0.99,1000,85,0
pu_00003pp,p_002930,s_p_002930_00016,2024-11-13T22:43:56.204Z,coins_small,0.99,1000,106,0
pu_00003pq,p_002930,s_p_002930_00018,2024-11-21T22:56:08.668Z,coins_small,0.99,1000,114,0
pu_00003pr,p_002930,s_p_002930_00018,2024-11-21T22:54:49.960Z,coins_large,19.99,25000,114,0
pu_00003ps,p_002947,s_p_002947_00001,2024-10-03T22:10:14.701Z,starter_pack,1.99,2000,0,1
pu_00003pt,p_002947,s_p_002947_00001,2024-10-03T22:11:36.513Z,coins_small,0.99,1000,0,0
pu_00003pu,p_002947,s_p_002947_00001,2024-10-03T22:06:32.097Z,coins_small,0.99,1000,0,0
pu_00003pv,p_002947,s_p_002947_00001,2024-10-03T22:07:19.598Z,starter_pack,1.99,2000,0,0
pu_00003pw,p_002947,s_p_002947_00002,2024-10-23T08:35:47.950Z,coins_small,0.99,1000,20,0
pu_00003px,p_002947,s_p_002947_00002,2024-10-23T08:37:30.464Z,coins_small,0.99,1000,20,0
pu_00003py,p_002947,s_p_002947_00002,2024-10-23T08:37:37.607Z,coins_small,0.99,1000,20,0
pu_00003pz,p_002947,s_p_002947_00003,2024-10-30T09:18:31.178Z,starter_pack,1.99,2000,27,0
pu_00003q0,p_002947,s_p_002947_00003,2024-10-30T09:18:45.441Z,coins_medium,4.99,5500,27,0
pu_00003q1,p_002947,s_p_002947_00004,2024-11-10T06:03:35.386Z,coins_small,0.99,1000,38,0
pu_00003q2,p_002947,s_p_002947_00005,2024-11-11T14:54:10.986Z,coins_medium,4.99,5500,39,0
pu_00003q3,p_002947,s_p_002947_00005,2024-11-11T15:03:24.824Z,coins_small,0.99,1000,39,0
pu_00003q4,p_002947,s_p_002947_00005,2024-11-11T15:01:11.045Z,vip_monthly,9.99,10000,39,0
pu_00003q5,p_002947,s_p_002947_00006,2024-11-13T16:15:28.051Z,coins_large,19.99,25000,41,0
pu_00003q6,p_002947,s_p_002947_00006,2024-11-13T16:10:39.576Z,starter_pack,1.99,2000,41,0
pu_00003q7,p_002947,s_p_002947_00007,2024-11-21T15:59:46.466Z,coins_small,0.99,1000,49,0
pu_00003q8,p_002947,s_p_002947_00008,2024-11-21T23:09:50.417Z,starter_pack,1.99,2000,49,0
pu_00003q9,p_002947,s_p_002947_00008,2024-11-21T23:09:37.440Z,vip_monthly,9.99,10000,49,0
pu_00003qa,p_002947,s_p_002947_00009,2024-11-25T08:59:18.803Z,coins_small,0.99,1000,53,0
pu_00003qb,p_002947,s_p_002947_00010,2024-12-27T11:11:49.278Z,coins_small,0.99,1000,85,0
pu_00003qc,p_002947,s_p_002947_00010,2024-12-27T11:14:13.222Z,coins_large,19.99,25000,85,0
pu_00003qd,p_002947,s_p_002947_00010,2024-12-27T11:10:28.573Z,coins_large,19.99,25000,85,0
pu_00003qe,p_002947,s_p_002947_00010,2024-12-27T11:08:35.116Z,coins_medium,4.99,5500,85,0
pu_00003qf,p_002947,s_p_002947_00010,2024-12-27T11:08:21.410Z,coins_medium,4.99,5500,85,0
pu_00003qg,p_002985,s_p_002985_00001,2024-07-08T08:31:20.599Z,coins_small,0.99,1000,27,1
pu_00003qh,p_002985,s_p_002985_00002,2024-07-10T13:16:30.367Z,starter_pack,1.99,2000,29,0
pu_00003qi,p_002985,s_p_002985_00002,2024-07-10T13:17:25.027Z,starter_pack,1.99,2000,29,0
pu_00003qj,p_002985,s_p_002985_00002,2024-07-10T13:17:20.189Z,coins_small,0.99,1000,29,0
pu_00003qk,p_002985,s_p_002985_00002,2024-07-10T13:13:39.450Z,coins_small,0.99,1000,29,0
pu_00003ql,p_002985,s_p_002985_00004,2024-07-21T17:21:28.041Z,coins_small,0.99,1000,40,0
pu_00003qm,p_002985,s_p_002985_00005,2024-08-08T07:12:09.247Z,coins_medium,4.99,5500,58,0
pu_00003qn,p_002985,s_p_002985_00006,2024-08-13T18:39:55.328Z,coins_small,0.99,1000,63,0
pu_00003qo,p_002985,s_p_002985_00009,2024-08-25T18:10:13.602Z,coins_medium,4.99,5500,75,0
pu_00003qp,p_002985,s_p_002985_00010,2024-08-27T07:41:43.383Z,starter_pack,1.99,2000,77,0
pu_00003qq,p_002985,s_p_002985_00014,2024-09-06T20:06:50.660Z,coins_small,0.99,1000,87,0
pu_00003qr,p_002985,s_p_002985_00015,2024-09-11T16:30:54.949Z,coins_small,0.99,1000,92,0
pu_00003qs,p_002985,s_p_002985_00017,2024-10-08T07:22:36.518Z,coins_medium,4.99,5500,119,0
pu_00003qt,p_002985,s_p_002985_00018,2024-10-16T16:45:21.194Z,coins_small,0.99,1000,127,0
pu_00003qu,p_002985,s_p_002985_00019,2024-10-17T20:09:44.292Z,starter_pack,1.99,2000,128,0
pu_00003qv,p_002985,s_p_002985_00021,2024-10-30T19:11:41.868Z,coins_small,0.99,1000,141,0
pu_00003qw,p_002985,s_p_002985_00021,2024-10-30T19:08:04.563Z,coins_medium,4.99,5500,141,0
pu_00003qx,p_002985,s_p_002985_00022,2024-11-09T13:14:37.373Z,coins_small,0.99,1000,151,0
pu_00003qy,p_002985,s_p_002985_00024,2024-11-15T09:14:02.462Z,starter_pack,1.99,2000,157,0
pu_00003qz,p_002985,s_p_002985_00025,2024-11-17T18:59:57.673Z,coins_small,0.99,1000,159,0
pu_00003r0,p_002985,s_p_002985_00028,2024-12-10T06:48:28.729Z,coins_medium,4.99,5500,182,0
pu_00003r1,p_002985,s_p_002985_00029,2024-12-12T09:03:15.118Z,coins_small,0.99,1000,184,0
pu_00003r2,p_002985,s_p_002985_00030,2024-12-26T15:24:56.403Z,coins_small,0.99,1000,198,0
pu_00003r3,p_002864,s_p_002864_00001,2024-09-14T14:35:08.657Z,coins_medium,4.99,5500,16,1
pu_00003r4,p_002864,s_p_002864_00003,2024-09-15T14:50:50.146Z,coins_medium,4.99,5500,17,0
pu_00003r5,p_002864,s_p_002864_00004,2024-09-17T17:04:00.746Z,vip_monthly,9.99,10000,19,0
pu_00003r6,p_002864,s_p_002864_00004,2024-09-17T17:03:48.342Z,coins_small,0.99,1000,19,0
pu_00003r7,p_002864,s_p_002864_00004,2024-09-17T17:04:22.205Z,coins_medium,4.99,5500,19,0
pu_00003r8,p_002864,s_p_002864_00006,2024-09-28T11:35:24.578Z,coins_medium,4.99,5500,30,0
pu_00003r9,p_002864,s_p_002864_00006,2024-09-28T11:32:17.323Z,coins_medium,4.99,5500,30,0
pu_00003ra,p_002864,s_p_002864_00006,2024-09-28T11:35:08.994Z,coins_small,0.99,1000,30,0
pu_00003rb,p_002864,s_p_002864_00007,2024-10-10T13:39:15.589Z,coins_small,0.99,1000,42,0
pu_00003rc,p_002864,s_p_002864_00007,2024-10-10T13:33:58.253Z,coins_medium,4.99,5500,42,0
pu_00003rd,p_002864,s_p_002864_00007,2024-10-10T13:37:33.447Z,coins_small,0.99,1000,42,0
pu_00003re,p_002864,s_p_002864_00008,2024-10-13T08:59:17.205Z,coins_small,0.99,1000,45,0
pu_00003rf,p_002864,s_p_002864_00008,2024-10-13T08:48:42.080Z,starter_pack,1.99,2000,45,0
pu_00003rg,p_002864,s_p_002864_00010,2024-10-25T08:34:40.319Z,starter_pack,1.99,2000,57,0
pu_00003rh,p_002864,s_p_002864_00012,2024-11-11T16:32:27.166Z,coins_small,0.99,1000,74,0
pu_00003ri,p_002864,s_p_002864_00012,2024-11-11T16:31:02.500Z,coins_small,0.99,1000,74,0
pu_00003rj,p_002864,s_p_002864_00014,2024-11-15T18:00:07.028Z,coins_medium,4.99,5500,78,0
pu_00003rk,p_002864,s_p_002864_00014,2024-11-15T18:04:43.521Z,coins_small,0.99,1000,78,0
pu_00003rl,p_002864,s_p_002864_00014,2024-11-15T18:00:55.342Z,coins_medium,4.99,5500,78,0
pu_00003rm,p_002864,s_p_002864_00015,2024-11-16T06:47:26.278Z,coins_small,0.99,1000,79,0
pu_00003rn,p_002864,s_p_002864_00017,2024-11-17T19:20:40.503Z,coins_small,0.99,1000,80,0
pu_00003ro,p_002864,s_p_002864_00017,2024-11-17T19:19:05.923Z,coins_small,0.99,1000,80,0
pu_00003rp,p_002864,s_p_002864_00018,2024-11-17T22:00:20.828Z,coins_medium,4.99,5500,80,0
pu_00003rq,p_002864,s_p_002864_00020,2024-12-05T15:38:41.782Z,coins_medium,4.99,5500,98,0
pu_00003rr,p_002864,s_p_002864_00020,2024-12-05T15:41:28.146Z,coins_small,0.99,1000,98,0
pu_00003rs,p_002815,s_p_002815_00001,2024-03-17T17:13:46.323Z,coins_medium,4.99,5500,0,1
pu_00003rt,p_002815,s_p_002815_00001,2024-03-17T17:10:58.561Z,coins_small,0.99,1000,0,0
pu_00003ru,p_002815,s_p_002815_00001,2024-03-17T17:12:08.945Z,coins_medium,4.99,5500,0,0
pu_00003rv,p_002815,s_p_002815_00001,2024-03-17T17:16:41.265Z,coins_medium,4.99,5500,0,0
pu_00003rw,p_002815,s_p_002815_00002,2024-03-17T23:18:18.326Z,vip_monthly,9.99,10000,0,0
pu_00003rx,p_002815,s_p_002815_00003,2024-03-21T10:29:10.720Z,coins_large,19.99,25000,4,0
pu_00003ry,p_002815,s_p_002815_00004,2024-03-21T12:17:22.173Z,coins_medium,4.99,5500,4,0
pu_00003rz,p_002815,s_p_002815_00004,2024-03-21T12:13:28.678Z,coins_large,19.99,25000,4,0
pu_00003s0,p_002815,s_p_002815_00006,2024-03-22T16:36:14.095Z,vip_monthly,9.99,10000,5,0
pu_00003s1,p_002815,s_p_002815_00006,2024-03-22T16:27:29.021Z,coins_large,19.99,25000,5,0
pu_00003s2,p_002815,s_p_002815_00011,2024-03-26T21:11:37.359Z,coins_large,19.99,25000,9,0
pu_00003s3,p_002815,s_p_002815_00015,2024-03-29T17:50:19.073Z,vip_monthly,9.99,10000,12,0
pu_00003s4,p_002815,s_p_002815_00029,2024-04-19T13:15:33.995Z,coins_medium,4.99,5500,33,0
pu_00003s5,p_002815,s_p_002815_00031,2024-04-27T17:04:18.440Z,coins_medium,4.99,5500,41,0
pu_00003s6,p_002815,s_p_002815_00033,2024-04-28T21:11:16.347Z,coins_large,19.99,25000,42,0
pu_00003s7,p_002815,s_p_002815_00036,2024-04-30T21:51:54.247Z,coins_medium,4.99,5500,44,0
pu_00003s8,p_002815,s_p_002815_00042,2024-05-07T23:38:35.533Z,coins_large,19.99,25000,51,0
pu_00003s9,p_002815,s_p_002815_00043,2024-05-09T22:12:17.764Z,coins_small,0.99,1000,53,0
pu_00003sa,p_002815,s_p_002815_00046,2024-05-13T19:02:00.634Z,coins_large,19.99,25000,57,0
pu_00003sb,p_002815,s_p_002815_00049,2024-05-17T08:20:51.937Z,starter_pack,1.99,2000,61,0
pu_00003sc,p_002815,s_p_002815_00063,2024-06-02T10:11:07.150Z,coins_small,0.99,1000,77,0
pu_00003sd,p_002815,s_p_002815_00064,2024-06-05T20:26:10.506Z,coins_medium,4.99,5500,80,0
pu_00003se,p_002815,s_p_002815_00067,2024-06-08T17:58:59.353Z,coins_medium,4.99,5500,83,0
pu_00003sf,p_002815,s_p_002815_00068,2024-06-09T20:36:27.851Z,coins_small,0.99,1000,84,0
pu_00003sg,p_002815,s_p_002815_00068,2024-06-09T20:41:23.007Z,coins_medium,4.99,5500,84,0
pu_00003sh,p_002815,s_p_002815_00071,2024-06-12T18:34:22.086Z,coins_large,19.99,25000,87,0
pu_00003si,p_002815,s_p_002815_00072,2024-06-16T13:43:32.526Z,starter_pack,1.99,2000,91,0
pu_00003sj,p_002815,s_p_002815_00076,2024-06-23T08:01:23.827Z,coins_medium,4.99,5500,98,0
pu_00003sk,p_002815,s_p_002815_00081,2024-06-26T13:37:26.314Z,coins_medium,4.99,5500,101,0
pu_00003sl,p_002815,s_p_002815_00083,2024-06-28T08:50:43.973Z,vip_monthly,9.99,10000,103,0
pu_00003sm,p_002815,s_p_002815_00083,2024-06-28T08:42:18.693Z,coins_medium,4.99,5500,103,0
pu_00003sn,p_002815,s_p_002815_00091,2024-07-13T14:57:10.695Z,coins_large,19.99,25000,118,0
pu_00003so,p_002815,s_p_002815_00094,2024-07-16T19:07:45.261Z,coins_medium,4.99,5500,121,0
pu_00003sp,p_002815,s_p_002815_00102,2024-07-25T07:57:32.039Z,vip_monthly,9.99,10000,130,0
pu_00003sq,p_002815,s_p_002815_00108,2024-08-06T20:20:11.369Z,coins_medium,4.99,5500,142,0
pu_00003sr,p_002815,s_p_002815_00108,2024-08-06T20:05:32.260Z,coins_medium,4.99,5500,142,0
pu_00003ss,p_002815,s_p_002815_00111,2024-08-10T08:54:25.463Z,coins_large,19.99,25000,146,0
pu_00003st,p_002815,s_p_002815_00115,2024-08-18T10:03:30.125Z,vip_monthly,9.99,10000,154,0
pu_00003su,p_002815,s_p_002815_00119,2024-08-23T16:21:14.023Z,coins_medium,4.99,5500,159,0
pu_00003sv,p_002815,s_p_002815_00123,2024-08-30T07:17:25.497Z,coins_small,0.99,1000,166,0
pu_00003sw,p_002815,s_p_002815_00127,2024-09-01T16:39:42.761Z,coins_small,0.99,1000,168,0
pu_00003sx,p_002815,s_p_002815_00137,2024-09-11T07:33:00.715Z,vip_monthly,9.99,10000,178,0
pu_00003sy,p_002815,s_p_002815_00138,2024-09-15T12:13:23.338Z,coins_large,19.99,25000,182,0
pu_00003sz,p_002815,s_p_002815_00142,2024-09-18T08:19:40.827Z,coins_large,19.99,25000,185,0
pu_00003t0,p_002815,s_p_002815_00143,2024-09-19T12:30:46.424Z,coins_large,19.99,25000,186,0
pu_00003t1,p_002815,s_p_002815_00147,2024-09-24T16:37:49.638Z,coins_large,19.99,25000,191,0
pu_00003t2,p_002815,s_p_002815_00152,2024-10-10T11:19:45.331Z,vip_monthly,9.99,10000,207,0
pu_00003t3,p_002815,s_p_002815_00156,2024-10-16T13:19:38.016Z,vip_monthly,9.99,10000,213,0
pu_00003t4,p_002815,s_p_002815_00163,2024-10-26T17:07:57.506Z,coins_small,0.99,1000,223,0
pu_00003t5,p_002815,s_p_002815_00165,2024-10-28T13:00:50.286Z,vip_monthly,9.99,10000,225,0
pu_00003t6,p_002815,s_p_002815_00166,2024-10-29T17:05:33.234Z,vip_monthly,9.99,10000,226,0
pu_00003t7,p_002815,s_p_002815_00176,2024-11-30T07:08:16.405Z,vip_monthly,9.99,10000,258,0
pu_00003t8,p_002872,s_p_002872_00001,2024-05-05T18:35:52.264Z,starter_pack,1.99,2000,2,1
pu_00003t9,p_002872,s_p_002872_00001,2024-05-05T18:35:41.850Z,coins_small,0.99,1000,2,0
pu_00003ta,p_002872,s_p_002872_00002,2024-05-06T06:58:20.811Z,coins_small,0.99,1000,3,0
pu_00003tb,p_002872,s_p_002872_00003,2024-05-08T08:03:11.617Z,coins_small,0.99,1000,5,0
pu_00003tc,p_002872,s_p_002872_00003,2024-05-08T08:00:35.081Z,coins_small,0.99,1000,5,0
pu_00003td,p_002872,s_p_002872_00003,2024-05-08T08:05:43.665Z,coins_medium,4.99,5500,5,0
pu_00003te,p_002872,s_p_002872_00005,2024-05-23T20:29:13.757Z,coins_medium,4.99,5500,20,0
pu_00003tf,p_002872,s_p_002872_00005,2024-05-23T20:23:22.618Z,coins_medium,4.99,5500,20,0
pu_00003tg,p_002872,s_p_002872_00009,2024-06-10T23:09:49.812Z,starter_pack,1.99,2000,38,0
pu_00003th,p_002872,s_p_002872_00011,2024-06-13T23:00:41.187Z,coins_medium,4.99,5500,41,0
pu_00003ti,p_002872,s_p_002872_00012,2024-06-16T09:46:46.698Z,coins_small,0.99,1000,44,0
pu_00003tj,p_002872,s_p_002872_00012,2024-06-16T09:43:37.846Z,coins_medium,4.99,5500,44,0
pu_00003tk,p_002872,s_p_002872_00012,2024-06-16T09:48:53.869Z,coins_small,0.99,1000,44,0
pu_00003tl,p_002872,s_p_002872_00012,2024-06-16T09:49:25.263Z,coins_small,0.99,1000,44,0
pu_00003tm,p_002872,s_p_002872_00016,2024-07-08T06:47:25.068Z,coins_small,0.99,1000,66,0
pu_00003tn,p_002872,s_p_002872_00017,2024-07-08T18:21:47.805Z,vip_monthly,9.99,10000,66,0
pu_00003to,p_002872,s_p_002872_00017,2024-07-08T18:26:25.580Z,coins_medium,4.99,5500,66,0
pu_00003tp,p_002872,s_p_002872_00018,2024-07-09T10:22:26.388Z,coins_small,0.99,1000,67,0
pu_00003tq,p_002872,s_p_002872_00018,2024-07-09T10:15:17.297Z,coins_small,0.99,1000,67,0
pu_00003tr,p_002872,s_p_002872_00019,2024-07-10T15:00:30.270Z,coins_small,0.99,1000,68,0
pu_00003ts,p_002872,s_p_002872_00019,2024-07-10T14:59:27.608Z,coins_medium,4.99,5500,68,0
pu_00003tt,p_002872,s_p_002872_00026,2024-08-19T23:07:01.631Z,coins_small,0.99,1000,108,0
pu_00003tu,p_002872,s_p_002872_00027,2024-08-22T13:28:33.729Z,starter_pack,1.99,2000,111,0
pu_00003tv,p_002839,s_p_002839_00001,2024-02-23T22:49:17.596Z,coins_large,19.99,25000,1,1
pu_00003tw,p_002839,s_p_002839_00002,2024-02-25T17:16:32.679Z,coins_medium,4.99,5500,3,0
pu_00003tx,p_002839,s_p_002839_00002,2024-02-25T17:30:35.617Z,coins_large,19.99,25000,3,0
pu_00003ty,p_002839,s_p_002839_00002,2024-02-25T17:27:52.523Z,vip_monthly,9.99,10000,3,0
pu_00003tz,p_002839,s_p_002839_00002,2024-02-25T17:09:15.595Z,coins_large,19.99,25000,3,0
pu_00003u0,p_002839,s_p_002839_00003,2024-02-26T11:36:02.799Z,coins_medium,4.99,5500,4,0
pu_00003u1,p_002839,s_p_002839_00005,2024-02-27T21:50:41.152Z,vip_monthly,9.99,10000,5,0
pu_00003u2,p_002839,s_p_002839_00005,2024-02-27T21:57:26.232Z,coins_large,19.99,25000,5,0
pu_00003u3,p_002839,s_p_002839_00005,2024-02-27T21:51:17.265Z,coins_large,19.99,25000,5,0
pu_00003u4,p_002839,s_p_002839_00006,2024-02-28T07:21:41.956Z,coins_small,0.99,1000,6,0
pu_00003u5,p_002839,s_p_002839_00006,2024-02-28T07:28:29.662Z,coins_small,0.99,1000,6,0
pu_00003u6,p_002839,s_p_002839_00014,2024-03-04T13:51:01.220Z,coins_large,19.99,25000,11,0
pu_00003u7,p_002839,s_p_002839_00014,2024-03-04T13:54:12.628Z,starter_pack,1.99,2000,11,0
pu_00003u8,p_002839,s_p_002839_00019,2024-03-07T23:31:21.992Z,coins_small,0.99,1000,14,0
pu_00003u9,p_002839,s_p_002839_00021,2024-03-09T20:19:01.112Z,coins_small,0.99,1000,16,0
pu_00003ua,p_002839,s_p_002839_00028,2024-03-21T09:48:45.369Z,starter_pack,1.99,2000,28,0
pu_00003ub,p_002839,s_p_002839_00034,2024-03-31T16:15:39.798Z,coins_medium,4.99,5500,38,0
pu_00003uc,p_002839,s_p_002839_00035,2024-04-03T18:03:28.198Z,coins_large,19.99,25000,41,0
pu_00003ud,p_002839,s_p_002839_00036,2024-04-04T21:58:30.712Z,coins_large,19.99,25000,42,0
pu_00003ue,p_002839,s_p_002839_00043,2024-04-19T21:49:31.572Z,coins_large,19.99,25000,57,0
pu_00003uf,p_002839,s_p_002839_00043,2024-04-19T21:50:39.514Z,coins_small,0.99,1000,57,0
pu_00003ug,p_002839,s_p_002839_00043,2024-04-19T21:45:25.643Z,coins_medium,4.99,5500,57,0
pu_00003uh,p_002839,s_p_002839_00044,2024-04-20T19:42:08.075Z,vip_monthly,9.99,10000,58,0
pu_00003ui,p_002839,s_p_002839_00048,2024-04-25T11:59:48.283Z,coins_large,19.99,25000,63,0
pu_00003uj,p_002839,s_p_002839_00050,2024-04-27T19:15:55.035Z,coins_medium,4.99,5500,65,0
pu_00003uk,p_002839,s_p_002839_00050,2024-04-27T19:34:04.067Z,coins_small,0.99,1000,65,0
pu_00003ul,p_002839,s_p_002839_00054,2024-05-08T22:59:39.568Z,coins_large,19.99,25000,76,0
pu_00003um,p_002839,s_p_002839_00064,2024-05-20T23:11:27.267Z,vip_monthly,9.99,10000,88,0
pu_00003un,p_002839,s_p_002839_00067,2024-05-28T13:54:23.690Z,coins_medium,4.99,5500,96,0
pu_00003uo,p_002839,s_p_002839_00069,2024-06-01T06:39:11.134Z,coins_small,0.99,1000,100,0
pu_00003up,p_002839,s_p_002839_00069,2024-06-01T06:42:39.632Z,coins_large,19.99,25000,100,0
pu_00003uq,p_002839,s_p_002839_00071,2024-06-04T10:38:45.560Z,coins_medium,4.99,5500,103,0
pu_00003ur,p_002839,s_p_002839_00076,2024-06-10T15:25:20.726Z,coins_medium,4.99,5500,109,0
pu_00003us,p_002839,s_p_002839_00079,2024-06-13T12:08:14.071Z,coins_large,19.99,25000,112,0
pu_00003ut,p_002839,s_p_002839_00081,2024-06-14T10:59:29.623Z,coins_medium,4.99,5500,113,0
pu_00003uu,p_002839,s_p_002839_00096,2024-07-05T17:08:33.202Z,coins_large,19.99,25000,134,0
pu_00003uv,p_002839,s_p_002839_00097,2024-07-08T12:05:35.059Z,vip_monthly,9.99,10000,137,0
pu_00003uw,p_002839,s_p_002839_00104,2024-07-24T16:52:09.756Z,coins_small,0.99,1000,153,0
pu_00003ux,p_002839,s_p_002839_00114,2024-08-09T08:19:10.701Z,coins_medium,4.99,5500,169,0
pu_00003uy,p_002839,s_p_002839_00116,2024-08-12T12:56:13.469Z,coins_medium,4.99,5500,172,0
pu_00003uz,p_002839,s_p_002839_00121,2024-08-23T23:25:53.392Z,coins_medium,4.99,5500,183,0
pu_00003v0,p_002823,s_p_002823_00002,2024-03-20T22:15:31.829Z,starter_pack,1.99,2000,5,1
pu_00003v1,p_002823,s_p_002823_00004,2024-03-25T23:25:34.981Z,coins_medium,4.99,5500,10,0
pu_00003v2,p_002823,s_p_002823_00004,2024-03-25T23:35:08.650Z,coins_large,19.99,25000,10,0
pu_00003v3,p_002823,s_p_002823_00004,2024-03-25T23:39:31.660Z,coins_large,19.99,25000,10,0
pu_00003v4,p_002823,s_p_002823_00004,2024-03-25T23:21:20.499Z,coins_medium,4.99,5500,10,0
pu_00003v5,p_002823,s_p_002823_00004,2024-03-25T23:21:49.396Z,coins_medium,4.99,5500,10,0
pu_00003v6,p_002823,s_p_002823_00005,2024-03-26T20:13:36.675Z,coins_medium,4.99,5500,11,0
pu_00003v7,p_002823,s_p_002823_00005,2024-03-26T20:14:47.232Z,coins_large,19.99,25000,11,0
pu_00003v8,p_002823,s_p_002823_00005,2024-03-26T20:07:19.730Z,starter_pack,1.99,2000,11,0
pu_00003v9,p_002823,s_p_002823_00007,2024-03-29T11:06:50.746Z,coins_large,19.99,25000,14,0
pu_00003va,p_002823,s_p_002823_00011,2024-04-02T20:32:37.109Z,vip_monthly,9.99,10000,18,0
pu_00003vb,p_002823,s_p_002823_00012,2024-04-03T09:36:37.298Z,coins_small,0.99,1000,19,0
pu_00003vc,p_002823,s_p_002823_00014,2024-04-03T14:10:58.134Z,coins_small,0.99,1000,19,0
pu_00003vd,p_002823,s_p_002823_00014,2024-04-03T14:08:43.976Z,coins_medium,4.99,5500,19,0
pu_00003ve,p_002823,s_p_002823_00016,2024-04-05T22:30:00.559Z,coins_large,19.99,25000,21,0
pu_00003vf,p_002823,s_p_002823_00016,2024-04-05T22:32:32.558Z,coins_large,19.99,25000,21,0
pu_00003vg,p_002823,s_p_002823_00018,2024-04-06T15:48:04.403Z,coins_medium,4.99,5500,22,0
pu_00003vh,p_002823,s_p_002823_00020,2024-04-10T14:00:34.008Z,coins_small,0.99,1000,26,0
pu_00003vi,p_002823,s_p_002823_00021,2024-04-11T09:05:38.546Z,coins_medium,4.99,5500,27,0
pu_00003vj,p_002823,s_p_002823_00027,2024-04-18T13:26:28.667Z,coins_large,19.99,25000,34,0
pu_00003vk,p_002823,s_p_002823_00032,2024-05-01T10:39:21.794Z,coins_large,19.99,25000,47,0
pu_00003vl,p_002823,s_p_002823_00040,2024-05-10T17:09:13.062Z,coins_large,19.99,25000,56,0
pu_00003vm,p_002823,s_p_002823_00041,2024-05-13T09:57:17.432Z,coins_small,0.99,1000,59,0
pu_00003vn,p_002823,s_p_002823_00043,2024-05-15T18:49:25.210Z,coins_large,19.99,25000,61,0
pu_00003vo,p_002823,s_p_002823_00047,2024-05-19T07:17:22.886Z,coins_medium,4.99,5500,65,0
pu_00003vp,p_002823,s_p_002823_00049,2024-05-21T06:37:54.836Z,vip_monthly,9.99,10000,67,0
pu_00003vq,p_002823,s_p_002823_00051,2024-05-23T21:07:38.196Z,coins_large,19.99,25000,69,0
pu_00003vr,p_002823,s_p_002823_00065,2024-06-05T14:22:40.780Z,coins_medium,4.99,5500,82,0
pu_00003vs,p_002823,s_p_002823_00066,2024-06-05T20:26:48.787Z,coins_medium,4.99,5500,82,0
pu_00003vt,p_002823,s_p_002823_00071,2024-06-15T10:56:44.683Z,vip_monthly,9.99,10000,92,0
pu_00003vu,p_002823,s_p_002823_00074,2024-06-19T10:39:05.607Z,coins_small,0.99,1000,96,0
pu_00003vv,p_002823,s_p_002823_00076,2024-06-21T17:17:36.611Z,coins_small,0.99,1000,98,0
pu_00003vw,p_002823,s_p_002823_00080,2024-07-02T18:51:58.311Z,coins_large,19.99,25000,109,0
pu_00003vx,p_002823,s_p_002823_00085,2024-07-06T09:43:31.925Z,coins_large,19.99,25000,113,0
pu_00003vy,p_002823,s_p_002823_00087,2024-07-10T15:07:28.192Z,coins_large,19.99,25000,117,0
pu_00003vz,p_002823,s_p_002823_00088,2024-07-12T12:27:20.284Z,coins_large,19.99,25000,119,0
pu_00003w0,p_002823,s_p_002823_00088,2024-07-12T12:11:56.861Z,starter_pack,1.99,2000,119,0
pu_00003w1,p_002823,s_p_002823_00088,2024-07-12T12:44:11.833Z,coins_small,0.99,1000,119,0
pu_00003w2,p_002823,s_p_002823_00090,2024-07-15T22:12:09.124Z,coins_small,0.99,1000,122,0
pu_00003w3,p_002823,s_p_002823_00092,2024-07-20T10:00:46.033Z,coins_medium,4.99,5500,127,0
pu_00003w4,p_002823,s_p_002823_00093,2024-07-22T15:17:47.526Z,coins_small,0.99,1000,129,0
pu_00003w5,p_002823,s_p_002823_00100,2024-08-04T21:22:09.938Z,coins_large,19.99,25000,142,0
pu_00003w6,p_002823,s_p_002823_00102,2024-08-06T10:42:34.208Z,coins_small,0.99,1000,144,0
pu_00003w7,p_002823,s_p_002823_00102,2024-08-06T10:53:02.262Z,coins_medium,4.99,5500,144,0
pu_00003w8,p_002823,s_p_002823_00106,2024-08-11T15:18:13.713Z,coins_medium,4.99,5500,149,0
pu_00003w9,p_002823,s_p_002823_00107,2024-08-11T19:14:23.557Z,coins_medium,4.99,5500,149,0
pu_00003wa,p_002823,s_p_002823_00109,2024-08-12T22:54:17.647Z,coins_medium,4.99,5500,150,0
pu_00003wb,p_002823,s_p_002823_00109,2024-08-12T22:45:42.479Z,coins_large,19.99,25000,150,0
pu_00003wc,p_002823,s_p_002823_00117,2024-08-21T21:05:33.405Z,coins_small,0.99,1000,159,0
pu_00003wd,p_002823,s_p_002823_00117,2024-08-21T20:57:44.077Z,coins_medium,4.99,5500,159,0
pu_00003we,p_002823,s_p_002823_00118,2024-08-22T22:04:20.859Z,coins_large,19.99,25000,160,0
pu_00003wf,p_002823,s_p_002823_00121,2024-08-26T13:44:04.290Z,coins_medium,4.99,5500,164,0
pu_00003wg,p_002823,s_p_002823_00121,2024-08-26T13:40:05.946Z,vip_monthly,9.99,10000,164,0
pu_00003wh,p_002823,s_p_002823_00122,2024-08-26T14:40:02.931Z,coins_small,0.99,1000,164,0
pu_00003wi,p_002823,s_p_002823_00128,2024-09-10T08:52:50.794Z,coins_small,0.99,1000,179,0
pu_00003wj,p_002823,s_p_002823_00131,2024-09-12T19:42:27.862Z,coins_large,19.99,25000,181,0
pu_00003wk,p_002823,s_p_002823_00136,2024-09-20T10:39:57.752Z,starter_pack,1.99,2000,189,0
pu_00003wl,p_002915,s_p_002915_00001,2024-08-29T18:47:39.867Z,starter_pack,1.99,2000,3,1
pu_00003wm,p_002915,s_p_002915_00002,2024-09-04T22:23:46.776Z,coins_small,0.99,1000,9,0
pu_00003wn,p_002915,s_p_002915_00002,2024-09-04T22:26:04.548Z,starter_pack,1.99,2000,9,0
pu_00003wo,p_002915,s_p_002915_00003,2024-09-16T10:46:13.297Z,starter_pack,1.99,2000,21,0
pu_00003wp,p_002915,s_p_002915_00003,2024-09-16T10:51:59.096Z,coins_medium,4.99,5500,21,0
pu_00003wq,p_002915,s_p_002915_00004,2024-09-19T18:07:12.854Z,vip_monthly,9.99,10000,24,0
pu_00003wr,p_002915,s_p_002915_00006,2024-09-24T12:19:42.271Z,coins_small,0.99,1000,29,0
pu_00003ws,p_002915,s_p_002915_00007,2024-10-18T11:34:48.685Z,coins_small,0.99,1000,53,0
pu_00003wt,p_002915,s_p_002915_00008,2024-10-18T22:56:30.496Z,coins_small,0.99,1000,53,0
pu_00003wu,p_002915,s_p_002915_00008,2024-10-18T22:57:42.039Z,coins_small,0.99,1000,53,0
pu_00003wv,p_002915,s_p_002915_00008,2024-10-18T22:58:24.122Z,coins_small,0.99,1000,53,0
pu_00003ww,p_002915,s_p_002915_00009,2024-11-02T11:50:43.284Z,coins_small,0.99,1000,68,0
pu_00003wx,p_002915,s_p_002915_00009,2024-11-02T11:46:40.335Z,coins_small,0.99,1000,68,0
pu_00003wy,p_002915,s_p_002915_00011,2024-11-03T11:42:07.913Z,coins_small,0.99,1000,69,0
pu_00003wz,p_002915,s_p_002915_00011,2024-11-03T11:45:14.888Z,starter_pack,1.99,2000,69,0
pu_00003x0,p_002915,s_p_002915_00011,2024-11-03T11:42:39.322Z,coins_medium,4.99,5500,69,0
pu_00003x1,p_002915,s_p_002915_00012,2024-11-04T16:24:31.766Z,coins_small,0.99,1000,70,0
pu_00003x2,p_002915,s_p_002915_00013,2024-11-11T12:44:39.654Z,coins_medium,4.99,5500,77,0
pu_00003x3,p_002915,s_p_002915_00013,2024-11-11T12:45:46.045Z,coins_small,0.99,1000,77,0
pu_00003x4,p_002915,s_p_002915_00015,2024-11-23T15:03:06.008Z,coins_medium,4.99,5500,89,0
pu_00003x5,p_002915,s_p_002915_00015,2024-11-23T14:53:07.435Z,coins_medium,4.99,5500,89,0
pu_00003x6,p_002915,s_p_002915_00015,2024-11-23T14:56:36.473Z,coins_medium,4.99,5500,89,0
pu_00003x7,p_002915,s_p_002915_00016,2024-12-22T12:09:52.292Z,coins_small,0.99,1000,118,0
pu_00003x8,p_002915,s_p_002915_00016,2024-12-22T12:05:12.896Z,coins_small,0.99,1000,118,0
pu_00003x9,p_001968,s_p_001968_00005,2024-08-24T13:24:34.913Z,starter_pack,1.99,2000,5,1
pu_00003xa,p_002786,s_p_002786_00001,2024-07-05T17:35:07.768Z,starter_pack,1.99,2000,0,1
pu_00003xb,p_002786,s_p_002786_00002,2024-07-06T15:41:13.945Z,coins_large,19.99,25000,1,0
pu_00003xc,p_002786,s_p_002786_00003,2024-07-06T16:09:30.765Z,coins_small,0.99,1000,1,0
pu_00003xd,p_002786,s_p_002786_00003,2024-07-06T16:26:17.345Z,coins_medium,4.99,5500,1,0
pu_00003xe,p_002786,s_p_002786_00004,2024-07-06T18:53:03.507Z,coins_medium,4.99,5500,1,0
pu_00003xf,p_002786,s_p_002786_00004,2024-07-06T19:02:06.071Z,coins_large,19.99,25000,1,0
pu_00003xg,p_002786,s_p_002786_00004,2024-07-06T18:59:22.239Z,coins_medium,4.99,5500,1,0
pu_00003xh,p_002786,s_p_002786_00005,2024-07-06T19:19:13.573Z,coins_medium,4.99,5500,1,0
pu_00003xi,p_002786,s_p_002786_00005,2024-07-06T19:16:26.158Z,vip_monthly,9.99,10000,1,0
pu_00003xj,p_002786,s_p_002786_00005,2024-07-06T19:23:54.679Z,coins_large,19.99,25000,1,0
pu_00003xk,p_002786,s_p_002786_00006,2024-07-07T08:37:25.696Z,coins_medium,4.99,5500,2,0
pu_00003xl,p_002786,s_p_002786_00006,2024-07-07T08:58:39.492Z,vip_monthly,9.99,10000,2,0
pu_00003xm,p_002786,s_p_002786_00006,2024-07-07T08:51:28.694Z,coins_medium,4.99,5500,2,0
pu_00003xn,p_002786,s_p_002786_00006,2024-07-07T08:28:51.686Z,coins_medium,4.99,5500,2,0
pu_00003xo,p_002786,s_p_002786_00008,2024-07-14T10:59:35.457Z,vip_monthly,9.99,10000,9,0
pu_00003xp,p_002786,s_p_002786_00008,2024-07-14T11:07:17.688Z,coins_large,19.99,25000,9,0
pu_00003xq,p_002786,s_p_002786_00013,2024-07-23T08:00:48.457Z,coins_medium,4.99,5500,18,0
pu_00003xr,p_002786,s_p_002786_00014,2024-07-24T07:25:26.476Z,vip_monthly,9.99,10000,19,0
pu_00003xs,p_002786,s_p_002786_00017,2024-07-29T13:27:34.388Z,coins_small,0.99,1000,24,0
pu_00003xt,p_002786,s_p_002786_00018,2024-07-30T10:55:57.291Z,coins_small,0.99,1000,25,0
pu_00003xu,p_002786,s_p_002786_00019,2024-07-31T07:00:56.926Z,coins_medium,4.99,5500,26,0
pu_00003xv,p_002786,s_p_002786_00019,2024-07-31T06:55:36.872Z,coins_medium,4.99,5500,26,0
pu_00003xw,p_002786,s_p_002786_00021,2024-08-01T06:18:58.112Z,coins_large,19.99,25000,27,0
pu_00003xx,p_002786,s_p_002786_00025,2024-08-06T06:35:12.099Z,coins_medium,4.99,5500,32,0
pu_00003xy,p_002786,s_p_002786_00026,2024-08-06T07:31:44.098Z,coins_medium,4.99,5500,32,0
pu_00003xz,p_002786,s_p_002786_00028,2024-08-08T11:01:33.320Z,coins_medium,4.99,5500,34,0
pu_00003y0,p_002786,s_p_002786_00029,2024-08-09T15:31:53.519Z,coins_medium,4.99,5500,35,0
pu_00003y1,p_002786,s_p_002786_00029,2024-08-09T15:28:04.701Z,coins_small,0.99,1000,35,0
pu_00003y2,p_002786,s_p_002786_00030,2024-08-10T23:00:52.848Z,coins_medium,4.99,5500,36,0
pu_00003y3,p_002786,s_p_002786_00030,2024-08-10T22:47:32.344Z,coins_large,19.99,25000,36,0
pu_00003y4,p_002786,s_p_002786_00032,2024-08-13T17:52:14.105Z,coins_small,0.99,1000,39,0
pu_00003y5,p_002786,s_p_002786_00035,2024-08-16T13:02:31.725Z,coins_large,19.99,25000,42,0
pu_00003y6,p_002786,s_p_002786_00036,2024-08-19T12:46:44.807Z,vip_monthly,9.99,10000,45,0
pu_00003y7,p_002786,s_p_002786_00037,2024-08-21T12:49:54.786Z,coins_large,19.99,25000,47,0
pu_00003y8,p_002786,s_p_002786_00050,2024-09-08T15:11:58.837Z,starter_pack,1.99,2000,65,0
pu_00003y9,p_002786,s_p_002786_00061,2024-09-21T20:24:24.774Z,coins_small,0.99,1000,78,0
pu_00003ya,p_002786,s_p_002786_00062,2024-09-22T19:35:21.173Z,coins_small,0.99,1000,79,0
pu_00003yb,p_002786,s_p_002786_00065,2024-09-28T11:10:26.377Z,starter_pack,1.99,2000,85,0
pu_00003yc,p_002786,s_p_002786_00066,2024-09-28T22:48:01.500Z,coins_large,19.99,25000,85,0
pu_00003yd,p_002786,s_p_002786_00069,2024-10-01T21:05:53.027Z,coins_medium,4.99,5500,88,0
pu_00003ye,p_002786,s_p_002786_00070,2024-10-03T18:34:42.645Z,coins_large,19.99,25000,90,0
pu_00003yf,p_002786,s_p_002786_00070,2024-10-03T18:25:34.430Z,coins_large,19.99,25000,90,0
pu_00003yg,p_002786,s_p_002786_00070,2024-10-03T18:27:18.796Z,coins_large,19.99,25000,90,0
pu_00003yh,p_002786,s_p_002786_00077,2024-10-13T07:09:01.701Z,coins_large,19.99,25000,100,0
pu_00003yi,p_002786,s_p_002786_00079,2024-10-19T17:04:54.933Z,coins_medium,4.99,5500,106,0
pu_00003yj,p_002786,s_p_002786_00080,2024-10-20T08:42:48.151Z,coins_large,19.99,25000,107,0
pu_00003yk,p_002786,s_p_002786_00084,2024-10-23T06:31:10.002Z,coins_medium,4.99,5500,110,0
pu_00003yl,p_002786,s_p_002786_00084,2024-10-23T06:20:21.851Z,coins_large,19.99,25000,110,0
pu_00003ym,p_002786,s_p_002786_00087,2024-10-30T10:35:29.934Z,vip_monthly,9.99,10000,117,0
pu_00003yn,p_002786,s_p_002786_00088,2024-10-31T10:59:19.065Z,coins_large,19.99,25000,118,0
pu_00003yo,p_002786,s_p_002786_00096,2024-11-06T06:15:20.630Z,vip_monthly,9.99,10000,124,0
pu_00003yp,p_002786,s_p_002786_00100,2024-11-10T14:39:23.546Z,coins_small,0.99,1000,128,0
pu_00003yq,p_002786,s_p_002786_00101,2024-11-11T19:40:15.001Z,vip_monthly,9.99,10000,129,0
pu_00003yr,p_002786,s_p_002786_00102,2024-11-12T14:41:34.116Z,coins_medium,4.99,5500,130,0
pu_00003ys,p_002786,s_p_002786_00102,2024-11-12T14:40:35.143Z,coins_medium,4.99,5500,130,0
pu_00003yt,p_002786,s_p_002786_00105,2024-11-17T12:52:27.804Z,coins_small,0.99,1000,135,0
pu_00003yu,p_002786,s_p_002786_00107,2024-11-17T15:12:26.708Z,vip_monthly,9.99,10000,135,0
pu_00003yv,p_002786,s_p_002786_00107,2024-11-17T15:00:37.209Z,coins_medium,4.99,5500,135,0
pu_00003yw,p_002786,s_p_002786_00108,2024-11-17T23:00:03.333Z,coins_medium,4.99,5500,135,0
pu_00003yx,p_002786,s_p_002786_00108,2024-11-17T22:40:34.629Z,coins_large,19.99,25000,135,0
pu_00003yy,p_002786,s_p_002786_00109,2024-11-19T12:34:04.594Z,coins_large,19.99,25000,137,0
pu_00003yz,p_002786,s_p_002786_00111,2024-11-24T17:37:26.450Z,vip_monthly,9.99,10000,142,0
pu_00003z0,p_002786,s_p_002786_00112,2024-11-26T07:36:05.339Z,coins_small,0.99,1000,144,0
pu_00003z1,p_002786,s_p_002786_00114,2024-11-27T23:20:04.468Z,coins_large,19.99,25000,145,0
pu_00003z2,p_002786,s_p_002786_00114,2024-11-27T23:11:41.816Z,coins_large,19.99,25000,145,0
pu_00003z3,p_002786,s_p_002786_00119,2024-12-04T12:08:21.890Z,coins_large,19.99,25000,152,0
pu_00003z4,p_002786,s_p_002786_00122,2024-12-07T21:43:14.609Z,vip_monthly,9.99,10000,155,0
pu_00003z5,p_002786,s_p_002786_00125,2024-12-16T23:10:24.156Z,coins_large,19.99,25000,164,0
pu_00003z6,p_002786,s_p_002786_00125,2024-12-16T23:15:17.451Z,coins_small,0.99,1000,164,0
pu_00003z7,p_002786,s_p_002786_00129,2024-12-22T13:27:29.314Z,coins_medium,4.99,5500,170,0
pu_00003z8,p_002786,s_p_002786_00129,2024-12-22T13:30:18.826Z,coins_large,19.99,25000,170,0
pu_00003z9,p_002700,s_p_002700_00001,2024-01-31T13:37:28.497Z,starter_pack,1.99,2000,1,1
pu_00003za,p_002700,s_p_002700_00001,2024-01-31T13:31:25.374Z,vip_monthly,9.99,10000,1,0
pu_00003zb,p_002700,s_p_002700_00002,2024-02-01T19:51:17.687Z,vip_monthly,9.99,10000,2,0
pu_00003zc,p_002700,s_p_002700_00002,2024-02-01T19:52:18.591Z,coins_small,0.99,1000,2,0
pu_00003zd,p_002700,s_p_002700_00003,2024-02-01T23:28:17.603Z,coins_small,0.99,1000,2,0
pu_00003ze,p_002700,s_p_002700_00003,2024-02-01T23:47:30.625Z,vip_monthly,9.99,10000,2,0
pu_00003zf,p_002700,s_p_002700_00004,2024-02-03T06:55:58.599Z,coins_medium,4.99,5500,4,0
pu_00003zg,p_002700,s_p_002700_00006,2024-02-06T21:34:44.413Z,vip_monthly,9.99,10000,7,0
pu_00003zh,p_002700,s_p_002700_00007,2024-02-08T18:28:56.618Z,coins_small,0.99,1000,9,0
pu_00003zi,p_002700,s_p_002700_00010,2024-02-11T22:23:22.731Z,vip_monthly,9.99,10000,12,0
pu_00003zj,p_002700,s_p_002700_00017,2024-02-15T08:44:55.798Z,vip_monthly,9.99,10000,16,0
pu_00003zk,p_002700,s_p_002700_00020,2024-02-21T09:15:26.841Z,vip_monthly,9.99,10000,22,0
pu_00003zl,p_002700,s_p_002700_00021,2024-02-21T20:34:28.139Z,coins_small,0.99,1000,22,0
pu_00003zm,p_002700,s_p_002700_00021,2024-02-21T20:40:55.764Z,vip_monthly,9.99,10000,22,0
pu_00003zn,p_002700,s_p_002700_00030,2024-03-02T14:17:18.483Z,starter_pack,1.99,2000,32,0
pu_00003zo,p_002700,s_p_002700_00031,2024-03-05T09:28:08.901Z,vip_monthly,9.99,10000,35,0
pu_00003zp,p_002700,s_p_002700_00036,2024-03-08T10:09:23.125Z,starter_pack,1.99,2000,38,0
pu_00003zq,p_002700,s_p_002700_00037,2024-03-10T17:18:37.133Z,starter_pack,1.99,2000,40,0
pu_00003zr,p_002700,s_p_002700_00038,2024-03-10T21:42:03.533Z,coins_small,0.99,1000,40,0
pu_00003zs,p_002700,s_p_002700_00039,2024-03-12T20:15:17.299Z,coins_medium,4.99,5500,42,0
pu_00003zt,p_002700,s_p_002700_00040,2024-03-13T15:19:24.081Z,vip_monthly,9.99,10000,43,0
pu_00003zu,p_002700,s_p_002700_00045,2024-03-20T16:49:16.173Z,coins_medium,4.99,5500,50,0
pu_00003zv,p_002700,s_p_002700_00046,2024-03-21T07:22:03.409Z,vip_monthly,9.99,10000,51,0
pu_00003zw,p_002700,s_p_002700_00049,2024-03-29T11:58:50.225Z,coins_large,19.99,25000,59,0
pu_00003zx,p_002700,s_p_002700_00051,2024-04-02T07:08:17.966Z,coins_medium,4.99,5500,63,0
pu_00003zy,p_002700,s_p_002700_00055,2024-04-05T18:25:38.416Z,coins_large,19.99,25000,66,0
pu_00003zz,p_002700,s_p_002700_00057,2024-04-10T13:02:07.813Z,starter_pack,1.99,2000,71,0
pu_0000400,p_002700,s_p_002700_00060,2024-04-14T16:52:27.289Z,coins_medium,4.99,5500,75,0
pu_0000401,p_002700,s_p_002700_00061,2024-04-15T13:09:22.340Z,coins_medium,4.99,5500,76,0
pu_0000402,p_002700,s_p_002700_00062,2024-04-16T09:32:13.858Z,starter_pack,1.99,2000,77,0
pu_0000403,p_002700,s_p_002700_00063,2024-04-16T19:30:39.834Z,coins_large,19.99,25000,77,0
pu_0000404,p_002700,s_p_002700_00069,2024-04-25T15:33:05.824Z,coins_medium,4.99,5500,86,0
pu_0000405,p_002700,s_p_002700_00076,2024-04-29T06:55:15.591Z,coins_large,19.99,25000,90,0
pu_0000406,p_002700,s_p_002700_00083,2024-05-07T12:00:29.076Z,starter_pack,1.99,2000,98,0
pu_0000407,p_002700,s_p_002700_00083,2024-05-07T11:58:17.247Z,coins_medium,4.99,5500,98,0
pu_0000408,p_002700,s_p_002700_00095,2024-05-26T12:48:28.995Z,coins_large,19.99,25000,117,0
pu_0000409,p_002700,s_p_002700_00097,2024-05-30T18:39:31.779Z,coins_large,19.99,25000,121,0
pu_000040a,p_002700,s_p_002700_00100,2024-05-31T18:02:05.954Z,coins_large,19.99,25000,122,0
pu_000040b,p_002700,s_p_002700_00101,2024-06-02T16:50:32.094Z,coins_medium,4.99,5500,124,0
pu_000040c,p_002700,s_p_002700_00106,2024-06-12T15:48:53.338Z,coins_medium,4.99,5500,134,0
pu_000040d,p_002700,s_p_002700_00107,2024-06-12T16:21:57.401Z,coins_medium,4.99,5500,134,0
pu_000040e,p_002700,s_p_002700_00115,2024-06-19T07:44:26.533Z,coins_large,19.99,25000,141,0
pu_000040f,p_002700,s_p_002700_00115,2024-06-19T07:40:00.502Z,coins_medium,4.99,5500,141,0
pu_000040g,p_002700,s_p_002700_00115,2024-06-19T07:37:46.384Z,coins_large,19.99,25000,141,0
pu_000040h,p_002700,s_p_002700_00119,2024-06-26T21:51:13.820Z,coins_small,0.99,1000,148,0
pu_000040i,p_002700,s_p_002700_00121,2024-07-05T16:44:27.183Z,vip_monthly,9.99,10000,157,0
pu_000040j,p_002700,s_p_002700_00123,2024-07-07T21:46:08.566Z,coins_large,19.99,25000,159,0
pu_000040k,p_002700,s_p_002700_00130,2024-07-11T07:35:56.081Z,vip_monthly,9.99,10000,163,0
pu_000040l,p_002700,s_p_002700_00134,2024-07-16T20:59:55.862Z,vip_monthly,9.99,10000,168,0
pu_000040m,p_002700,s_p_002700_00135,2024-07-18T20:26:03.226Z,coins_large,19.99,25000,170,0
pu_000040n,p_002700,s_p_002700_00139,2024-07-23T11:30:41.011Z,coins_large,19.99,25000,175,0
pu_000040o,p_002700,s_p_002700_00148,2024-08-05T17:19:42.932Z,coins_medium,4.99,5500,188,0
pu_000040p,p_002700,s_p_002700_00152,2024-08-09T09:32:51.698Z,coins_medium,4.99,5500,192,0
pu_000040q,p_002700,s_p_002700_00156,2024-08-17T22:53:03.904Z,coins_medium,4.99,5500,200,0
pu_000040r,p_002700,s_p_002700_00157,2024-08-19T14:21:36.945Z,coins_medium,4.99,5500,202,0
pu_000040s,p_002700,s_p_002700_00158,2024-08-21T10:23:34.979Z,coins_large,19.99,25000,204,0
pu_000040t,p_002700,s_p_002700_00159,2024-08-21T15:18:46.266Z,vip_monthly,9.99,10000,204,0
pu_000040u,p_002700,s_p_002700_00163,2024-08-27T18:34:06.664Z,coins_small,0.99,1000,210,0
pu_000040v,p_002700,s_p_002700_00164,2024-08-30T23:12:56.376Z,coins_large,19.99,25000,213,0
pu_000040w,p_002700,s_p_002700_00164,2024-08-30T23:21:35.326Z,coins_large,19.99,25000,213,0
pu_000040x,p_002700,s_p_002700_00165,2024-09-02T13:29:10.616Z,starter_pack,1.99,2000,216,0
pu_000040y,p_002700,s_p_002700_00174,2024-09-11T18:52:38.525Z,coins_medium,4.99,5500,225,0
pu_000040z,p_002700,s_p_002700_00176,2024-09-13T09:43:49.961Z,coins_medium,4.99,5500,227,0
pu_0000410,p_002700,s_p_002700_00179,2024-09-16T21:12:33.799Z,coins_small,0.99,1000,230,0
pu_0000411,p_002700,s_p_002700_00179,2024-09-16T21:12:01.087Z,coins_medium,4.99,5500,230,0
pu_0000412,p_002700,s_p_002700_00190,2024-09-29T19:12:29.285Z,coins_large,19.99,25000,243,0
pu_0000413,p_002700,s_p_002700_00192,2024-10-03T08:55:38.671Z,coins_medium,4.99,5500,247,0
pu_0000414,p_002700,s_p_002700_00202,2024-10-25T22:18:41.824Z,coins_medium,4.99,5500,269,0
pu_0000415,p_002700,s_p_002700_00207,2024-10-31T11:39:35.918Z,vip_monthly,9.99,10000,275,0
pu_0000416,p_002700,s_p_002700_00215,2024-11-07T08:53:15.836Z,coins_large,19.99,25000,282,0
pu_0000417,p_002700,s_p_002700_00219,2024-11-09T12:55:21.083Z,coins_medium,4.99,5500,284,0
pu_0000418,p_002700,s_p_002700_00220,2024-11-11T20:44:59.234Z,coins_large,19.99,25000,286,0
pu_0000419,p_002700,s_p_002700_00227,2024-11-22T08:41:00.487Z,coins_medium,4.99,5500,297,0
pu_000041a,p_002700,s_p_002700_00235,2024-12-15T09:23:29.671Z,coins_large,19.99,25000,320,0
pu_000041b,p_002700,s_p_002700_00236,2024-12-15T17:15:33.146Z,coins_small,0.99,1000,320,0
pu_000041c,p_002921,s_p_002921_00001,2024-04-07T14:51:25.920Z,starter_pack,1.99,2000,1,1
pu_000041d,p_002921,s_p_002921_00001,2024-04-07T14:42:30.647Z,starter_pack,1.99,2000,1,0
pu_000041e,p_002921,s_p_002921_00002,2024-04-27T10:49:39.226Z,coins_small,0.99,1000,21,0
pu_000041f,p_002921,s_p_002921_00002,2024-04-27T10:51:26.941Z,vip_monthly,9.99,10000,21,0
pu_000041g,p_002921,s_p_002921_00004,2024-05-06T06:33:25.025Z,starter_pack,1.99,2000,30,0
pu_000041h,p_002921,s_p_002921_00005,2024-05-07T15:59:32.161Z,coins_small,0.99,1000,31,0
pu_000041i,p_002921,s_p_002921_00006,2024-05-19T11:17:04.471Z,coins_small,0.99,1000,43,0
pu_000041j,p_002921,s_p_002921_00006,2024-05-19T11:15:10.630Z,vip_monthly,9.99,10000,43,0
pu_000041k,p_002921,s_p_002921_00006,2024-05-19T11:17:40.298Z,starter_pack,1.99,2000,43,0
pu_000041l,p_002921,s_p_002921_00007,2024-05-21T21:24:33.206Z,coins_medium,4.99,5500,45,0
pu_000041m,p_002921,s_p_002921_00007,2024-05-21T21:25:09.170Z,coins_small,0.99,1000,45,0
pu_000041n,p_002921,s_p_002921_00010,2024-06-18T06:22:12.391Z,starter_pack,1.99,2000,73,0
pu_000041o,p_002921,s_p_002921_00010,2024-06-18T06:19:05.732Z,coins_small,0.99,1000,73,0
pu_000041p,p_002921,s_p_002921_00011,2024-06-18T18:43:18.870Z,coins_small,0.99,1000,73,0
pu_000041q,p_002924,s_p_002924_00001,2024-01-31T10:57:03.183Z,starter_pack,1.99,2000,0,1
pu_000041r,p_002924,s_p_002924_00001,2024-01-31T10:56:38.108Z,coins_small,0.99,1000,0,0
pu_000041s,p_002924,s_p_002924_00002,2024-01-31T12:35:19.755Z,starter_pack,1.99,2000,0,0
pu_000041t,p_002924,s_p_002924_00007,2024-02-14T16:07:11.370Z,coins_small,0.99,1000,14,0
pu_000041u,p_002924,s_p_002924_00008,2024-02-25T14:22:37.720Z,coins_small,0.99,1000,25,0
pu_000041v,p_002924,s_p_002924_00009,2024-02-28T22:18:42.517Z,coins_medium,4.99,5500,28,0
pu_000041w,p_002924,s_p_002924_00011,2024-03-01T16:13:59.367Z,coins_small,0.99,1000,30,0
pu_000041x,p_002924,s_p_002924_00011,2024-03-01T16:17:33.130Z,coins_medium,4.99,5500,30,0
pu_000041y,p_002924,s_p_002924_00011,2024-03-01T16:16:50.590Z,coins_medium,4.99,5500,30,0
pu_000041z,p_002924,s_p_002924_00012,2024-03-05T09:13:24.897Z,vip_monthly,9.99,10000,34,0
pu_0000420,p_002924,s_p_002924_00016,2024-03-19T18:41:10.157Z,coins_medium,4.99,5500,48,0
pu_0000421,p_002924,s_p_002924_00016,2024-03-19T18:40:09.694Z,starter_pack,1.99,2000,48,0
pu_0000422,p_002924,s_p_002924_00017,2024-03-27T15:53:02.050Z,coins_small,0.99,1000,56,0
pu_0000423,p_002924,s_p_002924_00018,2024-04-12T14:03:34.553Z,coins_medium,4.99,5500,72,0
pu_0000424,p_002924,s_p_002924_00019,2024-04-12T21:12:51.561Z,coins_small,0.99,1000,72,0
pu_0000425,p_002924,s_p_002924_00019,2024-04-12T21:19:39.642Z,coins_small,0.99,1000,72,0
pu_0000426,p_002924,s_p_002924_00020,2024-04-13T19:44:41.183Z,coins_medium,4.99,5500,73,0
pu_0000427,p_002924,s_p_002924_00021,2024-04-17T13:23:11.232Z,coins_small,0.99,1000,77,0
pu_0000428,p_002924,s_p_002924_00021,2024-04-17T13:21:43.419Z,coins_large,19.99,25000,77,0
pu_0000429,p_002924,s_p_002924_00023,2024-04-18T22:47:11.003Z,coins_small,0.99,1000,78,0
pu_000042a,p_002924,s_p_002924_00026,2024-04-29T10:28:19.980Z,coins_large,19.99,25000,89,0
pu_000042b,p_002924,s_p_002924_00028,2024-05-01T07:56:26.891Z,coins_small,0.99,1000,91,0
pu_000042c,p_002924,s_p_002924_00028,2024-05-01T07:54:07.329Z,coins_small,0.99,1000,91,0
pu_000042d,p_002924,s_p_002924_00030,2024-05-09T11:08:31.066Z,starter_pack,1.99,2000,99,0
pu_000042e,p_002924,s_p_002924_00031,2024-05-16T10:35:59.140Z,starter_pack,1.99,2000,106,0
pu_000042f,p_002708,s_p_002708_00001,2024-03-03T14:22:43.333Z,coins_large,19.99,25000,0,1
pu_000042g,p_002708,s_p_002708_00003,2024-03-05T06:54:51.539Z,vip_monthly,9.99,10000,2,0
pu_000042h,p_002708,s_p_002708_00004,2024-03-06T15:15:02.865Z,coins_small,0.99,1000,3,0
pu_000042i,p_002708,s_p_002708_00006,2024-03-08T16:43:29.362Z,coins_large,19.99,25000,5,0
pu_000042j,p_002708,s_p_002708_00006,2024-03-08T16:50:49.425Z,vip_monthly,9.99,10000,5,0
pu_000042k,p_002708,s_p_002708_00006,2024-03-08T16:48:33.742Z,coins_large,19.99,25000,5,0
pu_000042l,p_002708,s_p_002708_00012,2024-03-14T21:36:38.204Z,starter_pack,1.99,2000,11,0
pu_000042m,p_002708,s_p_002708_00024,2024-03-26T20:16:28.724Z,coins_medium,4.99,5500,23,0
pu_000042n,p_002708,s_p_002708_00026,2024-03-28T18:07:42.038Z,vip_monthly,9.99,10000,25,0
pu_000042o,p_002708,s_p_002708_00027,2024-03-30T10:33:44.956Z,coins_medium,4.99,5500,27,0
pu_000042p,p_002708,s_p_002708_00032,2024-04-04T18:55:12.293Z,coins_small,0.99,1000,32,0
pu_000042q,p_002708,s_p_002708_00035,2024-04-12T12:39:37.674Z,coins_small,0.99,1000,40,0
pu_000042r,p_002708,s_p_002708_00039,2024-04-17T06:34:47.698Z,coins_large,19.99,25000,45,0
pu_000042s,p_002708,s_p_002708_00043,2024-04-22T23:01:33.399Z,coins_large,19.99,25000,50,0
pu_000042t,p_002708,s_p_002708_00049,2024-04-29T07:32:24.256Z,coins_medium,4.99,5500,57,0
pu_000042u,p_002708,s_p_002708_00053,2024-04-30T07:40:38.339Z,vip_monthly,9.99,10000,58,0
pu_000042v,p_002708,s_p_002708_00055,2024-05-01T08:31:18.979Z,coins_medium,4.99,5500,59,0
pu_000042w,p_002708,s_p_002708_00062,2024-05-06T18:10:47.548Z,coins_large,19.99,25000,64,0
pu_000042x,p_002708,s_p_002708_00065,2024-05-13T18:36:32.516Z,coins_small,0.99,1000,71,0
pu_000042y,p_002708,s_p_002708_00066,2024-05-14T23:06:38.908Z,coins_large,19.99,25000,72,0
pu_000042z,p_002708,s_p_002708_00067,2024-05-16T14:39:46.908Z,coins_medium,4.99,5500,74,0
pu_0000430,p_002708,s_p_002708_00069,2024-05-17T12:36:55.981Z,coins_large,19.99,25000,75,0
pu_0000431,p_002708,s_p_002708_00073,2024-05-19T21:10:22.618Z,starter_pack,1.99,2000,77,0
pu_0000432,p_002708,s_p_002708_00081,2024-05-26T21:18:22.400Z,coins_medium,4.99,5500,84,0
pu_0000433,p_002708,s_p_002708_00090,2024-06-06T06:36:02.530Z,coins_medium,4.99,5500,95,0
pu_0000434,p_002708,s_p_002708_00096,2024-06-16T23:08:21.915Z,coins_large,19.99,25000,105,0
pu_0000435,p_002708,s_p_002708_00105,2024-07-01T09:42:47.046Z,coins_large,19.99,25000,120,0
pu_0000436,p_002708,s_p_002708_00106,2024-07-01T19:07:56.817Z,coins_medium,4.99,5500,120,0
pu_0000437,p_002708,s_p_002708_00110,2024-07-04T09:55:23.299Z,coins_small,0.99,1000,123,0
pu_0000438,p_002708,s_p_002708_00121,2024-07-31T10:21:02.985Z,coins_large,19.99,25000,150,0
pu_0000439,p_002708,s_p_002708_00126,2024-08-05T11:08:48.011Z,coins_large,19.99,25000,155,0
pu_000043a,p_002708,s_p_002708_00130,2024-08-08T23:29:44.708Z,coins_medium,4.99,5500,158,0
pu_000043b,p_002708,s_p_002708_00130,2024-08-08T23:23:04.558Z,coins_medium,4.99,5500,158,0
pu_000043c,p_002708,s_p_002708_00143,2024-08-26T21:05:26.564Z,coins_large,19.99,25000,176,0
pu_000043d,p_002708,s_p_002708_00144,2024-08-30T17:54:55.468Z,coins_medium,4.99,5500,180,0
pu_000043e,p_002708,s_p_002708_00160,2024-09-21T16:22:29.580Z,coins_large,19.99,25000,202,0
pu_000043f,p_002708,s_p_002708_00161,2024-09-21T16:55:36.522Z,coins_large,19.99,25000,202,0
pu_000043g,p_002708,s_p_002708_00163,2024-09-24T07:21:03.379Z,coins_small,0.99,1000,205,0
pu_000043h,p_002708,s_p_002708_00169,2024-10-02T18:33:24.124Z,coins_medium,4.99,5500,213,0
pu_000043i,p_002768,s_p_002768_00001,2024-04-21T18:45:51.643Z,vip_monthly,9.99,10000,0,1
pu_000043j,p_002768,s_p_002768_00001,2024-04-21T18:48:20.619Z,coins_large,19.99,25000,0,0
pu_000043k,p_002768,s_p_002768_00002,2024-04-22T07:27:15.115Z,coins_medium,4.99,5500,1,0
pu_000043l,p_002768,s_p_002768_00002,2024-04-22T07:34:10.623Z,coins_medium,4.99,5500,1,0
pu_000043m,p_002768,s_p_002768_00002,2024-04-22T07:22:26.704Z,coins_large,19.99,25000,1,0
pu_000043n,p_002768,s_p_002768_00002,2024-04-22T07:33:46.033Z,coins_medium,4.99,5500,1,0
pu_000043o,p_002768,s_p_002768_00003,2024-04-22T11:14:11.181Z,coins_large,19.99,25000,1,0
pu_000043p,p_002768,s_p_002768_00003,2024-04-22T11:03:31.392Z,vip_monthly,9.99,10000,1,0
pu_000043q,p_002768,s_p_002768_00005,2024-04-26T06:35:47.867Z,coins_medium,4.99,5500,5,0
pu_000043r,p_002768,s_p_002768_00005,2024-04-26T06:44:33.242Z,vip_monthly,9.99,10000,5,0
pu_000043s,p_002768,s_p_002768_00005,2024-04-26T06:33:54.949Z,coins_large,19.99,25000,5,0
pu_000043t,p_002768,s_p_002768_00008,2024-04-27T10:02:24.405Z,coins_large,19.99,25000,6,0
pu_000043u,p_002768,s_p_002768_00015,2024-05-04T19:40:46.129Z,coins_large,19.99,25000,13,0
pu_000043v,p_002768,s_p_002768_00022,2024-05-14T11:25:02.993Z,vip_monthly,9.99,10000,23,0
pu_000043w,p_002768,s_p_002768_00023,2024-05-14T18:06:21.483Z,coins_large,19.99,25000,23,0
pu_000043x,p_002768,s_p_002768_00025,2024-05-17T10:31:29.597Z,coins_medium,4.99,5500,26,0
pu_000043y,p_002768,s_p_002768_00028,2024-05-23T18:19:37.079Z,coins_large,19.99,25000,32,0
pu_000043z,p_002768,s_p_002768_00040,2024-06-01T19:33:03.124Z,coins_large,19.99,25000,41,0
pu_0000440,p_002768,s_p_002768_00043,2024-06-03T16:43:39.127Z,vip_monthly,9.99,10000,43,0
pu_0000441,p_002768,s_p_002768_00066,2024-06-30T11:18:53.827Z,coins_medium,4.99,5500,70,0
pu_0000442,p_002768,s_p_002768_00067,2024-07-01T09:54:51.282Z,coins_medium,4.99,5500,71,0
pu_0000443,p_002768,s_p_002768_00068,2024-07-04T15:52:35.142Z,vip_monthly,9.99,10000,74,0
pu_0000444,p_002768,s_p_002768_00068,2024-07-04T15:53:15.728Z,coins_large,19.99,25000,74,0
pu_0000445,p_002768,s_p_002768_00076,2024-07-09T22:09:25.034Z,coins_large,19.99,25000,79,0
pu_0000446,p_002768,s_p_002768_00086,2024-07-23T08:07:49.439Z,coins_large,19.99,25000,93,0
pu_0000447,p_002768,s_p_002768_00096,2024-08-02T18:07:01.825Z,coins_small,0.99,1000,103,0
pu_0000448,p_002768,s_p_002768_00100,2024-08-15T06:48:23.788Z,vip_monthly,9.99,10000,116,0
pu_0000449,p_002768,s_p_002768_00101,2024-08-16T11:54:02.409Z,coins_large,19.99,25000,117,0
pu_000044a,p_002768,s_p_002768_00118,2024-08-29T22:48:36.589Z,coins_large,19.99,25000,130,0
pu_000044b,p_002768,s_p_002768_00121,2024-09-02T21:37:18.211Z,starter_pack,1.99,2000,134,0
pu_000044c,p_002768,s_p_002768_00123,2024-09-04T12:06:53.794Z,starter_pack,1.99,2000,136,0
pu_000044d,p_002768,s_p_002768_00128,2024-09-08T16:03:20.775Z,vip_monthly,9.99,10000,140,0
pu_000044e,p_002768,s_p_002768_00128,2024-09-08T15:46:23.420Z,coins_medium,4.99,5500,140,0
pu_000044f,p_002768,s_p_002768_00136,2024-09-17T10:34:42.433Z,vip_monthly,9.99,10000,149,0
pu_000044g,p_002768,s_p_002768_00139,2024-09-21T06:33:04.405Z,coins_large,19.99,25000,153,0
pu_000044h,p_002768,s_p_002768_00149,2024-10-01T09:07:42.952Z,coins_medium,4.99,5500,163,0
pu_000044i,p_002768,s_p_002768_00149,2024-10-01T09:05:11.832Z,vip_monthly,9.99,10000,163,0
pu_000044j,p_002768,s_p_002768_00153,2024-10-08T08:19:22.838Z,coins_medium,4.99,5500,170,0
pu_000044k,p_002768,s_p_002768_00163,2024-10-16T14:05:33.667Z,coins_large,19.99,25000,178,0
pu_000044l,p_002768,s_p_002768_00166,2024-10-18T22:08:34.362Z,coins_large,19.99,25000,180,0
pu_000044m,p_002768,s_p_002768_00171,2024-10-25T23:06:42.304Z,coins_large,19.99,25000,187,0
pu_000044n,p_002768,s_p_002768_00173,2024-10-29T16:38:14.261Z,coins_medium,4.99,5500,191,0
pu_000044o,p_002768,s_p_002768_00183,2024-11-16T10:02:12.696Z,coins_medium,4.99,5500,209,0
pu_000044p,p_002768,s_p_002768_00191,2024-11-22T13:50:49.741Z,coins_medium,4.99,5500,215,0
pu_000044q,p_002768,s_p_002768_00195,2024-12-02T11:14:10.762Z,coins_small,0.99,1000,225,0
pu_000044r,p_002768,s_p_002768_00200,2024-12-10T12:33:16.057Z,vip_monthly,9.99,10000,233,0
pu_000044s,p_002997,s_p_002997_00001,2024-03-28T06:11:29.231Z,coins_medium,4.99,5500,6,1
pu_000044t,p_002997,s_p_002997_00002,2024-03-28T09:00:22.540Z,coins_small,0.99,1000,6,0
pu_000044u,p_002997,s_p_002997_00002,2024-03-28T09:02:03.373Z,coins_medium,4.99,5500,6,0
pu_000044v,p_002997,s_p_002997_00002,2024-03-28T09:01:31.625Z,coins_small,0.99,1000,6,0
pu_000044w,p_002997,s_p_002997_00003,2024-04-20T22:16:26.236Z,coins_small,0.99,1000,29,0
pu_000044x,p_002997,s_p_002997_00004,2024-05-03T08:53:49.232Z,coins_small,0.99,1000,42,0
pu_000044y,p_002997,s_p_002997_00004,2024-05-03T08:53:27.722Z,coins_small,0.99,1000,42,0
pu_000044z,p_002997,s_p_002997_00004,2024-05-03T08:57:15.339Z,vip_monthly,9.99,10000,42,0
pu_0000450,p_002997,s_p_002997_00005,2024-05-07T10:22:01.181Z,coins_small,0.99,1000,46,0
pu_0000451,p_002997,s_p_002997_00005,2024-05-07T10:26:29.154Z,coins_small,0.99,1000,46,0
pu_0000452,p_002997,s_p_002997_00006,2024-05-12T12:38:35.120Z,coins_small,0.99,1000,51,0
pu_0000453,p_002997,s_p_002997_00006,2024-05-12T12:44:12.408Z,coins_small,0.99,1000,51,0
pu_0000454,p_002997,s_p_002997_00006,2024-05-12T12:35:16.151Z,coins_small,0.99,1000,51,0
pu_0000455,p_002997,s_p_002997_00007,2024-05-27T11:22:15.885Z,coins_medium,4.99,5500,66,0
pu_0000456,p_002997,s_p_002997_00008,2024-05-28T06:11:48.226Z,coins_medium,4.99,5500,67,0
pu_0000457,p_002997,s_p_002997_00009,2024-05-28T22:33:03.603Z,coins_small,0.99,1000,67,0
pu_0000458,p_002997,s_p_002997_00009,2024-05-28T22:44:05.588Z,coins_small,0.99,1000,67,0
pu_0000459,p_002997,s_p_002997_00009,2024-05-28T22:38:54.511Z,coins_small,0.99,1000,67,0
pu_000045a,p_002997,s_p_002997_00010,2024-06-05T18:29:14.729Z,coins_medium,4.99,5500,75,0
pu_000045b,p_002997,s_p_002997_00012,2024-06-09T12:56:19.117Z,coins_small,0.99,1000,79,0
pu_000045c,p_002997,s_p_002997_00012,2024-06-09T12:58:50.229Z,starter_pack,1.99,2000,79,0
pu_000045d,p_002997,s_p_002997_00014,2024-06-22T12:49:29.227Z,coins_large,19.99,25000,92,0
pu_000045e,p_002997,s_p_002997_00014,2024-06-22T12:48:44.962Z,coins_large,19.99,25000,92,0
pu_000045f,p_002997,s_p_002997_00014,2024-06-22T12:42:28.595Z,coins_small,0.99,1000,92,0
pu_000045g,p_002997,s_p_002997_00014,2024-06-22T12:44:53.909Z,coins_small,0.99,1000,92,0
pu_000045h,p_002749,s_p_002749_00001,2024-03-10T08:45:41.126Z,vip_monthly,9.99,10000,4,1
pu_000045i,p_002749,s_p_002749_00002,2024-03-10T18:29:30.776Z,coins_medium,4.99,5500,4,0
pu_000045j,p_002749,s_p_002749_00002,2024-03-10T18:26:34.654Z,coins_medium,4.99,5500,4,0
pu_000045k,p_002749,s_p_002749_00002,2024-03-10T18:24:39.488Z,coins_medium,4.99,5500,4,0
pu_000045l,p_002749,s_p_002749_00003,2024-03-11T20:25:58.763Z,coins_small,0.99,1000,5,0
pu_000045m,p_002749,s_p_002749_00003,2024-03-11T20:24:27.879Z,coins_small,0.99,1000,5,0
pu_000045n,p_002749,s_p_002749_00004,2024-03-12T22:21:20.161Z,coins_large,19.99,25000,6,0
pu_000045o,p_002749,s_p_002749_00004,2024-03-12T22:28:23.050Z,coins_large,19.99,25000,6,0
pu_000045p,p_002749,s_p_002749_00004,2024-03-12T22:29:43.823Z,coins_medium,4.99,5500,6,0
pu_000045q,p_002749,s_p_002749_00005,2024-03-13T17:38:45.052Z,coins_small,0.99,1000,7,0
pu_000045r,p_002749,s_p_002749_00005,2024-03-13T17:43:07.220Z,coins_large,19.99,25000,7,0
pu_000045s,p_002749,s_p_002749_00005,2024-03-13T17:28:47.885Z,coins_large,19.99,25000,7,0
pu_000045t,p_002749,s_p_002749_00005,2024-03-13T17:29:28.807Z,coins_large,19.99,25000,7,0
pu_000045u,p_002749,s_p_002749_00005,2024-03-13T17:28:30.690Z,coins_medium,4.99,5500,7,0
pu_000045v,p_002749,s_p_002749_00005,2024-03-13T17:34:32.029Z,coins_large,19.99,25000,7,0
pu_000045w,p_002749,s_p_002749_00005,2024-03-13T17:41:57.084Z,coins_large,19.99,25000,7,0
pu_000045x,p_002749,s_p_002749_00006,2024-03-14T08:55:34.331Z,coins_large,19.99,25000,8,0
pu_000045y,p_002749,s_p_002749_00006,2024-03-14T08:35:38.209Z,coins_medium,4.99,5500,8,0
pu_000045z,p_002749,s_p_002749_00006,2024-03-14T08:48:43.615Z,coins_large,19.99,25000,8,0
pu_0000460,p_002749,s_p_002749_00006,2024-03-14T08:59:15.319Z,coins_medium,4.99,5500,8,0
pu_0000461,p_002749,s_p_002749_00007,2024-03-17T19:36:55.363Z,coins_large,19.99,25000,11,0
pu_0000462,p_002749,s_p_002749_00009,2024-03-17T23:22:32.909Z,coins_large,19.99,25000,11,0
pu_0000463,p_002749,s_p_002749_00015,2024-03-30T12:42:53.611Z,coins_large,19.99,25000,24,0
pu_0000464,p_002749,s_p_002749_00017,2024-04-01T18:09:27.029Z,coins_small,0.99,1000,26,0
pu_0000465,p_002749,s_p_002749_00020,2024-04-06T00:05:23.933Z,coins_large,19.99,25000,31,0
pu_0000466,p_002749,s_p_002749_00024,2024-04-09T15:29:17.080Z,coins_large,19.99,25000,34,0
pu_0000467,p_002749,s_p_002749_00028,2024-04-17T21:06:45.829Z,coins_medium,4.99,5500,42,0
pu_0000468,p_002749,s_p_002749_00035,2024-04-23T12:05:23.304Z,coins_large,19.99,25000,48,0
pu_0000469,p_002749,s_p_002749_00035,2024-04-23T12:08:52.492Z,coins_large,19.99,25000,48,0
pu_000046a,p_002749,s_p_002749_00035,2024-04-23T12:04:06.713Z,vip_monthly,9.99,10000,48,0
pu_000046b,p_002749,s_p_002749_00036,2024-04-23T23:32:00.615Z,coins_small,0.99,1000,48,0
pu_000046c,p_002749,s_p_002749_00036,2024-04-23T23:31:07.495Z,coins_small,0.99,1000,48,0
pu_000046d,p_002749,s_p_002749_00037,2024-04-24T14:41:08.075Z,coins_large,19.99,25000,49,0
pu_000046e,p_002749,s_p_002749_00037,2024-04-24T14:31:09.329Z,coins_large,19.99,25000,49,0
pu_000046f,p_002749,s_p_002749_00038,2024-04-24T14:53:39.351Z,coins_large,19.99,25000,49,0
pu_000046g,p_002749,s_p_002749_00038,2024-04-24T14:52:55.152Z,coins_small,0.99,1000,49,0
pu_000046h,p_002749,s_p_002749_00042,2024-05-01T21:09:52.070Z,coins_medium,4.99,5500,56,0
pu_000046i,p_002749,s_p_002749_00046,2024-05-02T21:00:02.910Z,coins_large,19.99,25000,57,0
pu_000046j,p_002749,s_p_002749_00050,2024-05-10T10:06:38.553Z,coins_medium,4.99,5500,65,0
pu_000046k,p_002749,s_p_002749_00051,2024-05-11T12:17:05.407Z,coins_medium,4.99,5500,66,0
pu_000046l,p_002749,s_p_002749_00059,2024-05-20T16:13:48.194Z,vip_monthly,9.99,10000,75,0
pu_000046m,p_002749,s_p_002749_00060,2024-05-20T22:17:36.906Z,coins_small,0.99,1000,75,0
pu_000046n,p_002749,s_p_002749_00061,2024-05-21T06:18:11.442Z,coins_medium,4.99,5500,76,0
pu_000046o,p_002749,s_p_002749_00062,2024-05-22T08:11:29.060Z,coins_small,0.99,1000,77,0
pu_000046p,p_002749,s_p_002749_00062,2024-05-22T08:23:05.650Z,vip_monthly,9.99,10000,77,0
pu_000046q,p_002749,s_p_002749_00063,2024-05-22T21:01:34.612Z,coins_medium,4.99,5500,77,0
pu_000046r,p_002749,s_p_002749_00064,2024-05-26T08:22:42.117Z,starter_pack,1.99,2000,81,0
pu_000046s,p_002749,s_p_002749_00065,2024-05-29T20:03:26.854Z,coins_large,19.99,25000,84,0
pu_000046t,p_002749,s_p_002749_00066,2024-06-01T17:03:21.831Z,coins_large,19.99,25000,87,0
pu_000046u,p_002749,s_p_002749_00067,2024-06-01T21:46:18.287Z,coins_small,0.99,1000,87,0
pu_000046v,p_002749,s_p_002749_00069,2024-06-02T12:25:23.364Z,coins_large,19.99,25000,88,0
pu_000046w,p_002749,s_p_002749_00071,2024-06-04T14:08:48.867Z,coins_large,19.99,25000,90,0
pu_000046x,p_002749,s_p_002749_00079,2024-06-15T17:34:04.588Z,coins_large,19.99,25000,101,0
pu_000046y,p_002749,s_p_002749_00085,2024-06-19T14:16:35.918Z,coins_large,19.99,25000,105,0
pu_000046z,p_002749,s_p_002749_00087,2024-06-21T11:03:20.188Z,coins_medium,4.99,5500,107,0
pu_0000470,p_002749,s_p_002749_00090,2024-06-24T08:00:11.264Z,starter_pack,1.99,2000,110,0
pu_0000471,p_002749,s_p_002749_00090,2024-06-24T07:48:00.708Z,coins_large,19.99,25000,110,0
pu_0000472,p_002749,s_p_002749_00095,2024-07-03T14:04:35.969Z,coins_large,19.99,25000,119,0
pu_0000473,p_002749,s_p_002749_00096,2024-07-04T21:19:21.741Z,vip_monthly,9.99,10000,120,0
pu_0000474,p_002749,s_p_002749_00098,2024-07-08T11:33:50.607Z,coins_small,0.99,1000,124,0
pu_0000475,p_002749,s_p_002749_00098,2024-07-08T11:40:32.637Z,coins_medium,4.99,5500,124,0
pu_0000476,p_002749,s_p_002749_00101,2024-07-10T11:47:45.772Z,coins_small,0.99,1000,126,0
pu_0000477,p_002749,s_p_002749_00107,2024-07-21T18:00:39.833Z,coins_large,19.99,25000,137,0
pu_0000478,p_002749,s_p_002749_00111,2024-07-23T16:20:36.473Z,coins_large,19.99,25000,139,0
pu_0000479,p_002749,s_p_002749_00112,2024-07-23T17:42:19.719Z,coins_medium,4.99,5500,139,0
pu_000047a,p_002749,s_p_002749_00115,2024-07-31T17:49:05.082Z,coins_medium,4.99,5500,147,0
pu_000047b,p_002749,s_p_002749_00117,2024-08-01T17:52:44.271Z,vip_monthly,9.99,10000,148,0
pu_000047c,p_002749,s_p_002749_00121,2024-08-02T15:10:23.556Z,vip_monthly,9.99,10000,149,0
pu_000047d,p_002749,s_p_002749_00121,2024-08-02T14:54:05.769Z,coins_small,0.99,1000,149,0
pu_000047e,p_002749,s_p_002749_00122,2024-08-04T23:25:50.946Z,starter_pack,1.99,2000,151,0
pu_000047f,p_002749,s_p_002749_00123,2024-08-05T16:36:17.984Z,coins_small,0.99,1000,152,0
pu_000047g,p_002749,s_p_002749_00126,2024-08-08T17:20:36.584Z,coins_medium,4.99,5500,155,0
pu_000047h,p_002749,s_p_002749_00129,2024-08-12T21:03:26.269Z,coins_large,19.99,25000,159,0
pu_000047i,p_002749,s_p_002749_00130,2024-08-14T07:56:30.468Z,coins_medium,4.99,5500,161,0
pu_000047j,p_002749,s_p_002749_00131,2024-08-17T17:10:40.610Z,coins_medium,4.99,5500,164,0
pu_000047k,p_002749,s_p_002749_00132,2024-08-17T17:55:23.532Z,coins_small,0.99,1000,164,0
pu_000047l,p_002749,s_p_002749_00132,2024-08-17T18:03:46.062Z,coins_medium,4.99,5500,164,0
pu_000047m,p_002749,s_p_002749_00136,2024-08-21T09:10:49.409Z,coins_large,19.99,25000,168,0
pu_000047n,p_002749,s_p_002749_00139,2024-08-22T19:33:16.803Z,coins_medium,4.99,5500,169,0
pu_000047o,p_002749,s_p_002749_00146,2024-09-01T13:15:29.324Z,coins_large,19.99,25000,179,0
pu_000047p,p_002749,s_p_002749_00147,2024-09-02T09:55:23.154Z,coins_large,19.99,25000,180,0
pu_000047q,p_002749,s_p_002749_00156,2024-09-20T17:29:50.188Z,coins_small,0.99,1000,198,0
pu_000047r,p_002749,s_p_002749_00160,2024-10-05T17:05:36.131Z,coins_large,19.99,25000,213,0
pu_000047s,p_002749,s_p_002749_00160,2024-10-05T17:01:47.723Z,coins_medium,4.99,5500,213,0
pu_000047t,p_002976,s_p_002976_00001,2024-03-30T15:54:02.055Z,coins_medium,4.99,5500,5,1
pu_000047u,p_002976,s_p_002976_00001,2024-03-30T15:57:43.256Z,coins_large,19.99,25000,5,0
pu_000047v,p_002976,s_p_002976_00001,2024-03-30T15:58:07.983Z,starter_pack,1.99,2000,5,0
pu_000047w,p_002976,s_p_002976_00001,2024-03-30T15:53:05.594Z,coins_large,19.99,25000,5,0
pu_000047x,p_002976,s_p_002976_00002,2024-04-01T17:06:14.964Z,coins_small,0.99,1000,7,0
pu_000047y,p_002976,s_p_002976_00002,2024-04-01T17:09:39.412Z,starter_pack,1.99,2000,7,0
pu_000047z,p_002976,s_p_002976_00002,2024-04-01T17:01:31.157Z,coins_small,0.99,1000,7,0
pu_0000480,p_002976,s_p_002976_00002,2024-04-01T17:06:44.863Z,coins_small,0.99,1000,7,0
pu_0000481,p_002976,s_p_002976_00003,2024-04-03T06:41:36.686Z,starter_pack,1.99,2000,9,0
pu_0000482,p_002976,s_p_002976_00005,2024-05-05T06:42:05.132Z,coins_medium,4.99,5500,41,0
pu_0000483,p_002976,s_p_002976_00005,2024-05-05T06:43:19.597Z,coins_small,0.99,1000,41,0
pu_0000484,p_002976,s_p_002976_00006,2024-05-05T11:27:21.669Z,coins_small,0.99,1000,41,0
pu_0000485,p_002976,s_p_002976_00006,2024-05-05T11:26:10.337Z,coins_large,19.99,25000,41,0
pu_0000486,p_002976,s_p_002976_00007,2024-05-13T10:51:02.479Z,coins_medium,4.99,5500,49,0
pu_0000487,p_002976,s_p_002976_00007,2024-05-13T10:53:09.700Z,coins_small,0.99,1000,49,0
pu_0000488,p_002976,s_p_002976_00008,2024-05-16T16:00:35.997Z,vip_monthly,9.99,10000,52,0
pu_0000489,p_002976,s_p_002976_00008,2024-05-16T15:52:08.872Z,coins_small,0.99,1000,52,0
pu_000048a,p_002976,s_p_002976_00008,2024-05-16T15:58:35.959Z,coins_small,0.99,1000,52,0
pu_000048b,p_002976,s_p_002976_00008,2024-05-16T15:55:23.348Z,coins_small,0.99,1000,52,0
pu_000048c,p_002976,s_p_002976_00008,2024-05-16T15:55:57.475Z,coins_medium,4.99,5500,52,0
pu_000048d,p_002976,s_p_002976_00010,2024-06-25T13:49:41.158Z,coins_large,19.99,25000,92,0
pu_000048e,p_002976,s_p_002976_00010,2024-06-25T13:52:03.558Z,coins_small,0.99,1000,92,0
pu_000048f,p_002976,s_p_002976_00010,2024-06-25T13:52:26.043Z,coins_small,0.99,1000,92,0
pu_000048g,p_002976,s_p_002976_00011,2024-06-25T22:26:55.706Z,starter_pack,1.99,2000,92,0
pu_000048h,p_002976,s_p_002976_00011,2024-06-25T22:25:49.867Z,coins_medium,4.99,5500,92,0
pu_000048i,p_002938,s_p_002938_00001,2024-04-11T22:55:52.910Z,coins_small,0.99,1000,5,1
pu_000048j,p_002938,s_p_002938_00009,2024-05-08T16:02:42.152Z,coins_small,0.99,1000,32,0
pu_000048k,p_002938,s_p_002938_00009,2024-05-08T16:00:36.185Z,coins_small,0.99,1000,32,0
pu_000048l,p_002938,s_p_002938_00011,2024-05-16T16:24:28.141Z,coins_small,0.99,1000,40,0
pu_000048m,p_002938,s_p_002938_00013,2024-06-01T16:58:34.508Z,coins_medium,4.99,5500,56,0
pu_000048n,p_002938,s_p_002938_00013,2024-06-01T16:55:00.772Z,coins_small,0.99,1000,56,0
pu_000048o,p_002938,s_p_002938_00013,2024-06-01T16:57:03.911Z,coins_small,0.99,1000,56,0
pu_000048p,p_002938,s_p_002938_00014,2024-06-10T19:15:54.919Z,coins_small,0.99,1000,65,0
pu_000048q,p_002938,s_p_002938_00020,2024-07-09T16:09:32.529Z,vip_monthly,9.99,10000,94,0
pu_000048r,p_002938,s_p_002938_00022,2024-07-11T21:43:00.283Z,coins_small,0.99,1000,96,0
pu_000048s,p_002938,s_p_002938_00027,2024-08-14T11:49:47.994Z,vip_monthly,9.99,10000,130,0
pu_000048t,p_002719,s_p_002719_00001,2024-01-26T19:52:58.571Z,starter_pack,1.99,2000,0,1
pu_000048u,p_002719,s_p_002719_00001,2024-01-26T20:13:06.178Z,coins_large,19.99,25000,0,0
pu_000048v,p_002719,s_p_002719_00001,2024-01-26T20:21:57.943Z,vip_monthly,9.99,10000,0,0
pu_000048w,p_002719,s_p_002719_00001,2024-01-26T20:06:38.720Z,coins_medium,4.99,5500,0,0
pu_000048x,p_002719,s_p_002719_00002,2024-01-27T15:26:32.303Z,coins_large,19.99,25000,1,0
pu_000048y,p_002719,s_p_002719_00002,2024-01-27T15:29:02.279Z,coins_medium,4.99,5500,1,0
pu_000048z,p_002719,s_p_002719_00002,2024-01-27T15:24:38.802Z,coins_medium,4.99,5500,1,0
pu_0000490,p_002719,s_p_002719_00002,2024-01-27T15:08:45.080Z,coins_medium,4.99,5500,1,0
pu_0000491,p_002719,s_p_002719_00002,2024-01-27T15:25:42.895Z,coins_large,19.99,25000,1,0
pu_0000492,p_002719,s_p_002719_00002,2024-01-27T15:05:22.490Z,coins_large,19.99,25000,1,0
pu_0000493,p_002719,s_p_002719_00005,2024-01-30T17:10:08.556Z,coins_large,19.99,25000,4,0
pu_0000494,p_002719,s_p_002719_00005,2024-01-30T17:14:47.921Z,starter_pack,1.99,2000,4,0
pu_0000495,p_002719,s_p_002719_00005,2024-01-30T16:59:26.825Z,coins_medium,4.99,5500,4,0
pu_0000496,p_002719,s_p_002719_00005,2024-01-30T16:55:53.025Z,coins_medium,4.99,5500,4,0
pu_0000497,p_002719,s_p_002719_00006,2024-01-31T16:41:55.834Z,coins_small,0.99,1000,5,0
pu_0000498,p_002719,s_p_002719_00006,2024-01-31T16:48:00.071Z,coins_small,0.99,1000,5,0
pu_0000499,p_002719,s_p_002719_00007,2024-02-01T22:23:14.335Z,coins_medium,4.99,5500,6,0
pu_000049a,p_002719,s_p_002719_00018,2024-02-17T16:43:19.499Z,coins_medium,4.99,5500,22,0
pu_000049b,p_002719,s_p_002719_00022,2024-02-23T10:49:20.614Z,coins_medium,4.99,5500,28,0
pu_000049c,p_002719,s_p_002719_00023,2024-02-24T16:17:02.256Z,coins_large,19.99,25000,29,0
pu_000049d,p_002719,s_p_002719_00024,2024-02-25T22:27:50.395Z,coins_large,19.99,25000,30,0
pu_000049e,p_002719,s_p_002719_00030,2024-02-29T12:37:04.969Z,coins_medium,4.99,5500,34,0
pu_000049f,p_002719,s_p_002719_00034,2024-03-06T14:51:58.382Z,coins_small,0.99,1000,40,0
pu_000049g,p_002719,s_p_002719_00037,2024-03-09T08:16:15.271Z,coins_medium,4.99,5500,43,0
pu_000049h,p_002719,s_p_002719_00041,2024-03-13T19:08:23.141Z,coins_large,19.99,25000,47,0
pu_000049i,p_002719,s_p_002719_00041,2024-03-13T19:05:42.981Z,coins_large,19.99,25000,47,0
pu_000049j,p_002719,s_p_002719_00044,2024-03-16T18:35:53.193Z,coins_large,19.99,25000,50,0
pu_000049k,p_002719,s_p_002719_00044,2024-03-16T18:33:09.010Z,coins_large,19.99,25000,50,0
pu_000049l,p_002719,s_p_002719_00046,2024-03-20T06:11:31.190Z,coins_large,19.99,25000,54,0
pu_000049m,p_002719,s_p_002719_00046,2024-03-20T06:09:58.845Z,coins_large,19.99,25000,54,0
pu_000049n,p_002719,s_p_002719_00048,2024-03-25T21:48:06.457Z,coins_large,19.99,25000,59,0
pu_000049o,p_002719,s_p_002719_00048,2024-03-25T21:42:11.480Z,vip_monthly,9.99,10000,59,0
pu_000049p,p_002719,s_p_002719_00051,2024-03-27T22:05:05.304Z,coins_large,19.99,25000,61,0
pu_000049q,p_002719,s_p_002719_00058,2024-04-03T06:24:45.686Z,vip_monthly,9.99,10000,68,0
pu_000049r,p_002719,s_p_002719_00060,2024-04-08T09:35:27.110Z,coins_medium,4.99,5500,73,0
pu_000049s,p_002719,s_p_002719_00061,2024-04-08T15:33:01.980Z,vip_monthly,9.99,10000,73,0
pu_000049t,p_002719,s_p_002719_00062,2024-04-08T19:47:40.499Z,coins_medium,4.99,5500,73,0
pu_000049u,p_002719,s_p_002719_00067,2024-04-14T11:15:27.964Z,vip_monthly,9.99,10000,79,0
pu_000049v,p_002719,s_p_002719_00070,2024-04-15T20:40:14.571Z,vip_monthly,9.99,10000,80,0
pu_000049w,p_002719,s_p_002719_00077,2024-04-27T09:01:13.198Z,starter_pack,1.99,2000,92,0
pu_000049x,p_002719,s_p_002719_00079,2024-04-28T15:57:28.172Z,coins_medium,4.99,5500,93,0
pu_000049y,p_002719,s_p_002719_00082,2024-05-02T23:06:55.210Z,vip_monthly,9.99,10000,97,0
pu_000049z,p_002719,s_p_002719_00082,2024-05-02T23:07:04.867Z,coins_medium,4.99,5500,97,0
pu_00004a0,p_002719,s_p_002719_00083,2024-05-08T08:03:07.873Z,vip_monthly,9.99,10000,103,0
pu_00004a1,p_002719,s_p_002719_00085,2024-05-08T11:09:25.772Z,coins_large,19.99,25000,103,0
pu_00004a2,p_002719,s_p_002719_00087,2024-05-14T23:10:10.031Z,vip_monthly,9.99,10000,109,0
pu_00004a3,p_002719,s_p_002719_00091,2024-05-20T22:25:23.970Z,coins_large,19.99,25000,115,0
pu_00004a4,p_002719,s_p_002719_00092,2024-05-21T15:07:59.014Z,coins_small,0.99,1000,116,0
pu_00004a5,p_002719,s_p_002719_00093,2024-05-21T22:29:58.873Z,coins_medium,4.99,5500,116,0
pu_00004a6,p_002719,s_p_002719_00095,2024-05-26T09:15:38.046Z,coins_medium,4.99,5500,121,0
pu_00004a7,p_002719,s_p_002719_00096,2024-05-26T14:48:38.379Z,coins_small,0.99,1000,121,0
pu_00004a8,p_002719,s_p_002719_00107,2024-06-07T15:59:45.058Z,coins_medium,4.99,5500,133,0
pu_00004a9,p_002719,s_p_002719_00113,2024-06-16T11:08:32.970Z,coins_medium,4.99,5500,142,0
pu_00004aa,p_002719,s_p_002719_00115,2024-06-21T14:50:02.511Z,coins_large,19.99,25000,147,0
pu_00004ab,p_002719,s_p_002719_00116,2024-06-22T16:07:53.289Z,starter_pack,1.99,2000,148,0
pu_00004ac,p_002719,s_p_002719_00116,2024-06-22T16:10:43.681Z,coins_large,19.99,25000,148,0
pu_00004ad,p_002719,s_p_002719_00117,2024-06-25T19:22:22.157Z,coins_large,19.99,25000,151,0
pu_00004ae,p_002719,s_p_002719_00122,2024-06-30T18:28:49.596Z,coins_small,0.99,1000,156,0
pu_00004af,p_002719,s_p_002719_00123,2024-07-02T06:30:11.910Z,vip_monthly,9.99,10000,158,0
pu_00004ag,p_002719,s_p_002719_00127,2024-07-06T13:06:12.521Z,coins_small,0.99,1000,162,0
pu_00004ah,p_002719,s_p_002719_00129,2024-07-06T16:28:35.333Z,vip_monthly,9.99,10000,162,0
pu_00004ai,p_002719,s_p_002719_00131,2024-07-07T13:11:41.995Z,starter_pack,1.99,2000,163,0
pu_00004aj,p_002719,s_p_002719_00131,2024-07-07T13:22:01.863Z,coins_medium,4.99,5500,163,0
pu_00004ak,p_002719,s_p_002719_00133,2024-07-11T17:16:49.961Z,coins_large,19.99,25000,167,0
pu_00004al,p_002719,s_p_002719_00139,2024-07-17T08:31:25.384Z,coins_medium,4.99,5500,173,0
pu_00004am,p_002719,s_p_002719_00142,2024-07-24T18:07:32.277Z,coins_small,0.99,1000,180,0
pu_00004an,p_002719,s_p_002719_00144,2024-07-29T13:12:02.441Z,coins_medium,4.99,5500,185,0
pu_00004ao,p_002719,s_p_002719_00145,2024-07-29T21:38:45.619Z,coins_medium,4.99,5500,185,0
pu_00004ap,p_002719,s_p_002719_00147,2024-07-31T06:13:21.976Z,coins_medium,4.99,5500,187,0
pu_00004aq,p_002719,s_p_002719_00147,2024-07-31T06:21:06.381Z,coins_medium,4.99,5500,187,0
pu_00004ar,p_002719,s_p_002719_00152,2024-08-05T08:42:45.453Z,coins_large,19.99,25000,192,0
pu_00004as,p_002719,s_p_002719_00156,2024-08-11T22:48:06.086Z,coins_medium,4.99,5500,198,0
pu_00004at,p_002719,s_p_002719_00158,2024-08-15T21:49:26.399Z,vip_monthly,9.99,10000,202,0
pu_00004au,p_002719,s_p_002719_00159,2024-08-16T13:26:46.393Z,coins_large,19.99,25000,203,0
pu_00004av,p_002719,s_p_002719_00167,2024-08-24T09:23:11.273Z,vip_monthly,9.99,10000,211,0
pu_00004aw,p_002719,s_p_002719_00168,2024-08-24T16:11:32.311Z,coins_medium,4.99,5500,211,0
pu_00004ax,p_002719,s_p_002719_00169,2024-08-27T21:51:18.688Z,vip_monthly,9.99,10000,214,0
pu_00004ay,p_002719,s_p_002719_00183,2024-09-09T18:05:19.222Z,coins_medium,4.99,5500,227,0
pu_00004az,p_002719,s_p_002719_00186,2024-09-10T13:56:12.820Z,coins_large,19.99,25000,228,0
pu_00004b0,p_002719,s_p_002719_00187,2024-09-10T17:55:45.038Z,coins_medium,4.99,5500,228,0
pu_00004b1,p_002719,s_p_002719_00188,2024-09-15T07:49:07.046Z,coins_medium,4.99,5500,233,0
pu_00004b2,p_002719,s_p_002719_00198,2024-10-09T16:21:36.957Z,coins_medium,4.99,5500,257,0
pu_00004b3,p_002719,s_p_002719_00199,2024-10-10T13:10:13.068Z,coins_large,19.99,25000,258,0
pu_00004b4,p_002725,s_p_002725_00001,2024-02-03T23:39:22.772Z,coins_large,19.99,25000,0,1
pu_00004b5,p_002725,s_p_002725_00001,2024-02-03T23:34:01.442Z,coins_medium,4.99,5500,0,0
pu_00004b6,p_002725,s_p_002725_00002,2024-02-07T08:07:25.942Z,starter_pack,1.99,2000,4,0
pu_00004b7,p_002725,s_p_002725_00002,2024-02-07T08:13:31.455Z,coins_large,19.99,25000,4,0
pu_00004b8,p_002725,s_p_002725_00003,2024-02-07T10:36:16.529Z,coins_medium,4.99,5500,4,0
pu_00004b9,p_002725,s_p_002725_00003,2024-02-07T10:27:34.568Z,vip_monthly,9.99,10000,4,0
pu_00004ba,p_002725,s_p_002725_00003,2024-02-07T10:42:57.197Z,coins_small,0.99,1000,4,0
pu_00004bb,p_002725,s_p_002725_00003,2024-02-07T10:31:11.458Z,coins_medium,4.99,5500,4,0
pu_00004bc,p_002725,s_p_002725_00004,2024-02-08T09:12:33.871Z,coins_large,19.99,25000,5,0
pu_00004bd,p_002725,s_p_002725_00004,2024-02-08T09:20:38.338Z,coins_large,19.99,25000,5,0
pu_00004be,p_002725,s_p_002725_00005,2024-02-13T11:44:36.733Z,coins_large,19.99,25000,10,0
pu_00004bf,p_002725,s_p_002725_00006,2024-02-14T10:41:22.784Z,coins_large,19.99,25000,11,0
pu_00004bg,p_002725,s_p_002725_00011,2024-02-19T07:07:38.773Z,vip_monthly,9.99,10000,16,0
pu_00004bh,p_002725,s_p_002725_00013,2024-02-19T10:34:46.722Z,vip_monthly,9.99,10000,16,0
pu_00004bi,p_002725,s_p_002725_00015,2024-02-22T18:16:00.846Z,vip_monthly,9.99,10000,19,0
pu_00004bj,p_002725,s_p_002725_00016,2024-02-26T19:01:53.617Z,coins_large,19.99,25000,23,0
pu_00004bk,p_002725,s_p_002725_00017,2024-02-28T10:41:09.899Z,coins_large,19.99,25000,25,0
pu_00004bl,p_002725,s_p_002725_00018,2024-02-29T14:22:57.097Z,coins_large,19.99,25000,26,0
pu_00004bm,p_002725,s_p_002725_00023,2024-03-05T08:34:20.436Z,starter_pack,1.99,2000,31,0
pu_00004bn,p_002725,s_p_002725_00024,2024-03-06T15:04:20.659Z,vip_monthly,9.99,10000,32,0
pu_00004bo,p_002725,s_p_002725_00027,2024-03-10T16:40:02.772Z,coins_medium,4.99,5500,36,0
pu_00004bp,p_002725,s_p_002725_00027,2024-03-10T16:40:25.321Z,coins_large,19.99,25000,36,0
pu_00004bq,p_002725,s_p_002725_00029,2024-03-11T21:50:41.106Z,coins_large,19.99,25000,37,0
pu_00004br,p_002725,s_p_002725_00029,2024-03-11T21:33:10.235Z,coins_large,19.99,25000,37,0
pu_00004bs,p_002725,s_p_002725_00031,2024-03-12T09:11:49.768Z,vip_monthly,9.99,10000,38,0
pu_00004bt,p_002725,s_p_002725_00032,2024-03-14T23:14:36.316Z,coins_medium,4.99,5500,40,0
pu_00004bu,p_002725,s_p_002725_00032,2024-03-14T23:12:48.948Z,coins_medium,4.99,5500,40,0
pu_00004bv,p_002725,s_p_002725_00035,2024-03-18T15:47:44.135Z,coins_large,19.99,25000,44,0
pu_00004bw,p_002725,s_p_002725_00036,2024-03-21T13:10:57.760Z,coins_large,19.99,25000,47,0
pu_00004bx,p_002725,s_p_002725_00039,2024-03-27T06:46:27.386Z,coins_medium,4.99,5500,53,0
pu_00004by,p_002725,s_p_002725_00040,2024-03-27T22:25:57.938Z,coins_medium,4.99,5500,53,0
pu_00004bz,p_002725,s_p_002725_00042,2024-03-29T23:23:58.846Z,coins_large,19.99,25000,55,0
pu_00004c0,p_002725,s_p_002725_00044,2024-04-04T13:55:08.620Z,coins_large,19.99,25000,61,0
pu_00004c1,p_002725,s_p_002725_00044,2024-04-04T14:10:06.181Z,coins_medium,4.99,5500,61,0
pu_00004c2,p_002725,s_p_002725_00046,2024-04-09T16:21:38.306Z,coins_medium,4.99,5500,66,0
pu_00004c3,p_002725,s_p_002725_00047,2024-04-11T16:28:57.380Z,coins_small,0.99,1000,68,0
pu_00004c4,p_002725,s_p_002725_00048,2024-04-11T19:47:21.981Z,vip_monthly,9.99,10000,68,0
pu_00004c5,p_002725,s_p_002725_00049,2024-04-11T21:13:23.346Z,coins_medium,4.99,5500,68,0
pu_00004c6,p_002725,s_p_002725_00049,2024-04-11T20:57:04.926Z,coins_medium,4.99,5500,68,0
pu_00004c7,p_002725,s_p_002725_00052,2024-04-15T06:58:12.268Z,coins_medium,4.99,5500,72,0
pu_00004c8,p_002725,s_p_002725_00055,2024-04-18T20:29:59.817Z,coins_medium,4.99,5500,75,0
pu_00004c9,p_002725,s_p_002725_00057,2024-04-19T14:18:19.762Z,vip_monthly,9.99,10000,76,0
pu_00004ca,p_002725,s_p_002725_00057,2024-04-19T14:14:50.962Z,coins_large,19.99,25000,76,0
pu_00004cb,p_002725,s_p_002725_00065,2024-05-01T20:52:59.570Z,coins_medium,4.99,5500,88,0
pu_00004cc,p_002725,s_p_002725_00071,2024-05-06T14:13:52.449Z,starter_pack,1.99,2000,93,0
pu_00004cd,p_002725,s_p_002725_00071,2024-05-06T14:25:18.633Z,coins_small,0.99,1000,93,0
pu_00004ce,p_002725,s_p_002725_00075,2024-05-11T09:33:22.084Z,vip_monthly,9.99,10000,98,0
pu_00004cf,p_002725,s_p_002725_00077,2024-05-13T17:02:59.599Z,coins_medium,4.99,5500,100,0
pu_00004cg,p_002725,s_p_002725_00079,2024-05-19T07:21:51.113Z,coins_large,19.99,25000,106,0
pu_00004ch,p_002725,s_p_002725_00080,2024-05-19T09:02:01.800Z,coins_medium,4.99,5500,106,0
pu_00004ci,p_002725,s_p_002725_00083,2024-05-26T16:03:39.970Z,coins_large,19.99,25000,113,0
pu_00004cj,p_002725,s_p_002725_00086,2024-05-29T15:21:14.134Z,coins_large,19.99,25000,116,0
pu_00004ck,p_002725,s_p_002725_00088,2024-06-02T18:20:10.032Z,coins_small,0.99,1000,120,0
pu_00004cl,p_002725,s_p_002725_00090,2024-06-04T09:11:43.196Z,coins_medium,4.99,5500,122,0
pu_00004cm,p_002725,s_p_002725_00092,2024-06-07T12:50:51.258Z,coins_medium,4.99,5500,125,0
pu_00004cn,p_002725,s_p_002725_00095,2024-06-08T07:24:41.811Z,coins_medium,4.99,5500,126,0
pu_00004co,p_002725,s_p_002725_00101,2024-06-14T14:50:59.655Z,coins_large,19.99,25000,132,0
pu_00004cp,p_002725,s_p_002725_00101,2024-06-14T14:39:32.534Z,vip_monthly,9.99,10000,132,0
pu_00004cq,p_002725,s_p_002725_00101,2024-06-14T14:39:48.684Z,vip_monthly,9.99,10000,132,0
pu_00004cr,p_002725,s_p_002725_00102,2024-06-15T19:46:37.431Z,coins_small,0.99,1000,133,0
pu_00004cs,p_002725,s_p_002725_00105,2024-06-21T19:10:18.306Z,coins_medium,4.99,5500,139,0
pu_00004ct,p_002725,s_p_002725_00106,2024-06-24T22:37:10.620Z,coins_medium,4.99,5500,142,0
pu_00004cu,p_002725,s_p_002725_00111,2024-06-29T17:47:27.526Z,vip_monthly,9.99,10000,147,0
pu_00004cv,p_002725,s_p_002725_00115,2024-07-06T15:04:41.917Z,coins_large,19.99,25000,154,0
pu_00004cw,p_002725,s_p_002725_00116,2024-07-06T19:47:17.469Z,coins_large,19.99,25000,154,0
pu_00004cx,p_002725,s_p_002725_00121,2024-07-13T19:40:35.578Z,vip_monthly,9.99,10000,161,0
pu_00004cy,p_002725,s_p_002725_00122,2024-07-13T20:22:16.025Z,coins_medium,4.99,5500,161,0
pu_00004cz,p_002725,s_p_002725_00133,2024-07-27T19:04:31.926Z,vip_monthly,9.99,10000,175,0
pu_00004d0,p_002725,s_p_002725_00133,2024-07-27T18:57:48.218Z,coins_large,19.99,25000,175,0
pu_00004d1,p_002725,s_p_002725_00135,2024-07-29T18:28:28.402Z,coins_medium,4.99,5500,177,0
pu_00004d2,p_002725,s_p_002725_00140,2024-08-07T11:05:47.381Z,coins_large,19.99,25000,186,0
pu_00004d3,p_002725,s_p_002725_00140,2024-08-07T11:08:32.366Z,coins_large,19.99,25000,186,0
pu_00004d4,p_002725,s_p_002725_00140,2024-08-07T11:15:03.097Z,coins_large,19.99,25000,186,0
pu_00004d5,p_002725,s_p_002725_00148,2024-08-25T06:49:48.950Z,starter_pack,1.99,2000,204,0
pu_00004d6,p_002725,s_p_002725_00149,2024-08-25T09:47:03.750Z,coins_large,19.99,25000,204,0
pu_00004d7,p_002725,s_p_002725_00156,2024-09-07T08:48:20.664Z,coins_large,19.99,25000,217,0
pu_00004d8,p_002807,s_p_002807_00001,2024-07-08T19:39:39.578Z,coins_medium,4.99,5500,0,1
pu_00004d9,p_002807,s_p_002807_00001,2024-07-08T19:18:00.266Z,coins_large,19.99,25000,0,0
pu_00004da,p_002807,s_p_002807_00001,2024-07-08T19:11:15.386Z,coins_small,0.99,1000,0,0
pu_00004db,p_002807,s_p_002807_00001,2024-07-08T19:10:26.013Z,coins_medium,4.99,5500,0,0
pu_00004dc,p_002807,s_p_002807_00001,2024-07-08T19:07:48.248Z,vip_monthly,9.99,10000,0,0
pu_00004dd,p_002807,s_p_002807_00001,2024-07-08T19:16:14.100Z,coins_small,0.99,1000,0,0
pu_00004de,p_002807,s_p_002807_00003,2024-07-13T14:32:36.903Z,coins_small,0.99,1000,5,0
pu_00004df,p_002807,s_p_002807_00004,2024-07-13T15:50:42.353Z,vip_monthly,9.99,10000,5,0
pu_00004dg,p_002807,s_p_002807_00004,2024-07-13T15:51:48.100Z,coins_large,19.99,25000,5,0
pu_00004dh,p_002807,s_p_002807_00005,2024-07-14T12:54:46.778Z,coins_large,19.99,25000,6,0
pu_00004di,p_002807,s_p_002807_00005,2024-07-14T13:04:01.717Z,coins_large,19.99,25000,6,0
pu_00004dj,p_002807,s_p_002807_00005,2024-07-14T13:00:14.902Z,coins_medium,4.99,5500,6,0
pu_00004dk,p_002807,s_p_002807_00006,2024-07-14T14:25:22.463Z,coins_medium,4.99,5500,6,0
pu_00004dl,p_002807,s_p_002807_00010,2024-07-20T13:09:46.755Z,coins_large,19.99,25000,12,0
pu_00004dm,p_002807,s_p_002807_00012,2024-07-21T23:40:08.559Z,vip_monthly,9.99,10000,13,0
pu_00004dn,p_002807,s_p_002807_00014,2024-07-23T13:04:48.658Z,vip_monthly,9.99,10000,15,0
pu_00004do,p_002807,s_p_002807_00016,2024-07-25T07:30:08.347Z,coins_medium,4.99,5500,17,0
pu_00004dp,p_002807,s_p_002807_00019,2024-07-27T21:23:45.787Z,coins_small,0.99,1000,19,0
pu_00004dq,p_002807,s_p_002807_00023,2024-07-31T12:06:01.081Z,coins_medium,4.99,5500,23,0
pu_00004dr,p_002807,s_p_002807_00024,2024-08-06T23:25:24.683Z,coins_large,19.99,25000,29,0
pu_00004ds,p_002807,s_p_002807_00024,2024-08-06T23:11:04.994Z,coins_small,0.99,1000,29,0
pu_00004dt,p_002807,s_p_002807_00025,2024-08-08T17:51:32.956Z,coins_medium,4.99,5500,31,0
pu_00004du,p_002807,s_p_002807_00025,2024-08-08T18:03:19.726Z,coins_medium,4.99,5500,31,0
pu_00004dv,p_002807,s_p_002807_00026,2024-08-11T09:35:26.359Z,coins_large,19.99,25000,34,0
pu_00004dw,p_002807,s_p_002807_00027,2024-08-11T20:56:09.427Z,coins_medium,4.99,5500,34,0
pu_00004dx,p_002807,s_p_002807_00030,2024-08-15T21:51:59.157Z,coins_large,19.99,25000,38,0
pu_00004dy,p_002807,s_p_002807_00036,2024-08-25T22:19:54.238Z,vip_monthly,9.99,10000,48,0
pu_00004dz,p_002807,s_p_002807_00038,2024-08-27T09:09:17.167Z,coins_medium,4.99,5500,50,0
pu_00004e0,p_002807,s_p_002807_00039,2024-08-27T21:41:31.410Z,coins_small,0.99,1000,50,0
pu_00004e1,p_002807,s_p_002807_00040,2024-08-28T14:34:57.716Z,starter_pack,1.99,2000,51,0
pu_00004e2,p_002807,s_p_002807_00042,2024-08-29T07:05:10.207Z,vip_monthly,9.99,10000,52,0
pu_00004e3,p_002807,s_p_002807_00042,2024-08-29T06:49:07.560Z,coins_small,0.99,1000,52,0
pu_00004e4,p_002807,s_p_002807_00042,2024-08-29T06:54:11.928Z,coins_large,19.99,25000,52,0
pu_00004e5,p_002807,s_p_002807_00042,2024-08-29T06:58:10.138Z,starter_pack,1.99,2000,52,0
pu_00004e6,p_002807,s_p_002807_00044,2024-08-31T12:56:48.120Z,coins_large,19.99,25000,54,0
pu_00004e7,p_002807,s_p_002807_00044,2024-08-31T12:56:30.914Z,coins_large,19.99,25000,54,0
pu_00004e8,p_002807,s_p_002807_00048,2024-09-05T22:28:21.794Z,coins_small,0.99,1000,59,0
pu_00004e9,p_002807,s_p_002807_00052,2024-09-10T18:12:51.393Z,coins_large,19.99,25000,64,0
pu_00004ea,p_002807,s_p_002807_00063,2024-09-19T21:47:10.882Z,coins_small,0.99,1000,73,0
pu_00004eb,p_002807,s_p_002807_00065,2024-09-21T23:26:57.871Z,coins_large,19.99,25000,75,0
pu_00004ec,p_002807,s_p_002807_00066,2024-09-23T15:09:08.534Z,starter_pack,1.99,2000,77,0
pu_00004ed,p_002807,s_p_002807_00069,2024-10-02T21:49:34.649Z,coins_large,19.99,25000,86,0
pu_00004ee,p_002807,s_p_002807_00073,2024-10-09T06:38:10.462Z,coins_small,0.99,1000,93,0
pu_00004ef,p_002807,s_p_002807_00082,2024-10-19T13:14:02.058Z,vip_monthly,9.99,10000,103,0
pu_00004eg,p_002807,s_p_002807_00082,2024-10-19T13:20:53.897Z,coins_large,19.99,25000,103,0
pu_00004eh,p_002807,s_p_002807_00084,2024-10-21T22:15:54.222Z,vip_monthly,9.99,10000,105,0
pu_00004ei,p_002807,s_p_002807_00086,2024-10-25T10:47:07.194Z,coins_medium,4.99,5500,109,0
pu_00004ej,p_002807,s_p_002807_00086,2024-10-25T10:43:46.298Z,vip_monthly,9.99,10000,109,0
pu_00004ek,p_002807,s_p_002807_00087,2024-10-28T22:25:37.470Z,coins_medium,4.99,5500,112,0
pu_00004el,p_002807,s_p_002807_00089,2024-11-02T10:15:46.210Z,coins_medium,4.99,5500,117,0
pu_00004em,p_002807,s_p_002807_00094,2024-11-05T17:51:50.652Z,vip_monthly,9.99,10000,120,0
pu_00004en,p_002807,s_p_002807_00095,2024-11-06T11:12:30.886Z,starter_pack,1.99,2000,121,0
pu_00004eo,p_002807,s_p_002807_00096,2024-11-07T11:03:20.939Z,coins_medium,4.99,5500,122,0
pu_00004ep,p_002807,s_p_002807_00099,2024-11-12T08:21:36.536Z,coins_medium,4.99,5500,127,0
pu_00004eq,p_002807,s_p_002807_00110,2024-11-27T13:22:41.161Z,coins_medium,4.99,5500,142,0
pu_00004er,p_002807,s_p_002807_00117,2024-12-11T11:48:01.443Z,coins_medium,4.99,5500,156,0
pu_00004es,p_002733,s_p_002733_00001,2024-02-18T10:35:27.401Z,coins_medium,4.99,5500,0,1
pu_00004et,p_002733,s_p_002733_00001,2024-02-18T10:25:44.689Z,coins_medium,4.99,5500,0,0
pu_00004eu,p_002733,s_p_002733_00002,2024-02-18T23:45:40.130Z,coins_large,19.99,25000,0,0
pu_00004ev,p_002733,s_p_002733_00002,2024-02-18T23:31:31.098Z,coins_small,0.99,1000,0,0
pu_00004ew,p_002733,s_p_002733_00004,2024-02-21T15:32:31.653Z,coins_large,19.99,25000,3,0
pu_00004ex,p_002733,s_p_002733_00004,2024-02-21T15:32:34.024Z,coins_large,19.99,25000,3,0
pu_00004ey,p_002733,s_p_002733_00005,2024-02-21T18:32:17.185Z,vip_monthly,9.99,10000,3,0
pu_00004ez,p_002733,s_p_002733_00005,2024-02-21T18:11:48.524Z,coins_large,19.99,25000,3,0
pu_00004f0,p_002733,s_p_002733_00005,2024-02-21T18:04:45.549Z,coins_small,0.99,1000,3,0
pu_00004f1,p_002733,s_p_002733_00005,2024-02-21T18:22:41.722Z,coins_large,19.99,25000,3,0
pu_00004f2,p_002733,s_p_002733_00005,2024-02-21T18:26:28.401Z,coins_medium,4.99,5500,3,0
pu_00004f3,p_002733,s_p_002733_00006,2024-02-22T17:15:23.195Z,coins_large,19.99,25000,4,0
pu_00004f4,p_002733,s_p_002733_00006,2024-02-22T17:03:50.539Z,coins_medium,4.99,5500,4,0
pu_00004f5,p_002733,s_p_002733_00007,2024-02-24T12:04:32.592Z,coins_small,0.99,1000,6,0
pu_00004f6,p_002733,s_p_002733_00009,2024-03-01T09:06:49.672Z,coins_large,19.99,25000,12,0
pu_00004f7,p_002733,s_p_002733_00013,2024-03-06T23:11:13.090Z,coins_large,19.99,25000,17,0
pu_00004f8,p_002733,s_p_002733_00014,2024-03-07T09:34:45.573Z,coins_large,19.99,25000,18,0
pu_00004f9,p_002733,s_p_002733_00025,2024-03-19T15:56:40.714Z,coins_small,0.99,1000,30,0
pu_00004fa,p_002733,s_p_002733_00025,2024-03-19T16:20:22.234Z,vip_monthly,9.99,10000,30,0
pu_00004fb,p_002733,s_p_002733_00028,2024-03-22T19:49:34.861Z,starter_pack,1.99,2000,33,0
pu_00004fc,p_002733,s_p_002733_00036,2024-04-06T08:43:33.184Z,coins_small,0.99,1000,48,0
pu_00004fd,p_002733,s_p_002733_00036,2024-04-06T08:47:35.442Z,coins_large,19.99,25000,48,0
pu_00004fe,p_002733,s_p_002733_00037,2024-04-06T19:10:02.937Z,coins_medium,4.99,5500,48,0
pu_00004ff,p_002733,s_p_002733_00050,2024-04-26T17:05:27.973Z,vip_monthly,9.99,10000,68,0
pu_00004fg,p_002733,s_p_002733_00051,2024-04-29T21:04:17.001Z,coins_medium,4.99,5500,71,0
pu_00004fh,p_002733,s_p_002733_00064,2024-05-16T11:23:52.977Z,coins_medium,4.99,5500,88,0
pu_00004fi,p_002733,s_p_002733_00065,2024-05-17T21:47:03.830Z,coins_medium,4.99,5500,89,0
pu_00004fj,p_002733,s_p_002733_00066,2024-05-19T15:45:53.708Z,coins_small,0.99,1000,91,0
pu_00004fk,p_002733,s_p_002733_00069,2024-05-28T12:31:21.097Z,coins_large,19.99,25000,100,0
pu_00004fl,p_002733,s_p_002733_00079,2024-06-11T19:58:58.586Z,coins_medium,4.99,5500,114,0
pu_00004fm,p_002733,s_p_002733_00082,2024-06-19T07:45:10.348Z,coins_medium,4.99,5500,122,0
pu_00004fn,p_002733,s_p_002733_00084,2024-06-22T19:27:16.087Z,coins_medium,4.99,5500,125,0
pu_00004fo,p_002733,s_p_002733_00086,2024-06-24T17:42:51.074Z,coins_large,19.99,25000,127,0
pu_00004fp,p_002733,s_p_002733_00087,2024-06-29T15:12:26.326Z,vip_monthly,9.99,10000,132,0
pu_00004fq,p_002733,s_p_002733_00091,2024-06-30T21:45:49.025Z,coins_small,0.99,1000,133,0
pu_00004fr,p_002733,s_p_002733_00093,2024-07-04T11:07:40.770Z,coins_large,19.99,25000,137,0
pu_00004fs,p_002733,s_p_002733_00094,2024-07-05T11:54:28.502Z,coins_small,0.99,1000,138,0
pu_00004ft,p_002733,s_p_002733_00096,2024-07-06T17:51:50.838Z,coins_medium,4.99,5500,139,0
pu_00004fu,p_002733,s_p_002733_00096,2024-07-06T17:45:53.326Z,starter_pack,1.99,2000,139,0
pu_00004fv,p_002733,s_p_002733_00101,2024-07-13T17:26:32.679Z,coins_small,0.99,1000,146,0
pu_00004fw,p_002733,s_p_002733_00103,2024-07-16T13:07:39.050Z,vip_monthly,9.99,10000,149,0
pu_00004fx,p_002733,s_p_002733_00113,2024-08-04T09:20:18.117Z,coins_medium,4.99,5500,168,0
pu_00004fy,p_002733,s_p_002733_00114,2024-08-05T17:14:05.073Z,coins_large,19.99,25000,169,0
pu_00004fz,p_002733,s_p_002733_00119,2024-08-15T06:54:38.701Z,vip_monthly,9.99,10000,179,0
pu_00004g0,p_002733,s_p_002733_00120,2024-08-17T09:24:21.611Z,coins_medium,4.99,5500,181,0
pu_00004g1,p_002733,s_p_002733_00125,2024-08-23T09:45:18.890Z,coins_medium,4.99,5500,187,0
pu_00004g2,p_002733,s_p_002733_00132,2024-08-28T08:08:14.219Z,coins_medium,4.99,5500,192,0
pu_00004g3,p_002733,s_p_002733_00135,2024-08-31T19:45:24.458Z,vip_monthly,9.99,10000,195,0
pu_00004g4,p_002733,s_p_002733_00137,2024-09-02T22:33:54.277Z,starter_pack,1.99,2000,197,0
pu_00004g5,p_002733,s_p_002733_00137,2024-09-02T22:37:41.323Z,coins_medium,4.99,5500,197,0
pu_00004g6,p_002733,s_p_002733_00142,2024-09-07T08:41:06.656Z,coins_large,19.99,25000,202,0
pu_00004g7,p_002733,s_p_002733_00144,2024-09-08T12:30:17.404Z,coins_medium,4.99,5500,203,0
pu_00004g8,p_002733,s_p_002733_00148,2024-09-10T12:41:04.352Z,coins_large,19.99,25000,205,0
pu_00004g9,p_002733,s_p_002733_00162,2024-09-27T14:50:38.643Z,vip_monthly,9.99,10000,222,0
pu_00004ga,p_002733,s_p_002733_00167,2024-10-01T19:02:44.595Z,coins_large,19.99,25000,226,0
pu_00004gb,p_002733,s_p_002733_00176,2024-10-14T19:13:11.263Z,vip_monthly,9.99,10000,239,0
pu_00004gc,p_002733,s_p_002733_00192,2024-10-30T21:59:19.537Z,coins_large,19.99,25000,255,0
pu_00004gd,p_002733,s_p_002733_00194,2024-10-31T08:25:51.935Z,coins_small,0.99,1000,256,0
pu_00004ge,p_002733,s_p_002733_00195,2024-11-03T13:52:01.420Z,coins_large,19.99,25000,259,0
pu_00004gf,p_002733,s_p_002733_00197,2024-11-06T14:36:04.086Z,coins_large,19.99,25000,262,0
pu_00004gg,p_002733,s_p_002733_00198,2024-11-07T19:30:50.997Z,coins_small,0.99,1000,263,0
pu_00004gh,p_002733,s_p_002733_00206,2024-11-23T13:27:28.745Z,coins_large,19.99,25000,279,0
pu_00004gi,p_002733,s_p_002733_00209,2024-11-25T21:39:14.342Z,coins_medium,4.99,5500,281,0
pu_00004gj,p_002733,s_p_002733_00211,2024-11-27T07:37:42.916Z,coins_small,0.99,1000,283,0
pu_00004gk,p_002733,s_p_002733_00218,2024-12-06T11:54:55.706Z,coins_small,0.99,1000,292,0
pu_00004gl,p_002733,s_p_002733_00220,2024-12-19T22:37:03.695Z,coins_medium,4.99,5500,305,0
pu_00004gm,p_002808,s_p_002808_00001,2024-07-14T06:12:51.504Z,coins_medium,4.99,5500,0,1
pu_00004gn,p_002808,s_p_002808_00003,2024-07-19T07:41:35.035Z,coins_large,19.99,25000,5,0
pu_00004go,p_002808,s_p_002808_00004,2024-07-21T12:46:27.348Z,vip_monthly,9.99,10000,7,0
pu_00004gp,p_002808,s_p_002808_00004,2024-07-21T12:41:54.081Z,starter_pack,1.99,2000,7,0
pu_00004gq,p_002808,s_p_002808_00006,2024-07-22T18:25:04.789Z,coins_medium,4.99,5500,8,0
pu_00004gr,p_002808,s_p_002808_00007,2024-07-23T08:36:09.572Z,coins_medium,4.99,5500,9,0
pu_00004gs,p_002808,s_p_002808_00009,2024-07-24T18:21:59.223Z,coins_medium,4.99,5500,10,0
pu_00004gt,p_002808,s_p_002808_00015,2024-08-01T19:28:09.158Z,vip_monthly,9.99,10000,18,0
pu_00004gu,p_002808,s_p_002808_00018,2024-08-08T23:24:18.079Z,coins_medium,4.99,5500,25,0
pu_00004gv,p_002808,s_p_002808_00018,2024-08-08T23:35:43.595Z,coins_large,19.99,25000,25,0
pu_00004gw,p_002808,s_p_002808_00021,2024-08-13T09:18:27.478Z,coins_medium,4.99,5500,30,0
pu_00004gx,p_002808,s_p_002808_00022,2024-08-16T07:41:47.544Z,vip_monthly,9.99,10000,33,0
pu_00004gy,p_002808,s_p_002808_00024,2024-08-18T06:49:43.419Z,coins_medium,4.99,5500,35,0
pu_00004gz,p_002808,s_p_002808_00026,2024-08-20T17:18:25.948Z,vip_monthly,9.99,10000,37,0
pu_00004h0,p_002808,s_p_002808_00027,2024-08-21T17:35:42.776Z,coins_medium,4.99,5500,38,0
pu_00004h1,p_002808,s_p_002808_00029,2024-08-24T23:52:59.481Z,starter_pack,1.99,2000,41,0
pu_00004h2,p_002808,s_p_002808_00034,2024-08-30T17:09:59.054Z,vip_monthly,9.99,10000,47,0
pu_00004h3,p_002808,s_p_002808_00034,2024-08-30T16:53:03.626Z,coins_small,0.99,1000,47,0
pu_00004h4,p_002808,s_p_002808_00035,2024-08-30T22:47:01.303Z,starter_pack,1.99,2000,47,0
pu_00004h5,p_002808,s_p_002808_00036,2024-09-01T13:52:57.343Z,coins_small,0.99,1000,49,0
pu_00004h6,p_002808,s_p_002808_00037,2024-09-01T14:21:53.467Z,coins_medium,4.99,5500,49,0
pu_00004h7,p_002808,s_p_002808_00039,2024-09-04T13:43:10.444Z,coins_medium,4.99,5500,52,0
pu_00004h8,p_002808,s_p_002808_00042,2024-09-09T17:36:08.929Z,coins_large,19.99,25000,57,0
pu_00004h9,p_002808,s_p_002808_00042,2024-09-09T17:11:43.709Z,coins_large,19.99,25000,57,0
pu_00004ha,p_002808,s_p_002808_00043,2024-09-09T22:24:02.644Z,coins_small,0.99,1000,57,0
pu_00004hb,p_002808,s_p_002808_00053,2024-09-19T13:19:29.173Z,coins_large,19.99,25000,67,0
pu_00004hc,p_002808,s_p_002808_00061,2024-09-28T23:38:45.269Z,coins_large,19.99,25000,76,0
pu_00004hd,p_002808,s_p_002808_00070,2024-10-07T20:02:13.919Z,coins_large,19.99,25000,85,0
pu_00004he,p_002808,s_p_002808_00071,2024-10-08T13:22:47.227Z,coins_large,19.99,25000,86,0
pu_00004hf,p_002808,s_p_002808_00075,2024-10-11T21:29:09.665Z,coins_large,19.99,25000,89,0
pu_00004hg,p_002808,s_p_002808_00075,2024-10-11T21:40:18.648Z,coins_medium,4.99,5500,89,0
pu_00004hh,p_002808,s_p_002808_00077,2024-10-12T10:50:48.358Z,coins_large,19.99,25000,90,0
pu_00004hi,p_002808,s_p_002808_00079,2024-10-13T14:41:30.576Z,coins_large,19.99,25000,91,0
pu_00004hj,p_002808,s_p_002808_00079,2024-10-13T14:25:32.777Z,coins_medium,4.99,5500,91,0
pu_00004hk,p_002808,s_p_002808_00080,2024-10-14T18:06:58.385Z,vip_monthly,9.99,10000,92,0
pu_00004hl,p_002808,s_p_002808_00084,2024-10-26T12:02:01.869Z,coins_medium,4.99,5500,104,0
pu_00004hm,p_002808,s_p_002808_00084,2024-10-26T12:00:59.169Z,coins_medium,4.99,5500,104,0
pu_00004hn,p_002808,s_p_002808_00088,2024-10-30T22:56:11.128Z,coins_medium,4.99,5500,108,0
pu_00004ho,p_002808,s_p_002808_00090,2024-11-01T19:44:06.272Z,coins_medium,4.99,5500,110,0
pu_00004hp,p_002808,s_p_002808_00092,2024-11-05T08:52:47.145Z,coins_small,0.99,1000,114,0
pu_00004hq,p_002808,s_p_002808_00094,2024-11-09T07:09:14.244Z,coins_large,19.99,25000,118,0
pu_00004hr,p_002808,s_p_002808_00097,2024-11-13T15:43:41.456Z,coins_medium,4.99,5500,122,0
pu_00004hs,p_002808,s_p_002808_00097,2024-11-13T15:50:07.101Z,coins_medium,4.99,5500,122,0
pu_00004ht,p_002808,s_p_002808_00098,2024-11-15T11:11:53.831Z,coins_large,19.99,25000,124,0
pu_00004hu,p_002808,s_p_002808_00099,2024-11-17T07:56:51.917Z,coins_large,19.99,25000,126,0
pu_00004hv,p_002808,s_p_002808_00102,2024-11-19T20:51:59.012Z,starter_pack,1.99,2000,128,0
pu_00004hw,p_002808,s_p_002808_00114,2024-12-06T22:29:58.826Z,coins_medium,4.99,5500,145,0
pu_00004hx,p_002808,s_p_002808_00115,2024-12-07T19:52:35.518Z,coins_large,19.99,25000,146,0
pu_00004hy,p_002808,s_p_002808_00116,2024-12-08T08:00:28.350Z,coins_medium,4.99,5500,147,0
pu_00004hz,p_002808,s_p_002808_00117,2024-12-08T08:39:54.802Z,coins_small,0.99,1000,147,0
pu_00004i0,p_002808,s_p_002808_00118,2024-12-09T09:29:41.748Z,starter_pack,1.99,2000,148,0
pu_00004i1,p_002808,s_p_002808_00120,2024-12-09T11:54:10.763Z,coins_small,0.99,1000,148,0
pu_00004i2,p_002808,s_p_002808_00123,2024-12-20T12:14:29.679Z,coins_medium,4.99,5500,159,0
pu_00004i3,p_002808,s_p_002808_00124,2024-12-20T18:35:34.572Z,coins_medium,4.99,5500,159,0
pu_00004i4,p_002776,s_p_002776_00001,2024-03-30T11:43:41.338Z,coins_small,0.99,1000,0,1
pu_00004i5,p_002776,s_p_002776_00001,2024-03-30T11:51:07.736Z,vip_monthly,9.99,10000,0,0
pu_00004i6,p_002776,s_p_002776_00001,2024-03-30T11:45:32.514Z,coins_small,0.99,1000,0,0
pu_00004i7,p_002776,s_p_002776_00002,2024-03-31T17:38:20.366Z,coins_large,19.99,25000,1,0
pu_00004i8,p_002776,s_p_002776_00002,2024-03-31T17:28:57.109Z,coins_medium,4.99,5500,1,0
pu_00004i9,p_002776,s_p_002776_00003,2024-04-04T20:22:49.516Z,vip_monthly,9.99,10000,5,0
pu_00004ia,p_002776,s_p_002776_00003,2024-04-04T20:31:14.326Z,starter_pack,1.99,2000,5,0
pu_00004ib,p_002776,s_p_002776_00003,2024-04-04T20:12:43.099Z,coins_large,19.99,25000,5,0
pu_00004ic,p_002776,s_p_002776_00003,2024-04-04T20:22:25.655Z,coins_large,19.99,25000,5,0
pu_00004id,p_002776,s_p_002776_00004,2024-04-06T17:17:01.724Z,coins_large,19.99,25000,7,0
pu_00004ie,p_002776,s_p_002776_00004,2024-04-06T17:32:47.587Z,coins_large,19.99,25000,7,0
pu_00004if,p_002776,s_p_002776_00004,2024-04-06T17:22:46.985Z,vip_monthly,9.99,10000,7,0
pu_00004ig,p_002776,s_p_002776_00005,2024-04-08T09:37:17.931Z,vip_monthly,9.99,10000,9,0
pu_00004ih,p_002776,s_p_002776_00005,2024-04-08T09:37:46.860Z,coins_large,19.99,25000,9,0
pu_00004ii,p_002776,s_p_002776_00011,2024-04-17T13:54:05.970Z,starter_pack,1.99,2000,18,0
pu_00004ij,p_002776,s_p_002776_00013,2024-04-30T14:22:03.511Z,coins_large,19.99,25000,31,0
pu_00004ik,p_002776,s_p_002776_00014,2024-04-30T18:38:47.572Z,coins_small,0.99,1000,31,0
pu_00004il,p_002776,s_p_002776_00017,2024-05-01T20:20:13.352Z,coins_medium,4.99,5500,32,0
pu_00004im,p_002776,s_p_002776_00019,2024-05-06T15:35:29.726Z,coins_large,19.99,25000,37,0
pu_00004in,p_002776,s_p_002776_00019,2024-05-06T15:16:46.071Z,coins_large,19.99,25000,37,0
pu_00004io,p_002776,s_p_002776_00024,2024-05-18T20:12:37.668Z,vip_monthly,9.99,10000,49,0
pu_00004ip,p_002776,s_p_002776_00027,2024-05-27T21:37:14.068Z,coins_large,19.99,25000,58,0
pu_00004iq,p_002776,s_p_002776_00034,2024-06-06T13:28:56.022Z,coins_large,19.99,25000,68,0
pu_00004ir,p_002776,s_p_002776_00034,2024-06-06T13:27:49.737Z,vip_monthly,9.99,10000,68,0
pu_00004is,p_002776,s_p_002776_00036,2024-06-10T17:35:00.326Z,coins_medium,4.99,5500,72,0
pu_00004it,p_002776,s_p_002776_00042,2024-06-21T21:15:49.504Z,coins_medium,4.99,5500,83,0
pu_00004iu,p_002776,s_p_002776_00047,2024-06-26T23:30:36.577Z,coins_small,0.99,1000,88,0
pu_00004iv,p_002776,s_p_002776_00049,2024-06-28T13:05:27.276Z,coins_medium,4.99,5500,90,0
pu_00004iw,p_002776,s_p_002776_00049,2024-06-28T13:03:08.017Z,coins_medium,4.99,5500,90,0
pu_00004ix,p_002776,s_p_002776_00052,2024-07-01T19:30:08.139Z,coins_medium,4.99,5500,93,0
pu_00004iy,p_002776,s_p_002776_00054,2024-07-04T09:04:25.518Z,coins_medium,4.99,5500,96,0
pu_00004iz,p_002776,s_p_002776_00056,2024-07-07T21:52:34.338Z,coins_large,19.99,25000,99,0
pu_00004j0,p_002776,s_p_002776_00057,2024-07-08T11:18:10.684Z,vip_monthly,9.99,10000,100,0
pu_00004j1,p_002776,s_p_002776_00059,2024-07-09T15:06:08.086Z,coins_medium,4.99,5500,101,0
pu_00004j2,p_002776,s_p_002776_00059,2024-07-09T14:57:05.550Z,coins_medium,4.99,5500,101,0
pu_00004j3,p_002776,s_p_002776_00060,2024-07-13T17:24:09.559Z,coins_medium,4.99,5500,105,0
pu_00004j4,p_002776,s_p_002776_00063,2024-07-16T22:42:18.653Z,coins_medium,4.99,5500,108,0
pu_00004j5,p_002776,s_p_002776_00064,2024-07-17T19:47:04.746Z,coins_medium,4.99,5500,109,0
pu_00004j6,p_002776,s_p_002776_00066,2024-07-19T14:24:40.076Z,coins_large,19.99,25000,111,0
pu_00004j7,p_002776,s_p_002776_00072,2024-07-25T15:24:30.594Z,coins_medium,4.99,5500,117,0
pu_00004j8,p_002776,s_p_002776_00072,2024-07-25T14:56:30.292Z,coins_large,19.99,25000,117,0
pu_00004j9,p_002776,s_p_002776_00073,2024-07-26T17:03:37.740Z,coins_medium,4.99,5500,118,0
pu_00004ja,p_002776,s_p_002776_00075,2024-07-28T17:44:55.626Z,coins_medium,4.99,5500,120,0
pu_00004jb,p_002776,s_p_002776_00075,2024-07-28T17:32:01.988Z,vip_monthly,9.99,10000,120,0
pu_00004jc,p_002776,s_p_002776_00078,2024-07-29T09:29:46.751Z,coins_large,19.99,25000,121,0
pu_00004jd,p_002776,s_p_002776_00083,2024-08-08T22:04:37.503Z,coins_medium,4.99,5500,131,0
pu_00004je,p_002776,s_p_002776_00083,2024-08-08T21:59:51.717Z,starter_pack,1.99,2000,131,0
pu_00004jf,p_002776,s_p_002776_00085,2024-08-11T08:29:07.494Z,coins_small,0.99,1000,134,0
pu_00004jg,p_002776,s_p_002776_00087,2024-08-12T12:27:53.260Z,coins_large,19.99,25000,135,0
pu_00004jh,p_002776,s_p_002776_00091,2024-08-16T09:17:30.993Z,coins_medium,4.99,5500,139,0
pu_00004ji,p_002776,s_p_002776_00101,2024-08-26T10:17:22.751Z,starter_pack,1.99,2000,149,0
pu_00004jj,p_002776,s_p_002776_00103,2024-08-26T15:01:33.647Z,vip_monthly,9.99,10000,149,0
pu_00004jk,p_002776,s_p_002776_00105,2024-08-30T12:22:30.252Z,coins_medium,4.99,5500,153,0
pu_00004jl,p_002776,s_p_002776_00105,2024-08-30T12:27:18.578Z,coins_large,19.99,25000,153,0
pu_00004jm,p_002776,s_p_002776_00108,2024-09-02T12:55:57.539Z,coins_large,19.99,25000,156,0
pu_00004jn,p_002776,s_p_002776_00109,2024-09-04T11:49:49.401Z,starter_pack,1.99,2000,158,0
pu_00004jo,p_002776,s_p_002776_00112,2024-09-05T17:24:35.557Z,coins_medium,4.99,5500,159,0
pu_00004jp,p_002776,s_p_002776_00119,2024-09-16T07:03:57.456Z,vip_monthly,9.99,10000,170,0
pu_00004jq,p_002776,s_p_002776_00119,2024-09-16T07:05:58.143Z,coins_large,19.99,25000,170,0
pu_00004jr,p_002776,s_p_002776_00119,2024-09-16T07:01:14.801Z,coins_medium,4.99,5500,170,0
pu_00004js,p_002776,s_p_002776_00124,2024-09-20T20:25:59.704Z,coins_medium,4.99,5500,174,0
pu_00004jt,p_002776,s_p_002776_00126,2024-09-22T15:52:07.932Z,coins_large,19.99,25000,176,0
pu_00004ju,p_002776,s_p_002776_00128,2024-09-24T11:20:01.856Z,coins_medium,4.99,5500,178,0
pu_00004jv,p_002776,s_p_002776_00134,2024-10-04T06:31:16.847Z,vip_monthly,9.99,10000,188,0
pu_00004jw,p_002710,s_p_002710_00003,2024-01-23T16:45:29.883Z,coins_large,19.99,25000,5,1
pu_00004jx,p_002710,s_p_002710_00003,2024-01-23T16:40:43.633Z,coins_large,19.99,25000,5,0
pu_00004jy,p_002710,s_p_002710_00005,2024-01-25T07:11:00.411Z,coins_large,19.99,25000,7,0
pu_00004jz,p_002710,s_p_002710_00005,2024-01-25T07:19:56.521Z,coins_large,19.99,25000,7,0
pu_00004k0,p_002710,s_p_002710_00005,2024-01-25T07:09:24.886Z,coins_small,0.99,1000,7,0
pu_00004k1,p_002710,s_p_002710_00005,2024-01-25T07:10:40.848Z,coins_small,0.99,1000,7,0
pu_00004k2,p_002710,s_p_002710_00006,2024-01-27T06:54:48.983Z,coins_medium,4.99,5500,9,0
pu_00004k3,p_002710,s_p_002710_00006,2024-01-27T06:34:49.600Z,coins_large,19.99,25000,9,0
pu_00004k4,p_002710,s_p_002710_00006,2024-01-27T06:43:00.022Z,vip_monthly,9.99,10000,9,0
pu_00004k5,p_002710,s_p_002710_00008,2024-01-31T06:21:41.106Z,coins_large,19.99,25000,13,0
pu_00004k6,p_002710,s_p_002710_00012,2024-02-05T07:07:09.546Z,coins_medium,4.99,5500,18,0
pu_00004k7,p_002710,s_p_002710_00025,2024-02-13T09:07:12.508Z,coins_medium,4.99,5500,26,0
pu_00004k8,p_002710,s_p_002710_00036,2024-02-25T22:41:40.726Z,coins_small,0.99,1000,38,0
pu_00004k9,p_002710,s_p_002710_00040,2024-03-01T15:41:05.794Z,vip_monthly,9.99,10000,43,0
pu_00004ka,p_002710,s_p_002710_00045,2024-03-09T17:45:14.021Z,coins_medium,4.99,5500,51,0
pu_00004kb,p_002710,s_p_002710_00050,2024-03-15T13:07:39.826Z,coins_medium,4.99,5500,57,0
pu_00004kc,p_002710,s_p_002710_00055,2024-03-21T09:39:20.522Z,coins_large,19.99,25000,63,0
pu_00004kd,p_002710,s_p_002710_00066,2024-04-03T22:17:10.693Z,coins_large,19.99,25000,76,0
pu_00004ke,p_002710,s_p_002710_00067,2024-04-07T13:46:46.332Z,coins_small,0.99,1000,80,0
pu_00004kf,p_002710,s_p_002710_00069,2024-04-09T10:32:48.313Z,coins_large,19.99,25000,82,0
pu_00004kg,p_002710,s_p_002710_00075,2024-04-17T16:57:08.195Z,coins_large,19.99,25000,90,0
pu_00004kh,p_002710,s_p_002710_00079,2024-04-26T13:44:35.974Z,coins_large,19.99,25000,99,0
pu_00004ki,p_002710,s_p_002710_00092,2024-05-07T17:09:40.059Z,coins_medium,4.99,5500,110,0
pu_00004kj,p_002710,s_p_002710_00094,2024-05-08T11:54:14.043Z,vip_monthly,9.99,10000,111,0
pu_00004kk,p_002710,s_p_002710_00106,2024-05-24T23:39:58.092Z,coins_medium,4.99,5500,127,0
pu_00004kl,p_002710,s_p_002710_00110,2024-05-31T08:27:08.569Z,coins_medium,4.99,5500,134,0
pu_00004km,p_002710,s_p_002710_00114,2024-06-02T17:13:47.270Z,coins_large,19.99,25000,136,0
pu_00004kn,p_002710,s_p_002710_00118,2024-06-04T16:34:44.698Z,coins_large,19.99,25000,138,0
pu_00004ko,p_002710,s_p_002710_00131,2024-06-18T11:40:47.569Z,coins_small,0.99,1000,152,0
pu_00004kp,p_002710,s_p_002710_00132,2024-06-22T00:04:54.060Z,coins_medium,4.99,5500,156,0
pu_00004kq,p_002710,s_p_002710_00133,2024-06-22T17:55:04.751Z,vip_monthly,9.99,10000,156,0
pu_00004kr,p_002710,s_p_002710_00134,2024-06-23T07:02:28.725Z,coins_large,19.99,25000,157,0
pu_00004ks,p_002710,s_p_002710_00140,2024-06-26T17:58:31.324Z,coins_large,19.99,25000,160,0
pu_00004kt,p_002710,s_p_002710_00140,2024-06-26T18:06:23.748Z,coins_small,0.99,1000,160,0
pu_00004ku,p_002710,s_p_002710_00146,2024-07-03T09:33:17.261Z,coins_small,0.99,1000,167,0
pu_00004kv,p_002710,s_p_002710_00153,2024-07-11T06:27:56.599Z,coins_large,19.99,25000,175,0
pu_00004kw,p_002710,s_p_002710_00160,2024-07-19T20:21:31.537Z,starter_pack,1.99,2000,183,0
pu_00004kx,p_002710,s_p_002710_00161,2024-07-21T18:48:55.758Z,vip_monthly,9.99,10000,185,0
pu_00004ky,p_002710,s_p_002710_00166,2024-07-28T09:20:52.117Z,coins_medium,4.99,5500,192,0
pu_00004kz,p_002710,s_p_002710_00168,2024-08-01T11:22:26.606Z,starter_pack,1.99,2000,196,0
pu_00004l0,p_002710,s_p_002710_00169,2024-08-10T11:19:12.232Z,coins_large,19.99,25000,205,0
pu_00004l1,p_002722,s_p_002722_00001,2024-04-30T17:16:22.649Z,starter_pack,1.99,2000,0,1
pu_00004l2,p_002722,s_p_002722_00001,2024-04-30T17:15:12.347Z,coins_medium,4.99,5500,0,0
pu_00004l3,p_002722,s_p_002722_00001,2024-04-30T17:20:14.093Z,vip_monthly,9.99,10000,0,0
pu_00004l4,p_002722,s_p_002722_00002,2024-05-01T15:59:10.928Z,vip_monthly,9.99,10000,1,0
pu_00004l5,p_002722,s_p_002722_00002,2024-05-01T16:14:56.609Z,coins_large,19.99,25000,1,0
pu_00004l6,p_002722,s_p_002722_00002,2024-05-01T16:00:22.324Z,coins_small,0.99,1000,1,0
pu_00004l7,p_002722,s_p_002722_00003,2024-05-02T10:53:41.848Z,coins_medium,4.99,5500,2,0
pu_00004l8,p_002722,s_p_002722_00003,2024-05-02T10:49:15.790Z,coins_small,0.99,1000,2,0
pu_00004l9,p_002722,s_p_002722_00003,2024-05-02T10:58:13.797Z,coins_medium,4.99,5500,2,0
pu_00004la,p_002722,s_p_002722_00005,2024-05-05T18:11:51.695Z,vip_monthly,9.99,10000,5,0
pu_00004lb,p_002722,s_p_002722_00005,2024-05-05T18:15:06.957Z,coins_small,0.99,1000,5,0
pu_00004lc,p_002722,s_p_002722_00005,2024-05-05T18:15:58.652Z,coins_large,19.99,25000,5,0
pu_00004ld,p_002722,s_p_002722_00006,2024-05-05T20:58:05.274Z,coins_large,19.99,25000,5,0
pu_00004le,p_002722,s_p_002722_00006,2024-05-05T21:01:16.857Z,coins_large,19.99,25000,5,0
pu_00004lf,p_002722,s_p_002722_00007,2024-05-07T07:25:52.470Z,coins_small,0.99,1000,7,0
pu_00004lg,p_002722,s_p_002722_00009,2024-05-13T10:47:47.380Z,vip_monthly,9.99,10000,13,0
pu_00004lh,p_002722,s_p_002722_00009,2024-05-13T10:38:55.896Z,coins_medium,4.99,5500,13,0
pu_00004li,p_002722,s_p_002722_00013,2024-05-17T18:54:12.889Z,coins_large,19.99,25000,17,0
pu_00004lj,p_002722,s_p_002722_00016,2024-05-19T06:52:39.750Z,coins_medium,4.99,5500,19,0
pu_00004lk,p_002722,s_p_002722_00020,2024-05-26T13:07:10.257Z,coins_medium,4.99,5500,26,0
pu_00004ll,p_002722,s_p_002722_00021,2024-05-30T12:20:27.775Z,coins_medium,4.99,5500,30,0
pu_00004lm,p_002722,s_p_002722_00023,2024-06-03T11:15:24.676Z,coins_medium,4.99,5500,34,0
pu_00004ln,p_002722,s_p_002722_00025,2024-06-05T14:52:22.017Z,coins_large,19.99,25000,36,0
pu_00004lo,p_002722,s_p_002722_00025,2024-06-05T15:00:40.521Z,starter_pack,1.99,2000,36,0
pu_00004lp,p_002722,s_p_002722_00028,2024-06-08T13:12:50.019Z,coins_medium,4.99,5500,39,0
pu_00004lq,p_002722,s_p_002722_00030,2024-06-09T14:25:49.093Z,vip_monthly,9.99,10000,40,0
pu_00004lr,p_002722,s_p_002722_00030,2024-06-09T14:32:39.800Z,coins_medium,4.99,5500,40,0
pu_00004ls,p_002722,s_p_002722_00034,2024-06-15T12:01:24.472Z,coins_large,19.99,25000,46,0
pu_00004lt,p_002722,s_p_002722_00037,2024-06-19T18:02:31.322Z,coins_medium,4.99,5500,50,0
pu_00004lu,p_002722,s_p_002722_00040,2024-06-24T06:44:18.331Z,coins_small,0.99,1000,55,0
pu_00004lv,p_002722,s_p_002722_00040,2024-06-24T07:08:15.552Z,coins_medium,4.99,5500,55,0
pu_00004lw,p_002722,s_p_002722_00041,2024-06-25T21:45:10.074Z,vip_monthly,9.99,10000,56,0
pu_00004lx,p_002722,s_p_002722_00041,2024-06-25T21:52:17.482Z,coins_large,19.99,25000,56,0
pu_00004ly,p_002722,s_p_002722_00048,2024-07-06T19:46:18.252Z,coins_large,19.99,25000,67,0
pu_00004lz,p_002722,s_p_002722_00048,2024-07-06T19:46:57.260Z,coins_small,0.99,1000,67,0
pu_00004m0,p_002722,s_p_002722_00049,2024-07-13T20:38:48.137Z,coins_large,19.99,25000,74,0
pu_00004m1,p_002722,s_p_002722_00050,2024-07-15T10:16:04.803Z,coins_medium,4.99,5500,76,0
pu_00004m2,p_002722,s_p_002722_00051,2024-07-16T07:35:38.763Z,coins_large,19.99,25000,77,0
pu_00004m3,p_002722,s_p_002722_00051,2024-07-16T07:36:33.389Z,coins_medium,4.99,5500,77,0
pu_00004m4,p_002722,s_p_002722_00052,2024-07-16T10:08:16.620Z,coins_large,19.99,25000,77,0
pu_00004m5,p_002722,s_p_002722_00054,2024-07-17T07:04:13.338Z,coins_large,19.99,25000,78,0
pu_00004m6,p_002722,s_p_002722_00058,2024-07-24T09:01:01.784Z,vip_monthly,9.99,10000,85,0
pu_00004m7,p_002722,s_p_002722_00059,2024-07-30T19:38:22.522Z,coins_medium,4.99,5500,91,0
pu_00004m8,p_002722,s_p_002722_00059,2024-07-30T19:50:50.502Z,vip_monthly,9.99,10000,91,0
pu_00004m9,p_002722,s_p_002722_00061,2024-08-05T20:33:15.918Z,starter_pack,1.99,2000,97,0
pu_00004ma,p_002722,s_p_002722_00062,2024-08-05T21:02:48.643Z,starter_pack,1.99,2000,97,0
pu_00004mb,p_002722,s_p_002722_00062,2024-08-05T21:16:14.656Z,coins_small,0.99,1000,97,0
pu_00004mc,p_002722,s_p_002722_00067,2024-08-18T16:32:40.204Z,coins_medium,4.99,5500,110,0
pu_00004md,p_002722,s_p_002722_00067,2024-08-18T16:36:19.309Z,vip_monthly,9.99,10000,110,0
pu_00004me,p_002722,s_p_002722_00070,2024-08-21T08:49:17.559Z,coins_medium,4.99,5500,113,0
pu_00004mf,p_002722,s_p_002722_00075,2024-08-27T18:07:58.248Z,coins_medium,4.99,5500,119,0
pu_00004mg,p_002722,s_p_002722_00076,2024-08-27T18:32:33.242Z,coins_small,0.99,1000,119,0
pu_00004mh,p_002722,s_p_002722_00077,2024-08-30T07:26:28.217Z,coins_small,0.99,1000,122,0
pu_00004mi,p_002722,s_p_002722_00077,2024-08-30T07:34:26.851Z,coins_medium,4.99,5500,122,0
pu_00004mj,p_002722,s_p_002722_00078,2024-08-30T11:34:07.499Z,coins_small,0.99,1000,122,0
pu_00004mk,p_002722,s_p_002722_00078,2024-08-30T11:34:24.919Z,coins_medium,4.99,5500,122,0
pu_00004ml,p_002722,s_p_002722_00081,2024-09-03T19:29:21.589Z,coins_medium,4.99,5500,126,0
pu_00004mm,p_002722,s_p_002722_00082,2024-09-06T12:02:16.073Z,vip_monthly,9.99,10000,129,0
pu_00004mn,p_002722,s_p_002722_00085,2024-09-08T10:16:47.338Z,coins_medium,4.99,5500,131,0
pu_00004mo,p_002722,s_p_002722_00089,2024-09-14T21:19:16.807Z,coins_small,0.99,1000,137,0
pu_00004mp,p_002722,s_p_002722_00090,2024-09-17T10:59:28.614Z,coins_large,19.99,25000,140,0
pu_00004mq,p_002722,s_p_002722_00094,2024-09-26T06:41:22.730Z,coins_large,19.99,25000,149,0
pu_00004mr,p_002722,s_p_002722_00096,2024-09-27T15:11:37.618Z,coins_medium,4.99,5500,150,0
pu_00004ms,p_002722,s_p_002722_00096,2024-09-27T14:59:14.949Z,coins_large,19.99,25000,150,0
pu_00004mt,p_002722,s_p_002722_00096,2024-09-27T15:12:50.610Z,coins_small,0.99,1000,150,0
pu_00004mu,p_002722,s_p_002722_00100,2024-10-03T09:06:10.709Z,coins_small,0.99,1000,156,0
pu_00004mv,p_002722,s_p_002722_00100,2024-10-03T09:11:50.165Z,coins_medium,4.99,5500,156,0
pu_00004mw,p_002722,s_p_002722_00102,2024-10-11T06:17:13.022Z,coins_medium,4.99,5500,164,0
pu_00004mx,p_002722,s_p_002722_00102,2024-10-11T06:16:16.515Z,coins_large,19.99,25000,164,0
pu_00004my,p_002722,s_p_002722_00103,2024-10-11T07:38:19.944Z,coins_medium,4.99,5500,164,0
pu_00004mz,p_002722,s_p_002722_00104,2024-10-13T13:21:01.025Z,coins_large,19.99,25000,166,0
pu_00004n0,p_002722,s_p_002722_00105,2024-10-16T06:34:57.659Z,coins_medium,4.99,5500,169,0
pu_00004n1,p_002722,s_p_002722_00105,2024-10-16T06:16:13.910Z,coins_medium,4.99,5500,169,0
pu_00004n2,p_002722,s_p_002722_00106,2024-10-19T17:54:37.018Z,coins_medium,4.99,5500,172,0
pu_00004n3,p_002722,s_p_002722_00106,2024-10-19T17:39:33.117Z,coins_large,19.99,25000,172,0
pu_00004n4,p_002722,s_p_002722_00108,2024-10-21T06:50:23.441Z,coins_large,19.99,25000,174,0
pu_00004n5,p_002722,s_p_002722_00108,2024-10-21T06:41:36.973Z,coins_large,19.99,25000,174,0
pu_00004n6,p_002722,s_p_002722_00109,2024-10-21T11:57:23.485Z,coins_medium,4.99,5500,174,0
pu_00004n7,p_002722,s_p_002722_00112,2024-10-31T07:39:26.620Z,coins_medium,4.99,5500,184,0
pu_00004n8,p_002722,s_p_002722_00112,2024-10-31T07:39:39.185Z,coins_medium,4.99,5500,184,0
pu_00004n9,p_002722,s_p_002722_00113,2024-11-01T20:34:37.460Z,coins_medium,4.99,5500,185,0
pu_00004na,p_002722,s_p_002722_00116,2024-11-04T08:34:33.424Z,coins_large,19.99,25000,188,0
pu_00004nb,p_002722,s_p_002722_00117,2024-11-05T15:33:54.173Z,coins_small,0.99,1000,189,0
pu_00004nc,p_002722,s_p_002722_00120,2024-11-10T15:48:10.639Z,coins_large,19.99,25000,194,0
pu_00004nd,p_002722,s_p_002722_00120,2024-11-10T15:55:39.770Z,coins_medium,4.99,5500,194,0
pu_00004ne,p_002722,s_p_002722_00121,2024-11-11T14:31:51.648Z,coins_small,0.99,1000,195,0
pu_00004nf,p_002722,s_p_002722_00127,2024-11-20T08:56:26.898Z,coins_large,19.99,25000,204,0
pu_00004ng,p_002722,s_p_002722_00127,2024-11-20T09:11:17.444Z,vip_monthly,9.99,10000,204,0
pu_00004nh,p_002722,s_p_002722_00130,2024-11-23T17:41:31.176Z,coins_medium,4.99,5500,207,0
pu_00004ni,p_002722,s_p_002722_00134,2024-12-14T12:08:58.931Z,coins_large,19.99,25000,228,0
pu_00004nj,p_002859,s_p_002859_00001,2024-03-13T09:58:06.966Z,starter_pack,1.99,2000,3,1
pu_00004nk,p_002859,s_p_002859_00002,2024-03-25T10:15:55.151Z,coins_small,0.99,1000,15,0
pu_00004nl,p_002859,s_p_002859_00002,2024-03-25T10:12:16.225Z,coins_small,0.99,1000,15,0
pu_00004nm,p_002859,s_p_002859_00002,2024-03-25T10:11:10.193Z,coins_large,19.99,25000,15,0
pu_00004nn,p_002859,s_p_002859_00003,2024-03-25T12:06:50.778Z,coins_small,0.99,1000,15,0
pu_00004no,p_002859,s_p_002859_00005,2024-03-31T17:01:52.010Z,coins_small,0.99,1000,21,0
pu_00004np,p_002859,s_p_002859_00005,2024-03-31T17:01:04.018Z,coins_small,0.99,1000,21,0
pu_00004nq,p_002859,s_p_002859_00006,2024-04-02T22:39:37.718Z,coins_medium,4.99,5500,23,0
pu_00004nr,p_002859,s_p_002859_00007,2024-04-06T21:07:19.392Z,coins_small,0.99,1000,27,0
pu_00004ns,p_002859,s_p_002859_00007,2024-04-06T20:59:17.613Z,coins_medium,4.99,5500,27,0
pu_00004nt,p_002859,s_p_002859_00008,2024-04-08T11:55:01.714Z,coins_small,0.99,1000,29,0
pu_00004nu,p_002859,s_p_002859_00010,2024-04-27T09:51:28.584Z,coins_small,0.99,1000,48,0
pu_00004nv,p_002859,s_p_002859_00011,2024-04-28T09:39:57.804Z,coins_medium,4.99,5500,49,0
pu_00004nw,p_002859,s_p_002859_00011,2024-04-28T09:50:34.814Z,coins_medium,4.99,5500,49,0
pu_00004nx,p_002859,s_p_002859_00012,2024-05-22T19:06:05.804Z,coins_medium,4.99,5500,73,0
pu_00004ny,p_002859,s_p_002859_00012,2024-05-22T19:04:18.276Z,coins_small,0.99,1000,73,0
pu_00004nz,p_002859,s_p_002859_00012,2024-05-22T19:07:56.295Z,coins_medium,4.99,5500,73,0
pu_00004o0,p_002859,s_p_002859_00013,2024-05-24T16:48:18.346Z,coins_small,0.99,1000,75,0
pu_00004o1,p_002859,s_p_002859_00014,2024-06-06T15:03:21.996Z,coins_medium,4.99,5500,88,0
pu_00004o2,p_002859,s_p_002859_00016,2024-07-19T21:03:28.417Z,coins_small,0.99,1000,131,0
pu_00004o3,p_002763,s_p_002763_00001,2024-04-03T08:05:05.766Z,starter_pack,1.99,2000,1,1
pu_00004o4,p_002763,s_p_002763_00001,2024-04-03T08:05:25.862Z,coins_small,0.99,1000,1,0
pu_00004o5,p_002763,s_p_002763_00001,2024-04-03T07:57:47.289Z,coins_medium,4.99,5500,1,0
pu_00004o6,p_002763,s_p_002763_00002,2024-04-05T09:37:35.552Z,vip_monthly,9.99,10000,3,0
pu_00004o7,p_002763,s_p_002763_00002,2024-04-05T09:50:10.508Z,coins_medium,4.99,5500,3,0
pu_00004o8,p_002763,s_p_002763_00002,2024-04-05T09:26:43.419Z,coins_medium,4.99,5500,3,0
pu_00004o9,p_002763,s_p_002763_00002,2024-04-05T09:31:06.109Z,vip_monthly,9.99,10000,3,0
pu_00004oa,p_002763,s_p_002763_00002,2024-04-05T09:37:44.402Z,starter_pack,1.99,2000,3,0
pu_00004ob,p_002763,s_p_002763_00003,2024-04-05T20:14:18.019Z,coins_large,19.99,25000,3,0
pu_00004oc,p_002763,s_p_002763_00003,2024-04-05T20:21:23.223Z,vip_monthly,9.99,10000,3,0
pu_00004od,p_002763,s_p_002763_00003,2024-04-05T20:27:22.396Z,coins_medium,4.99,5500,3,0
pu_00004oe,p_002763,s_p_002763_00003,2024-04-05T20:28:16.710Z,coins_large,19.99,25000,3,0
pu_00004of,p_002763,s_p_002763_00005,2024-04-08T21:21:57.344Z,vip_monthly,9.99,10000,6,0
pu_00004og,p_002763,s_p_002763_00005,2024-04-08T21:24:22.167Z,vip_monthly,9.99,10000,6,0
pu_00004oh,p_002763,s_p_002763_00005,2024-04-08T21:31:16.648Z,coins_small,0.99,1000,6,0
pu_00004oi,p_002763,s_p_002763_00006,2024-04-08T23:19:07.778Z,coins_small,0.99,1000,6,0
pu_00004oj,p_002763,s_p_002763_00012,2024-04-20T07:44:21.775Z,coins_large,19.99,25000,18,0
pu_00004ok,p_002763,s_p_002763_00013,2024-04-20T08:01:27.363Z,coins_medium,4.99,5500,18,0
pu_00004ol,p_002763,s_p_002763_00017,2024-05-01T10:49:46.848Z,coins_large,19.99,25000,29,0
pu_00004om,p_002763,s_p_002763_00017,2024-05-01T10:49:51.012Z,coins_large,19.99,25000,29,0
pu_00004on,p_002763,s_p_002763_00017,2024-05-01T10:52:54.695Z,coins_medium,4.99,5500,29,0
pu_00004oo,p_002763,s_p_002763_00019,2024-05-03T08:04:59.032Z,coins_large,19.99,25000,31,0
pu_00004op,p_002763,s_p_002763_00025,2024-05-09T16:29:37.702Z,coins_medium,4.99,5500,37,0
pu_00004oq,p_002763,s_p_002763_00027,2024-05-13T14:57:32.664Z,vip_monthly,9.99,10000,41,0
pu_00004or,p_002763,s_p_002763_00030,2024-05-14T22:52:54.061Z,coins_medium,4.99,5500,42,0
pu_00004os,p_002763,s_p_002763_00031,2024-05-20T21:37:04.379Z,coins_medium,4.99,5500,48,0
pu_00004ot,p_002763,s_p_002763_00035,2024-05-25T18:26:30.302Z,coins_large,19.99,25000,53,0
pu_00004ou,p_002763,s_p_002763_00035,2024-05-25T18:28:51.066Z,vip_monthly,9.99,10000,53,0
pu_00004ov,p_002763,s_p_002763_00040,2024-06-04T19:16:37.721Z,vip_monthly,9.99,10000,63,0
pu_00004ow,p_002763,s_p_002763_00041,2024-06-06T09:50:37.233Z,vip_monthly,9.99,10000,65,0
pu_00004ox,p_002763,s_p_002763_00042,2024-06-11T08:42:44.075Z,coins_large,19.99,25000,70,0
pu_00004oy,p_002763,s_p_002763_00043,2024-06-12T14:21:24.996Z,coins_large,19.99,25000,71,0
pu_00004oz,p_002763,s_p_002763_00045,2024-06-13T14:01:32.133Z,coins_large,19.99,25000,72,0
pu_00004p0,p_002763,s_p_002763_00049,2024-06-15T21:33:13.638Z,coins_large,19.99,25000,74,0
pu_00004p1,p_002763,s_p_002763_00051,2024-06-18T15:44:41.588Z,coins_small,0.99,1000,77,0
pu_00004p2,p_002763,s_p_002763_00055,2024-06-21T13:25:40.231Z,vip_monthly,9.99,10000,80,0
pu_00004p3,p_002763,s_p_002763_00057,2024-06-23T19:38:30.809Z,coins_large,19.99,25000,82,0
pu_00004p4,p_002763,s_p_002763_00060,2024-06-25T18:15:28.025Z,coins_large,19.99,25000,84,0
pu_00004p5,p_002763,s_p_002763_00065,2024-07-03T21:53:54.701Z,coins_large,19.99,25000,92,0
pu_00004p6,p_002763,s_p_002763_00066,2024-07-03T22:42:20.352Z,vip_monthly,9.99,10000,92,0
pu_00004p7,p_002763,s_p_002763_00069,2024-07-06T16:58:01.740Z,vip_monthly,9.99,10000,95,0
pu_00004p8,p_002763,s_p_002763_00070,2024-07-07T12:15:17.771Z,coins_medium,4.99,5500,96,0
pu_00004p9,p_002763,s_p_002763_00071,2024-07-07T19:57:22.421Z,coins_large,19.99,25000,96,0
pu_00004pa,p_002763,s_p_002763_00073,2024-07-10T17:42:49.506Z,coins_large,19.99,25000,99,0
pu_00004pb,p_002763,s_p_002763_00080,2024-07-28T07:53:51.933Z,coins_large,19.99,25000,117,0
pu_00004pc,p_002763,s_p_002763_00080,2024-07-28T08:17:31.511Z,starter_pack,1.99,2000,117,0
pu_00004pd,p_002763,s_p_002763_00082,2024-07-29T09:36:08.232Z,coins_small,0.99,1000,118,0
pu_00004pe,p_002763,s_p_002763_00083,2024-07-29T18:19:48.330Z,coins_large,19.99,25000,118,0
pu_00004pf,p_002763,s_p_002763_00083,2024-07-29T17:56:58.328Z,coins_small,0.99,1000,118,0
pu_00004pg,p_002763,s_p_002763_00085,2024-08-01T06:35:39.306Z,vip_monthly,9.99,10000,121,0
pu_00004ph,p_002763,s_p_002763_00085,2024-08-01T06:49:01.983Z,coins_medium,4.99,5500,121,0
pu_00004pi,p_002763,s_p_002763_00088,2024-08-08T14:21:41.406Z,coins_small,0.99,1000,128,0
pu_00004pj,p_002763,s_p_002763_00090,2024-08-09T15:46:45.611Z,coins_small,0.99,1000,129,0
pu_00004pk,p_002763,s_p_002763_00090,2024-08-09T15:58:37.425Z,vip_monthly,9.99,10000,129,0
pu_00004pl,p_002763,s_p_002763_00091,2024-08-09T20:24:57.458Z,coins_small,0.99,1000,129,0
pu_00004pm,p_002763,s_p_002763_00092,2024-08-10T18:10:51.883Z,coins_medium,4.99,5500,130,0
pu_00004pn,p_002763,s_p_002763_00093,2024-08-12T16:40:19.676Z,coins_medium,4.99,5500,132,0
pu_00004po,p_002763,s_p_002763_00099,2024-08-19T08:43:48.958Z,vip_monthly,9.99,10000,139,0
pu_00004pp,p_002763,s_p_002763_00100,2024-08-21T13:55:46.154Z,vip_monthly,9.99,10000,141,0
pu_00004pq,p_002763,s_p_002763_00102,2024-08-23T08:48:27.611Z,coins_medium,4.99,5500,143,0
pu_00004pr,p_002763,s_p_002763_00103,2024-08-23T11:00:57.690Z,coins_large,19.99,25000,143,0
pu_00004ps,p_002763,s_p_002763_00107,2024-08-29T13:33:22.826Z,coins_small,0.99,1000,149,0
pu_00004pt,p_002763,s_p_002763_00107,2024-08-29T13:41:37.418Z,coins_small,0.99,1000,149,0
pu_00004pu,p_002763,s_p_002763_00109,2024-08-30T23:29:49.866Z,coins_large,19.99,25000,150,0
pu_00004pv,p_002763,s_p_002763_00110,2024-08-31T22:48:03.793Z,coins_medium,4.99,5500,151,0
pu_00004pw,p_002763,s_p_002763_00112,2024-09-05T19:36:47.285Z,coins_large,19.99,25000,156,0
pu_00004px,p_002763,s_p_002763_00112,2024-09-05T19:30:43.156Z,coins_large,19.99,25000,156,0
pu_00004py,p_002763,s_p_002763_00120,2024-09-19T12:53:26.826Z,coins_small,0.99,1000,170,0
pu_00004pz,p_002763,s_p_002763_00124,2024-09-30T20:46:12.523Z,coins_small,0.99,1000,181,0
pu_00004q0,p_002763,s_p_002763_00135,2024-10-10T10:21:34.410Z,coins_medium,4.99,5500,191,0
pu_00004q1,p_002763,s_p_002763_00136,2024-10-12T06:55:53.021Z,coins_medium,4.99,5500,193,0
pu_00004q2,p_002763,s_p_002763_00138,2024-10-18T06:36:36.571Z,starter_pack,1.99,2000,199,0
pu_00004q3,p_002763,s_p_002763_00138,2024-10-18T06:27:02.836Z,vip_monthly,9.99,10000,199,0
pu_00004q4,p_002763,s_p_002763_00140,2024-10-25T13:24:52.178Z,coins_medium,4.99,5500,206,0
pu_00004q5,p_002763,s_p_002763_00140,2024-10-25T13:16:46.925Z,coins_large,19.99,25000,206,0
pu_00004q6,p_002763,s_p_002763_00142,2024-10-29T23:19:09.447Z,coins_large,19.99,25000,210,0
pu_00004q7,p_002763,s_p_002763_00143,2024-10-31T20:19:16.719Z,coins_medium,4.99,5500,212,0
pu_00004q8,p_002763,s_p_002763_00144,2024-11-02T08:49:07.824Z,coins_small,0.99,1000,214,0
pu_00004q9,p_002763,s_p_002763_00145,2024-11-02T20:21:13.380Z,coins_medium,4.99,5500,214,0
pu_00004qa,p_002763,s_p_002763_00147,2024-11-06T09:28:14.623Z,coins_large,19.99,25000,218,0
pu_00004qb,p_002753,s_p_002753_00001,2024-02-18T21:37:18.714Z,starter_pack,1.99,2000,0,1
pu_00004qc,p_002753,s_p_002753_00003,2024-02-20T14:08:48.909Z,coins_large,19.99,25000,2,0
pu_00004qd,p_002753,s_p_002753_00004,2024-02-20T16:33:23.696Z,coins_large,19.99,25000,2,0
pu_00004qe,p_002753,s_p_002753_00005,2024-02-21T12:38:34.077Z,vip_monthly,9.99,10000,3,0
pu_00004qf,p_002753,s_p_002753_00007,2024-02-23T14:37:25.341Z,coins_large,19.99,25000,5,0
pu_00004qg,p_002753,s_p_002753_00007,2024-02-23T14:51:07.943Z,coins_small,0.99,1000,5,0
pu_00004qh,p_002753,s_p_002753_00018,2024-03-11T17:01:50.078Z,coins_small,0.99,1000,22,0
pu_00004qi,p_002753,s_p_002753_00024,2024-03-17T15:09:53.943Z,coins_large,19.99,25000,28,0
pu_00004qj,p_002753,s_p_002753_00026,2024-03-21T20:26:31.734Z,coins_large,19.99,25000,32,0
pu_00004qk,p_002753,s_p_002753_00028,2024-03-22T12:04:45.728Z,coins_medium,4.99,5500,33,0
pu_00004ql,p_002753,s_p_002753_00033,2024-03-29T17:08:59.407Z,vip_monthly,9.99,10000,40,0
pu_00004qm,p_002753,s_p_002753_00036,2024-04-07T17:34:29.726Z,vip_monthly,9.99,10000,49,0
pu_00004qn,p_002753,s_p_002753_00037,2024-04-08T10:07:39.005Z,coins_medium,4.99,5500,50,0
pu_00004qo,p_002753,s_p_002753_00044,2024-04-19T13:50:40.200Z,coins_medium,4.99,5500,61,0
pu_00004qp,p_002753,s_p_002753_00051,2024-05-01T07:36:59.700Z,coins_large,19.99,25000,73,0
pu_00004qq,p_002753,s_p_002753_00052,2024-05-01T09:04:52.835Z,vip_monthly,9.99,10000,73,0
pu_00004qr,p_002753,s_p_002753_00057,2024-05-04T18:25:14.795Z,coins_large,19.99,25000,76,0
pu_00004qs,p_002753,s_p_002753_00073,2024-05-23T13:41:46.900Z,coins_large,19.99,25000,95,0
pu_00004qt,p_002753,s_p_002753_00080,2024-06-01T14:01:00.819Z,coins_medium,4.99,5500,104,0
pu_00004qu,p_002753,s_p_002753_00092,2024-06-20T09:34:47.356Z,coins_medium,4.99,5500,123,0
pu_00004qv,p_002753,s_p_002753_00094,2024-06-22T11:18:26.566Z,vip_monthly,9.99,10000,125,0
pu_00004qw,p_002753,s_p_002753_00095,2024-06-27T16:37:21.840Z,coins_medium,4.99,5500,130,0
pu_00004qx,p_002753,s_p_002753_00096,2024-06-28T21:30:54.066Z,starter_pack,1.99,2000,131,0
pu_00004qy,p_002753,s_p_002753_00098,2024-07-01T20:00:00.317Z,coins_medium,4.99,5500,134,0
pu_00004qz,p_002753,s_p_002753_00099,2024-07-02T16:49:27.243Z,coins_small,0.99,1000,135,0
pu_00004r0,p_002753,s_p_002753_00101,2024-07-06T11:49:24.965Z,coins_large,19.99,25000,139,0
pu_00004r1,p_002753,s_p_002753_00102,2024-07-09T13:13:02.277Z,coins_medium,4.99,5500,142,0
pu_00004r2,p_002753,s_p_002753_00107,2024-07-14T16:53:13.947Z,coins_large,19.99,25000,147,0
pu_00004r3,p_002753,s_p_002753_00109,2024-07-14T22:37:37.833Z,coins_medium,4.99,5500,147,0
pu_00004r4,p_002753,s_p_002753_00113,2024-07-17T22:28:36.453Z,coins_small,0.99,1000,150,0
pu_00004r5,p_002753,s_p_002753_00117,2024-07-24T07:33:50.467Z,coins_large,19.99,25000,157,0
pu_00004r6,p_002753,s_p_002753_00125,2024-08-03T12:49:00.473Z,coins_medium,4.99,5500,167,0
pu_00004r7,p_002753,s_p_002753_00130,2024-08-12T07:32:28.351Z,vip_monthly,9.99,10000,176,0
pu_00004r8,p_002753,s_p_002753_00139,2024-08-26T21:55:58.586Z,coins_large,19.99,25000,190,0
pu_00004r9,p_002753,s_p_002753_00140,2024-08-28T07:19:43.772Z,coins_large,19.99,25000,192,0
pu_00004ra,p_002753,s_p_002753_00140,2024-08-28T07:07:40.810Z,starter_pack,1.99,2000,192,0
pu_00004rb,p_002753,s_p_002753_00143,2024-08-28T19:18:26.496Z,coins_small,0.99,1000,192,0
pu_00004rc,p_002753,s_p_002753_00158,2024-09-11T19:16:50.333Z,coins_medium,4.99,5500,206,0
pu_00004rd,p_002753,s_p_002753_00161,2024-09-14T09:52:31.304Z,coins_small,0.99,1000,209,0
pu_00004re,p_002753,s_p_002753_00163,2024-09-15T15:40:46.278Z,coins_medium,4.99,5500,210,0
pu_00004rf,p_002753,s_p_002753_00164,2024-09-17T13:47:28.042Z,coins_medium,4.99,5500,212,0
pu_00004rg,p_002753,s_p_002753_00166,2024-09-18T19:02:44.203Z,coins_large,19.99,25000,213,0
pu_00004rh,p_002753,s_p_002753_00167,2024-09-20T10:27:54.585Z,coins_large,19.99,25000,215,0
pu_00004ri,p_002753,s_p_002753_00177,2024-09-30T17:22:35.694Z,coins_medium,4.99,5500,225,0
pu_00004rj,p_002753,s_p_002753_00181,2024-10-10T09:55:11.998Z,coins_large,19.99,25000,235,0
pu_00004rk,p_002583,s_p_002583_00008,2024-06-29T22:11:53.642Z,coins_medium,4.99,5500,22,1
pu_00004rl,p_002583,s_p_002583_00011,2024-07-03T22:05:01.747Z,coins_medium,4.99,5500,26,0
pu_00004rm,p_002583,s_p_002583_00025,2024-08-09T17:38:16.050Z,vip_monthly,9.99,10000,63,0
pu_00004rn,p_002583,s_p_002583_00029,2024-08-19T08:16:13.005Z,coins_large,19.99,25000,73,0
pu_00004ro,p_002583,s_p_002583_00030,2024-08-19T20:08:22.808Z,coins_small,0.99,1000,73,0
pu_00004rp,p_002583,s_p_002583_00034,2024-09-10T08:57:43.270Z,coins_small,0.99,1000,95,0
pu_00004rq,p_002583,s_p_002583_00043,2024-09-30T16:33:43.195Z,starter_pack,1.99,2000,115,0
pu_00004rr,p_002583,s_p_002583_00043,2024-09-30T16:32:32.078Z,coins_small,0.99,1000,115,0
pu_00004rs,p_002583,s_p_002583_00046,2024-10-14T07:25:23.011Z,starter_pack,1.99,2000,129,0
pu_00004rt,p_002984,s_p_002984_00001,2024-05-04T07:05:54.997Z,coins_small,0.99,1000,3,1
pu_00004ru,p_002984,s_p_002984_00009,2024-06-20T22:34:40.353Z,coins_small,0.99,1000,50,0
pu_00004rv,p_002984,s_p_002984_00009,2024-06-20T22:34:08.569Z,coins_large,19.99,25000,50,0
pu_00004rw,p_002984,s_p_002984_00012,2024-07-17T23:32:02.724Z,vip_monthly,9.99,10000,77,0
pu_00004rx,p_002984,s_p_002984_00015,2024-07-23T10:56:36.561Z,starter_pack,1.99,2000,83,0
pu_00004ry,p_002984,s_p_002984_00020,2024-08-06T12:49:03.029Z,coins_small,0.99,1000,97,0
pu_00004rz,p_002984,s_p_002984_00020,2024-08-06T12:51:43.888Z,coins_medium,4.99,5500,97,0
pu_00004s0,p_002984,s_p_002984_00022,2024-08-20T12:40:45.257Z,coins_medium,4.99,5500,111,0
pu_00004s1,p_002984,s_p_002984_00023,2024-08-26T18:03:00.869Z,coins_small,0.99,1000,117,0
pu_00004s2,p_002984,s_p_002984_00026,2024-10-02T08:55:15.481Z,coins_medium,4.99,5500,154,0
pu_00004s3,p_002984,s_p_002984_00028,2024-10-07T10:04:13.091Z,coins_medium,4.99,5500,159,0
pu_00004s4,p_002984,s_p_002984_00028,2024-10-07T10:07:18.106Z,coins_small,0.99,1000,159,0
pu_00004s5,p_002984,s_p_002984_00031,2024-10-22T23:18:32.815Z,coins_small,0.99,1000,174,0
pu_00004s6,p_002984,s_p_002984_00032,2024-10-23T09:49:14.657Z,starter_pack,1.99,2000,175,0
pu_00004s7,p_002984,s_p_002984_00033,2024-10-24T23:34:41.962Z,coins_small,0.99,1000,176,0
pu_00004s8,p_002984,s_p_002984_00034,2024-11-09T19:03:29.540Z,coins_small,0.99,1000,192,0
pu_00004s9,p_002950,s_p_002950_00001,2024-06-19T19:42:29.739Z,starter_pack,1.99,2000,4,1
pu_00004sa,p_002950,s_p_002950_00003,2024-07-10T21:19:10.875Z,coins_medium,4.99,5500,25,0
pu_00004sb,p_002950,s_p_002950_00004,2024-07-13T11:59:45.370Z,starter_pack,1.99,2000,28,0
pu_00004sc,p_002950,s_p_002950_00005,2024-07-13T15:34:44.105Z,starter_pack,1.99,2000,28,0
pu_00004sd,p_002950,s_p_002950_00007,2024-08-10T10:23:40.663Z,coins_medium,4.99,5500,56,0
pu_00004se,p_002950,s_p_002950_00008,2024-08-11T18:56:38.772Z,coins_small,0.99,1000,57,0
pu_00004sf,p_002950,s_p_002950_00013,2024-10-02T09:19:03.495Z,coins_medium,4.99,5500,109,0
pu_00004sg,p_002950,s_p_002950_00013,2024-10-02T09:16:28.502Z,coins_medium,4.99,5500,109,0
pu_00004sh,p_002950,s_p_002950_00017,2024-11-03T12:26:17.756Z,coins_medium,4.99,5500,141,0
pu_00004si,p_002950,s_p_002950_00018,2024-11-05T19:24:00.687Z,coins_medium,4.99,5500,143,0
pu_00004sj,p_002950,s_p_002950_00018,2024-11-05T19:23:59.352Z,coins_small,0.99,1000,143,0
pu_00004sk,p_002950,s_p_002950_00021,2024-12-28T19:38:04.744Z,coins_medium,4.99,5500,196,0
pu_00004sl,p_002746,s_p_002746_00001,2024-07-01T10:17:08.090Z,coins_small,0.99,1000,1,1
pu_00004sm,p_002746,s_p_002746_00001,2024-07-01T10:30:48.571Z,coins_large,19.99,25000,1,0
pu_00004sn,p_002746,s_p_002746_00001,2024-07-01T10:16:05.864Z,coins_medium,4.99,5500,1,0
pu_00004so,p_002746,s_p_002746_00002,2024-07-02T13:11:22.816Z,coins_large,19.99,25000,2,0
pu_00004sp,p_002746,s_p_002746_00002,2024-07-02T13:09:06.566Z,coins_small,0.99,1000,2,0
pu_00004sq,p_002746,s_p_002746_00002,2024-07-02T13:17:26.937Z,coins_large,19.99,25000,2,0
pu_00004sr,p_002746,s_p_002746_00004,2024-07-04T06:16:11.419Z,vip_monthly,9.99,10000,4,0
pu_00004ss,p_002746,s_p_002746_00005,2024-07-07T06:34:07.672Z,coins_large,19.99,25000,7,0
pu_00004st,p_002746,s_p_002746_00005,2024-07-07T06:37:54.085Z,coins_large,19.99,25000,7,0
pu_00004su,p_002746,s_p_002746_00006,2024-07-12T13:17:49.977Z,coins_medium,4.99,5500,12,0
pu_00004sv,p_002746,s_p_002746_00006,2024-07-12T13:05:00.646Z,coins_large,19.99,25000,12,0
pu_00004sw,p_002746,s_p_002746_00006,2024-07-12T13:03:33.625Z,vip_monthly,9.99,10000,12,0
pu_00004sx,p_002746,s_p_002746_00006,2024-07-12T13:10:42.026Z,coins_large,19.99,25000,12,0
pu_00004sy,p_002746,s_p_002746_00006,2024-07-12T12:57:08.041Z,coins_large,19.99,25000,12,0
pu_00004sz,p_002746,s_p_002746_00012,2024-07-20T17:38:03.954Z,coins_large,19.99,25000,20,0
pu_00004t0,p_002746,s_p_002746_00013,2024-07-22T18:41:23.709Z,coins_medium,4.99,5500,22,0
pu_00004t1,p_002746,s_p_002746_00016,2024-07-28T18:44:43.623Z,coins_medium,4.99,5500,28,0
pu_00004t2,p_002746,s_p_002746_00017,2024-07-31T11:38:22.674Z,coins_medium,4.99,5500,31,0
pu_00004t3,p_002746,s_p_002746_00017,2024-07-31T11:25:59.762Z,coins_small,0.99,1000,31,0
pu_00004t4,p_002746,s_p_002746_00017,2024-07-31T11:27:28.444Z,coins_large,19.99,25000,31,0
pu_00004t5,p_002746,s_p_002746_00018,2024-07-31T13:13:03.929Z,coins_small,0.99,1000,31,0
pu_00004t6,p_002746,s_p_002746_00022,2024-08-06T12:19:02.424Z,coins_medium,4.99,5500,37,0
pu_00004t7,p_002746,s_p_002746_00025,2024-08-09T17:39:42.168Z,coins_large,19.99,25000,40,0
pu_00004t8,p_002746,s_p_002746_00025,2024-08-09T17:17:38.700Z,coins_large,19.99,25000,40,0
pu_00004t9,p_002746,s_p_002746_00030,2024-08-17T11:16:01.202Z,coins_medium,4.99,5500,48,0
pu_00004ta,p_002746,s_p_002746_00032,2024-08-22T11:20:44.912Z,coins_medium,4.99,5500,53,0
pu_00004tb,p_002746,s_p_002746_00033,2024-08-22T15:19:11.654Z,vip_monthly,9.99,10000,53,0
pu_00004tc,p_002746,s_p_002746_00036,2024-09-01T07:25:58.402Z,coins_medium,4.99,5500,63,0
pu_00004td,p_002746,s_p_002746_00036,2024-09-01T07:45:34.421Z,coins_large,19.99,25000,63,0
pu_00004te,p_002746,s_p_002746_00043,2024-09-15T18:32:39.426Z,coins_small,0.99,1000,77,0
pu_00004tf,p_002746,s_p_002746_00045,2024-09-18T17:16:46.497Z,coins_small,0.99,1000,80,0
pu_00004tg,p_002746,s_p_002746_00047,2024-09-19T12:12:15.209Z,coins_large,19.99,25000,81,0
pu_00004th,p_002746,s_p_002746_00049,2024-09-21T18:29:59.540Z,coins_medium,4.99,5500,83,0
pu_00004ti,p_002746,s_p_002746_00052,2024-09-23T18:54:18.633Z,vip_monthly,9.99,10000,85,0
pu_00004tj,p_002746,s_p_002746_00057,2024-09-25T22:47:21.722Z,coins_large,19.99,25000,87,0
pu_00004tk,p_002746,s_p_002746_00058,2024-09-26T12:12:57.669Z,coins_medium,4.99,5500,88,0
pu_00004tl,p_002746,s_p_002746_00060,2024-09-28T15:10:55.553Z,coins_large,19.99,25000,90,0
pu_00004tm,p_002746,s_p_002746_00060,2024-09-28T15:12:34.432Z,coins_large,19.99,25000,90,0
pu_00004tn,p_002746,s_p_002746_00060,2024-09-28T15:09:33.499Z,coins_medium,4.99,5500,90,0
pu_00004to,p_002746,s_p_002746_00062,2024-10-02T20:21:59.503Z,coins_small,0.99,1000,94,0
pu_00004tp,p_002746,s_p_002746_00063,2024-10-04T16:57:58.259Z,coins_medium,4.99,5500,96,0
pu_00004tq,p_002746,s_p_002746_00064,2024-10-05T06:18:57.643Z,coins_small,0.99,1000,97,0
pu_00004tr,p_002746,s_p_002746_00065,2024-10-05T07:31:41.793Z,vip_monthly,9.99,10000,97,0
pu_00004ts,p_002746,s_p_002746_00066,2024-10-05T23:02:07.967Z,coins_large,19.99,25000,97,0
pu_00004tt,p_002746,s_p_002746_00067,2024-10-06T17:50:25.036Z,coins_medium,4.99,5500,98,0
pu_00004tu,p_002746,s_p_002746_00073,2024-10-10T23:25:59.907Z,coins_small,0.99,1000,102,0
pu_00004tv,p_002746,s_p_002746_00074,2024-10-11T14:11:50.045Z,coins_large,19.99,25000,103,0
pu_00004tw,p_002746,s_p_002746_00078,2024-10-22T22:56:19.753Z,coins_small,0.99,1000,114,0
pu_00004tx,p_002746,s_p_002746_00078,2024-10-22T23:10:42.108Z,starter_pack,1.99,2000,114,0
pu_00004ty,p_002746,s_p_002746_00081,2024-10-27T13:03:28.181Z,coins_large,19.99,25000,119,0
pu_00004tz,p_002746,s_p_002746_00082,2024-10-27T21:39:26.455Z,vip_monthly,9.99,10000,119,0
pu_00004u0,p_002746,s_p_002746_00085,2024-10-30T22:26:22.482Z,coins_small,0.99,1000,122,0
pu_00004u1,p_002746,s_p_002746_00086,2024-10-31T08:02:24.591Z,coins_large,19.99,25000,123,0
pu_00004u2,p_002746,s_p_002746_00103,2024-11-20T18:57:43.865Z,coins_medium,4.99,5500,143,0
pu_00004u3,p_002746,s_p_002746_00103,2024-11-20T19:01:25.741Z,coins_medium,4.99,5500,143,0
pu_00004u4,p_002746,s_p_002746_00103,2024-11-20T18:57:14.556Z,vip_monthly,9.99,10000,143,0
pu_00004u5,p_002746,s_p_002746_00105,2024-11-21T14:41:46.126Z,coins_large,19.99,25000,144,0
pu_00004u6,p_002746,s_p_002746_00106,2024-11-22T16:40:48.571Z,coins_medium,4.99,5500,145,0
pu_00004u7,p_002746,s_p_002746_00107,2024-11-24T14:20:52.704Z,starter_pack,1.99,2000,147,0
pu_00004u8,p_002746,s_p_002746_00110,2024-11-27T20:10:04.773Z,coins_medium,4.99,5500,150,0
pu_00004u9,p_002746,s_p_002746_00113,2024-11-30T22:08:26.441Z,coins_medium,4.99,5500,153,0
pu_00004ua,p_002746,s_p_002746_00118,2024-12-06T11:09:59.071Z,coins_large,19.99,25000,159,0
pu_00004ub,p_002746,s_p_002746_00121,2024-12-11T16:51:27.752Z,vip_monthly,9.99,10000,164,0
pu_00004uc,p_002746,s_p_002746_00126,2024-12-24T13:32:21.890Z,coins_large,19.99,25000,177,0
pu_00004ud,p_002819,s_p_002819_00001,2024-06-20T18:35:49.561Z,coins_small,0.99,1000,1,1
pu_00004ue,p_002819,s_p_002819_00001,2024-06-20T18:52:32.268Z,coins_large,19.99,25000,1,0
pu_00004uf,p_002819,s_p_002819_00001,2024-06-20T18:41:37.663Z,coins_medium,4.99,5500,1,0
pu_00004ug,p_002819,s_p_002819_00002,2024-06-22T09:29:21.187Z,coins_large,19.99,25000,3,0
pu_00004uh,p_002819,s_p_002819_00002,2024-06-22T09:39:34.785Z,coins_medium,4.99,5500,3,0
pu_00004ui,p_002819,s_p_002819_00003,2024-06-22T10:21:13.417Z,vip_monthly,9.99,10000,3,0
pu_00004uj,p_002819,s_p_002819_00004,2024-06-23T10:17:30.157Z,coins_medium,4.99,5500,4,0
pu_00004uk,p_002819,s_p_002819_00004,2024-06-23T10:12:02.156Z,coins_small,0.99,1000,4,0
pu_00004ul,p_002819,s_p_002819_00004,2024-06-23T10:27:08.578Z,vip_monthly,9.99,10000,4,0
pu_00004um,p_002819,s_p_002819_00005,2024-06-23T10:32:40.136Z,coins_large,19.99,25000,4,0
pu_00004un,p_002819,s_p_002819_00005,2024-06-23T10:37:46.740Z,coins_medium,4.99,5500,4,0
pu_00004uo,p_002819,s_p_002819_00005,2024-06-23T10:25:46.886Z,coins_large,19.99,25000,4,0
pu_00004up,p_002819,s_p_002819_00006,2024-06-24T09:16:44.361Z,vip_monthly,9.99,10000,5,0
pu_00004uq,p_002819,s_p_002819_00006,2024-06-24T09:15:14.936Z,coins_small,0.99,1000,5,0
pu_00004ur,p_002819,s_p_002819_00006,2024-06-24T09:17:45.655Z,vip_monthly,9.99,10000,5,0
pu_00004us,p_002819,s_p_002819_00007,2024-06-25T16:08:17.495Z,coins_large,19.99,25000,6,0
pu_00004ut,p_002819,s_p_002819_00008,2024-06-26T22:24:38.838Z,vip_monthly,9.99,10000,7,0
pu_00004uu,p_002819,s_p_002819_00010,2024-06-27T20:07:15.923Z,coins_small,0.99,1000,8,0
pu_00004uv,p_002819,s_p_002819_00012,2024-06-28T23:29:14.375Z,coins_medium,4.99,5500,9,0
pu_00004uw,p_002819,s_p_002819_00013,2024-06-30T21:21:46.122Z,coins_medium,4.99,5500,11,0
pu_00004ux,p_002819,s_p_002819_00013,2024-06-30T21:28:09.420Z,vip_monthly,9.99,10000,11,0
pu_00004uy,p_002819,s_p_002819_00020,2024-07-05T18:08:31.299Z,vip_monthly,9.99,10000,16,0
pu_00004uz,p_002819,s_p_002819_00022,2024-07-08T18:36:41.192Z,vip_monthly,9.99,10000,19,0
pu_00004v0,p_002819,s_p_002819_00023,2024-07-09T07:12:10.037Z,coins_large,19.99,25000,20,0
pu_00004v1,p_002819,s_p_002819_00026,2024-07-10T07:31:13.299Z,vip_monthly,9.99,10000,21,0
pu_00004v2,p_002819,s_p_002819_00027,2024-07-10T08:59:13.068Z,coins_small,0.99,1000,21,0
pu_00004v3,p_002819,s_p_002819_00028,2024-07-14T07:49:56.289Z,vip_monthly,9.99,10000,25,0
pu_00004v4,p_002819,s_p_002819_00029,2024-07-14T18:54:43.363Z,coins_small,0.99,1000,25,0
pu_00004v5,p_002819,s_p_002819_00032,2024-07-17T16:43:15.207Z,coins_medium,4.99,5500,28,0
pu_00004v6,p_002819,s_p_002819_00036,2024-07-21T11:36:58.306Z,coins_large,19.99,25000,32,0
pu_00004v7,p_002819,s_p_002819_00036,2024-07-21T11:49:57.092Z,coins_large,19.99,25000,32,0
pu_00004v8,p_002819,s_p_002819_00037,2024-07-22T18:48:46.579Z,vip_monthly,9.99,10000,33,0
pu_00004v9,p_002819,s_p_002819_00041,2024-07-25T20:42:03.231Z,vip_monthly,9.99,10000,36,0
pu_00004va,p_002819,s_p_002819_00042,2024-07-26T18:01:43.795Z,coins_medium,4.99,5500,37,0
pu_00004vb,p_002819,s_p_002819_00046,2024-07-29T17:52:53.501Z,coins_small,0.99,1000,40,0
pu_00004vc,p_002819,s_p_002819_00051,2024-08-02T14:50:17.631Z,coins_large,19.99,25000,44,0
pu_00004vd,p_002819,s_p_002819_00051,2024-08-02T14:26:53.017Z,coins_large,19.99,25000,44,0
pu_00004ve,p_002819,s_p_002819_00054,2024-08-03T16:35:31.844Z,starter_pack,1.99,2000,45,0
pu_00004vf,p_002819,s_p_002819_00056,2024-08-06T15:34:03.967Z,starter_pack,1.99,2000,48,0
pu_00004vg,p_002819,s_p_002819_00067,2024-08-22T06:45:42.199Z,coins_medium,4.99,5500,64,0
pu_00004vh,p_002819,s_p_002819_00075,2024-08-31T17:28:39.127Z,coins_small,0.99,1000,73,0
pu_00004vi,p_002819,s_p_002819_00079,2024-09-01T17:30:14.950Z,coins_small,0.99,1000,74,0
pu_00004vj,p_002819,s_p_002819_00087,2024-09-16T23:28:38.598Z,coins_large,19.99,25000,89,0
pu_00004vk,p_002819,s_p_002819_00093,2024-09-21T19:06:05.736Z,coins_medium,4.99,5500,94,0
pu_00004vl,p_002819,s_p_002819_00096,2024-09-27T11:36:26.454Z,coins_medium,4.99,5500,100,0
pu_00004vm,p_002819,s_p_002819_00097,2024-09-28T18:12:29.915Z,coins_large,19.99,25000,101,0
pu_00004vn,p_002819,s_p_002819_00102,2024-10-04T21:27:49.128Z,coins_medium,4.99,5500,107,0
pu_00004vo,p_002819,s_p_002819_00103,2024-10-05T14:33:28.442Z,vip_monthly,9.99,10000,108,0
pu_00004vp,p_002819,s_p_002819_00105,2024-10-07T15:04:25.443Z,coins_medium,4.99,5500,110,0
pu_00004vq,p_002819,s_p_002819_00109,2024-10-09T12:56:13.760Z,coins_large,19.99,25000,112,0
pu_00004vr,p_002819,s_p_002819_00110,2024-10-09T13:39:42.612Z,coins_small,0.99,1000,112,0
pu_00004vs,p_002819,s_p_002819_00112,2024-10-11T20:45:55.132Z,coins_small,0.99,1000,114,0
pu_00004vt,p_002819,s_p_002819_00113,2024-10-12T16:44:16.310Z,coins_medium,4.99,5500,115,0
pu_00004vu,p_002819,s_p_002819_00114,2024-10-12T17:42:14.296Z,coins_medium,4.99,5500,115,0
pu_00004vv,p_002819,s_p_002819_00115,2024-10-14T17:37:42.571Z,coins_medium,4.99,5500,117,0
pu_00004vw,p_002819,s_p_002819_00123,2024-10-21T16:15:05.068Z,coins_medium,4.99,5500,124,0
pu_00004vx,p_002819,s_p_002819_00125,2024-10-21T20:06:17.878Z,coins_medium,4.99,5500,124,0
pu_00004vy,p_002819,s_p_002819_00125,2024-10-21T20:11:36.545Z,coins_medium,4.99,5500,124,0
pu_00004vz,p_002819,s_p_002819_00125,2024-10-21T20:10:16.605Z,coins_large,19.99,25000,124,0
pu_00004w0,p_002819,s_p_002819_00130,2024-10-24T23:25:16.118Z,coins_medium,4.99,5500,127,0
pu_00004w1,p_002819,s_p_002819_00146,2024-11-12T06:38:48.326Z,coins_medium,4.99,5500,146,0
pu_00004w2,p_002819,s_p_002819_00149,2024-11-14T13:11:19.056Z,coins_large,19.99,25000,148,0
pu_00004w3,p_002819,s_p_002819_00152,2024-11-16T11:23:51.106Z,starter_pack,1.99,2000,150,0
pu_00004w4,p_002819,s_p_002819_00158,2024-12-02T20:58:01.250Z,coins_large,19.99,25000,166,0
pu_00004w5,p_002819,s_p_002819_00161,2024-12-06T12:44:48.117Z,coins_large,19.99,25000,170,0
pu_00004w6,p_002819,s_p_002819_00161,2024-12-06T12:55:20.878Z,vip_monthly,9.99,10000,170,0
pu_00004w7,p_002819,s_p_002819_00163,2024-12-10T14:43:14.855Z,coins_large,19.99,25000,174,0
pu_00004w8,p_002819,s_p_002819_00169,2024-12-26T22:46:05.149Z,coins_large,19.99,25000,190,0
pu_00004w9,p_002993,s_p_002993_00001,2024-04-15T09:33:16.129Z,coins_small,0.99,1000,0,1
pu_00004wa,p_002993,s_p_002993_00004,2024-04-19T17:41:31.901Z,starter_pack,1.99,2000,4,0
pu_00004wb,p_002993,s_p_002993_00005,2024-04-20T19:49:27.410Z,starter_pack,1.99,2000,5,0
pu_00004wc,p_002993,s_p_002993_00006,2024-04-29T14:38:23.749Z,coins_small,0.99,1000,14,0
pu_00004wd,p_002993,s_p_002993_00012,2024-05-11T12:05:17.905Z,coins_small,0.99,1000,26,0
pu_00004we,p_002993,s_p_002993_00016,2024-05-17T20:05:48.658Z,starter_pack,1.99,2000,32,0
pu_00004wf,p_002993,s_p_002993_00017,2024-06-09T12:29:42.095Z,coins_small,0.99,1000,55,0
pu_00004wg,p_002902,s_p_002902_00005,2024-06-13T14:13:21.468Z,coins_small,0.99,1000,37,1
pu_00004wh,p_002902,s_p_002902_00010,2024-07-22T18:33:24.710Z,coins_small,0.99,1000,76,0
pu_00004wi,p_002902,s_p_002902_00012,2024-08-11T16:25:19.464Z,coins_medium,4.99,5500,96,0
pu_00004wj,p_002902,s_p_002902_00012,2024-08-11T16:24:02.616Z,coins_small,0.99,1000,96,0
pu_00004wk,p_002902,s_p_002902_00013,2024-08-12T22:58:48.898Z,coins_small,0.99,1000,97,0
pu_00004wl,p_002902,s_p_002902_00013,2024-08-12T22:53:02.297Z,coins_medium,4.99,5500,97,0
pu_00004wm,p_002817,s_p_002817_00002,2024-01-08T07:41:07.483Z,coins_small,0.99,1000,5,1
pu_00004wn,p_002817,s_p_002817_00003,2024-01-11T12:50:58.786Z,coins_large,19.99,25000,8,0
pu_00004wo,p_002817,s_p_002817_00004,2024-01-12T07:12:17.405Z,coins_small,0.99,1000,9,0
pu_00004wp,p_002817,s_p_002817_00004,2024-01-12T07:22:10.607Z,vip_monthly,9.99,10000,9,0
pu_00004wq,p_002817,s_p_002817_00004,2024-01-12T07:18:18.997Z,coins_small,0.99,1000,9,0
pu_00004wr,p_002817,s_p_002817_00005,2024-01-13T21:45:05.220Z,coins_large,19.99,25000,10,0
pu_00004ws,p_002817,s_p_002817_00005,2024-01-13T21:47:37.457Z,coins_medium,4.99,5500,10,0
pu_00004wt,p_002817,s_p_002817_00006,2024-01-14T08:52:06.447Z,coins_medium,4.99,5500,11,0
pu_00004wu,p_002817,s_p_002817_00015,2024-01-22T21:43:01.679Z,vip_monthly,9.99,10000,19,0
pu_00004wv,p_002817,s_p_002817_00020,2024-01-26T15:33:14.750Z,coins_small,0.99,1000,23,0
pu_00004ww,p_002817,s_p_002817_00022,2024-01-28T11:53:55.736Z,coins_small,0.99,1000,25,0
pu_00004wx,p_002817,s_p_002817_00042,2024-03-02T18:33:57.966Z,coins_large,19.99,25000,59,0
pu_00004wy,p_002817,s_p_002817_00047,2024-03-13T08:06:32.787Z,coins_small,0.99,1000,70,0
pu_00004wz,p_002817,s_p_002817_00054,2024-03-28T14:06:35.946Z,coins_medium,4.99,5500,85,0
pu_00004x0,p_002817,s_p_002817_00059,2024-04-06T17:04:24.416Z,starter_pack,1.99,2000,94,0
pu_00004x1,p_002817,s_p_002817_00068,2024-04-16T15:14:04.910Z,vip_monthly,9.99,10000,104,0
pu_00004x2,p_002817,s_p_002817_00068,2024-04-16T15:08:24.951Z,coins_medium,4.99,5500,104,0
pu_00004x3,p_002817,s_p_002817_00076,2024-04-24T12:03:35.586Z,coins_small,0.99,1000,112,0
pu_00004x4,p_002817,s_p_002817_00079,2024-04-27T09:37:52.403Z,vip_monthly,9.99,10000,115,0
pu_00004x5,p_002817,s_p_002817_00088,2024-05-04T15:01:28.779Z,coins_small,0.99,1000,122,0
pu_00004x6,p_002817,s_p_002817_00093,2024-05-08T13:35:11.705Z,coins_medium,4.99,5500,126,0
pu_00004x7,p_002817,s_p_002817_00099,2024-05-16T17:10:19.722Z,coins_large,19.99,25000,134,0
pu_00004x8,p_002817,s_p_002817_00101,2024-05-17T11:28:19.651Z,vip_monthly,9.99,10000,135,0
pu_00004x9,p_002817,s_p_002817_00109,2024-05-21T18:15:42.621Z,coins_large,19.99,25000,139,0
pu_00004xa,p_002817,s_p_002817_00120,2024-06-06T21:23:48.886Z,coins_medium,4.99,5500,155,0
pu_00004xb,p_002817,s_p_002817_00123,2024-06-08T13:57:05.042Z,vip_monthly,9.99,10000,157,0
pu_00004xc,p_002817,s_p_002817_00126,2024-06-10T12:07:29.145Z,vip_monthly,9.99,10000,159,0
pu_00004xd,p_002817,s_p_002817_00129,2024-06-13T20:13:05.422Z,coins_small,0.99,1000,162,0
pu_00004xe,p_002817,s_p_002817_00135,2024-06-20T09:35:35.997Z,vip_monthly,9.99,10000,169,0
pu_00004xf,p_002817,s_p_002817_00141,2024-06-29T13:11:14.603Z,coins_large,19.99,25000,178,0
pu_00004xg,p_002817,s_p_002817_00162,2024-07-24T20:39:49.628Z,coins_large,19.99,25000,203,0
pu_00004xh,p_002817,s_p_002817_00166,2024-08-01T15:15:06.585Z,coins_large,19.99,25000,211,0
pu_00004xi,p_002817,s_p_002817_00170,2024-08-03T11:54:01.895Z,coins_small,0.99,1000,213,0
pu_00004xj,p_002817,s_p_002817_00175,2024-08-07T21:14:31.945Z,coins_large,19.99,25000,217,0
pu_00004xk,p_002817,s_p_002817_00178,2024-08-13T06:14:25.529Z,starter_pack,1.99,2000,223,0
pu_00004xl,p_002817,s_p_002817_00181,2024-08-15T08:49:05.117Z,coins_medium,4.99,5500,225,0
pu_00004xm,p_002817,s_p_002817_00188,2024-08-22T17:58:47.375Z,coins_medium,4.99,5500,232,0
pu_00004xn,p_002817,s_p_002817_00196,2024-08-30T22:43:33.812Z,coins_small,0.99,1000,240,0
pu_00004xo,p_002817,s_p_002817_00199,2024-09-01T10:25:32.913Z,vip_monthly,9.99,10000,242,0
pu_00004xp,p_002817,s_p_002817_00209,2024-09-16T09:58:50.589Z,vip_monthly,9.99,10000,257,0
pu_00004xq,p_002817,s_p_002817_00209,2024-09-16T09:57:39.023Z,coins_medium,4.99,5500,257,0
pu_00004xr,p_002817,s_p_002817_00213,2024-09-21T11:38:31.020Z,coins_medium,4.99,5500,262,0
pu_00004xs,p_002817,s_p_002817_00233,2024-10-15T14:25:02.638Z,coins_small,0.99,1000,286,0
pu_00004xt,p_002817,s_p_002817_00239,2024-10-20T14:23:19.884Z,coins_medium,4.99,5500,291,0
pu_00004xu,p_002817,s_p_002817_00240,2024-10-22T11:45:56.237Z,coins_large,19.99,25000,293,0
pu_00004xv,p_002817,s_p_002817_00245,2024-10-30T21:40:21.400Z,coins_large,19.99,25000,301,0
pu_00004xw,p_002817,s_p_002817_00245,2024-10-30T21:23:48.419Z,coins_medium,4.99,5500,301,0
pu_00004xx,p_002817,s_p_002817_00248,2024-11-04T07:04:51.221Z,coins_large,19.99,25000,306,0
pu_00004xy,p_002817,s_p_002817_00254,2024-11-11T19:02:28.488Z,coins_medium,4.99,5500,313,0
pu_00004xz,p_002817,s_p_002817_00260,2024-11-25T14:24:48.379Z,coins_medium,4.99,5500,327,0
pu_00004y0,p_002961,s_p_002961_00004,2024-09-11T14:59:51.066Z,starter_pack,1.99,2000,20,1
pu_00004y1,p_002961,s_p_002961_00005,2024-09-12T10:41:49.311Z,coins_medium,4.99,5500,21,0
pu_00004y2,p_002961,s_p_002961_00005,2024-09-12T10:41:41.633Z,starter_pack,1.99,2000,21,0
pu_00004y3,p_002961,s_p_002961_00007,2024-10-16T22:00:23.517Z,coins_small,0.99,1000,55,0
pu_00004y4,p_002961,s_p_002961_00010,2024-10-26T13:37:30.722Z,coins_small,0.99,1000,65,0
pu_00004y5,p_002961,s_p_002961_00011,2024-10-26T14:29:46.159Z,coins_small,0.99,1000,65,0
pu_00004y6,p_002961,s_p_002961_00011,2024-10-26T14:22:26.120Z,coins_medium,4.99,5500,65,0
pu_00004y7,p_002961,s_p_002961_00014,2024-11-24T17:54:51.532Z,coins_medium,4.99,5500,94,0
pu_00004y8,p_002731,s_p_002731_00002,2024-03-22T08:07:45.361Z,vip_monthly,9.99,10000,4,1
pu_00004y9,p_002731,s_p_002731_00003,2024-03-22T10:09:02.788Z,coins_medium,4.99,5500,4,0
pu_00004ya,p_002731,s_p_002731_00004,2024-03-25T07:21:25.752Z,coins_large,19.99,25000,7,0
pu_00004yb,p_002731,s_p_002731_00006,2024-03-26T16:54:34.358Z,coins_large,19.99,25000,8,0
pu_00004yc,p_002731,s_p_002731_00006,2024-03-26T16:55:48.083Z,coins_medium,4.99,5500,8,0
pu_00004yd,p_002731,s_p_002731_00006,2024-03-26T17:07:29.067Z,coins_medium,4.99,5500,8,0
pu_00004ye,p_002731,s_p_002731_00007,2024-04-01T16:39:18.641Z,coins_large,19.99,25000,14,0
pu_00004yf,p_002731,s_p_002731_00011,2024-04-05T14:23:47.536Z,coins_large,19.99,25000,18,0
pu_00004yg,p_002731,s_p_002731_00015,2024-04-10T07:15:18.992Z,starter_pack,1.99,2000,23,0
pu_00004yh,p_002731,s_p_002731_00016,2024-04-11T15:39:12.894Z,coins_medium,4.99,5500,24,0
pu_00004yi,p_002731,s_p_002731_00019,2024-04-13T19:44:44.486Z,coins_small,0.99,1000,26,0
pu_00004yj,p_002731,s_p_002731_00023,2024-04-15T09:24:28.877Z,coins_large,19.99,25000,28,0
pu_00004yk,p_002731,s_p_002731_00029,2024-04-20T08:14:21.392Z,coins_medium,4.99,5500,33,0
pu_00004yl,p_002731,s_p_002731_00032,2024-04-23T12:46:05.100Z,coins_medium,4.99,5500,36,0
pu_00004ym,p_002731,s_p_002731_00042,2024-05-06T11:41:57.048Z,coins_small,0.99,1000,49,0
pu_00004yn,p_002731,s_p_002731_00053,2024-05-18T22:04:11.969Z,coins_medium,4.99,5500,61,0
pu_00004yo,p_002731,s_p_002731_00056,2024-05-23T17:02:07.479Z,coins_large,19.99,25000,66,0
pu_00004yp,p_002731,s_p_002731_00056,2024-05-23T16:44:19.117Z,coins_medium,4.99,5500,66,0
pu_00004yq,p_002731,s_p_002731_00063,2024-06-03T17:16:27.203Z,coins_large,19.99,25000,77,0
pu_00004yr,p_002731,s_p_002731_00066,2024-06-07T14:25:45.481Z,coins_medium,4.99,5500,81,0
pu_00004ys,p_002731,s_p_002731_00069,2024-06-08T22:34:52.647Z,coins_medium,4.99,5500,82,0
pu_00004yt,p_002731,s_p_002731_00069,2024-06-08T22:14:11.354Z,coins_medium,4.99,5500,82,0
pu_00004yu,p_002731,s_p_002731_00070,2024-06-09T15:13:28.454Z,coins_medium,4.99,5500,83,0
pu_00004yv,p_002731,s_p_002731_00077,2024-06-14T16:31:37.850Z,coins_large,19.99,25000,88,0
pu_00004yw,p_002731,s_p_002731_00094,2024-07-13T08:23:23.089Z,vip_monthly,9.99,10000,117,0
pu_00004yx,p_002731,s_p_002731_00095,2024-07-15T07:19:30.264Z,coins_large,19.99,25000,119,0
pu_00004yy,p_002731,s_p_002731_00111,2024-08-01T10:57:10.949Z,starter_pack,1.99,2000,136,0
pu_00004yz,p_002731,s_p_002731_00126,2024-08-20T07:26:18.531Z,coins_large,19.99,25000,155,0
pu_00004z0,p_002731,s_p_002731_00126,2024-08-20T07:30:55.030Z,vip_monthly,9.99,10000,155,0
pu_00004z1,p_002731,s_p_002731_00132,2024-08-25T13:20:58.275Z,coins_medium,4.99,5500,160,0
pu_00004z2,p_002731,s_p_002731_00133,2024-08-27T13:26:28.750Z,coins_large,19.99,25000,162,0
pu_00004z3,p_002731,s_p_002731_00136,2024-09-01T21:23:46.687Z,coins_small,0.99,1000,167,0
pu_00004z4,p_002731,s_p_002731_00138,2024-09-02T17:50:58.101Z,coins_large,19.99,25000,168,0
pu_00004z5,p_002731,s_p_002731_00147,2024-09-11T22:46:59.470Z,coins_large,19.99,25000,177,0
pu_00004z6,p_002731,s_p_002731_00153,2024-09-17T21:07:58.935Z,coins_medium,4.99,5500,183,0
pu_00004z7,p_002731,s_p_002731_00160,2024-09-26T08:53:12.698Z,coins_large,19.99,25000,192,0
pu_00004z8,p_002731,s_p_002731_00162,2024-09-30T18:19:28.578Z,coins_large,19.99,25000,196,0
pu_00004z9,p_002731,s_p_002731_00163,2024-09-30T21:45:13.371Z,coins_medium,4.99,5500,196,0
pu_00004za,p_002833,s_p_002833_00002,2024-02-13T08:09:54.775Z,starter_pack,1.99,2000,4,1
pu_00004zb,p_002833,s_p_002833_00003,2024-02-13T11:38:05.825Z,coins_medium,4.99,5500,4,0
pu_00004zc,p_002833,s_p_002833_00003,2024-02-13T11:31:40.026Z,coins_large,19.99,25000,4,0
pu_00004zd,p_002833,s_p_002833_00003,2024-02-13T11:35:55.072Z,coins_large,19.99,25000,4,0
pu_00004ze,p_002833,s_p_002833_00004,2024-02-25T16:10:03.231Z,starter_pack,1.99,2000,16,0
pu_00004zf,p_002833,s_p_002833_00004,2024-02-25T16:08:32.861Z,coins_medium,4.99,5500,16,0
pu_00004zg,p_002833,s_p_002833_00007,2024-02-29T21:43:15.250Z,vip_monthly,9.99,10000,20,0
pu_00004zh,p_002833,s_p_002833_00009,2024-03-02T10:13:57.038Z,coins_medium,4.99,5500,22,0
pu_00004zi,p_002833,s_p_002833_00009,2024-03-02T10:04:06.227Z,vip_monthly,9.99,10000,22,0
pu_00004zj,p_002833,s_p_002833_00012,2024-03-05T10:56:59.508Z,coins_small,0.99,1000,25,0
pu_00004zk,p_002833,s_p_002833_00013,2024-03-06T15:48:20.845Z,coins_small,0.99,1000,26,0
pu_00004zl,p_002833,s_p_002833_00016,2024-03-11T06:49:46.153Z,coins_large,19.99,25000,31,0
pu_00004zm,p_002833,s_p_002833_00018,2024-03-12T20:29:37.547Z,coins_small,0.99,1000,32,0
pu_00004zn,p_002833,s_p_002833_00021,2024-03-14T22:09:00.118Z,coins_medium,4.99,5500,34,0
pu_00004zo,p_002833,s_p_002833_00021,2024-03-14T22:20:00.397Z,coins_large,19.99,25000,34,0
pu_00004zp,p_002833,s_p_002833_00023,2024-03-16T12:02:52.404Z,vip_monthly,9.99,10000,36,0
pu_00004zq,p_002833,s_p_002833_00024,2024-03-18T23:13:40.982Z,coins_medium,4.99,5500,38,0
pu_00004zr,p_002833,s_p_002833_00026,2024-03-21T12:10:45.289Z,coins_medium,4.99,5500,41,0
pu_00004zs,p_002833,s_p_002833_00031,2024-03-26T20:52:15.484Z,coins_large,19.99,25000,46,0
pu_00004zt,p_002833,s_p_002833_00032,2024-03-27T06:43:47.290Z,coins_small,0.99,1000,47,0
pu_00004zu,p_002833,s_p_002833_00042,2024-04-05T23:10:16.600Z,vip_monthly,9.99,10000,56,0
pu_00004zv,p_002833,s_p_002833_00047,2024-04-11T16:44:00.306Z,vip_monthly,9.99,10000,62,0
pu_00004zw,p_002833,s_p_002833_00055,2024-04-25T16:11:57.223Z,coins_medium,4.99,5500,76,0
pu_00004zx,p_002833,s_p_002833_00055,2024-04-25T16:13:33.425Z,starter_pack,1.99,2000,76,0
pu_00004zy,p_002833,s_p_002833_00059,2024-05-02T15:09:33.406Z,vip_monthly,9.99,10000,83,0
pu_00004zz,p_002833,s_p_002833_00064,2024-05-06T17:33:26.158Z,coins_small,0.99,1000,87,0
pu_0000500,p_002833,s_p_002833_00065,2024-05-08T14:27:06.427Z,coins_medium,4.99,5500,89,0
pu_0000501,p_002833,s_p_002833_00069,2024-05-12T11:21:41.729Z,coins_large,19.99,25000,93,0
pu_0000502,p_002833,s_p_002833_00071,2024-05-14T16:46:55.047Z,coins_large,19.99,25000,95,0
pu_0000503,p_002833,s_p_002833_00072,2024-05-16T20:45:48.820Z,coins_large,19.99,25000,97,0
pu_0000504,p_002833,s_p_002833_00074,2024-05-17T19:16:43.908Z,coins_large,19.99,25000,98,0
pu_0000505,p_002833,s_p_002833_00074,2024-05-17T19:04:09.833Z,vip_monthly,9.99,10000,98,0
pu_0000506,p_002833,s_p_002833_00077,2024-05-22T16:06:41.020Z,coins_large,19.99,25000,103,0
pu_0000507,p_002833,s_p_002833_00079,2024-05-25T07:38:36.321Z,coins_large,19.99,25000,106,0
pu_0000508,p_002833,s_p_002833_00096,2024-06-13T14:51:30.173Z,coins_large,19.99,25000,125,0
pu_0000509,p_002833,s_p_002833_00098,2024-06-14T11:34:43.590Z,coins_large,19.99,25000,126,0
pu_000050a,p_002833,s_p_002833_00102,2024-06-20T15:16:40.515Z,coins_medium,4.99,5500,132,0
pu_000050b,p_002833,s_p_002833_00103,2024-06-23T13:06:35.966Z,coins_small,0.99,1000,135,0
pu_000050c,p_002833,s_p_002833_00103,2024-06-23T13:22:13.078Z,coins_medium,4.99,5500,135,0
pu_000050d,p_002833,s_p_002833_00103,2024-06-23T13:19:06.012Z,coins_large,19.99,25000,135,0
pu_000050e,p_002833,s_p_002833_00105,2024-06-25T09:07:47.256Z,coins_large,19.99,25000,137,0
pu_000050f,p_002833,s_p_002833_00105,2024-06-25T08:58:52.710Z,coins_medium,4.99,5500,137,0
pu_000050g,p_002833,s_p_002833_00106,2024-06-27T22:44:29.162Z,coins_medium,4.99,5500,139,0
pu_000050h,p_002833,s_p_002833_00108,2024-06-29T10:39:47.392Z,coins_medium,4.99,5500,141,0
pu_000050i,p_002833,s_p_002833_00113,2024-07-01T16:29:25.548Z,coins_small,0.99,1000,143,0
pu_000050j,p_002833,s_p_002833_00115,2024-07-05T13:19:21.479Z,coins_small,0.99,1000,147,0
pu_000050k,p_002833,s_p_002833_00119,2024-07-09T09:36:12.517Z,coins_large,19.99,25000,151,0
pu_000050l,p_002833,s_p_002833_00121,2024-07-09T17:02:41.969Z,coins_medium,4.99,5500,151,0
pu_000050m,p_002833,s_p_002833_00122,2024-07-10T09:52:22.071Z,coins_large,19.99,25000,152,0
pu_000050n,p_002833,s_p_002833_00123,2024-07-11T09:04:28.576Z,coins_large,19.99,25000,153,0
pu_000050o,p_002833,s_p_002833_00125,2024-07-15T07:54:49.187Z,vip_monthly,9.99,10000,157,0
pu_000050p,p_002833,s_p_002833_00126,2024-07-16T18:23:56.821Z,coins_medium,4.99,5500,158,0
pu_000050q,p_002833,s_p_002833_00133,2024-07-28T14:19:32.922Z,vip_monthly,9.99,10000,170,0
pu_000050r,p_002833,s_p_002833_00135,2024-07-31T22:50:39.986Z,starter_pack,1.99,2000,173,0
pu_000050s,p_002833,s_p_002833_00138,2024-08-07T12:10:14.382Z,coins_small,0.99,1000,180,0
pu_000050t,p_002890,s_p_002890_00001,2024-06-28T22:33:52.903Z,coins_medium,4.99,5500,1,1
pu_000050u,p_002890,s_p_002890_00001,2024-06-28T22:27:05.945Z,coins_large,19.99,25000,1,0
pu_000050v,p_002890,s_p_002890_00004,2024-07-10T15:31:43.707Z,coins_medium,4.99,5500,13,0
pu_000050w,p_002890,s_p_002890_00004,2024-07-10T15:22:47.527Z,starter_pack,1.99,2000,13,0
pu_000050x,p_002890,s_p_002890_00004,2024-07-10T15:31:03.605Z,starter_pack,1.99,2000,13,0
pu_000050y,p_002890,s_p_002890_00005,2024-07-10T16:11:29.771Z,coins_medium,4.99,5500,13,0
pu_000050z,p_002890,s_p_002890_00005,2024-07-10T16:20:26.659Z,coins_medium,4.99,5500,13,0
pu_0000510,p_002890,s_p_002890_00005,2024-07-10T16:18:57.976Z,coins_small,0.99,1000,13,0
pu_0000511,p_002890,s_p_002890_00007,2024-07-23T18:26:47.125Z,coins_small,0.99,1000,26,0
pu_0000512,p_002890,s_p_002890_00008,2024-07-23T23:17:50.058Z,starter_pack,1.99,2000,26,0
pu_0000513,p_002890,s_p_002890_00008,2024-07-23T23:13:42.720Z,coins_small,0.99,1000,26,0
pu_0000514,p_002890,s_p_002890_00009,2024-07-29T12:38:13.451Z,coins_small,0.99,1000,32,0
pu_0000515,p_002890,s_p_002890_00009,2024-07-29T12:39:37.378Z,starter_pack,1.99,2000,32,0
pu_0000516,p_002890,s_p_002890_00009,2024-07-29T12:38:44.723Z,coins_medium,4.99,5500,32,0
pu_0000517,p_002890,s_p_002890_00010,2024-08-08T21:12:13.790Z,starter_pack,1.99,2000,42,0
pu_0000518,p_002890,s_p_002890_00012,2024-08-20T21:32:04.808Z,coins_small,0.99,1000,54,0
pu_0000519,p_002890,s_p_002890_00012,2024-08-20T21:28:53.494Z,coins_small,0.99,1000,54,0
pu_000051a,p_002890,s_p_002890_00012,2024-08-20T21:23:09.169Z,starter_pack,1.99,2000,54,0
pu_000051b,p_002828,s_p_002828_00001,2024-06-21T08:27:59.173Z,starter_pack,1.99,2000,0,1
pu_000051c,p_002828,s_p_002828_00001,2024-06-21T08:30:33.771Z,starter_pack,1.99,2000,0,0
pu_000051d,p_002828,s_p_002828_00002,2024-06-25T23:36:33.856Z,coins_large,19.99,25000,4,0
pu_000051e,p_002828,s_p_002828_00002,2024-06-25T23:29:02.550Z,coins_large,19.99,25000,4,0
pu_000051f,p_002828,s_p_002828_00004,2024-06-28T10:46:29.748Z,coins_medium,4.99,5500,7,0
pu_000051g,p_002828,s_p_002828_00004,2024-06-28T10:40:32.513Z,starter_pack,1.99,2000,7,0
pu_000051h,p_002828,s_p_002828_00004,2024-06-28T10:54:24.386Z,coins_small,0.99,1000,7,0
pu_000051i,p_002828,s_p_002828_00005,2024-06-28T11:00:28.295Z,coins_large,19.99,25000,7,0
pu_000051j,p_002828,s_p_002828_00005,2024-06-28T11:02:03.391Z,vip_monthly,9.99,10000,7,0
pu_000051k,p_002828,s_p_002828_00006,2024-06-30T19:24:37.322Z,coins_medium,4.99,5500,9,0
pu_000051l,p_002828,s_p_002828_00009,2024-07-04T06:31:27.209Z,coins_medium,4.99,5500,13,0
pu_000051m,p_002828,s_p_002828_00012,2024-07-08T15:13:32.155Z,coins_small,0.99,1000,17,0
pu_000051n,p_002828,s_p_002828_00013,2024-07-10T19:28:34.915Z,coins_medium,4.99,5500,19,0
pu_000051o,p_002828,s_p_002828_00017,2024-07-13T15:49:24.596Z,coins_large,19.99,25000,22,0
pu_000051p,p_002828,s_p_002828_00024,2024-07-18T20:46:30.982Z,starter_pack,1.99,2000,27,0
pu_000051q,p_002828,s_p_002828_00028,2024-07-26T13:50:25.400Z,coins_large,19.99,25000,35,0
pu_000051r,p_002828,s_p_002828_00029,2024-07-28T13:07:01.221Z,coins_medium,4.99,5500,37,0
pu_000051s,p_002828,s_p_002828_00029,2024-07-28T13:08:41.970Z,coins_large,19.99,25000,37,0
pu_000051t,p_002828,s_p_002828_00030,2024-07-29T16:19:42.044Z,coins_small,0.99,1000,38,0
pu_000051u,p_002828,s_p_002828_00030,2024-07-29T16:31:41.596Z,coins_small,0.99,1000,38,0
pu_000051v,p_002828,s_p_002828_00031,2024-07-31T19:21:35.612Z,vip_monthly,9.99,10000,40,0
pu_000051w,p_002828,s_p_002828_00035,2024-08-10T12:53:59.121Z,coins_large,19.99,25000,50,0
pu_000051x,p_002828,s_p_002828_00038,2024-08-14T12:05:28.628Z,coins_large,19.99,25000,54,0
pu_000051y,p_002828,s_p_002828_00038,2024-08-14T12:06:48.192Z,vip_monthly,9.99,10000,54,0
pu_000051z,p_002828,s_p_002828_00042,2024-08-22T07:14:04.340Z,starter_pack,1.99,2000,62,0
pu_0000520,p_002828,s_p_002828_00047,2024-08-27T14:42:22.373Z,coins_small,0.99,1000,67,0
pu_0000521,p_002828,s_p_002828_00052,2024-09-01T17:53:06.890Z,starter_pack,1.99,2000,72,0
pu_0000522,p_002828,s_p_002828_00057,2024-09-12T09:49:56.947Z,vip_monthly,9.99,10000,83,0
pu_0000523,p_002828,s_p_002828_00064,2024-09-25T12:33:25.776Z,coins_small,0.99,1000,96,0
pu_0000524,p_002828,s_p_002828_00066,2024-09-29T23:56:45.440Z,coins_large,19.99,25000,100,0
pu_0000525,p_002828,s_p_002828_00066,2024-09-29T23:56:06.315Z,coins_large,19.99,25000,100,0
pu_0000526,p_002828,s_p_002828_00070,2024-10-15T17:04:56.622Z,coins_large,19.99,25000,116,0
pu_0000527,p_002828,s_p_002828_00071,2024-10-17T12:17:29.091Z,coins_small,0.99,1000,118,0
pu_0000528,p_002828,s_p_002828_00075,2024-10-23T19:56:41.582Z,coins_large,19.99,25000,124,0
pu_0000529,p_002828,s_p_002828_00075,2024-10-23T19:50:14.612Z,coins_medium,4.99,5500,124,0
pu_000052a,p_002828,s_p_002828_00077,2024-10-28T12:54:22.823Z,coins_large,19.99,25000,129,0
pu_000052b,p_002828,s_p_002828_00078,2024-10-28T20:58:20.876Z,coins_large,19.99,25000,129,0
pu_000052c,p_002828,s_p_002828_00078,2024-10-28T20:55:41.624Z,coins_small,0.99,1000,129,0
pu_000052d,p_002828,s_p_002828_00079,2024-10-31T12:34:00.694Z,coins_medium,4.99,5500,132,0
pu_000052e,p_002828,s_p_002828_00081,2024-10-31T22:54:12.354Z,coins_medium,4.99,5500,132,0
pu_000052f,p_002828,s_p_002828_00084,2024-11-04T14:11:25.854Z,vip_monthly,9.99,10000,136,0
pu_000052g,p_002828,s_p_002828_00086,2024-11-05T07:35:08.634Z,starter_pack,1.99,2000,137,0
pu_000052h,p_002828,s_p_002828_00092,2024-11-12T20:31:24.149Z,coins_medium,4.99,5500,144,0
pu_000052i,p_002828,s_p_002828_00095,2024-11-15T20:16:42.909Z,vip_monthly,9.99,10000,147,0
pu_000052j,p_002828,s_p_002828_00096,2024-11-17T20:57:04.079Z,coins_small,0.99,1000,149,0
pu_000052k,p_002828,s_p_002828_00100,2024-11-22T15:27:02.209Z,coins_large,19.99,25000,154,0
pu_000052l,p_002828,s_p_002828_00101,2024-11-23T13:41:47.411Z,coins_medium,4.99,5500,155,0
pu_000052m,p_002828,s_p_002828_00102,2024-11-23T17:20:13.128Z,coins_large,19.99,25000,155,0
pu_000052n,p_002828,s_p_002828_00105,2024-11-26T14:21:46.340Z,vip_monthly,9.99,10000,158,0
pu_000052o,p_002828,s_p_002828_00107,2024-11-29T18:15:32.069Z,coins_large,19.99,25000,161,0
pu_000052p,p_002828,s_p_002828_00110,2024-12-06T16:29:51.234Z,coins_large,19.99,25000,168,0
pu_000052q,p_002828,s_p_002828_00113,2024-12-16T13:39:47.055Z,coins_medium,4.99,5500,178,0
pu_000052r,p_002828,s_p_002828_00113,2024-12-16T13:32:33.462Z,coins_large,19.99,25000,178,0
pu_000052s,p_002828,s_p_002828_00113,2024-12-16T13:38:17.312Z,vip_monthly,9.99,10000,178,0
pu_000052t,p_002828,s_p_002828_00114,2024-12-24T12:40:34.217Z,coins_large,19.99,25000,186,0
pu_000052u,p_002871,s_p_002871_00001,2024-09-04T18:25:00.819Z,starter_pack,1.99,2000,0,1
pu_000052v,p_002871,s_p_002871_00004,2024-10-02T23:12:38.439Z,starter_pack,1.99,2000,28,0
pu_000052w,p_002871,s_p_002871_00004,2024-10-02T23:10:17.976Z,coins_small,0.99,1000,28,0
pu_000052x,p_002871,s_p_002871_00004,2024-10-02T23:08:01.288Z,coins_small,0.99,1000,28,0
pu_000052y,p_002871,s_p_002871_00006,2024-10-07T18:25:13.499Z,coins_medium,4.99,5500,33,0
pu_000052z,p_002871,s_p_002871_00007,2024-10-20T20:38:39.567Z,coins_medium,4.99,5500,46,0
pu_0000530,p_002871,s_p_002871_00007,2024-10-20T20:39:01.706Z,coins_small,0.99,1000,46,0
pu_0000531,p_002871,s_p_002871_00008,2024-10-25T15:55:13.832Z,coins_medium,4.99,5500,51,0
pu_0000532,p_002871,s_p_002871_00010,2024-11-03T10:30:27.659Z,coins_small,0.99,1000,60,0
pu_0000533,p_002871,s_p_002871_00011,2024-11-09T16:28:44.048Z,coins_small,0.99,1000,66,0
pu_0000534,p_002871,s_p_002871_00012,2024-11-30T19:55:49.692Z,coins_small,0.99,1000,87,0
pu_0000535,p_002871,s_p_002871_00012,2024-11-30T19:48:50.120Z,starter_pack,1.99,2000,87,0
pu_0000536,p_002871,s_p_002871_00013,2024-12-17T16:35:02.995Z,starter_pack,1.99,2000,104,0
pu_0000537,p_002977,s_p_002977_00001,2024-06-24T09:09:54.952Z,coins_small,0.99,1000,3,1
pu_0000538,p_002977,s_p_002977_00001,2024-06-24T09:05:16.197Z,coins_small,0.99,1000,3,0
pu_0000539,p_002977,s_p_002977_00005,2024-07-09T17:58:05.399Z,coins_medium,4.99,5500,18,0
pu_000053a,p_002977,s_p_002977_00005,2024-07-09T17:59:59.704Z,coins_medium,4.99,5500,18,0
pu_000053b,p_002977,s_p_002977_00005,2024-07-09T17:59:27.388Z,coins_small,0.99,1000,18,0
pu_000053c,p_002977,s_p_002977_00005,2024-07-09T17:53:26.777Z,coins_small,0.99,1000,18,0
pu_000053d,p_002977,s_p_002977_00006,2024-07-22T11:48:15.619Z,coins_small,0.99,1000,31,0
pu_000053e,p_002977,s_p_002977_00006,2024-07-22T11:47:39.520Z,coins_small,0.99,1000,31,0
pu_000053f,p_002977,s_p_002977_00006,2024-07-22T11:49:30.956Z,coins_small,0.99,1000,31,0
pu_000053g,p_002977,s_p_002977_00007,2024-07-26T17:23:00.687Z,coins_medium,4.99,5500,35,0
pu_000053h,p_002977,s_p_002977_00007,2024-07-26T17:23:25.428Z,coins_small,0.99,1000,35,0
pu_000053i,p_002977,s_p_002977_00008,2024-07-28T06:18:52.184Z,coins_small,0.99,1000,37,0
pu_000053j,p_002977,s_p_002977_00009,2024-08-03T08:52:28.718Z,vip_monthly,9.99,10000,43,0
pu_000053k,p_002977,s_p_002977_00010,2024-08-03T16:15:01.796Z,coins_small,0.99,1000,43,0
pu_000053l,p_002977,s_p_002977_00010,2024-08-03T16:07:17.833Z,starter_pack,1.99,2000,43,0
pu_000053m,p_002977,s_p_002977_00010,2024-08-03T16:12:03.226Z,coins_small,0.99,1000,43,0
pu_000053n,p_002977,s_p_002977_00010,2024-08-03T16:11:38.087Z,coins_medium,4.99,5500,43,0
pu_000053o,p_002977,s_p_002977_00011,2024-08-04T18:57:48.066Z,coins_medium,4.99,5500,44,0
pu_000053p,p_002977,s_p_002977_00011,2024-08-04T18:55:34.787Z,coins_medium,4.99,5500,44,0
pu_000053q,p_002977,s_p_002977_00012,2024-08-08T16:18:02.309Z,coins_large,19.99,25000,48,0
pu_000053r,p_002977,s_p_002977_00014,2024-08-17T18:03:05.214Z,coins_small,0.99,1000,57,0
pu_000053s,p_002977,s_p_002977_00016,2024-09-06T17:15:41.428Z,coins_medium,4.99,5500,77,0
pu_000053t,p_002977,s_p_002977_00016,2024-09-06T17:16:52.184Z,coins_medium,4.99,5500,77,0
pu_000053u,p_002977,s_p_002977_00017,2024-09-09T21:20:48.029Z,coins_medium,4.99,5500,80,0
pu_000053v,p_002977,s_p_002977_00017,2024-09-09T21:27:43.309Z,coins_medium,4.99,5500,80,0
pu_000053w,p_002845,s_p_002845_00001,2024-04-12T11:37:39.905Z,starter_pack,1.99,2000,1,1
pu_000053x,p_002845,s_p_002845_00001,2024-04-12T11:30:09.791Z,coins_medium,4.99,5500,1,0
pu_000053y,p_002845,s_p_002845_00001,2024-04-12T11:43:42.001Z,coins_medium,4.99,5500,1,0
pu_000053z,p_002845,s_p_002845_00002,2024-04-12T12:56:04.589Z,coins_small,0.99,1000,1,0
pu_0000540,p_002845,s_p_002845_00002,2024-04-12T12:56:45.223Z,vip_monthly,9.99,10000,1,0
pu_0000541,p_002845,s_p_002845_00003,2024-04-15T08:31:46.790Z,coins_medium,4.99,5500,4,0
pu_0000542,p_002845,s_p_002845_00004,2024-04-15T10:16:36.367Z,coins_large,19.99,25000,4,0
pu_0000543,p_002845,s_p_002845_00005,2024-04-15T13:59:19.671Z,coins_small,0.99,1000,4,0
pu_0000544,p_002845,s_p_002845_00005,2024-04-15T14:03:14.157Z,coins_small,0.99,1000,4,0
pu_0000545,p_002845,s_p_002845_00005,2024-04-15T14:05:04.885Z,vip_monthly,9.99,10000,4,0
pu_0000546,p_002845,s_p_002845_00006,2024-04-17T16:38:11.064Z,coins_medium,4.99,5500,6,0
pu_0000547,p_002845,s_p_002845_00006,2024-04-17T16:27:31.608Z,coins_medium,4.99,5500,6,0
pu_0000548,p_002845,s_p_002845_00013,2024-04-25T19:52:47.732Z,coins_large,19.99,25000,14,0
pu_0000549,p_002845,s_p_002845_00019,2024-05-04T12:50:44.139Z,vip_monthly,9.99,10000,23,0
pu_000054a,p_002845,s_p_002845_00024,2024-05-08T07:53:15.044Z,coins_large,19.99,25000,27,0
pu_000054b,p_002845,s_p_002845_00027,2024-05-10T13:16:50.994Z,coins_small,0.99,1000,29,0
pu_000054c,p_002845,s_p_002845_00036,2024-05-24T07:17:12.646Z,coins_large,19.99,25000,43,0
pu_000054d,p_002845,s_p_002845_00043,2024-05-31T09:01:13.351Z,coins_small,0.99,1000,50,0
pu_000054e,p_002845,s_p_002845_00049,2024-06-06T18:32:50.972Z,coins_small,0.99,1000,56,0
pu_000054f,p_002845,s_p_002845_00052,2024-06-09T13:53:32.738Z,coins_large,19.99,25000,59,0
pu_000054g,p_002845,s_p_002845_00060,2024-07-03T16:24:40.571Z,coins_large,19.99,25000,83,0
pu_000054h,p_002845,s_p_002845_00067,2024-07-14T18:02:55.706Z,coins_medium,4.99,5500,94,0
pu_000054i,p_002845,s_p_002845_00068,2024-07-15T17:52:53.083Z,coins_medium,4.99,5500,95,0
pu_000054j,p_002845,s_p_002845_00068,2024-07-15T17:42:40.747Z,coins_medium,4.99,5500,95,0
pu_000054k,p_002845,s_p_002845_00070,2024-07-19T16:56:07.616Z,coins_large,19.99,25000,99,0
pu_000054l,p_002845,s_p_002845_00075,2024-07-24T12:34:28.485Z,vip_monthly,9.99,10000,104,0
pu_000054m,p_002845,s_p_002845_00077,2024-07-26T16:37:16.910Z,coins_medium,4.99,5500,106,0
pu_000054n,p_002845,s_p_002845_00081,2024-08-03T23:26:32.038Z,coins_large,19.99,25000,114,0
pu_000054o,p_002845,s_p_002845_00085,2024-08-06T19:21:35.568Z,coins_large,19.99,25000,117,0
pu_000054p,p_002845,s_p_002845_00094,2024-08-15T21:18:21.617Z,coins_large,19.99,25000,126,0
pu_000054q,p_002845,s_p_002845_00100,2024-08-22T11:29:39.301Z,coins_medium,4.99,5500,133,0
pu_000054r,p_002845,s_p_002845_00120,2024-09-14T13:56:23.671Z,coins_medium,4.99,5500,156,0
pu_000054s,p_002845,s_p_002845_00130,2024-10-11T20:29:09.326Z,coins_medium,4.99,5500,183,0
pu_000054t,p_002845,s_p_002845_00137,2024-10-15T11:32:34.451Z,coins_large,19.99,25000,187,0
pu_000054u,p_002845,s_p_002845_00138,2024-10-15T22:18:02.560Z,coins_large,19.99,25000,187,0
pu_000054v,p_002845,s_p_002845_00146,2024-10-30T10:13:06.644Z,coins_small,0.99,1000,202,0
pu_000054w,p_002845,s_p_002845_00147,2024-11-01T08:31:17.617Z,coins_medium,4.99,5500,204,0
pu_000054x,p_002845,s_p_002845_00151,2024-11-04T22:49:54.047Z,coins_medium,4.99,5500,207,0
pu_000054y,p_002845,s_p_002845_00158,2024-11-22T17:48:55.831Z,coins_large,19.99,25000,225,0
pu_000054z,p_002845,s_p_002845_00158,2024-11-22T17:51:15.263Z,coins_large,19.99,25000,225,0
pu_0000550,p_002713,s_p_002713_00001,2024-02-19T08:33:30.265Z,coins_large,19.99,25000,0,1
pu_0000551,p_002713,s_p_002713_00003,2024-02-20T11:13:54.432Z,coins_medium,4.99,5500,1,0
pu_0000552,p_002713,s_p_002713_00004,2024-02-22T06:45:30.957Z,coins_large,19.99,25000,3,0
pu_0000553,p_002713,s_p_002713_00004,2024-02-22T06:50:16.639Z,coins_large,19.99,25000,3,0
pu_0000554,p_002713,s_p_002713_00005,2024-02-22T16:07:32.405Z,vip_monthly,9.99,10000,3,0
pu_0000555,p_002713,s_p_002713_00005,2024-02-22T16:04:53.035Z,coins_medium,4.99,5500,3,0
pu_0000556,p_002713,s_p_002713_00012,2024-03-09T09:20:09.114Z,coins_large,19.99,25000,19,0
pu_0000557,p_002713,s_p_002713_00015,2024-03-15T09:04:26.206Z,coins_small,0.99,1000,25,0
pu_0000558,p_002713,s_p_002713_00020,2024-03-17T10:09:20.909Z,coins_large,19.99,25000,27,0
pu_0000559,p_002713,s_p_002713_00021,2024-03-17T23:33:49.581Z,coins_large,19.99,25000,27,0
pu_000055a,p_002713,s_p_002713_00021,2024-03-17T23:38:47.592Z,coins_large,19.99,25000,27,0
pu_000055b,p_002713,s_p_002713_00029,2024-03-25T11:45:06.882Z,coins_medium,4.99,5500,35,0
pu_000055c,p_002713,s_p_002713_00037,2024-04-04T16:44:00.266Z,coins_medium,4.99,5500,45,0
pu_000055d,p_002713,s_p_002713_00041,2024-04-08T17:11:52.661Z,coins_large,19.99,25000,49,0
pu_000055e,p_002713,s_p_002713_00062,2024-04-28T16:47:18.311Z,coins_medium,4.99,5500,69,0
pu_000055f,p_002713,s_p_002713_00067,2024-05-05T16:18:26.941Z,coins_medium,4.99,5500,76,0
pu_000055g,p_002713,s_p_002713_00073,2024-05-14T16:39:36.253Z,vip_monthly,9.99,10000,85,0
pu_000055h,p_002713,s_p_002713_00077,2024-05-20T06:01:24.686Z,coins_large,19.99,25000,91,0
pu_000055i,p_002713,s_p_002713_00082,2024-05-26T21:54:39.074Z,coins_small,0.99,1000,97,0
pu_000055j,p_002713,s_p_002713_00091,2024-06-04T06:30:29.569Z,coins_large,19.99,25000,106,0
pu_000055k,p_002713,s_p_002713_00096,2024-06-05T11:26:52.845Z,coins_medium,4.99,5500,107,0
pu_000055l,p_002713,s_p_002713_00099,2024-06-06T11:00:46.244Z,coins_large,19.99,25000,108,0
pu_000055m,p_002713,s_p_002713_00101,2024-06-07T20:32:14.348Z,coins_large,19.99,25000,109,0
pu_000055n,p_002713,s_p_002713_00104,2024-06-08T19:47:10.222Z,coins_large,19.99,25000,110,0
pu_000055o,p_002713,s_p_002713_00118,2024-06-20T21:54:38.370Z,vip_monthly,9.99,10000,122,0
pu_000055p,p_002713,s_p_002713_00126,2024-07-07T20:34:10.312Z,coins_large,19.99,25000,139,0
pu_000055q,p_002713,s_p_002713_00127,2024-07-09T17:05:11.351Z,coins_large,19.99,25000,141,0
pu_000055r,p_002713,s_p_002713_00136,2024-07-24T13:16:55.215Z,vip_monthly,9.99,10000,156,0
pu_000055s,p_002713,s_p_002713_00139,2024-07-29T23:05:32.161Z,coins_small,0.99,1000,161,0
pu_000055t,p_002713,s_p_002713_00141,2024-08-02T07:33:58.264Z,coins_medium,4.99,5500,165,0
pu_000055u,p_002713,s_p_002713_00144,2024-08-05T13:52:54.389Z,coins_medium,4.99,5500,168,0
pu_000055v,p_002713,s_p_002713_00152,2024-08-11T18:21:29.602Z,vip_monthly,9.99,10000,174,0
pu_000055w,p_002713,s_p_002713_00155,2024-08-16T20:32:12.621Z,coins_large,19.99,25000,179,0
pu_000055x,p_002713,s_p_002713_00161,2024-08-27T12:29:40.688Z,coins_large,19.99,25000,190,0
pu_000055y,p_002713,s_p_002713_00162,2024-08-28T09:41:18.130Z,coins_large,19.99,25000,191,0
pu_000055z,p_002713,s_p_002713_00181,2024-09-18T07:09:37.726Z,coins_medium,4.99,5500,212,0
pu_0000560,p_002713,s_p_002713_00184,2024-09-25T23:08:53.935Z,coins_large,19.99,25000,219,0
pu_0000561,p_002847,s_p_002847_00001,2024-07-12T11:00:10.736Z,coins_large,19.99,25000,0,1
pu_0000562,p_002847,s_p_002847_00001,2024-07-12T10:58:17.974Z,coins_large,19.99,25000,0,0
pu_0000563,p_002847,s_p_002847_00002,2024-07-15T23:36:14.868Z,coins_large,19.99,25000,3,0
pu_0000564,p_002847,s_p_002847_00002,2024-07-15T23:20:33.481Z,coins_large,19.99,25000,3,0
pu_0000565,p_002847,s_p_002847_00002,2024-07-15T23:30:34.663Z,coins_large,19.99,25000,3,0
pu_0000566,p_002847,s_p_002847_00004,2024-07-18T06:20:23.222Z,coins_medium,4.99,5500,6,0
pu_0000567,p_002847,s_p_002847_00004,2024-07-18T06:17:42.950Z,coins_large,19.99,25000,6,0
pu_0000568,p_002847,s_p_002847_00004,2024-07-18T06:37:53.520Z,coins_large,19.99,25000,6,0
pu_0000569,p_002847,s_p_002847_00004,2024-07-18T06:29:02.187Z,coins_large,19.99,25000,6,0
pu_000056a,p_002847,s_p_002847_00004,2024-07-18T06:11:29.904Z,coins_large,19.99,25000,6,0
pu_000056b,p_002847,s_p_002847_00005,2024-07-21T18:20:38.088Z,coins_medium,4.99,5500,9,0
pu_000056c,p_002847,s_p_002847_00005,2024-07-21T18:18:19.838Z,starter_pack,1.99,2000,9,0
pu_000056d,p_002847,s_p_002847_00007,2024-07-24T16:00:38.554Z,coins_small,0.99,1000,12,0
pu_000056e,p_002847,s_p_002847_00009,2024-07-25T07:28:35.132Z,coins_large,19.99,25000,13,0
pu_000056f,p_002847,s_p_002847_00010,2024-07-25T09:05:53.356Z,coins_small,0.99,1000,13,0
pu_000056g,p_002847,s_p_002847_00012,2024-07-26T17:00:30.466Z,coins_medium,4.99,5500,14,0
pu_000056h,p_002847,s_p_002847_00013,2024-07-27T13:23:59.946Z,vip_monthly,9.99,10000,15,0
pu_000056i,p_002847,s_p_002847_00014,2024-07-29T21:19:30.530Z,coins_medium,4.99,5500,17,0
pu_000056j,p_002847,s_p_002847_00019,2024-08-03T16:22:51.680Z,vip_monthly,9.99,10000,22,0
pu_000056k,p_002847,s_p_002847_00023,2024-08-07T20:39:12.775Z,coins_large,19.99,25000,26,0
pu_000056l,p_002847,s_p_002847_00029,2024-08-14T08:49:16.664Z,coins_large,19.99,25000,33,0
pu_000056m,p_002847,s_p_002847_00030,2024-08-14T09:24:08.137Z,coins_small,0.99,1000,33,0
pu_000056n,p_002847,s_p_002847_00033,2024-08-16T21:23:23.650Z,coins_medium,4.99,5500,35,0
pu_000056o,p_002847,s_p_002847_00036,2024-08-18T19:17:46.120Z,coins_large,19.99,25000,37,0
pu_000056p,p_002847,s_p_002847_00037,2024-08-20T12:17:09.598Z,starter_pack,1.99,2000,39,0
pu_000056q,p_002847,s_p_002847_00042,2024-08-23T10:16:27.358Z,coins_medium,4.99,5500,42,0
pu_000056r,p_002847,s_p_002847_00046,2024-08-29T19:34:16.369Z,coins_small,0.99,1000,48,0
pu_000056s,p_002847,s_p_002847_00053,2024-09-08T12:49:19.149Z,coins_medium,4.99,5500,58,0
pu_000056t,p_002847,s_p_002847_00057,2024-09-14T21:59:13.250Z,coins_large,19.99,25000,64,0
pu_000056u,p_002847,s_p_002847_00059,2024-09-15T19:59:52.165Z,coins_medium,4.99,5500,65,0
pu_000056v,p_002847,s_p_002847_00059,2024-09-15T19:58:20.400Z,coins_large,19.99,25000,65,0
pu_000056w,p_002847,s_p_002847_00059,2024-09-15T20:04:18.817Z,vip_monthly,9.99,10000,65,0
pu_000056x,p_002847,s_p_002847_00062,2024-09-18T09:23:24.341Z,vip_monthly,9.99,10000,68,0
pu_000056y,p_002847,s_p_002847_00064,2024-09-23T08:55:10.918Z,coins_medium,4.99,5500,73,0
pu_000056z,p_002847,s_p_002847_00066,2024-09-28T10:40:13.886Z,coins_large,19.99,25000,78,0
pu_0000570,p_002847,s_p_002847_00068,2024-09-30T10:58:16.829Z,coins_medium,4.99,5500,80,0
pu_0000571,p_002847,s_p_002847_00070,2024-10-02T10:22:32.432Z,coins_medium,4.99,5500,82,0
pu_0000572,p_002847,s_p_002847_00070,2024-10-02T10:24:57.368Z,coins_medium,4.99,5500,82,0
pu_0000573,p_002847,s_p_002847_00073,2024-10-05T17:47:29.297Z,coins_large,19.99,25000,85,0
pu_0000574,p_002847,s_p_002847_00076,2024-10-09T21:05:08.526Z,vip_monthly,9.99,10000,89,0
pu_0000575,p_002847,s_p_002847_00081,2024-10-20T12:21:43.587Z,coins_large,19.99,25000,100,0
pu_0000576,p_002847,s_p_002847_00085,2024-10-22T12:49:52.962Z,coins_medium,4.99,5500,102,0
pu_0000577,p_002847,s_p_002847_00086,2024-10-23T15:06:10.173Z,coins_large,19.99,25000,103,0
pu_0000578,p_002847,s_p_002847_00086,2024-10-23T15:03:37.778Z,coins_large,19.99,25000,103,0
pu_0000579,p_002847,s_p_002847_00088,2024-10-24T21:53:08.624Z,coins_medium,4.99,5500,104,0
pu_000057a,p_002847,s_p_002847_00090,2024-10-25T23:48:28.819Z,coins_large,19.99,25000,105,0
pu_000057b,p_002847,s_p_002847_00097,2024-11-08T19:47:22.364Z,coins_large,19.99,25000,119,0
pu_000057c,p_002847,s_p_002847_00098,2024-11-08T22:12:11.614Z,vip_monthly,9.99,10000,119,0
pu_000057d,p_002847,s_p_002847_00100,2024-11-13T06:41:34.586Z,coins_large,19.99,25000,124,0
pu_000057e,p_002847,s_p_002847_00103,2024-11-17T09:18:51.349Z,coins_large,19.99,25000,128,0
pu_000057f,p_002847,s_p_002847_00103,2024-11-17T09:32:06.054Z,coins_medium,4.99,5500,128,0
pu_000057g,p_002847,s_p_002847_00104,2024-11-17T22:20:29.801Z,coins_large,19.99,25000,128,0
pu_000057h,p_002847,s_p_002847_00107,2024-11-19T21:31:38.208Z,coins_small,0.99,1000,130,0
pu_000057i,p_002847,s_p_002847_00109,2024-11-24T11:53:07.231Z,coins_medium,4.99,5500,135,0
pu_000057j,p_002847,s_p_002847_00118,2024-12-07T13:02:39.297Z,coins_medium,4.99,5500,148,0
pu_000057k,p_002847,s_p_002847_00122,2024-12-12T15:13:43.370Z,coins_medium,4.99,5500,153,0
pu_000057l,p_002847,s_p_002847_00126,2024-12-28T11:47:28.858Z,coins_large,19.99,25000,169,0
pu_000057m,p_002847,s_p_002847_00128,2024-12-28T19:21:09.264Z,coins_large,19.99,25000,169,0
pu_000057n,p_002847,s_p_002847_00128,2024-12-28T19:34:20.130Z,starter_pack,1.99,2000,169,0
pu_000057o,p_002912,s_p_002912_00001,2024-09-04T07:12:01.082Z,starter_pack,1.99,2000,4,1
pu_000057p,p_002912,s_p_002912_00001,2024-09-04T07:15:42.229Z,vip_monthly,9.99,10000,4,0
pu_000057q,p_002912,s_p_002912_00003,2024-09-17T15:32:49.334Z,coins_small,0.99,1000,17,0
pu_000057r,p_002912,s_p_002912_00005,2024-09-27T11:42:02.419Z,coins_small,0.99,1000,27,0
pu_000057s,p_002912,s_p_002912_00006,2024-10-01T16:17:01.419Z,coins_large,19.99,25000,31,0
pu_000057t,p_002912,s_p_002912_00006,2024-10-01T16:20:30.878Z,coins_small,0.99,1000,31,0
pu_000057u,p_002912,s_p_002912_00006,2024-10-01T16:16:36.108Z,coins_medium,4.99,5500,31,0
pu_000057v,p_002912,s_p_002912_00006,2024-10-01T16:10:59.326Z,coins_medium,4.99,5500,31,0
pu_000057w,p_002912,s_p_002912_00007,2024-10-11T06:00:23.090Z,coins_small,0.99,1000,41,0
pu_000057x,p_002912,s_p_002912_00008,2024-10-14T07:49:02.455Z,coins_small,0.99,1000,44,0
pu_000057y,p_002912,s_p_002912_00009,2024-10-18T07:11:41.074Z,coins_small,0.99,1000,48,0
pu_000057z,p_002912,s_p_002912_00009,2024-10-18T07:12:15.621Z,coins_medium,4.99,5500,48,0
pu_0000580,p_002912,s_p_002912_00009,2024-10-18T07:14:53.309Z,coins_medium,4.99,5500,48,0
pu_0000581,p_002912,s_p_002912_00009,2024-10-18T07:10:46.436Z,coins_medium,4.99,5500,48,0
pu_0000582,p_002912,s_p_002912_00009,2024-10-18T07:15:19.566Z,coins_small,0.99,1000,48,0
pu_0000583,p_002912,s_p_002912_00009,2024-10-18T07:13:46.554Z,coins_small,0.99,1000,48,0
pu_0000584,p_002912,s_p_002912_00010,2024-10-18T15:20:47.483Z,coins_small,0.99,1000,48,0
pu_0000585,p_002821,s_p_002821_00001,2024-03-24T20:31:48.582Z,coins_medium,4.99,5500,2,1
pu_0000586,p_002821,s_p_002821_00001,2024-03-24T20:07:59.609Z,coins_large,19.99,25000,2,0
pu_0000587,p_002821,s_p_002821_00001,2024-03-24T20:32:00.502Z,coins_medium,4.99,5500,2,0
pu_0000588,p_002821,s_p_002821_00002,2024-03-26T15:23:03.346Z,coins_small,0.99,1000,4,0
pu_0000589,p_002821,s_p_002821_00003,2024-03-29T14:00:48.195Z,coins_medium,4.99,5500,7,0
pu_000058a,p_002821,s_p_002821_00003,2024-03-29T13:47:06.957Z,coins_large,19.99,25000,7,0
pu_000058b,p_002821,s_p_002821_00003,2024-03-29T14:02:57.744Z,coins_large,19.99,25000,7,0
pu_000058c,p_002821,s_p_002821_00004,2024-04-01T07:15:47.630Z,coins_medium,4.99,5500,10,0
pu_000058d,p_002821,s_p_002821_00005,2024-04-03T06:28:22.118Z,coins_small,0.99,1000,12,0
pu_000058e,p_002821,s_p_002821_00006,2024-04-03T17:33:03.587Z,coins_large,19.99,25000,12,0
pu_000058f,p_002821,s_p_002821_00007,2024-04-06T09:37:08.784Z,coins_medium,4.99,5500,15,0
pu_000058g,p_002821,s_p_002821_00008,2024-04-07T07:33:20.519Z,coins_medium,4.99,5500,16,0
pu_000058h,p_002821,s_p_002821_00018,2024-04-22T17:54:15.348Z,coins_large,19.99,25000,31,0
pu_000058i,p_002821,s_p_002821_00022,2024-04-25T19:09:40.187Z,coins_medium,4.99,5500,34,0
pu_000058j,p_002821,s_p_002821_00028,2024-04-30T19:04:54.614Z,coins_large,19.99,25000,39,0
pu_000058k,p_002821,s_p_002821_00030,2024-05-01T12:46:42.696Z,vip_monthly,9.99,10000,40,0
pu_000058l,p_002821,s_p_002821_00034,2024-05-10T18:42:53.710Z,coins_large,19.99,25000,49,0
pu_000058m,p_002821,s_p_002821_00034,2024-05-10T18:39:04.621Z,coins_large,19.99,25000,49,0
pu_000058n,p_002821,s_p_002821_00035,2024-05-10T20:19:40.944Z,coins_medium,4.99,5500,49,0
pu_000058o,p_002821,s_p_002821_00036,2024-05-11T19:01:45.968Z,coins_large,19.99,25000,50,0
pu_000058p,p_002821,s_p_002821_00038,2024-05-11T23:40:59.956Z,coins_small,0.99,1000,50,0
pu_000058q,p_002821,s_p_002821_00041,2024-05-14T15:28:01.823Z,coins_medium,4.99,5500,53,0
pu_000058r,p_002821,s_p_002821_00044,2024-05-20T06:12:41.862Z,coins_large,19.99,25000,59,0
pu_000058s,p_002821,s_p_002821_00046,2024-05-24T20:20:42.212Z,coins_medium,4.99,5500,63,0
pu_000058t,p_002821,s_p_002821_00048,2024-05-28T18:19:42.726Z,coins_medium,4.99,5500,67,0
pu_000058u,p_002821,s_p_002821_00049,2024-05-30T14:18:10.061Z,vip_monthly,9.99,10000,69,0
pu_000058v,p_002821,s_p_002821_00050,2024-05-30T18:51:47.451Z,coins_large,19.99,25000,69,0
pu_000058w,p_002821,s_p_002821_00050,2024-05-30T18:43:00.415Z,coins_medium,4.99,5500,69,0
pu_000058x,p_002821,s_p_002821_00051,2024-05-31T20:02:59.916Z,coins_small,0.99,1000,70,0
pu_000058y,p_002821,s_p_002821_00059,2024-06-13T10:39:07.337Z,coins_medium,4.99,5500,83,0
pu_000058z,p_002821,s_p_002821_00061,2024-06-14T22:25:32.733Z,coins_medium,4.99,5500,84,0
pu_0000590,p_002821,s_p_002821_00064,2024-06-16T12:40:10.287Z,coins_small,0.99,1000,86,0
pu_0000591,p_002821,s_p_002821_00067,2024-06-22T19:23:41.884Z,coins_medium,4.99,5500,92,0
pu_0000592,p_002821,s_p_002821_00067,2024-06-22T19:09:52.629Z,coins_small,0.99,1000,92,0
pu_0000593,p_002821,s_p_002821_00070,2024-06-24T14:51:28.161Z,vip_monthly,9.99,10000,94,0
pu_0000594,p_002821,s_p_002821_00071,2024-06-24T18:17:10.836Z,vip_monthly,9.99,10000,94,0
pu_0000595,p_002821,s_p_002821_00071,2024-06-24T18:19:55.497Z,vip_monthly,9.99,10000,94,0
pu_0000596,p_002821,s_p_002821_00071,2024-06-24T18:29:42.568Z,coins_medium,4.99,5500,94,0
pu_0000597,p_002821,s_p_002821_00075,2024-06-27T08:28:14.876Z,coins_large,19.99,25000,97,0
pu_0000598,p_002821,s_p_002821_00076,2024-06-27T16:13:57.660Z,coins_small,0.99,1000,97,0
pu_0000599,p_002821,s_p_002821_00078,2024-06-30T19:19:01.530Z,vip_monthly,9.99,10000,100,0
pu_000059a,p_002821,s_p_002821_00086,2024-07-14T13:23:35.330Z,vip_monthly,9.99,10000,114,0
pu_000059b,p_002821,s_p_002821_00093,2024-07-24T07:11:56.826Z,coins_medium,4.99,5500,124,0
pu_000059c,p_002821,s_p_002821_00096,2024-08-02T20:20:26.047Z,coins_large,19.99,25000,133,0
pu_000059d,p_002821,s_p_002821_00102,2024-08-15T16:16:22.065Z,coins_small,0.99,1000,146,0
pu_000059e,p_002821,s_p_002821_00103,2024-08-16T15:33:19.182Z,coins_medium,4.99,5500,147,0
pu_000059f,p_002821,s_p_002821_00103,2024-08-16T15:49:59.485Z,coins_medium,4.99,5500,147,0
pu_000059g,p_002821,s_p_002821_00111,2024-08-25T20:02:05.204Z,coins_large,19.99,25000,156,0
pu_000059h,p_002821,s_p_002821_00112,2024-08-27T08:24:18.991Z,coins_medium,4.99,5500,158,0
pu_000059i,p_002821,s_p_002821_00117,2024-08-30T18:54:50.298Z,coins_small,0.99,1000,161,0
pu_000059j,p_002821,s_p_002821_00121,2024-09-03T10:46:06.394Z,coins_large,19.99,25000,165,0
pu_000059k,p_002821,s_p_002821_00123,2024-09-06T18:28:10.032Z,coins_large,19.99,25000,168,0
pu_000059l,p_002821,s_p_002821_00124,2024-09-07T15:42:24.792Z,coins_small,0.99,1000,169,0
pu_000059m,p_002821,s_p_002821_00128,2024-09-11T12:07:04.415Z,coins_large,19.99,25000,173,0
pu_000059n,p_002821,s_p_002821_00134,2024-09-21T06:39:21.356Z,coins_small,0.99,1000,183,0
pu_000059o,p_002821,s_p_002821_00138,2024-09-27T07:50:35.366Z,vip_monthly,9.99,10000,189,0
pu_000059p,p_002821,s_p_002821_00139,2024-09-29T17:45:07.009Z,vip_monthly,9.99,10000,191,0
pu_000059q,p_002821,s_p_002821_00142,2024-10-08T09:02:56.677Z,coins_small,0.99,1000,200,0
pu_000059r,p_002821,s_p_002821_00144,2024-10-09T09:54:06.919Z,coins_large,19.99,25000,201,0
pu_000059s,p_002821,s_p_002821_00145,2024-10-09T14:50:22.140Z,coins_medium,4.99,5500,201,0
pu_000059t,p_002821,s_p_002821_00151,2024-10-13T15:52:33.475Z,coins_large,19.99,25000,205,0
pu_000059u,p_002821,s_p_002821_00155,2024-10-22T09:08:22.472Z,vip_monthly,9.99,10000,214,0
pu_000059v,p_002821,s_p_002821_00157,2024-10-25T17:47:40.499Z,coins_large,19.99,25000,217,0
pu_000059w,p_002821,s_p_002821_00158,2024-10-26T23:10:13.472Z,coins_large,19.99,25000,218,0
pu_000059x,p_002821,s_p_002821_00166,2024-11-08T11:29:01.775Z,coins_large,19.99,25000,231,0
pu_000059y,p_002821,s_p_002821_00170,2024-11-11T07:24:06.582Z,vip_monthly,9.99,10000,234,0
pu_000059z,p_002821,s_p_002821_00174,2024-11-17T10:50:28.355Z,coins_medium,4.99,5500,240,0
pu_00005a0,p_002821,s_p_002821_00182,2024-11-24T17:12:19.907Z,coins_small,0.99,1000,247,0
pu_00005a1,p_002821,s_p_002821_00183,2024-11-29T10:10:20.872Z,vip_monthly,9.99,10000,252,0
pu_00005a2,p_002821,s_p_002821_00186,2024-11-30T21:03:04.045Z,coins_medium,4.99,5500,253,0
pu_00005a3,p_002821,s_p_002821_00193,2024-12-10T22:18:34.161Z,starter_pack,1.99,2000,263,0
pu_00005a4,p_002726,s_p_002726_00001,2024-04-13T07:36:22.137Z,coins_medium,4.99,5500,0,1
pu_00005a5,p_002726,s_p_002726_00002,2024-04-14T10:12:30.147Z,coins_medium,4.99,5500,1,0
pu_00005a6,p_002726,s_p_002726_00002,2024-04-14T10:07:15.486Z,coins_medium,4.99,5500,1,0
pu_00005a7,p_002726,s_p_002726_00002,2024-04-14T10:09:00.345Z,starter_pack,1.99,2000,1,0
pu_00005a8,p_002726,s_p_002726_00003,2024-04-16T07:21:49.023Z,coins_medium,4.99,5500,3,0
pu_00005a9,p_002726,s_p_002726_00003,2024-04-16T07:24:41.277Z,coins_large,19.99,25000,3,0
pu_00005aa,p_002726,s_p_002726_00004,2024-04-17T14:53:09.463Z,coins_small,0.99,1000,4,0
pu_00005ab,p_002726,s_p_002726_00004,2024-04-17T15:04:56.476Z,coins_medium,4.99,5500,4,0
pu_00005ac,p_002726,s_p_002726_00005,2024-04-19T11:23:59.547Z,coins_large,19.99,25000,6,0
pu_00005ad,p_002726,s_p_002726_00005,2024-04-19T11:20:28.618Z,coins_medium,4.99,5500,6,0
pu_00005ae,p_002726,s_p_002726_00006,2024-04-19T12:24:03.401Z,coins_medium,4.99,5500,6,0
pu_00005af,p_002726,s_p_002726_00006,2024-04-19T12:22:32.868Z,coins_large,19.99,25000,6,0
pu_00005ag,p_002726,s_p_002726_00006,2024-04-19T12:55:36.371Z,starter_pack,1.99,2000,6,0
pu_00005ah,p_002726,s_p_002726_00006,2024-04-19T12:41:40.646Z,vip_monthly,9.99,10000,6,0
pu_00005ai,p_002726,s_p_002726_00006,2024-04-19T12:55:25.630Z,vip_monthly,9.99,10000,6,0
pu_00005aj,p_002726,s_p_002726_00006,2024-04-19T12:41:53.819Z,coins_medium,4.99,5500,6,0
pu_00005ak,p_002726,s_p_002726_00007,2024-04-21T15:57:51.273Z,coins_medium,4.99,5500,8,0
pu_00005al,p_002726,s_p_002726_00009,2024-04-23T07:04:55.143Z,coins_medium,4.99,5500,10,0
pu_00005am,p_002726,s_p_002726_00011,2024-04-23T22:13:14.526Z,vip_monthly,9.99,10000,10,0
pu_00005an,p_002726,s_p_002726_00013,2024-05-01T22:47:34.958Z,vip_monthly,9.99,10000,18,0
pu_00005ao,p_002726,s_p_002726_00020,2024-05-15T08:00:03.143Z,vip_monthly,9.99,10000,32,0
pu_00005ap,p_002726,s_p_002726_00021,2024-05-15T16:05:39.553Z,coins_medium,4.99,5500,32,0
pu_00005aq,p_002726,s_p_002726_00026,2024-05-21T16:28:32.367Z,coins_small,0.99,1000,38,0
pu_00005ar,p_002726,s_p_002726_00029,2024-05-30T15:54:06.174Z,coins_large,19.99,25000,47,0
pu_00005as,p_002726,s_p_002726_00029,2024-05-30T15:59:41.148Z,coins_medium,4.99,5500,47,0
pu_00005at,p_002726,s_p_002726_00032,2024-05-31T15:18:51.976Z,coins_medium,4.99,5500,48,0
pu_00005au,p_002726,s_p_002726_00035,2024-06-03T09:13:25.566Z,vip_monthly,9.99,10000,51,0
pu_00005av,p_002726,s_p_002726_00035,2024-06-03T09:09:48.503Z,coins_small,0.99,1000,51,0
pu_00005aw,p_002726,s_p_002726_00042,2024-06-10T10:12:13.739Z,vip_monthly,9.99,10000,58,0
pu_00005ax,p_002726,s_p_002726_00043,2024-06-10T18:13:57.608Z,vip_monthly,9.99,10000,58,0
pu_00005ay,p_002726,s_p_002726_00045,2024-06-13T18:34:20.568Z,coins_large,19.99,25000,61,0
pu_00005az,p_002726,s_p_002726_00049,2024-06-21T22:53:57.930Z,coins_small,0.99,1000,69,0
pu_00005b0,p_002726,s_p_002726_00051,2024-06-22T21:09:53.886Z,coins_large,19.99,25000,70,0
pu_00005b1,p_002726,s_p_002726_00052,2024-06-25T17:58:57.485Z,vip_monthly,9.99,10000,73,0
pu_00005b2,p_002726,s_p_002726_00053,2024-06-30T10:59:54.346Z,coins_medium,4.99,5500,78,0
pu_00005b3,p_002726,s_p_002726_00053,2024-06-30T11:17:41.890Z,starter_pack,1.99,2000,78,0
pu_00005b4,p_002726,s_p_002726_00055,2024-07-05T14:12:56.883Z,coins_large,19.99,25000,83,0
pu_00005b5,p_002726,s_p_002726_00068,2024-07-21T17:50:11.902Z,coins_large,19.99,25000,99,0
pu_00005b6,p_002726,s_p_002726_00075,2024-07-25T16:20:27.245Z,coins_medium,4.99,5500,103,0
pu_00005b7,p_002726,s_p_002726_00079,2024-07-29T10:09:29.122Z,coins_medium,4.99,5500,107,0
pu_00005b8,p_002726,s_p_002726_00081,2024-07-30T11:59:47.509Z,coins_large,19.99,25000,108,0
pu_00005b9,p_002726,s_p_002726_00082,2024-07-31T16:20:16.862Z,coins_medium,4.99,5500,109,0
pu_00005ba,p_002726,s_p_002726_00085,2024-08-10T11:44:16.061Z,coins_large,19.99,25000,119,0
pu_00005bb,p_002726,s_p_002726_00085,2024-08-10T11:54:06.358Z,coins_small,0.99,1000,119,0
pu_00005bc,p_002726,s_p_002726_00089,2024-08-12T09:56:49.780Z,coins_large,19.99,25000,121,0
pu_00005bd,p_002726,s_p_002726_00093,2024-08-19T21:32:22.311Z,coins_large,19.99,25000,128,0
pu_00005be,p_002726,s_p_002726_00101,2024-09-03T15:27:52.126Z,coins_medium,4.99,5500,143,0
pu_00005bf,p_002726,s_p_002726_00104,2024-09-05T21:29:12.063Z,coins_medium,4.99,5500,145,0
pu_00005bg,p_002726,s_p_002726_00106,2024-09-06T18:40:52.961Z,coins_small,0.99,1000,146,0
pu_00005bh,p_002726,s_p_002726_00106,2024-09-06T18:16:39.366Z,coins_large,19.99,25000,146,0
pu_00005bi,p_002726,s_p_002726_00107,2024-09-06T22:43:25.068Z,vip_monthly,9.99,10000,146,0
pu_00005bj,p_002726,s_p_002726_00110,2024-09-08T07:36:36.665Z,coins_medium,4.99,5500,148,0
pu_00005bk,p_002726,s_p_002726_00110,2024-09-08T07:31:56.501Z,coins_medium,4.99,5500,148,0
pu_00005bl,p_002726,s_p_002726_00110,2024-09-08T07:36:56.336Z,coins_large,19.99,25000,148,0
pu_00005bm,p_002726,s_p_002726_00111,2024-09-10T20:50:25.037Z,coins_large,19.99,25000,150,0
pu_00005bn,p_002726,s_p_002726_00111,2024-09-10T21:23:47.721Z,coins_medium,4.99,5500,150,0
pu_00005bo,p_002726,s_p_002726_00113,2024-09-16T18:58:30.816Z,coins_small,0.99,1000,156,0
pu_00005bp,p_002726,s_p_002726_00117,2024-09-20T16:45:13.377Z,coins_medium,4.99,5500,160,0
pu_00005bq,p_002726,s_p_002726_00119,2024-09-20T21:47:28.304Z,coins_large,19.99,25000,160,0
pu_00005br,p_002726,s_p_002726_00127,2024-10-01T13:14:18.560Z,coins_medium,4.99,5500,171,0
pu_00005bs,p_002726,s_p_002726_00128,2024-10-01T20:59:09.048Z,coins_large,19.99,25000,171,0
pu_00005bt,p_002726,s_p_002726_00131,2024-10-03T17:22:48.547Z,coins_large,19.99,25000,173,0
pu_00005bu,p_002726,s_p_002726_00131,2024-10-03T17:38:44.986Z,coins_medium,4.99,5500,173,0
pu_00005bv,p_002726,s_p_002726_00131,2024-10-03T17:32:10.443Z,coins_large,19.99,25000,173,0
pu_00005bw,p_002726,s_p_002726_00134,2024-10-07T08:41:13.590Z,coins_medium,4.99,5500,177,0
pu_00005bx,p_002726,s_p_002726_00135,2024-10-07T12:14:17.745Z,coins_large,19.99,25000,177,0
pu_00005by,p_002726,s_p_002726_00137,2024-10-10T06:52:38.030Z,coins_large,19.99,25000,180,0
pu_00005bz,p_002726,s_p_002726_00140,2024-10-15T15:52:26.501Z,coins_small,0.99,1000,185,0
pu_00005c0,p_002726,s_p_002726_00146,2024-10-26T09:45:48.706Z,coins_large,19.99,25000,196,0
pu_00005c1,p_002726,s_p_002726_00150,2024-11-04T10:59:43.087Z,coins_medium,4.99,5500,205,0
pu_00005c2,p_002726,s_p_002726_00151,2024-11-05T09:38:18.704Z,coins_large,19.99,25000,206,0
pu_00005c3,p_002726,s_p_002726_00152,2024-11-05T10:42:16.861Z,vip_monthly,9.99,10000,206,0
pu_00005c4,p_002726,s_p_002726_00154,2024-11-06T14:35:27.496Z,coins_medium,4.99,5500,207,0
pu_00005c5,p_002726,s_p_002726_00160,2024-11-12T18:13:38.881Z,coins_medium,4.99,5500,213,0
pu_00005c6,p_002726,s_p_002726_00160,2024-11-12T18:08:06.922Z,vip_monthly,9.99,10000,213,0
pu_00005c7,p_002726,s_p_002726_00162,2024-11-14T23:08:19.082Z,coins_medium,4.99,5500,215,0
pu_00005c8,p_002726,s_p_002726_00163,2024-11-15T18:41:57.004Z,vip_monthly,9.99,10000,216,0
pu_00005c9,p_002726,s_p_002726_00168,2024-11-23T09:01:22.081Z,coins_small,0.99,1000,224,0
pu_00005ca,p_002726,s_p_002726_00170,2024-11-30T17:55:05.757Z,vip_monthly,9.99,10000,231,0
pu_00005cb,p_002726,s_p_002726_00172,2024-12-08T22:20:49.744Z,coins_medium,4.99,5500,239,0
pu_00005cc,p_002726,s_p_002726_00172,2024-12-08T22:43:45.627Z,coins_large,19.99,25000,239,0
pu_00005cd,p_002726,s_p_002726_00174,2024-12-12T18:56:44.374Z,coins_medium,4.99,5500,243,0
pu_00005ce,p_002793,s_p_002793_00001,2024-02-09T06:16:42.165Z,starter_pack,1.99,2000,0,1
pu_00005cf,p_002793,s_p_002793_00001,2024-02-09T06:12:07.044Z,coins_medium,4.99,5500,0,0
pu_00005cg,p_002793,s_p_002793_00001,2024-02-09T06:19:31.299Z,vip_monthly,9.99,10000,0,0
pu_00005ch,p_002793,s_p_002793_00001,2024-02-09T06:21:49.987Z,coins_large,19.99,25000,0,0
pu_00005ci,p_002793,s_p_002793_00003,2024-02-10T07:32:54.304Z,coins_medium,4.99,5500,1,0
pu_00005cj,p_002793,s_p_002793_00003,2024-02-10T07:47:08.627Z,coins_medium,4.99,5500,1,0
pu_00005ck,p_002793,s_p_002793_00005,2024-02-12T10:47:03.375Z,coins_large,19.99,25000,3,0
pu_00005cl,p_002793,s_p_002793_00005,2024-02-12T10:50:35.609Z,vip_monthly,9.99,10000,3,0
pu_00005cm,p_002793,s_p_002793_00005,2024-02-12T10:48:47.582Z,coins_large,19.99,25000,3,0
pu_00005cn,p_002793,s_p_002793_00006,2024-02-12T21:53:53.348Z,coins_medium,4.99,5500,3,0
pu_00005co,p_002793,s_p_002793_00013,2024-02-15T18:31:38.779Z,coins_medium,4.99,5500,6,0
pu_00005cp,p_002793,s_p_002793_00017,2024-02-21T17:37:01.287Z,coins_large,19.99,25000,12,0
pu_00005cq,p_002793,s_p_002793_00034,2024-03-11T21:07:52.177Z,coins_medium,4.99,5500,31,0
pu_00005cr,p_002793,s_p_002793_00034,2024-03-11T20:55:47.937Z,coins_small,0.99,1000,31,0
pu_00005cs,p_002793,s_p_002793_00040,2024-03-18T11:21:23.768Z,coins_small,0.99,1000,38,0
pu_00005ct,p_002793,s_p_002793_00049,2024-04-03T23:16:23.124Z,coins_large,19.99,25000,54,0
pu_00005cu,p_002793,s_p_002793_00058,2024-04-12T14:47:39.183Z,coins_large,19.99,25000,63,0
pu_00005cv,p_002793,s_p_002793_00058,2024-04-12T14:47:10.517Z,coins_medium,4.99,5500,63,0
pu_00005cw,p_002793,s_p_002793_00059,2024-04-13T07:15:25.743Z,coins_medium,4.99,5500,64,0
pu_00005cx,p_002793,s_p_002793_00070,2024-04-24T21:31:32.921Z,coins_medium,4.99,5500,75,0
pu_00005cy,p_002793,s_p_002793_00070,2024-04-24T21:39:28.092Z,coins_large,19.99,25000,75,0
pu_00005cz,p_002793,s_p_002793_00082,2024-05-12T09:13:42.013Z,coins_medium,4.99,5500,93,0
pu_00005d0,p_002793,s_p_002793_00097,2024-05-30T09:24:36.310Z,coins_medium,4.99,5500,111,0
pu_00005d1,p_002793,s_p_002793_00103,2024-06-06T08:02:50.443Z,coins_small,0.99,1000,118,0
pu_00005d2,p_002793,s_p_002793_00105,2024-06-10T23:12:09.444Z,coins_medium,4.99,5500,122,0
pu_00005d3,p_002793,s_p_002793_00107,2024-06-14T16:42:36.713Z,coins_medium,4.99,5500,126,0
pu_00005d4,p_002793,s_p_002793_00108,2024-06-18T22:24:11.798Z,coins_large,19.99,25000,130,0
pu_00005d5,p_002793,s_p_002793_00116,2024-06-26T09:39:27.702Z,coins_large,19.99,25000,138,0
pu_00005d6,p_002793,s_p_002793_00119,2024-06-28T20:10:17.588Z,vip_monthly,9.99,10000,140,0
pu_00005d7,p_002793,s_p_002793_00124,2024-07-04T12:56:38.546Z,coins_medium,4.99,5500,146,0
pu_00005d8,p_002793,s_p_002793_00145,2024-07-31T11:08:13.827Z,vip_monthly,9.99,10000,173,0
pu_00005d9,p_002793,s_p_002793_00149,2024-08-07T11:41:09.600Z,coins_large,19.99,25000,180,0
pu_00005da,p_002793,s_p_002793_00163,2024-08-17T16:05:18.292Z,coins_small,0.99,1000,190,0
pu_00005db,p_002793,s_p_002793_00163,2024-08-17T16:02:19.055Z,coins_medium,4.99,5500,190,0
pu_00005dc,p_002793,s_p_002793_00167,2024-08-19T23:12:49.862Z,coins_large,19.99,25000,192,0
pu_00005dd,p_002793,s_p_002793_00177,2024-08-30T06:43:25.587Z,coins_small,0.99,1000,203,0
pu_00005de,p_002793,s_p_002793_00182,2024-09-05T06:39:04.316Z,coins_medium,4.99,5500,209,0
pu_00005df,p_002793,s_p_002793_00183,2024-09-05T22:02:13.724Z,vip_monthly,9.99,10000,209,0
pu_00005dg,p_002793,s_p_002793_00187,2024-09-09T11:36:25.738Z,starter_pack,1.99,2000,213,0
pu_00005dh,p_002793,s_p_002793_00188,2024-09-09T14:31:09.873Z,vip_monthly,9.99,10000,213,0
pu_00005di,p_002793,s_p_002793_00190,2024-09-12T08:42:54.791Z,coins_small,0.99,1000,216,0
pu_00005dj,p_002793,s_p_002793_00191,2024-09-12T22:10:52.846Z,coins_small,0.99,1000,216,0
pu_00005dk,p_002793,s_p_002793_00191,2024-09-12T22:06:14.677Z,coins_medium,4.99,5500,216,0
pu_00005dl,p_002793,s_p_002793_00192,2024-09-14T06:47:42.342Z,coins_large,19.99,25000,218,0
pu_00005dm,p_002793,s_p_002793_00194,2024-09-17T14:08:03.536Z,vip_monthly,9.99,10000,221,0
pu_00005dn,p_002793,s_p_002793_00195,2024-09-17T15:34:16.200Z,coins_medium,4.99,5500,221,0
pu_00005do,p_002793,s_p_002793_00196,2024-09-18T20:24:17.122Z,vip_monthly,9.99,10000,222,0
pu_00005dp,p_002793,s_p_002793_00198,2024-09-23T09:18:33.239Z,coins_medium,4.99,5500,227,0
pu_00005dq,p_002793,s_p_002793_00202,2024-09-29T15:33:31.523Z,coins_large,19.99,25000,233,0
pu_00005dr,p_002793,s_p_002793_00221,2024-10-24T08:37:14.407Z,coins_large,19.99,25000,258,0
pu_00005ds,p_002793,s_p_002793_00226,2024-11-02T23:03:23.845Z,vip_monthly,9.99,10000,267,0
pu_00005dt,p_002793,s_p_002793_00228,2024-11-07T11:47:14.715Z,vip_monthly,9.99,10000,272,0
pu_00005du,p_002793,s_p_002793_00229,2024-11-07T15:53:35.818Z,vip_monthly,9.99,10000,272,0
pu_00005dv,p_002793,s_p_002793_00233,2024-11-09T09:15:03.266Z,vip_monthly,9.99,10000,274,0
pu_00005dw,p_002793,s_p_002793_00240,2024-11-21T18:48:02.095Z,coins_large,19.99,25000,286,0
pu_00005dx,p_002867,s_p_002867_00001,2024-04-20T15:57:48.839Z,starter_pack,1.99,2000,9,1
pu_00005dy,p_002867,s_p_002867_00001,2024-04-20T15:50:30.534Z,coins_small,0.99,1000,9,0
pu_00005dz,p_002867,s_p_002867_00001,2024-04-20T15:48:30.789Z,starter_pack,1.99,2000,9,0
pu_00005e0,p_002867,s_p_002867_00002,2024-05-16T14:42:24.397Z,coins_small,0.99,1000,35,0
pu_00005e1,p_002867,s_p_002867_00002,2024-05-16T14:48:37.234Z,coins_small,0.99,1000,35,0
pu_00005e2,p_002867,s_p_002867_00003,2024-05-19T07:38:11.131Z,coins_small,0.99,1000,38,0
pu_00005e3,p_002867,s_p_002867_00006,2024-05-24T11:47:23.711Z,coins_small,0.99,1000,43,0
pu_00005e4,p_002867,s_p_002867_00007,2024-05-25T11:44:20.884Z,coins_medium,4.99,5500,44,0
pu_00005e5,p_002867,s_p_002867_00009,2024-05-27T11:04:57.019Z,starter_pack,1.99,2000,46,0
pu_00005e6,p_002867,s_p_002867_00011,2024-06-17T17:47:31.211Z,coins_medium,4.99,5500,67,0
pu_00005e7,p_002867,s_p_002867_00012,2024-06-19T06:53:39.228Z,vip_monthly,9.99,10000,69,0
pu_00005e8,p_002867,s_p_002867_00015,2024-07-07T18:19:44.969Z,coins_medium,4.99,5500,87,0
pu_00005e9,p_002867,s_p_002867_00017,2024-07-20T11:28:09.957Z,coins_medium,4.99,5500,100,0
pu_00005ea,p_002867,s_p_002867_00020,2024-07-29T12:01:45.738Z,coins_medium,4.99,5500,109,0
pu_00005eb,p_002867,s_p_002867_00021,2024-07-31T07:26:24.558Z,coins_small,0.99,1000,111,0
pu_00005ec,p_002867,s_p_002867_00022,2024-08-06T22:19:45.862Z,coins_small,0.99,1000,117,0
pu_00005ed,p_002867,s_p_002867_00026,2024-08-22T22:15:25.128Z,coins_small,0.99,1000,133,0
pu_00005ee,p_002867,s_p_002867_00029,2024-09-15T21:11:23.693Z,coins_small,0.99,1000,157,0
pu_00005ef,p_002867,s_p_002867_00029,2024-09-15T21:11:37.332Z,coins_small,0.99,1000,157,0
pu_00005eg,p_002971,s_p_002971_00004,2024-03-06T10:44:02.136Z,starter_pack,1.99,2000,31,1
pu_00005eh,p_002971,s_p_002971_00005,2024-03-06T23:08:06.340Z,coins_medium,4.99,5500,31,0
pu_00005ei,p_002971,s_p_002971_00009,2024-03-30T21:45:28.655Z,coins_small,0.99,1000,55,0
pu_00005ej,p_002971,s_p_002971_00009,2024-03-30T21:51:48.569Z,coins_medium,4.99,5500,55,0
pu_00005ek,p_002971,s_p_002971_00010,2024-04-08T20:26:31.939Z,coins_medium,4.99,5500,64,0
pu_00005el,p_002737,s_p_002737_00001,2024-06-22T19:50:01.127Z,starter_pack,1.99,2000,1,1
pu_00005em,p_002737,s_p_002737_00001,2024-06-22T19:26:28.132Z,vip_monthly,9.99,10000,1,0
pu_00005en,p_002737,s_p_002737_00002,2024-06-23T12:55:08.192Z,coins_medium,4.99,5500,2,0
pu_00005eo,p_002737,s_p_002737_00003,2024-06-24T15:23:16.020Z,coins_large,19.99,25000,3,0
pu_00005ep,p_002737,s_p_002737_00003,2024-06-24T15:20:25.878Z,coins_medium,4.99,5500,3,0
pu_00005eq,p_002737,s_p_002737_00005,2024-06-25T14:11:07.406Z,coins_medium,4.99,5500,4,0
pu_00005er,p_002737,s_p_002737_00008,2024-06-27T17:23:05.588Z,coins_medium,4.99,5500,6,0
pu_00005es,p_002737,s_p_002737_00008,2024-06-27T17:23:59.294Z,vip_monthly,9.99,10000,6,0
pu_00005et,p_002737,s_p_002737_00008,2024-06-27T17:13:37.171Z,starter_pack,1.99,2000,6,0
pu_00005eu,p_002737,s_p_002737_00017,2024-07-10T09:45:20.816Z,coins_medium,4.99,5500,19,0
pu_00005ev,p_002737,s_p_002737_00032,2024-07-27T14:28:23.776Z,coins_medium,4.99,5500,36,0
pu_00005ew,p_002737,s_p_002737_00035,2024-07-29T17:49:42.866Z,coins_large,19.99,25000,38,0
pu_00005ex,p_002737,s_p_002737_00037,2024-07-31T06:22:25.982Z,vip_monthly,9.99,10000,40,0
pu_00005ey,p_002737,s_p_002737_00048,2024-08-15T15:20:08.816Z,coins_large,19.99,25000,55,0
pu_00005ez,p_002737,s_p_002737_00053,2024-08-22T10:27:02.813Z,coins_medium,4.99,5500,62,0
pu_00005f0,p_002737,s_p_002737_00056,2024-08-29T17:39:28.638Z,coins_large,19.99,25000,69,0
pu_00005f1,p_002737,s_p_002737_00058,2024-08-31T09:07:57.380Z,coins_large,19.99,25000,71,0
pu_00005f2,p_002737,s_p_002737_00062,2024-09-01T09:03:19.797Z,coins_medium,4.99,5500,72,0
pu_00005f3,p_002737,s_p_002737_00063,2024-09-01T17:39:12.326Z,coins_large,19.99,25000,72,0
pu_00005f4,p_002737,s_p_002737_00070,2024-09-09T12:42:13.050Z,coins_small,0.99,1000,80,0
pu_00005f5,p_002737,s_p_002737_00083,2024-09-23T06:19:03.321Z,coins_large,19.99,25000,94,0
pu_00005f6,p_002737,s_p_002737_00085,2024-09-23T18:24:14.669Z,coins_medium,4.99,5500,94,0
pu_00005f7,p_002737,s_p_002737_00085,2024-09-23T18:19:40.840Z,coins_medium,4.99,5500,94,0
pu_00005f8,p_002737,s_p_002737_00087,2024-09-24T15:16:54.741Z,coins_medium,4.99,5500,95,0
pu_00005f9,p_002737,s_p_002737_00090,2024-09-27T06:39:28.400Z,coins_large,19.99,25000,98,0
pu_00005fa,p_002737,s_p_002737_00098,2024-10-05T08:17:35.158Z,coins_medium,4.99,5500,106,0
pu_00005fb,p_002737,s_p_002737_00103,2024-10-11T22:00:16.568Z,coins_small,0.99,1000,112,0
pu_00005fc,p_002737,s_p_002737_00107,2024-10-21T17:53:36.217Z,starter_pack,1.99,2000,122,0
pu_00005fd,p_002737,s_p_002737_00108,2024-10-23T07:47:55.222Z,coins_large,19.99,25000,124,0
pu_00005fe,p_002737,s_p_002737_00119,2024-10-30T13:11:46.636Z,coins_small,0.99,1000,131,0
pu_00005ff,p_002737,s_p_002737_00122,2024-11-08T12:39:17.753Z,coins_small,0.99,1000,140,0
pu_00005fg,p_002737,s_p_002737_00125,2024-11-22T14:25:50.012Z,coins_large,19.99,25000,154,0
pu_00005fh,p_002737,s_p_002737_00125,2024-11-22T14:45:31.096Z,coins_small,0.99,1000,154,0
pu_00005fi,p_002737,s_p_002737_00130,2024-11-27T15:32:40.981Z,coins_small,0.99,1000,159,0
pu_00005fj,p_002737,s_p_002737_00134,2024-12-02T16:15:46.816Z,coins_large,19.99,25000,164,0
pu_00005fk,p_002737,s_p_002737_00136,2024-12-05T16:03:04.424Z,coins_small,0.99,1000,167,0
pu_00005fl,p_002737,s_p_002737_00140,2024-12-22T11:38:28.194Z,coins_medium,4.99,5500,184,0
pu_00005fm,p_002826,s_p_002826_00001,2024-03-18T23:39:26.950Z,starter_pack,1.99,2000,0,1
pu_00005fn,p_002826,s_p_002826_00001,2024-03-18T23:35:29.912Z,coins_large,19.99,25000,0,0
pu_00005fo,p_002826,s_p_002826_00002,2024-03-19T06:19:30.958Z,coins_medium,4.99,5500,1,0
pu_00005fp,p_002826,s_p_002826_00002,2024-03-19T06:28:24.215Z,coins_large,19.99,25000,1,0
pu_00005fq,p_002826,s_p_002826_00005,2024-03-22T17:01:18.409Z,coins_medium,4.99,5500,4,0
pu_00005fr,p_002826,s_p_002826_00005,2024-03-22T17:05:42.086Z,coins_large,19.99,25000,4,0
pu_00005fs,p_002826,s_p_002826_00006,2024-03-22T22:08:19.876Z,coins_medium,4.99,5500,4,0
pu_00005ft,p_002826,s_p_002826_00007,2024-03-23T12:55:25.832Z,coins_small,0.99,1000,5,0
pu_00005fu,p_002826,s_p_002826_00008,2024-03-23T14:44:55.886Z,starter_pack,1.99,2000,5,0
pu_00005fv,p_002826,s_p_002826_00012,2024-03-31T21:51:23.695Z,coins_small,0.99,1000,13,0
pu_00005fw,p_002826,s_p_002826_00017,2024-04-09T23:24:54.915Z,coins_large,19.99,25000,22,0
pu_00005fx,p_002826,s_p_002826_00025,2024-04-22T06:28:24.238Z,vip_monthly,9.99,10000,35,0
pu_00005fy,p_002826,s_p_002826_00025,2024-04-22T06:21:51.028Z,coins_small,0.99,1000,35,0
pu_00005fz,p_002826,s_p_002826_00026,2024-04-22T18:54:08.200Z,coins_large,19.99,25000,35,0
pu_00005g0,p_002826,s_p_002826_00036,2024-05-08T09:55:45.610Z,coins_medium,4.99,5500,51,0
pu_00005g1,p_002826,s_p_002826_00048,2024-05-24T14:44:39.993Z,starter_pack,1.99,2000,67,0
pu_00005g2,p_002826,s_p_002826_00055,2024-06-03T08:37:05.879Z,coins_small,0.99,1000,77,0
pu_00005g3,p_002826,s_p_002826_00071,2024-06-26T10:37:46.574Z,coins_large,19.99,25000,100,0
pu_00005g4,p_002826,s_p_002826_00073,2024-06-26T16:12:21.455Z,coins_medium,4.99,5500,100,0
pu_00005g5,p_002826,s_p_002826_00075,2024-07-04T09:23:38.619Z,coins_medium,4.99,5500,108,0
pu_00005g6,p_002826,s_p_002826_00095,2024-07-28T07:58:30.220Z,coins_medium,4.99,5500,132,0
pu_00005g7,p_002826,s_p_002826_00098,2024-08-06T15:33:53.437Z,coins_large,19.99,25000,141,0
pu_00005g8,p_002826,s_p_002826_00106,2024-08-22T10:59:54.771Z,coins_medium,4.99,5500,157,0
pu_00005g9,p_002826,s_p_002826_00108,2024-08-23T18:42:44.242Z,coins_medium,4.99,5500,158,0
pu_00005ga,p_002826,s_p_002826_00119,2024-09-04T07:41:05.200Z,vip_monthly,9.99,10000,170,0
pu_00005gb,p_002826,s_p_002826_00127,2024-09-21T18:03:30.313Z,coins_medium,4.99,5500,187,0
pu_00005gc,p_002826,s_p_002826_00135,2024-10-01T13:34:30.074Z,vip_monthly,9.99,10000,197,0
pu_00005gd,p_002826,s_p_002826_00141,2024-10-07T16:47:28.853Z,coins_medium,4.99,5500,203,0
pu_00005ge,p_002826,s_p_002826_00145,2024-10-15T09:58:37.272Z,coins_large,19.99,25000,211,0
pu_00005gf,p_002826,s_p_002826_00147,2024-10-16T14:57:10.854Z,coins_medium,4.99,5500,212,0
pu_00005gg,p_002826,s_p_002826_00157,2024-11-02T15:11:50.849Z,coins_large,19.99,25000,229,0
pu_00005gh,p_002826,s_p_002826_00158,2024-11-02T19:50:59.331Z,coins_large,19.99,25000,229,0
pu_00005gi,p_002826,s_p_002826_00166,2024-11-24T08:02:04.917Z,vip_monthly,9.99,10000,251,0
pu_00005gj,p_002826,s_p_002826_00167,2024-11-24T22:10:31.637Z,coins_small,0.99,1000,251,0
pu_00005gk,p_002792,s_p_002792_00001,2024-05-26T14:13:23.246Z,starter_pack,1.99,2000,2,1
pu_00005gl,p_002792,s_p_002792_00003,2024-05-27T07:12:51.312Z,vip_monthly,9.99,10000,3,0
pu_00005gm,p_002792,s_p_002792_00003,2024-05-27T07:18:45.048Z,coins_small,0.99,1000,3,0
pu_00005gn,p_002792,s_p_002792_00004,2024-05-27T08:22:13.263Z,coins_medium,4.99,5500,3,0
pu_00005go,p_002792,s_p_002792_00004,2024-05-27T08:26:09.473Z,coins_small,0.99,1000,3,0
pu_00005gp,p_002792,s_p_002792_00004,2024-05-27T08:25:28.743Z,coins_small,0.99,1000,3,0
pu_00005gq,p_002792,s_p_002792_00004,2024-05-27T08:17:44.839Z,coins_medium,4.99,5500,3,0
pu_00005gr,p_002792,s_p_002792_00005,2024-05-27T13:31:47.102Z,coins_medium,4.99,5500,3,0
pu_00005gs,p_002792,s_p_002792_00005,2024-05-27T13:48:01.142Z,vip_monthly,9.99,10000,3,0
pu_00005gt,p_002792,s_p_002792_00005,2024-05-27T13:22:38.732Z,coins_medium,4.99,5500,3,0
pu_00005gu,p_002792,s_p_002792_00005,2024-05-27T13:21:22.348Z,vip_monthly,9.99,10000,3,0
pu_00005gv,p_002792,s_p_002792_00006,2024-05-28T06:53:27.030Z,coins_medium,4.99,5500,4,0
pu_00005gw,p_002792,s_p_002792_00006,2024-05-28T06:33:01.587Z,coins_small,0.99,1000,4,0
pu_00005gx,p_002792,s_p_002792_00006,2024-05-28T06:37:22.441Z,coins_medium,4.99,5500,4,0
pu_00005gy,p_002792,s_p_002792_00006,2024-05-28T06:44:33.277Z,coins_small,0.99,1000,4,0
pu_00005gz,p_002792,s_p_002792_00010,2024-06-05T07:50:52.849Z,coins_medium,4.99,5500,12,0
pu_00005h0,p_002792,s_p_002792_00016,2024-06-08T16:22:48.481Z,vip_monthly,9.99,10000,15,0
pu_00005h1,p_002792,s_p_002792_00017,2024-06-09T18:24:25.965Z,coins_small,0.99,1000,16,0
pu_00005h2,p_002792,s_p_002792_00019,2024-06-14T10:36:22.176Z,coins_medium,4.99,5500,21,0
pu_00005h3,p_002792,s_p_002792_00024,2024-06-20T06:51:43.348Z,vip_monthly,9.99,10000,27,0
pu_00005h4,p_002792,s_p_002792_00025,2024-06-20T14:32:22.526Z,coins_large,19.99,25000,27,0
pu_00005h5,p_002792,s_p_002792_00030,2024-06-24T12:29:36.744Z,coins_medium,4.99,5500,31,0
pu_00005h6,p_002792,s_p_002792_00034,2024-06-26T23:27:16.249Z,coins_small,0.99,1000,33,0
pu_00005h7,p_002792,s_p_002792_00038,2024-07-04T16:42:49.965Z,coins_small,0.99,1000,41,0
pu_00005h8,p_002792,s_p_002792_00039,2024-07-09T19:25:39.507Z,coins_small,0.99,1000,46,0
pu_00005h9,p_002792,s_p_002792_00041,2024-07-11T18:46:41.573Z,coins_small,0.99,1000,48,0
pu_00005ha,p_002792,s_p_002792_00044,2024-07-15T19:04:25.187Z,coins_large,19.99,25000,52,0
pu_00005hb,p_002792,s_p_002792_00047,2024-07-17T12:17:51.228Z,coins_large,19.99,25000,54,0
pu_00005hc,p_002792,s_p_002792_00048,2024-07-23T15:23:20.361Z,coins_large,19.99,25000,60,0
pu_00005hd,p_002792,s_p_002792_00056,2024-07-31T16:39:43.126Z,coins_large,19.99,25000,68,0
pu_00005he,p_002792,s_p_002792_00060,2024-08-05T15:33:17.268Z,coins_medium,4.99,5500,73,0
pu_00005hf,p_002792,s_p_002792_00063,2024-08-08T16:09:54.145Z,coins_large,19.99,25000,76,0
pu_00005hg,p_002792,s_p_002792_00064,2024-08-10T21:50:45.391Z,coins_medium,4.99,5500,78,0
pu_00005hh,p_002792,s_p_002792_00067,2024-08-13T22:09:24.200Z,coins_small,0.99,1000,81,0
pu_00005hi,p_002792,s_p_002792_00070,2024-08-17T14:17:32.100Z,coins_large,19.99,25000,85,0
pu_00005hj,p_002792,s_p_002792_00077,2024-08-23T11:35:40.823Z,coins_large,19.99,25000,91,0
pu_00005hk,p_002792,s_p_002792_00080,2024-08-26T20:03:21.102Z,coins_small,0.99,1000,94,0
pu_00005hl,p_002792,s_p_002792_00082,2024-08-30T10:00:28.238Z,vip_monthly,9.99,10000,98,0
pu_00005hm,p_002792,s_p_002792_00084,2024-08-31T07:42:50.488Z,vip_monthly,9.99,10000,99,0
pu_00005hn,p_002792,s_p_002792_00089,2024-09-04T07:12:06.363Z,coins_large,19.99,25000,103,0
pu_00005ho,p_002792,s_p_002792_00093,2024-09-09T09:31:21.256Z,vip_monthly,9.99,10000,108,0
pu_00005hp,p_002792,s_p_002792_00095,2024-09-10T07:26:52.112Z,coins_large,19.99,25000,109,0
pu_00005hq,p_002792,s_p_002792_00099,2024-09-16T18:00:35.780Z,coins_medium,4.99,5500,115,0
pu_00005hr,p_002792,s_p_002792_00102,2024-09-19T23:00:22.472Z,coins_large,19.99,25000,118,0
pu_00005hs,p_002792,s_p_002792_00103,2024-09-20T14:18:06.554Z,starter_pack,1.99,2000,119,0
pu_00005ht,p_002792,s_p_002792_00105,2024-09-20T19:12:41.273Z,coins_small,0.99,1000,119,0
pu_00005hu,p_002792,s_p_002792_00107,2024-09-26T12:40:47.846Z,coins_medium,4.99,5500,125,0
pu_00005hv,p_002792,s_p_002792_00108,2024-09-27T19:56:34.645Z,coins_medium,4.99,5500,126,0
pu_00005hw,p_002792,s_p_002792_00108,2024-09-27T20:08:02.140Z,coins_small,0.99,1000,126,0
pu_00005hx,p_002792,s_p_002792_00109,2024-10-02T07:07:13.426Z,coins_small,0.99,1000,131,0
pu_00005hy,p_002792,s_p_002792_00111,2024-10-04T18:56:44.886Z,coins_large,19.99,25000,133,0
pu_00005hz,p_002792,s_p_002792_00115,2024-10-10T08:30:42.120Z,coins_large,19.99,25000,139,0
pu_00005i0,p_002792,s_p_002792_00116,2024-10-10T18:18:36.076Z,starter_pack,1.99,2000,139,0
pu_00005i1,p_002792,s_p_002792_00122,2024-10-20T14:13:32.890Z,coins_large,19.99,25000,149,0
pu_00005i2,p_002792,s_p_002792_00122,2024-10-20T13:59:29.635Z,vip_monthly,9.99,10000,149,0
pu_00005i3,p_002792,s_p_002792_00123,2024-10-21T19:38:40.167Z,vip_monthly,9.99,10000,150,0
pu_00005i4,p_002792,s_p_002792_00124,2024-10-22T20:38:20.207Z,coins_medium,4.99,5500,151,0
pu_00005i5,p_002792,s_p_002792_00127,2024-10-28T20:08:21.470Z,coins_medium,4.99,5500,157,0
pu_00005i6,p_002792,s_p_002792_00128,2024-10-30T16:20:37.785Z,vip_monthly,9.99,10000,159,0
pu_00005i7,p_002792,s_p_002792_00129,2024-10-31T15:03:40.042Z,coins_small,0.99,1000,160,0
pu_00005i8,p_002792,s_p_002792_00130,2024-11-03T17:07:09.078Z,starter_pack,1.99,2000,163,0
pu_00005i9,p_002792,s_p_002792_00131,2024-11-06T09:55:31.824Z,coins_medium,4.99,5500,166,0
pu_00005ia,p_002792,s_p_002792_00136,2024-11-11T16:18:40.678Z,coins_large,19.99,25000,171,0
pu_00005ib,p_002792,s_p_002792_00139,2024-11-18T09:53:39.222Z,coins_large,19.99,25000,178,0
pu_00005ic,p_002792,s_p_002792_00140,2024-11-18T18:31:07.188Z,coins_large,19.99,25000,178,0
pu_00005id,p_002792,s_p_002792_00140,2024-11-18T18:26:33.458Z,coins_large,19.99,25000,178,0
pu_00005ie,p_002792,s_p_002792_00142,2024-11-23T14:05:26.882Z,vip_monthly,9.99,10000,183,0
pu_00005if,p_002792,s_p_002792_00148,2024-11-28T17:13:12.910Z,coins_large,19.99,25000,188,0
pu_00005ig,p_002792,s_p_002792_00150,2024-12-01T21:36:56.054Z,coins_small,0.99,1000,191,0
pu_00005ih,p_002792,s_p_002792_00152,2024-12-05T22:34:52.235Z,coins_large,19.99,25000,195,0
pu_00005ii,p_002792,s_p_002792_00156,2024-12-16T12:38:39.725Z,coins_small,0.99,1000,206,0
pu_00005ij,p_002792,s_p_002792_00157,2024-12-16T13:13:57.087Z,coins_medium,4.99,5500,206,0
pu_00005ik,p_001486,s_p_001486_00001,2024-06-15T12:36:03.220Z,coins_medium,4.99,5500,10,1
pu_00005il,p_001486,s_p_001486_00001,2024-06-15T12:34:42.391Z,coins_small,0.99,1000,10,0
pu_00005im,p_002745,s_p_002745_00001,2024-04-02T08:58:18.359Z,coins_large,19.99,25000,0,1
pu_00005in,p_002745,s_p_002745_00006,2024-04-13T06:19:46.008Z,coins_large,19.99,25000,11,0
pu_00005io,p_002745,s_p_002745_00006,2024-04-13T06:14:34.296Z,coins_small,0.99,1000,11,0
pu_00005ip,p_002745,s_p_002745_00008,2024-04-13T23:17:17.208Z,vip_monthly,9.99,10000,11,0
pu_00005iq,p_002745,s_p_002745_00009,2024-04-14T15:12:06.038Z,coins_small,0.99,1000,12,0
pu_00005ir,p_002745,s_p_002745_00018,2024-04-21T17:55:22.680Z,coins_large,19.99,25000,19,0
pu_00005is,p_002745,s_p_002745_00019,2024-04-22T23:23:35.628Z,coins_large,19.99,25000,20,0
pu_00005it,p_002745,s_p_002745_00022,2024-04-26T06:53:37.456Z,vip_monthly,9.99,10000,24,0
pu_00005iu,p_002745,s_p_002745_00023,2024-04-27T16:52:19.107Z,coins_small,0.99,1000,25,0
pu_00005iv,p_002745,s_p_002745_00025,2024-04-29T22:53:46.325Z,vip_monthly,9.99,10000,27,0
pu_00005iw,p_002745,s_p_002745_00026,2024-04-30T06:58:49.482Z,coins_large,19.99,25000,28,0
pu_00005ix,p_002745,s_p_002745_00029,2024-05-06T15:27:58.556Z,coins_large,19.99,25000,34,0
pu_00005iy,p_002745,s_p_002745_00031,2024-05-13T16:00:31.136Z,coins_medium,4.99,5500,41,0
pu_00005iz,p_002745,s_p_002745_00064,2024-06-20T09:34:01.366Z,vip_monthly,9.99,10000,79,0
pu_00005j0,p_002745,s_p_002745_00065,2024-06-23T07:44:55.423Z,starter_pack,1.99,2000,82,0
pu_00005j1,p_002745,s_p_002745_00068,2024-06-25T07:02:45.711Z,coins_small,0.99,1000,84,0
pu_00005j2,p_002745,s_p_002745_00087,2024-07-23T08:53:13.806Z,coins_large,19.99,25000,112,0
pu_00005j3,p_002745,s_p_002745_00096,2024-08-03T19:59:27.056Z,vip_monthly,9.99,10000,123,0
pu_00005j4,p_002745,s_p_002745_00111,2024-08-17T14:59:06.825Z,coins_medium,4.99,5500,137,0
pu_00005j5,p_002745,s_p_002745_00118,2024-08-23T19:21:29.653Z,starter_pack,1.99,2000,143,0
pu_00005j6,p_002745,s_p_002745_00119,2024-08-27T18:05:13.951Z,coins_medium,4.99,5500,147,0
pu_00005j7,p_002745,s_p_002745_00122,2024-09-01T21:58:46.856Z,coins_medium,4.99,5500,152,0
pu_00005j8,p_002745,s_p_002745_00130,2024-09-10T17:19:03.619Z,coins_large,19.99,25000,161,0
pu_00005j9,p_002745,s_p_002745_00144,2024-09-28T20:37:33.044Z,coins_large,19.99,25000,179,0
pu_00005ja,p_002745,s_p_002745_00147,2024-10-02T06:34:37.018Z,coins_large,19.99,25000,183,0
pu_00005jb,p_002745,s_p_002745_00151,2024-10-08T23:14:21.285Z,coins_large,19.99,25000,189,0
pu_00005jc,p_002745,s_p_002745_00155,2024-10-14T15:42:29.085Z,vip_monthly,9.99,10000,195,0
pu_00005jd,p_002745,s_p_002745_00159,2024-10-20T19:28:13.199Z,vip_monthly,9.99,10000,201,0
pu_00005je,p_002745,s_p_002745_00174,2024-11-07T21:25:24.899Z,starter_pack,1.99,2000,219,0
pu_00005jf,p_002745,s_p_002745_00176,2024-11-08T13:00:50.230Z,coins_large,19.99,25000,220,0
pu_00005jg,p_002745,s_p_002745_00189,2024-11-21T13:32:37.136Z,coins_small,0.99,1000,233,0
pu_00005jh,p_002745,s_p_002745_00199,2024-12-07T20:10:29.089Z,coins_medium,4.99,5500,249,0
pu_00005ji,p_002778,s_p_002778_00001,2024-04-27T12:06:33.997Z,starter_pack,1.99,2000,2,1
pu_00005jj,p_002778,s_p_002778_00004,2024-05-01T15:44:33.126Z,vip_monthly,9.99,10000,6,0
pu_00005jk,p_002778,s_p_002778_00005,2024-05-01T23:39:17.177Z,starter_pack,1.99,2000,6,0
pu_00005jl,p_002778,s_p_002778_00008,2024-05-06T11:36:03.237Z,vip_monthly,9.99,10000,11,0
pu_00005jm,p_002778,s_p_002778_00011,2024-05-12T06:40:27.148Z,vip_monthly,9.99,10000,17,0
pu_00005jn,p_002778,s_p_002778_00013,2024-05-15T06:45:12.185Z,coins_medium,4.99,5500,20,0
pu_00005jo,p_002778,s_p_002778_00014,2024-05-15T18:29:25.445Z,coins_medium,4.99,5500,20,0
pu_00005jp,p_002778,s_p_002778_00021,2024-05-20T11:58:48.646Z,coins_large,19.99,25000,25,0
pu_00005jq,p_002778,s_p_002778_00023,2024-05-21T17:15:33.085Z,coins_small,0.99,1000,26,0
pu_00005jr,p_002778,s_p_002778_00031,2024-06-02T11:42:08.508Z,coins_medium,4.99,5500,38,0
pu_00005js,p_002778,s_p_002778_00032,2024-06-04T13:53:54.482Z,coins_medium,4.99,5500,40,0
pu_00005jt,p_002778,s_p_002778_00044,2024-06-18T13:18:28.760Z,starter_pack,1.99,2000,54,0
pu_00005ju,p_002778,s_p_002778_00058,2024-07-04T06:35:09.951Z,coins_small,0.99,1000,70,0
pu_00005jv,p_002778,s_p_002778_00059,2024-07-04T07:24:28.462Z,vip_monthly,9.99,10000,70,0
pu_00005jw,p_002778,s_p_002778_00064,2024-07-09T23:26:02.856Z,coins_large,19.99,25000,75,0
pu_00005jx,p_002778,s_p_002778_00069,2024-07-14T14:13:18.743Z,coins_large,19.99,25000,80,0
pu_00005jy,p_002778,s_p_002778_00078,2024-07-23T21:11:59.904Z,coins_medium,4.99,5500,89,0
pu_00005jz,p_002778,s_p_002778_00087,2024-08-13T19:42:58.353Z,coins_medium,4.99,5500,110,0
pu_00005k0,p_002778,s_p_002778_00092,2024-08-23T10:24:58.839Z,coins_medium,4.99,5500,120,0
pu_00005k1,p_002778,s_p_002778_00113,2024-09-25T14:08:30.857Z,coins_small,0.99,1000,153,0
pu_00005k2,p_002778,s_p_002778_00128,2024-10-07T13:13:29.892Z,vip_monthly,9.99,10000,165,0
pu_00005k3,p_002778,s_p_002778_00128,2024-10-07T13:22:08.569Z,coins_small,0.99,1000,165,0
pu_00005k4,p_002778,s_p_002778_00129,2024-10-07T17:31:37.456Z,coins_large,19.99,25000,165,0
pu_00005k5,p_002778,s_p_002778_00132,2024-10-12T14:37:46.056Z,coins_small,0.99,1000,170,0
pu_00005k6,p_002778,s_p_002778_00137,2024-10-20T16:39:06.897Z,coins_large,19.99,25000,178,0
pu_00005k7,p_002778,s_p_002778_00153,2024-11-04T10:28:23.035Z,coins_medium,4.99,5500,193,0
pu_00005k8,p_002778,s_p_002778_00154,2024-11-04T20:58:29.404Z,coins_large,19.99,25000,193,0
pu_00005k9,p_002778,s_p_002778_00161,2024-11-13T15:17:43.467Z,coins_large,19.99,25000,202,0
pu_00005ka,p_002778,s_p_002778_00161,2024-11-13T15:42:39.462Z,coins_medium,4.99,5500,202,0
pu_00005kb,p_002778,s_p_002778_00173,2024-11-30T11:23:30.397Z,coins_medium,4.99,5500,219,0
pu_00005kc,p_002778,s_p_002778_00173,2024-11-30T11:15:49.914Z,vip_monthly,9.99,10000,219,0
pu_00005kd,p_002778,s_p_002778_00174,2024-11-30T14:37:08.121Z,starter_pack,1.99,2000,219,0
pu_00005ke,p_002778,s_p_002778_00178,2024-12-03T07:03:23.879Z,coins_large,19.99,25000,222,0
pu_00005kf,p_002863,s_p_002863_00001,2024-07-12T10:48:43.343Z,starter_pack,1.99,2000,0,1
pu_00005kg,p_002863,s_p_002863_00003,2024-07-26T12:04:52.287Z,coins_small,0.99,1000,14,0
pu_00005kh,p_002863,s_p_002863_00006,2024-07-28T07:31:58.790Z,coins_small,0.99,1000,16,0
pu_00005ki,p_002863,s_p_002863_00008,2024-09-06T23:13:56.770Z,coins_small,0.99,1000,56,0
pu_00005kj,p_002863,s_p_002863_00008,2024-09-06T23:16:20.624Z,coins_small,0.99,1000,56,0
pu_00005kk,p_002863,s_p_002863_00008,2024-09-06T23:20:57.152Z,coins_small,0.99,1000,56,0
pu_00005kl,p_002863,s_p_002863_00009,2024-09-10T09:45:22.253Z,coins_large,19.99,25000,60,0
pu_00005km,p_002863,s_p_002863_00011,2024-09-23T23:29:03.075Z,coins_small,0.99,1000,73,0
pu_00005kn,p_002863,s_p_002863_00013,2024-09-24T11:37:59.783Z,starter_pack,1.99,2000,74,0
pu_00005ko,p_002863,s_p_002863_00014,2024-10-04T06:25:30.652Z,coins_small,0.99,1000,84,0
pu_00005kp,p_002863,s_p_002863_00014,2024-10-04T06:22:19.442Z,coins_small,0.99,1000,84,0
pu_00005kq,p_002863,s_p_002863_00015,2024-10-04T18:16:31.692Z,coins_medium,4.99,5500,84,0
pu_00005kr,p_002863,s_p_002863_00015,2024-10-04T18:19:09.654Z,vip_monthly,9.99,10000,84,0
pu_00005ks,p_002986,s_p_002986_00002,2024-07-21T20:55:05.856Z,coins_small,0.99,1000,4,1
pu_00005kt,p_002986,s_p_002986_00002,2024-07-21T20:56:18.654Z,coins_small,0.99,1000,4,0
pu_00005ku,p_002986,s_p_002986_00003,2024-08-13T15:52:16.044Z,coins_small,0.99,1000,27,0
pu_00005kv,p_002986,s_p_002986_00005,2024-09-01T14:19:54.609Z,coins_small,0.99,1000,46,0
pu_00005kw,p_002986,s_p_002986_00008,2024-09-11T19:52:01.114Z,coins_medium,4.99,5500,56,0
pu_00005kx,p_002986,s_p_002986_00008,2024-09-11T20:00:24.987Z,coins_medium,4.99,5500,56,0
pu_00005ky,p_002986,s_p_002986_00008,2024-09-11T19:59:18.215Z,coins_small,0.99,1000,56,0
pu_00005kz,p_002986,s_p_002986_00010,2024-09-20T10:47:38.439Z,coins_small,0.99,1000,65,0
pu_00005l0,p_002986,s_p_002986_00010,2024-09-20T10:48:28.797Z,starter_pack,1.99,2000,65,0
pu_00005l1,p_002943,s_p_002943_00001,2024-08-17T17:15:54.656Z,coins_small,0.99,1000,1,1
pu_00005l2,p_002943,s_p_002943_00002,2024-08-23T14:20:00.554Z,starter_pack,1.99,2000,7,0
pu_00005l3,p_002943,s_p_002943_00002,2024-08-23T14:15:56.915Z,coins_small,0.99,1000,7,0
pu_00005l4,p_002943,s_p_002943_00005,2024-09-01T12:41:11.068Z,coins_large,19.99,25000,16,0
pu_00005l5,p_002943,s_p_002943_00006,2024-09-09T07:03:30.525Z,coins_small,0.99,1000,24,0
pu_00005l6,p_002943,s_p_002943_00007,2024-09-15T11:59:28.131Z,coins_small,0.99,1000,30,0
pu_00005l7,p_002943,s_p_002943_00007,2024-09-15T12:01:55.814Z,coins_small,0.99,1000,30,0
pu_00005l8,p_002943,s_p_002943_00007,2024-09-15T12:01:41.815Z,coins_small,0.99,1000,30,0
pu_00005l9,p_002943,s_p_002943_00007,2024-09-15T12:02:22.721Z,coins_small,0.99,1000,30,0
pu_00005la,p_002943,s_p_002943_00008,2024-09-19T08:27:25.035Z,coins_small,0.99,1000,34,0
pu_00005lb,p_002943,s_p_002943_00008,2024-09-19T08:25:21.715Z,coins_medium,4.99,5500,34,0
pu_00005lc,p_002943,s_p_002943_00010,2024-09-28T14:42:36.440Z,starter_pack,1.99,2000,43,0
pu_00005ld,p_002943,s_p_002943_00011,2024-09-28T15:01:20.097Z,starter_pack,1.99,2000,43,0
pu_00005le,p_002943,s_p_002943_00014,2024-10-16T20:12:08.342Z,coins_small,0.99,1000,61,0
pu_00005lf,p_002943,s_p_002943_00016,2024-10-29T22:09:25.895Z,coins_small,0.99,1000,74,0
pu_00005lg,p_002943,s_p_002943_00018,2024-11-02T16:42:54.833Z,coins_medium,4.99,5500,78,0
pu_00005lh,p_002943,s_p_002943_00020,2024-11-07T14:05:03.513Z,coins_small,0.99,1000,83,0
pu_00005li,p_002943,s_p_002943_00022,2024-11-09T23:06:07.923Z,coins_small,0.99,1000,85,0
pu_00005lj,p_002943,s_p_002943_00025,2024-11-14T19:08:54.047Z,coins_medium,4.99,5500,90,0
pu_00005lk,p_002943,s_p_002943_00026,2024-11-29T10:32:12.877Z,coins_medium,4.99,5500,105,0
pu_00005ll,p_002943,s_p_002943_00026,2024-11-29T10:30:08.653Z,coins_medium,4.99,5500,105,0
pu_00005lm,p_002838,s_p_002838_00001,2024-05-08T13:44:27.034Z,coins_medium,4.99,5500,0,1
pu_00005ln,p_002838,s_p_002838_00001,2024-05-08T13:53:41.621Z,coins_medium,4.99,5500,0,0
pu_00005lo,p_002838,s_p_002838_00002,2024-05-08T16:29:09.907Z,starter_pack,1.99,2000,0,0
pu_00005lp,p_002838,s_p_002838_00002,2024-05-08T16:36:12.411Z,coins_large,19.99,25000,0,0
pu_00005lq,p_002838,s_p_002838_00002,2024-05-08T16:45:30.067Z,coins_medium,4.99,5500,0,0
pu_00005lr,p_002838,s_p_002838_00003,2024-05-09T11:44:44.637Z,starter_pack,1.99,2000,1,0
pu_00005ls,p_002838,s_p_002838_00004,2024-05-10T07:06:22.507Z,coins_large,19.99,25000,2,0
pu_00005lt,p_002838,s_p_002838_00004,2024-05-10T06:47:56.834Z,coins_medium,4.99,5500,2,0
pu_00005lu,p_002838,s_p_002838_00004,2024-05-10T06:43:18.844Z,vip_monthly,9.99,10000,2,0
pu_00005lv,p_002838,s_p_002838_00004,2024-05-10T07:12:38.816Z,vip_monthly,9.99,10000,2,0
pu_00005lw,p_002838,s_p_002838_00004,2024-05-10T06:45:07.274Z,coins_large,19.99,25000,2,0
pu_00005lx,p_002838,s_p_002838_00022,2024-05-27T14:44:51.319Z,coins_medium,4.99,5500,19,0
pu_00005ly,p_002838,s_p_002838_00023,2024-05-27T19:31:44.045Z,starter_pack,1.99,2000,19,0
pu_00005lz,p_002838,s_p_002838_00038,2024-06-15T10:25:33.335Z,coins_large,19.99,25000,38,0
pu_00005m0,p_002838,s_p_002838_00044,2024-06-22T22:41:18.109Z,coins_small,0.99,1000,45,0
pu_00005m1,p_002838,s_p_002838_00051,2024-07-01T14:51:48.415Z,coins_small,0.99,1000,54,0
pu_00005m2,p_002838,s_p_002838_00051,2024-07-01T14:49:54.887Z,coins_medium,4.99,5500,54,0
pu_00005m3,p_002838,s_p_002838_00056,2024-07-04T18:35:05.589Z,starter_pack,1.99,2000,57,0
pu_00005m4,p_002838,s_p_002838_00060,2024-07-07T06:23:17.483Z,coins_small,0.99,1000,60,0
pu_00005m5,p_002838,s_p_002838_00066,2024-07-14T06:34:19.197Z,coins_large,19.99,25000,67,0
pu_00005m6,p_002838,s_p_002838_00066,2024-07-14T06:47:51.838Z,coins_large,19.99,25000,67,0
pu_00005m7,p_002838,s_p_002838_00073,2024-07-27T13:18:21.306Z,vip_monthly,9.99,10000,80,0
pu_00005m8,p_002838,s_p_002838_00073,2024-07-27T13:15:07.952Z,coins_medium,4.99,5500,80,0
pu_00005m9,p_002838,s_p_002838_00078,2024-08-07T07:23:08.033Z,coins_medium,4.99,5500,91,0
pu_00005ma,p_002838,s_p_002838_00083,2024-08-17T16:04:58.726Z,coins_large,19.99,25000,101,0
pu_00005mb,p_002838,s_p_002838_00087,2024-08-22T09:05:09.962Z,coins_large,19.99,25000,106,0
pu_00005mc,p_002838,s_p_002838_00088,2024-08-23T15:31:18.743Z,vip_monthly,9.99,10000,107,0
pu_00005md,p_002838,s_p_002838_00093,2024-08-28T07:24:27.222Z,coins_large,19.99,25000,112,0
pu_00005me,p_002838,s_p_002838_00095,2024-08-29T14:01:33.965Z,coins_small,0.99,1000,113,0
pu_00005mf,p_002838,s_p_002838_00096,2024-08-31T23:21:59.113Z,coins_large,19.99,25000,115,0
pu_00005mg,p_002838,s_p_002838_00099,2024-09-02T21:14:23.325Z,coins_medium,4.99,5500,117,0
pu_00005mh,p_002838,s_p_002838_00104,2024-09-05T10:07:39.205Z,starter_pack,1.99,2000,120,0
pu_00005mi,p_002838,s_p_002838_00114,2024-09-15T13:21:31.467Z,coins_medium,4.99,5500,130,0
pu_00005mj,p_002838,s_p_002838_00119,2024-09-22T06:28:42.930Z,coins_small,0.99,1000,137,0
pu_00005mk,p_002838,s_p_002838_00123,2024-09-24T14:20:17.624Z,coins_large,19.99,25000,139,0
pu_00005ml,p_002838,s_p_002838_00126,2024-09-25T22:38:44.975Z,coins_large,19.99,25000,140,0
pu_00005mm,p_002838,s_p_002838_00145,2024-10-15T07:02:17.480Z,coins_large,19.99,25000,160,0
pu_00005mn,p_002838,s_p_002838_00151,2024-10-19T07:43:08.214Z,coins_large,19.99,25000,164,0
pu_00005mo,p_002838,s_p_002838_00157,2024-10-22T16:47:40.098Z,vip_monthly,9.99,10000,167,0
pu_00005mp,p_002838,s_p_002838_00159,2024-10-23T14:13:04.056Z,coins_large,19.99,25000,168,0
pu_00005mq,p_002838,s_p_002838_00169,2024-11-03T23:26:31.793Z,coins_medium,4.99,5500,179,0
pu_00005mr,p_002838,s_p_002838_00170,2024-11-05T22:20:34.714Z,coins_medium,4.99,5500,181,0
pu_00005ms,p_002838,s_p_002838_00174,2024-11-12T07:51:40.005Z,coins_medium,4.99,5500,188,0
pu_00005mt,p_002838,s_p_002838_00177,2024-11-13T17:15:53.276Z,vip_monthly,9.99,10000,189,0
pu_00005mu,p_002838,s_p_002838_00181,2024-11-18T09:29:45.439Z,vip_monthly,9.99,10000,194,0
pu_00005mv,p_002838,s_p_002838_00184,2024-11-19T14:07:06.689Z,coins_small,0.99,1000,195,0
pu_00005mw,p_002838,s_p_002838_00191,2024-11-30T08:04:22.866Z,coins_small,0.99,1000,206,0
pu_00005mx,p_002838,s_p_002838_00193,2024-12-02T15:31:48.813Z,vip_monthly,9.99,10000,208,0
pu_00005my,p_002838,s_p_002838_00194,2024-12-02T21:51:35.846Z,coins_large,19.99,25000,208,0
pu_00005mz,p_002838,s_p_002838_00195,2024-12-04T15:38:31.934Z,coins_large,19.99,25000,210,0
pu_00005n0,p_002838,s_p_002838_00201,2024-12-14T07:13:11.269Z,coins_medium,4.99,5500,220,0
pu_00005n1,p_002838,s_p_002838_00204,2024-12-20T06:53:07.043Z,coins_large,19.99,25000,226,0
pu_00005n2,p_002934,s_p_002934_00003,2024-08-02T10:18:18.126Z,coins_small,0.99,1000,10,1
pu_00005n3,p_002934,s_p_002934_00004,2024-08-04T06:50:32.032Z,coins_small,0.99,1000,12,0
pu_00005n4,p_002934,s_p_002934_00006,2024-08-19T10:13:47.988Z,coins_small,0.99,1000,27,0
pu_00005n5,p_002934,s_p_002934_00008,2024-09-02T13:08:00.687Z,coins_medium,4.99,5500,41,0
pu_00005n6,p_002934,s_p_002934_00008,2024-09-02T13:07:12.407Z,coins_small,0.99,1000,41,0
pu_00005n7,p_002934,s_p_002934_00009,2024-09-08T12:32:41.862Z,coins_small,0.99,1000,47,0
pu_00005n8,p_002934,s_p_002934_00009,2024-09-08T12:34:31.459Z,coins_medium,4.99,5500,47,0
pu_00005n9,p_002934,s_p_002934_00009,2024-09-08T12:39:55.489Z,coins_small,0.99,1000,47,0
pu_00005na,p_002934,s_p_002934_00010,2024-09-12T18:26:12.844Z,coins_medium,4.99,5500,51,0
pu_00005nb,p_002934,s_p_002934_00011,2024-09-13T15:44:53.585Z,coins_small,0.99,1000,52,0
pu_00005nc,p_002934,s_p_002934_00011,2024-09-13T15:49:05.166Z,coins_small,0.99,1000,52,0
pu_00005nd,p_002934,s_p_002934_00011,2024-09-13T15:40:05.050Z,starter_pack,1.99,2000,52,0
pu_00005ne,p_002934,s_p_002934_00011,2024-09-13T15:44:29.288Z,vip_monthly,9.99,10000,52,0
pu_00005nf,p_002934,s_p_002934_00011,2024-09-13T15:46:18.426Z,coins_small,0.99,1000,52,0
pu_00005ng,p_002934,s_p_002934_00012,2024-09-22T06:05:04.642Z,starter_pack,1.99,2000,61,0
pu_00005nh,p_002934,s_p_002934_00013,2024-09-27T14:11:15.116Z,coins_medium,4.99,5500,66,0
pu_00005ni,p_002934,s_p_002934_00015,2024-10-05T09:02:50.112Z,coins_medium,4.99,5500,74,0
pu_00005nj,p_002934,s_p_002934_00016,2024-10-11T08:29:01.491Z,coins_large,19.99,25000,80,0
pu_00005nk,p_002934,s_p_002934_00017,2024-10-12T22:47:48.207Z,coins_small,0.99,1000,81,0
pu_00005nl,p_002934,s_p_002934_00018,2024-10-13T17:45:59.010Z,vip_monthly,9.99,10000,82,0
pu_00005nm,p_002934,s_p_002934_00021,2024-11-20T23:31:52.864Z,coins_small,0.99,1000,120,0
pu_00005nn,p_002934,s_p_002934_00022,2024-12-05T06:26:28.854Z,coins_medium,4.99,5500,135,0
pu_00005no,p_002748,s_p_002748_00001,2024-01-10T11:30:58.310Z,starter_pack,1.99,2000,0,1
pu_00005np,p_002748,s_p_002748_00001,2024-01-10T11:04:01.026Z,coins_medium,4.99,5500,0,0
pu_00005nq,p_002748,s_p_002748_00001,2024-01-10T11:27:37.508Z,coins_large,19.99,25000,0,0
pu_00005nr,p_002748,s_p_002748_00003,2024-01-11T16:09:32.539Z,vip_monthly,9.99,10000,1,0
pu_00005ns,p_002748,s_p_002748_00003,2024-01-11T16:13:30.010Z,coins_large,19.99,25000,1,0
pu_00005nt,p_002748,s_p_002748_00003,2024-01-11T16:03:40.278Z,coins_medium,4.99,5500,1,0
pu_00005nu,p_002748,s_p_002748_00003,2024-01-11T16:23:54.381Z,starter_pack,1.99,2000,1,0
pu_00005nv,p_002748,s_p_002748_00004,2024-01-13T16:09:04.644Z,coins_large,19.99,25000,3,0
pu_00005nw,p_002748,s_p_002748_00004,2024-01-13T16:16:08.126Z,coins_large,19.99,25000,3,0
pu_00005nx,p_002748,s_p_002748_00005,2024-01-15T11:13:59.784Z,coins_small,0.99,1000,5,0
pu_00005ny,p_002748,s_p_002748_00005,2024-01-15T11:12:58.427Z,coins_medium,4.99,5500,5,0
pu_00005nz,p_002748,s_p_002748_00005,2024-01-15T11:09:30.209Z,coins_small,0.99,1000,5,0
pu_00005o0,p_002748,s_p_002748_00005,2024-01-15T11:22:00.916Z,vip_monthly,9.99,10000,5,0
pu_00005o1,p_002748,s_p_002748_00005,2024-01-15T11:21:44.687Z,coins_small,0.99,1000,5,0
pu_00005o2,p_002748,s_p_002748_00005,2024-01-15T11:17:14.107Z,coins_medium,4.99,5500,5,0
pu_00005o3,p_002748,s_p_002748_00005,2024-01-15T11:08:13.450Z,coins_large,19.99,25000,5,0
pu_00005o4,p_002748,s_p_002748_00006,2024-01-17T08:43:20.378Z,coins_large,19.99,25000,7,0
pu_00005o5,p_002748,s_p_002748_00006,2024-01-17T08:36:21.590Z,coins_medium,4.99,5500,7,0
pu_00005o6,p_002748,s_p_002748_00006,2024-01-17T08:43:03.041Z,coins_medium,4.99,5500,7,0
pu_00005o7,p_002748,s_p_002748_00006,2024-01-17T08:45:16.143Z,coins_large,19.99,25000,7,0
pu_00005o8,p_002748,s_p_002748_00008,2024-01-17T20:04:59.081Z,coins_medium,4.99,5500,7,0
pu_00005o9,p_002748,s_p_002748_00010,2024-01-18T08:36:05.536Z,coins_medium,4.99,5500,8,0
pu_00005oa,p_002748,s_p_002748_00011,2024-01-21T07:03:12.070Z,coins_medium,4.99,5500,11,0
pu_00005ob,p_002748,s_p_002748_00012,2024-01-23T20:35:19.543Z,coins_small,0.99,1000,13,0
pu_00005oc,p_002748,s_p_002748_00013,2024-01-25T21:29:29.138Z,coins_medium,4.99,5500,15,0
pu_00005od,p_002748,s_p_002748_00018,2024-01-29T11:44:24.225Z,vip_monthly,9.99,10000,19,0
pu_00005oe,p_002748,s_p_002748_00020,2024-02-02T09:14:30.125Z,vip_monthly,9.99,10000,23,0
pu_00005of,p_002748,s_p_002748_00021,2024-02-04T22:24:41.388Z,vip_monthly,9.99,10000,25,0
pu_00005og,p_002748,s_p_002748_00023,2024-02-05T10:56:14.829Z,coins_medium,4.99,5500,26,0
pu_00005oh,p_002748,s_p_002748_00023,2024-02-05T11:03:30.718Z,coins_medium,4.99,5500,26,0
pu_00005oi,p_002748,s_p_002748_00025,2024-02-15T13:40:04.026Z,coins_large,19.99,25000,36,0
pu_00005oj,p_002748,s_p_002748_00026,2024-02-18T06:45:26.208Z,starter_pack,1.99,2000,39,0
pu_00005ok,p_002748,s_p_002748_00027,2024-02-20T18:38:56.806Z,coins_large,19.99,25000,41,0
pu_00005ol,p_002748,s_p_002748_00029,2024-02-21T11:30:18.123Z,coins_large,19.99,25000,42,0
pu_00005om,p_002748,s_p_002748_00031,2024-02-24T11:29:02.129Z,coins_medium,4.99,5500,45,0
pu_00005on,p_002748,s_p_002748_00032,2024-02-24T16:47:14.599Z,vip_monthly,9.99,10000,45,0
pu_00005oo,p_002748,s_p_002748_00034,2024-02-27T06:48:01.692Z,coins_small,0.99,1000,48,0
pu_00005op,p_002748,s_p_002748_00036,2024-02-28T10:30:28.334Z,coins_small,0.99,1000,49,0
pu_00005oq,p_002748,s_p_002748_00038,2024-02-28T15:49:47.835Z,coins_medium,4.99,5500,49,0
pu_00005or,p_002748,s_p_002748_00043,2024-03-05T20:46:21.296Z,coins_medium,4.99,5500,55,0
pu_00005os,p_002748,s_p_002748_00045,2024-03-09T18:43:03.112Z,starter_pack,1.99,2000,59,0
pu_00005ot,p_002748,s_p_002748_00046,2024-03-10T13:19:23.593Z,coins_large,19.99,25000,60,0
pu_00005ou,p_002748,s_p_002748_00046,2024-03-10T13:11:59.388Z,vip_monthly,9.99,10000,60,0
pu_00005ov,p_002748,s_p_002748_00050,2024-03-16T13:03:58.616Z,coins_large,19.99,25000,66,0
pu_00005ow,p_002748,s_p_002748_00052,2024-03-19T22:21:11.873Z,coins_large,19.99,25000,69,0
pu_00005ox,p_002748,s_p_002748_00052,2024-03-19T22:21:10.044Z,starter_pack,1.99,2000,69,0
pu_00005oy,p_002748,s_p_002748_00052,2024-03-19T22:21:54.811Z,starter_pack,1.99,2000,69,0
pu_00005oz,p_002748,s_p_002748_00053,2024-03-21T16:48:46.183Z,vip_monthly,9.99,10000,71,0
pu_00005p0,p_002748,s_p_002748_00054,2024-03-21T18:42:14.871Z,starter_pack,1.99,2000,71,0
pu_00005p1,p_002748,s_p_002748_00054,2024-03-21T18:21:10.588Z,coins_large,19.99,25000,71,0
pu_00005p2,p_002748,s_p_002748_00055,2024-03-22T20:28:19.593Z,coins_medium,4.99,5500,72,0
pu_00005p3,p_002748,s_p_002748_00055,2024-03-22T20:35:14.930Z,vip_monthly,9.99,10000,72,0
pu_00005p4,p_002748,s_p_002748_00058,2024-03-25T09:16:57.149Z,coins_small,0.99,1000,75,0
pu_00005p5,p_002748,s_p_002748_00060,2024-03-26T21:40:56.725Z,coins_large,19.99,25000,76,0
pu_00005p6,p_002748,s_p_002748_00062,2024-03-28T21:10:43.311Z,coins_medium,4.99,5500,78,0
pu_00005p7,p_002748,s_p_002748_00070,2024-04-17T20:00:15.408Z,coins_small,0.99,1000,98,0
pu_00005p8,p_002748,s_p_002748_00076,2024-04-24T21:56:07.043Z,coins_large,19.99,25000,105,0
pu_00005p9,p_002748,s_p_002748_00082,2024-05-03T10:10:56.074Z,vip_monthly,9.99,10000,114,0
pu_00005pa,p_002748,s_p_002748_00082,2024-05-03T10:23:27.632Z,coins_large,19.99,25000,114,0
pu_00005pb,p_002748,s_p_002748_00084,2024-05-10T06:29:57.903Z,coins_medium,4.99,5500,121,0
pu_00005pc,p_002748,s_p_002748_00086,2024-05-10T13:18:37.675Z,coins_large,19.99,25000,121,0
pu_00005pd,p_002748,s_p_002748_00088,2024-05-13T08:33:42.668Z,coins_medium,4.99,5500,124,0
pu_00005pe,p_002748,s_p_002748_00089,2024-05-14T20:28:51.569Z,coins_large,19.99,25000,125,0
pu_00005pf,p_002748,s_p_002748_00091,2024-05-15T23:30:52.703Z,coins_large,19.99,25000,126,0
pu_00005pg,p_002748,s_p_002748_00091,2024-05-15T23:26:59.249Z,coins_large,19.99,25000,126,0
pu_00005ph,p_002748,s_p_002748_00092,2024-05-17T07:07:09.009Z,coins_large,19.99,25000,128,0
pu_00005pi,p_002748,s_p_002748_00095,2024-05-22T14:22:38.228Z,coins_medium,4.99,5500,133,0
pu_00005pj,p_002748,s_p_002748_00096,2024-05-23T07:51:03.707Z,starter_pack,1.99,2000,134,0
pu_00005pk,p_002748,s_p_002748_00097,2024-05-25T08:31:54.252Z,coins_large,19.99,25000,136,0
pu_00005pl,p_002748,s_p_002748_00097,2024-05-25T08:24:50.150Z,coins_small,0.99,1000,136,0
pu_00005pm,p_002748,s_p_002748_00099,2024-05-26T14:31:08.253Z,coins_small,0.99,1000,137,0
pu_00005pn,p_002748,s_p_002748_00101,2024-05-29T21:48:02.207Z,coins_large,19.99,25000,140,0
pu_00005po,p_002748,s_p_002748_00104,2024-06-03T11:30:41.152Z,coins_large,19.99,25000,145,0
pu_00005pp,p_002748,s_p_002748_00105,2024-06-03T12:15:06.549Z,coins_large,19.99,25000,145,0
pu_00005pq,p_002748,s_p_002748_00106,2024-06-04T07:44:30.953Z,vip_monthly,9.99,10000,146,0
pu_00005pr,p_002748,s_p_002748_00113,2024-06-21T21:55:52.823Z,coins_small,0.99,1000,163,0
pu_00005ps,p_002748,s_p_002748_00113,2024-06-21T22:21:06.183Z,coins_large,19.99,25000,163,0
pu_00005pt,p_002748,s_p_002748_00113,2024-06-21T22:21:14.663Z,coins_medium,4.99,5500,163,0
pu_00005pu,p_002748,s_p_002748_00114,2024-06-22T15:05:12.343Z,coins_large,19.99,25000,164,0
pu_00005pv,p_002748,s_p_002748_00117,2024-06-23T18:19:55.656Z,coins_medium,4.99,5500,165,0
pu_00005pw,p_002748,s_p_002748_00117,2024-06-23T18:28:32.867Z,coins_small,0.99,1000,165,0
pu_00005px,p_002748,s_p_002748_00118,2024-06-24T16:06:38.809Z,coins_large,19.99,25000,166,0
pu_00005py,p_002748,s_p_002748_00121,2024-07-02T07:44:56.558Z,vip_monthly,9.99,10000,174,0
pu_00005pz,p_002748,s_p_002748_00122,2024-07-04T10:30:30.996Z,vip_monthly,9.99,10000,176,0
pu_00005q0,p_002748,s_p_002748_00124,2024-07-07T11:55:43.960Z,coins_medium,4.99,5500,179,0
pu_00005q1,p_002748,s_p_002748_00125,2024-07-09T06:17:17.384Z,coins_medium,4.99,5500,181,0
pu_00005q2,p_002748,s_p_002748_00125,2024-07-09T06:18:09.829Z,coins_small,0.99,1000,181,0
pu_00005q3,p_002748,s_p_002748_00126,2024-07-09T14:49:26.122Z,coins_small,0.99,1000,181,0
pu_00005q4,p_002748,s_p_002748_00130,2024-07-26T11:04:09.607Z,coins_medium,4.99,5500,198,0
pu_00005q5,p_002893,s_p_002893_00001,2024-04-06T10:53:54.294Z,starter_pack,1.99,2000,7,1
pu_00005q6,p_002893,s_p_002893_00003,2024-04-18T21:29:02.902Z,starter_pack,1.99,2000,19,0
pu_00005q7,p_002893,s_p_002893_00004,2024-04-20T16:37:36.555Z,coins_small,0.99,1000,21,0
pu_00005q8,p_002893,s_p_002893_00005,2024-04-20T17:18:27.729Z,coins_small,0.99,1000,21,0
pu_00005q9,p_002893,s_p_002893_00009,2024-05-15T07:46:45.796Z,coins_small,0.99,1000,46,0
pu_00005qa,p_002893,s_p_002893_00013,2024-05-31T16:43:11.290Z,coins_small,0.99,1000,62,0
pu_00005qb,p_002893,s_p_002893_00015,2024-06-15T12:26:23.060Z,coins_medium,4.99,5500,77,0
pu_00005qc,p_002893,s_p_002893_00018,2024-06-28T06:44:31.443Z,coins_small,0.99,1000,90,0
pu_00005qd,p_002893,s_p_002893_00019,2024-06-28T08:09:25.251Z,coins_small,0.99,1000,90,0
pu_00005qe,p_002893,s_p_002893_00020,2024-07-06T16:40:44.128Z,vip_monthly,9.99,10000,98,0
pu_00005qf,p_002893,s_p_002893_00021,2024-07-09T06:07:21.426Z,coins_medium,4.99,5500,101,0
pu_00005qg,p_002893,s_p_002893_00022,2024-07-16T11:55:42.957Z,starter_pack,1.99,2000,108,0
pu_00005qh,p_002765,s_p_002765_00001,2024-01-27T07:25:14.857Z,starter_pack,1.99,2000,1,1
pu_00005qi,p_002765,s_p_002765_00002,2024-01-27T16:48:14.023Z,coins_medium,4.99,5500,1,0
pu_00005qj,p_002765,s_p_002765_00002,2024-01-27T17:19:23.626Z,coins_large,19.99,25000,1,0
pu_00005qk,p_002765,s_p_002765_00003,2024-01-30T15:28:02.660Z,coins_large,19.99,25000,4,0
pu_00005ql,p_002765,s_p_002765_00004,2024-01-31T06:09:59.146Z,coins_large,19.99,25000,5,0
pu_00005qm,p_002765,s_p_002765_00004,2024-01-31T06:04:54.963Z,coins_medium,4.99,5500,5,0
pu_00005qn,p_002765,s_p_002765_00005,2024-01-31T16:35:16.371Z,coins_large,19.99,25000,5,0
pu_00005qo,p_002765,s_p_002765_00005,2024-01-31T16:38:21.863Z,coins_large,19.99,25000,5,0
pu_00005qp,p_002765,s_p_002765_00006,2024-01-31T20:00:27.015Z,coins_small,0.99,1000,5,0
pu_00005qq,p_002765,s_p_002765_00006,2024-01-31T19:54:51.175Z,starter_pack,1.99,2000,5,0
pu_00005qr,p_002765,s_p_002765_00006,2024-01-31T19:59:53.427Z,coins_large,19.99,25000,5,0
pu_00005qs,p_002765,s_p_002765_00009,2024-02-05T10:52:20.582Z,vip_monthly,9.99,10000,10,0
pu_00005qt,p_002765,s_p_002765_00013,2024-02-07T21:22:04.108Z,coins_medium,4.99,5500,12,0
pu_00005qu,p_002765,s_p_002765_00015,2024-02-13T07:19:55.318Z,coins_large,19.99,25000,18,0
pu_00005qv,p_002765,s_p_002765_00016,2024-02-14T22:25:09.537Z,coins_large,19.99,25000,19,0
pu_00005qw,p_002765,s_p_002765_00032,2024-03-17T12:05:50.817Z,coins_medium,4.99,5500,51,0
pu_00005qx,p_002765,s_p_002765_00038,2024-03-24T09:37:29.832Z,coins_small,0.99,1000,58,0
pu_00005qy,p_002765,s_p_002765_00051,2024-04-11T09:50:17.665Z,coins_large,19.99,25000,76,0
pu_00005qz,p_002765,s_p_002765_00052,2024-04-11T14:50:25.629Z,vip_monthly,9.99,10000,76,0
pu_00005r0,p_002765,s_p_002765_00055,2024-04-17T14:02:32.560Z,vip_monthly,9.99,10000,82,0
pu_00005r1,p_002765,s_p_002765_00058,2024-04-20T08:26:04.242Z,coins_large,19.99,25000,85,0
pu_00005r2,p_002765,s_p_002765_00061,2024-04-28T14:13:13.101Z,coins_medium,4.99,5500,93,0
pu_00005r3,p_002765,s_p_002765_00062,2024-04-30T13:57:48.362Z,coins_large,19.99,25000,95,0
pu_00005r4,p_002765,s_p_002765_00064,2024-05-04T18:25:37.922Z,coins_large,19.99,25000,99,0
pu_00005r5,p_002765,s_p_002765_00069,2024-05-11T07:46:44.392Z,coins_medium,4.99,5500,106,0
pu_00005r6,p_002765,s_p_002765_00072,2024-05-20T07:08:31.641Z,coins_medium,4.99,5500,115,0
pu_00005r7,p_002765,s_p_002765_00072,2024-05-20T06:48:35.534Z,coins_small,0.99,1000,115,0
pu_00005r8,p_002765,s_p_002765_00078,2024-05-24T06:45:07.805Z,coins_large,19.99,25000,119,0
pu_00005r9,p_002765,s_p_002765_00082,2024-05-29T07:53:35.192Z,coins_small,0.99,1000,124,0
pu_00005ra,p_002765,s_p_002765_00084,2024-05-29T10:45:35.104Z,coins_large,19.99,25000,124,0
pu_00005rb,p_002765,s_p_002765_00090,2024-06-10T18:39:03.381Z,coins_medium,4.99,5500,136,0
pu_00005rc,p_002765,s_p_002765_00090,2024-06-10T18:44:59.420Z,coins_medium,4.99,5500,136,0
pu_00005rd,p_002765,s_p_002765_00098,2024-06-17T15:16:25.227Z,coins_large,19.99,25000,143,0
pu_00005re,p_002765,s_p_002765_00099,2024-06-18T22:23:47.293Z,coins_medium,4.99,5500,144,0
pu_00005rf,p_002765,s_p_002765_00100,2024-06-19T12:53:44.789Z,coins_large,19.99,25000,145,0
pu_00005rg,p_002765,s_p_002765_00108,2024-07-06T08:23:46.901Z,vip_monthly,9.99,10000,162,0
pu_00005rh,p_002765,s_p_002765_00111,2024-07-11T06:43:35.736Z,coins_large,19.99,25000,167,0
pu_00005ri,p_002765,s_p_002765_00117,2024-07-15T10:04:43.894Z,coins_large,19.99,25000,171,0
pu_00005rj,p_002765,s_p_002765_00118,2024-07-15T14:31:04.298Z,coins_medium,4.99,5500,171,0
pu_00005rk,p_002765,s_p_002765_00118,2024-07-15T14:30:27.963Z,coins_medium,4.99,5500,171,0
pu_00005rl,p_002765,s_p_002765_00123,2024-07-18T13:00:40.247Z,coins_large,19.99,25000,174,0
pu_00005rm,p_002765,s_p_002765_00126,2024-07-20T21:27:02.529Z,coins_large,19.99,25000,176,0
pu_00005rn,p_002765,s_p_002765_00132,2024-07-29T14:24:20.534Z,coins_medium,4.99,5500,185,0
pu_00005ro,p_002765,s_p_002765_00145,2024-08-16T21:06:33.329Z,vip_monthly,9.99,10000,203,0
pu_00005rp,p_002765,s_p_002765_00145,2024-08-16T21:10:21.136Z,coins_medium,4.99,5500,203,0
pu_00005rq,p_002765,s_p_002765_00149,2024-08-23T18:05:05.043Z,vip_monthly,9.99,10000,210,0
pu_00005rr,p_002765,s_p_002765_00150,2024-08-24T16:36:25.957Z,vip_monthly,9.99,10000,211,0
pu_00005rs,p_002765,s_p_002765_00154,2024-09-07T07:28:11.320Z,coins_large,19.99,25000,225,0
pu_00005rt,p_002765,s_p_002765_00155,2024-09-08T12:21:20.842Z,coins_medium,4.99,5500,226,0
pu_00005ru,p_002765,s_p_002765_00158,2024-09-08T17:32:19.427Z,coins_medium,4.99,5500,226,0
pu_00005rv,p_002765,s_p_002765_00159,2024-09-09T21:34:57.147Z,vip_monthly,9.99,10000,227,0
pu_00005rw,p_002765,s_p_002765_00162,2024-09-14T14:43:39.290Z,starter_pack,1.99,2000,232,0
pu_00005rx,p_002765,s_p_002765_00167,2024-09-24T10:44:36.092Z,coins_small,0.99,1000,242,0
pu_00005ry,p_002765,s_p_002765_00177,2024-10-07T17:24:06.098Z,coins_large,19.99,25000,255,0
pu_00005rz,p_002765,s_p_002765_00181,2024-10-10T20:37:06.490Z,coins_large,19.99,25000,258,0
pu_00005s0,p_002765,s_p_002765_00183,2024-10-12T23:03:46.311Z,starter_pack,1.99,2000,260,0
pu_00005s1,p_002765,s_p_002765_00184,2024-10-13T22:39:50.535Z,vip_monthly,9.99,10000,261,0
pu_00005s2,p_002765,s_p_002765_00199,2024-11-01T14:14:17.279Z,coins_medium,4.99,5500,280,0
pu_00005s3,p_002765,s_p_002765_00199,2024-11-01T14:12:21.120Z,vip_monthly,9.99,10000,280,0
pu_00005s4,p_002765,s_p_002765_00210,2024-11-22T11:13:15.849Z,coins_large,19.99,25000,301,0
pu_00005s5,p_002765,s_p_002765_00210,2024-11-22T11:29:45.944Z,vip_monthly,9.99,10000,301,0
pu_00005s6,p_002765,s_p_002765_00210,2024-11-22T11:28:28.396Z,vip_monthly,9.99,10000,301,0
pu_00005s7,p_002765,s_p_002765_00215,2024-11-25T07:43:43.601Z,coins_large,19.99,25000,304,0
pu_00005s8,p_002554,s_p_002554_00019,2024-08-22T12:09:20.867Z,coins_large,19.99,25000,91,1
pu_00005s9,p_002554,s_p_002554_00023,2024-08-31T20:03:36.089Z,coins_medium,4.99,5500,100,0
pu_00005sa,p_002554,s_p_002554_00030,2024-09-20T10:23:26.347Z,coins_small,0.99,1000,120,0
pu_00005sb,p_002554,s_p_002554_00037,2024-10-20T07:28:42.667Z,coins_small,0.99,1000,150,0
pu_00005sc,p_002554,s_p_002554_00047,2024-11-21T20:29:58.913Z,coins_medium,4.99,5500,182,0
pu_00005sd,p_002554,s_p_002554_00048,2024-11-26T14:58:15.345Z,coins_small,0.99,1000,187,0
pu_00005se,p_002554,s_p_002554_00053,2024-12-16T09:41:44.997Z,starter_pack,1.99,2000,207,0
pu_00005sf,p_002952,s_p_002952_00002,2024-09-11T21:22:46.279Z,starter_pack,1.99,2000,4,1
pu_00005sg,p_002952,s_p_002952_00004,2024-09-14T21:22:28.108Z,starter_pack,1.99,2000,7,0
pu_00005sh,p_002952,s_p_002952_00004,2024-09-14T21:27:49.309Z,starter_pack,1.99,2000,7,0
pu_00005si,p_002952,s_p_002952_00004,2024-09-14T21:26:30.185Z,coins_small,0.99,1000,7,0
pu_00005sj,p_002952,s_p_002952_00005,2024-09-15T22:28:46.860Z,coins_small,0.99,1000,8,0
pu_00005sk,p_002952,s_p_002952_00006,2024-09-21T21:58:46.013Z,coins_small,0.99,1000,14,0
pu_00005sl,p_002952,s_p_002952_00007,2024-10-02T11:52:47.855Z,coins_small,0.99,1000,25,0
pu_00005sm,p_002952,s_p_002952_00012,2024-11-11T06:46:05.734Z,coins_medium,4.99,5500,65,0
pu_00005sn,p_002952,s_p_002952_00012,2024-11-11T06:44:05.639Z,coins_medium,4.99,5500,65,0
pu_00005so,p_002952,s_p_002952_00012,2024-11-11T06:40:20.405Z,coins_small,0.99,1000,65,0
pu_00005sp,p_002952,s_p_002952_00014,2024-11-22T10:18:14.108Z,coins_small,0.99,1000,76,0
pu_00005sq,p_002952,s_p_002952_00014,2024-11-22T10:13:35.078Z,starter_pack,1.99,2000,76,0
pu_00005sr,p_002952,s_p_002952_00016,2024-12-06T21:49:03.162Z,coins_small,0.99,1000,90,0
pu_00005ss,p_002952,s_p_002952_00017,2024-12-28T11:22:24.848Z,coins_small,0.99,1000,112,0
pu_00005st,p_002522,s_p_002522_00037,2024-10-30T13:40:13.497Z,coins_small,0.99,1000,126,1
pu_00005su,p_002522,s_p_002522_00040,2024-11-13T14:27:37.611Z,vip_monthly,9.99,10000,140,0
pu_00005sv,p_002705,s_p_002705_00001,2024-04-03T10:30:27.369Z,starter_pack,1.99,2000,0,1
pu_00005sw,p_002705,s_p_002705_00002,2024-04-03T20:29:04.680Z,coins_medium,4.99,5500,0,0
pu_00005sx,p_002705,s_p_002705_00003,2024-04-05T22:36:29.558Z,coins_large,19.99,25000,2,0
pu_00005sy,p_002705,s_p_002705_00003,2024-04-05T22:39:04.308Z,coins_large,19.99,25000,2,0
pu_00005sz,p_002705,s_p_002705_00003,2024-04-05T22:29:02.671Z,coins_large,19.99,25000,2,0
pu_00005t0,p_002705,s_p_002705_00003,2024-04-05T22:28:50.027Z,coins_medium,4.99,5500,2,0
pu_00005t1,p_002705,s_p_002705_00004,2024-04-06T14:33:19.269Z,coins_large,19.99,25000,3,0
pu_00005t2,p_002705,s_p_002705_00004,2024-04-06T14:50:42.624Z,coins_medium,4.99,5500,3,0
pu_00005t3,p_002705,s_p_002705_00004,2024-04-06T14:49:14.420Z,coins_medium,4.99,5500,3,0
pu_00005t4,p_002705,s_p_002705_00005,2024-04-06T22:33:01.578Z,coins_small,0.99,1000,3,0
pu_00005t5,p_002705,s_p_002705_00008,2024-04-11T11:55:18.013Z,coins_small,0.99,1000,8,0
pu_00005t6,p_002705,s_p_002705_00010,2024-04-12T07:14:33.282Z,coins_small,0.99,1000,9,0
pu_00005t7,p_002705,s_p_002705_00012,2024-04-12T14:47:06.949Z,coins_large,19.99,25000,9,0
pu_00005t8,p_002705,s_p_002705_00017,2024-04-16T10:08:08.431Z,coins_medium,4.99,5500,13,0
pu_00005t9,p_002705,s_p_002705_00018,2024-04-16T19:21:33.732Z,vip_monthly,9.99,10000,13,0
pu_00005ta,p_002705,s_p_002705_00019,2024-04-19T13:57:41.771Z,coins_medium,4.99,5500,16,0
pu_00005tb,p_002705,s_p_002705_00021,2024-04-21T18:39:12.447Z,coins_medium,4.99,5500,18,0
pu_00005tc,p_002705,s_p_002705_00022,2024-04-21T22:51:42.814Z,vip_monthly,9.99,10000,18,0
pu_00005td,p_002705,s_p_002705_00022,2024-04-21T22:58:37.571Z,coins_medium,4.99,5500,18,0
pu_00005te,p_002705,s_p_002705_00023,2024-04-22T16:40:02.257Z,coins_medium,4.99,5500,19,0
pu_00005tf,p_002705,s_p_002705_00032,2024-05-03T15:31:48.879Z,vip_monthly,9.99,10000,30,0
pu_00005tg,p_002705,s_p_002705_00034,2024-05-06T13:00:22.973Z,coins_medium,4.99,5500,33,0
pu_00005th,p_002705,s_p_002705_00041,2024-05-13T19:04:48.803Z,starter_pack,1.99,2000,40,0
pu_00005ti,p_002705,s_p_002705_00041,2024-05-13T19:05:40.932Z,coins_large,19.99,25000,40,0
pu_00005tj,p_002705,s_p_002705_00045,2024-05-16T13:02:13.636Z,vip_monthly,9.99,10000,43,0
pu_00005tk,p_002705,s_p_002705_00045,2024-05-16T13:02:31.766Z,coins_large,19.99,25000,43,0
pu_00005tl,p_002705,s_p_002705_00046,2024-05-18T14:08:11.826Z,coins_large,19.99,25000,45,0
pu_00005tm,p_002705,s_p_002705_00050,2024-05-23T08:02:25.313Z,coins_large,19.99,25000,50,0
pu_00005tn,p_002705,s_p_002705_00054,2024-05-28T19:45:59.817Z,coins_large,19.99,25000,55,0
pu_00005to,p_002705,s_p_002705_00055,2024-05-28T23:10:37.640Z,coins_large,19.99,25000,55,0
pu_00005tp,p_002705,s_p_002705_00056,2024-05-31T11:05:31.303Z,vip_monthly,9.99,10000,58,0
pu_00005tq,p_002705,s_p_002705_00057,2024-06-01T18:07:57.458Z,vip_monthly,9.99,10000,59,0
pu_00005tr,p_002705,s_p_002705_00057,2024-06-01T18:06:38.050Z,coins_large,19.99,25000,59,0
pu_00005ts,p_002705,s_p_002705_00058,2024-06-02T09:12:37.639Z,coins_large,19.99,25000,60,0
pu_00005tt,p_002705,s_p_002705_00059,2024-06-02T16:06:07.440Z,coins_medium,4.99,5500,60,0
pu_00005tu,p_002705,s_p_002705_00061,2024-06-03T09:21:02.246Z,vip_monthly,9.99,10000,61,0
pu_00005tv,p_002705,s_p_002705_00068,2024-06-12T17:45:06.445Z,coins_large,19.99,25000,70,0
pu_00005tw,p_002705,s_p_002705_00070,2024-06-16T23:06:05.959Z,coins_medium,4.99,5500,74,0
pu_00005tx,p_002705,s_p_002705_00077,2024-06-26T06:07:21.368Z,coins_large,19.99,25000,84,0
pu_00005ty,p_002705,s_p_002705_00082,2024-07-04T12:24:55.010Z,coins_large,19.99,25000,92,0
pu_00005tz,p_002705,s_p_002705_00083,2024-07-07T10:08:54.735Z,coins_large,19.99,25000,95,0
pu_00005u0,p_002705,s_p_002705_00085,2024-07-08T21:10:03.100Z,coins_medium,4.99,5500,96,0
pu_00005u1,p_002705,s_p_002705_00086,2024-07-09T20:44:54.761Z,vip_monthly,9.99,10000,97,0
pu_00005u2,p_002705,s_p_002705_00089,2024-07-11T15:16:26.557Z,coins_medium,4.99,5500,99,0
pu_00005u3,p_002705,s_p_002705_00090,2024-07-13T15:50:27.111Z,coins_large,19.99,25000,101,0
pu_00005u4,p_002705,s_p_002705_00097,2024-07-20T14:42:28.027Z,coins_large,19.99,25000,108,0
pu_00005u5,p_002705,s_p_002705_00101,2024-07-25T23:26:05.047Z,coins_small,0.99,1000,113,0
pu_00005u6,p_002705,s_p_002705_00101,2024-07-25T23:38:26.632Z,coins_large,19.99,25000,113,0
pu_00005u7,p_002705,s_p_002705_00104,2024-07-30T13:12:19.628Z,coins_medium,4.99,5500,118,0
pu_00005u8,p_002705,s_p_002705_00107,2024-07-31T14:54:03.454Z,coins_large,19.99,25000,119,0
pu_00005u9,p_002705,s_p_002705_00107,2024-07-31T14:44:26.019Z,coins_medium,4.99,5500,119,0
pu_00005ua,p_002705,s_p_002705_00109,2024-08-05T17:14:04.982Z,coins_small,0.99,1000,124,0
pu_00005ub,p_002705,s_p_002705_00116,2024-08-15T19:49:58.832Z,coins_medium,4.99,5500,134,0
pu_00005uc,p_002705,s_p_002705_00117,2024-08-18T09:41:11.324Z,coins_large,19.99,25000,137,0
pu_00005ud,p_002705,s_p_002705_00126,2024-08-26T09:23:40.767Z,coins_large,19.99,25000,145,0
pu_00005ue,p_002705,s_p_002705_00129,2024-08-30T11:21:56.133Z,coins_large,19.99,25000,149,0
pu_00005uf,p_002705,s_p_002705_00133,2024-09-05T08:44:56.615Z,vip_monthly,9.99,10000,155,0
pu_00005ug,p_002705,s_p_002705_00134,2024-09-05T09:03:48.521Z,coins_medium,4.99,5500,155,0
pu_00005uh,p_002705,s_p_002705_00136,2024-09-07T16:39:38.569Z,coins_medium,4.99,5500,157,0
pu_00005ui,p_002705,s_p_002705_00140,2024-09-10T13:29:01.587Z,coins_medium,4.99,5500,160,0
pu_00005uj,p_002705,s_p_002705_00142,2024-09-14T20:06:40.376Z,coins_large,19.99,25000,164,0
pu_00005uk,p_002705,s_p_002705_00161,2024-10-02T20:07:16.989Z,coins_small,0.99,1000,182,0
pu_00005ul,p_002705,s_p_002705_00161,2024-10-02T20:07:14.197Z,vip_monthly,9.99,10000,182,0
pu_00005um,p_002766,s_p_002766_00001,2024-03-10T21:48:32.020Z,coins_large,19.99,25000,1,1
pu_00005un,p_002766,s_p_002766_00003,2024-03-12T19:47:17.875Z,coins_large,19.99,25000,3,0
pu_00005uo,p_002766,s_p_002766_00003,2024-03-12T19:53:26.503Z,coins_small,0.99,1000,3,0
pu_00005up,p_002766,s_p_002766_00009,2024-03-20T18:41:50.365Z,coins_large,19.99,25000,11,0
pu_00005uq,p_002766,s_p_002766_00012,2024-03-23T20:27:30.652Z,starter_pack,1.99,2000,14,0
pu_00005ur,p_002766,s_p_002766_00019,2024-03-29T14:01:50.319Z,vip_monthly,9.99,10000,20,0
pu_00005us,p_002766,s_p_002766_00020,2024-03-29T17:38:09.861Z,coins_medium,4.99,5500,20,0
pu_00005ut,p_002766,s_p_002766_00023,2024-04-03T10:44:54.447Z,coins_large,19.99,25000,25,0
pu_00005uu,p_002766,s_p_002766_00039,2024-04-23T22:18:40.576Z,coins_small,0.99,1000,45,0
pu_00005uv,p_002766,s_p_002766_00042,2024-04-29T19:50:43.893Z,coins_large,19.99,25000,51,0
pu_00005uw,p_002766,s_p_002766_00057,2024-05-27T15:44:59.469Z,coins_medium,4.99,5500,79,0
pu_00005ux,p_002766,s_p_002766_00061,2024-05-31T23:20:21.610Z,coins_large,19.99,25000,83,0
pu_00005uy,p_002766,s_p_002766_00061,2024-05-31T23:19:54.316Z,starter_pack,1.99,2000,83,0
pu_00005uz,p_002766,s_p_002766_00061,2024-05-31T23:20:44.465Z,vip_monthly,9.99,10000,83,0
pu_00005v0,p_002766,s_p_002766_00062,2024-06-01T10:32:15.208Z,coins_large,19.99,25000,84,0
pu_00005v1,p_002766,s_p_002766_00079,2024-06-21T07:05:21.933Z,coins_large,19.99,25000,104,0
pu_00005v2,p_002766,s_p_002766_00080,2024-06-23T16:35:23.119Z,coins_large,19.99,25000,106,0
pu_00005v3,p_002766,s_p_002766_00094,2024-07-15T13:45:53.726Z,coins_large,19.99,25000,128,0
pu_00005v4,p_002766,s_p_002766_00094,2024-07-15T13:51:33.421Z,coins_small,0.99,1000,128,0
pu_00005v5,p_002766,s_p_002766_00109,2024-08-11T08:43:55.868Z,coins_large,19.99,25000,155,0
pu_00005v6,p_002766,s_p_002766_00114,2024-08-18T22:49:19.706Z,coins_small,0.99,1000,162,0
pu_00005v7,p_002766,s_p_002766_00115,2024-08-19T13:27:35.615Z,coins_large,19.99,25000,163,0
pu_00005v8,p_002766,s_p_002766_00128,2024-09-03T09:39:21.969Z,coins_large,19.99,25000,178,0
pu_00005v9,p_002766,s_p_002766_00133,2024-09-07T19:59:42.902Z,coins_medium,4.99,5500,182,0
pu_00005va,p_002766,s_p_002766_00133,2024-09-07T20:02:21.155Z,coins_medium,4.99,5500,182,0
pu_00005vb,p_002766,s_p_002766_00136,2024-09-10T07:29:34.251Z,coins_large,19.99,25000,185,0
pu_00005vc,p_002766,s_p_002766_00136,2024-09-10T07:45:12.270Z,coins_large,19.99,25000,185,0
pu_00005vd,p_002766,s_p_002766_00139,2024-09-17T14:20:44.649Z,coins_large,19.99,25000,192,0
pu_00005ve,p_002766,s_p_002766_00139,2024-09-17T14:17:18.095Z,coins_small,0.99,1000,192,0
pu_00005vf,p_002766,s_p_002766_00154,2024-10-06T07:36:24.218Z,coins_medium,4.99,5500,211,0
pu_00005vg,p_002766,s_p_002766_00160,2024-10-12T07:49:12.783Z,coins_medium,4.99,5500,217,0
pu_00005vh,p_002766,s_p_002766_00171,2024-10-31T19:09:58.081Z,coins_medium,4.99,5500,236,0
pu_00005vi,p_002766,s_p_002766_00177,2024-11-06T13:38:12.843Z,coins_medium,4.99,5500,242,0
pu_00005vj,p_002766,s_p_002766_00185,2024-11-30T18:27:11.031Z,vip_monthly,9.99,10000,266,0
pu_00005vk,p_002766,s_p_002766_00190,2024-12-04T21:46:08.120Z,coins_large,19.99,25000,270,0
pu_00005vl,p_002870,s_p_002870_00003,2024-06-23T23:28:03.889Z,coins_small,0.99,1000,24,1
pu_00005vm,p_002870,s_p_002870_00003,2024-06-23T23:31:51.664Z,coins_medium,4.99,5500,24,0
pu_00005vn,p_002870,s_p_002870_00004,2024-06-28T20:07:00.627Z,coins_small,0.99,1000,29,0
pu_00005vo,p_002870,s_p_002870_00004,2024-06-28T20:06:44.047Z,coins_medium,4.99,5500,29,0
pu_00005vp,p_002870,s_p_002870_00004,2024-06-28T20:05:29.408Z,coins_small,0.99,1000,29,0
pu_00005vq,p_002870,s_p_002870_00005,2024-07-04T11:36:32.778Z,coins_small,0.99,1000,35,0
pu_00005vr,p_002870,s_p_002870_00007,2024-07-11T19:26:09.610Z,starter_pack,1.99,2000,42,0
pu_00005vs,p_002870,s_p_002870_00007,2024-07-11T19:21:56.421Z,coins_small,0.99,1000,42,0
pu_00005vt,p_002870,s_p_002870_00007,2024-07-11T19:27:54.438Z,starter_pack,1.99,2000,42,0
pu_00005vu,p_002870,s_p_002870_00008,2024-07-19T16:07:30.067Z,starter_pack,1.99,2000,50,0
pu_00005vv,p_002870,s_p_002870_00009,2024-07-29T20:58:23.613Z,coins_medium,4.99,5500,60,0
pu_00005vw,p_002870,s_p_002870_00011,2024-08-14T10:29:01.133Z,starter_pack,1.99,2000,76,0
pu_00005vx,p_002870,s_p_002870_00012,2024-08-25T06:20:51.927Z,starter_pack,1.99,2000,87,0
pu_00005vy,p_002870,s_p_002870_00013,2024-09-04T06:29:58.114Z,coins_small,0.99,1000,97,0
pu_00005vz,p_002891,s_p_002891_00001,2024-03-25T15:31:42.008Z,starter_pack,1.99,2000,4,1
pu_00005w0,p_002891,s_p_002891_00001,2024-03-25T15:28:42.726Z,coins_small,0.99,1000,4,0
pu_00005w1,p_002891,s_p_002891_00001,2024-03-25T15:28:29.026Z,coins_medium,4.99,5500,4,0
pu_00005w2,p_002891,s_p_002891_00003,2024-03-29T07:25:38.886Z,coins_small,0.99,1000,8,0
pu_00005w3,p_002891,s_p_002891_00003,2024-03-29T07:28:19.265Z,coins_small,0.99,1000,8,0
pu_00005w4,p_002891,s_p_002891_00003,2024-03-29T07:26:47.274Z,coins_small,0.99,1000,8,0
pu_00005w5,p_002891,s_p_002891_00005,2024-04-03T10:49:02.538Z,coins_small,0.99,1000,13,0
pu_00005w6,p_002891,s_p_002891_00005,2024-04-03T10:50:11.921Z,coins_large,19.99,25000,13,0
pu_00005w7,p_002891,s_p_002891_00006,2024-04-09T06:02:12.390Z,coins_small,0.99,1000,19,0
pu_00005w8,p_002891,s_p_002891_00006,2024-04-09T06:09:43.471Z,coins_medium,4.99,5500,19,0
pu_00005w9,p_002891,s_p_002891_00006,2024-04-09T06:08:33.317Z,coins_small,0.99,1000,19,0
pu_00005wa,p_002891,s_p_002891_00006,2024-04-09T06:04:57.133Z,coins_small,0.99,1000,19,0
pu_00005wb,p_002891,s_p_002891_00008,2024-04-28T12:33:11.285Z,coins_medium,4.99,5500,38,0
pu_00005wc,p_002891,s_p_002891_00010,2024-05-10T19:25:57.425Z,coins_large,19.99,25000,50,0
pu_00005wd,p_002891,s_p_002891_00010,2024-05-10T19:22:06.352Z,coins_medium,4.99,5500,50,0
pu_00005we,p_002891,s_p_002891_00010,2024-05-10T19:23:50.033Z,coins_small,0.99,1000,50,0
pu_00005wf,p_002891,s_p_002891_00011,2024-05-12T11:13:03.023Z,coins_medium,4.99,5500,52,0
pu_00005wg,p_002891,s_p_002891_00012,2024-05-12T22:22:51.003Z,starter_pack,1.99,2000,52,0
pu_00005wh,p_002734,s_p_002734_00001,2024-02-14T21:21:25.669Z,coins_large,19.99,25000,0,1
pu_00005wi,p_002734,s_p_002734_00001,2024-02-14T21:37:44.897Z,coins_medium,4.99,5500,0,0
pu_00005wj,p_002734,s_p_002734_00002,2024-02-15T13:06:46.414Z,coins_large,19.99,25000,1,0
pu_00005wk,p_002734,s_p_002734_00003,2024-02-15T15:33:51.009Z,coins_large,19.99,25000,1,0
pu_00005wl,p_002734,s_p_002734_00005,2024-02-16T23:17:22.937Z,coins_medium,4.99,5500,2,0
pu_00005wm,p_002734,s_p_002734_00006,2024-02-17T16:19:30.440Z,coins_medium,4.99,5500,3,0
pu_00005wn,p_002734,s_p_002734_00006,2024-02-17T16:21:47.491Z,coins_medium,4.99,5500,3,0
pu_00005wo,p_002734,s_p_002734_00016,2024-03-03T13:15:41.791Z,coins_medium,4.99,5500,18,0
pu_00005wp,p_002734,s_p_002734_00022,2024-03-10T18:53:56.458Z,coins_large,19.99,25000,25,0
pu_00005wq,p_002734,s_p_002734_00026,2024-03-15T20:14:27.916Z,coins_large,19.99,25000,30,0
pu_00005wr,p_002734,s_p_002734_00028,2024-03-20T07:59:07.312Z,coins_small,0.99,1000,35,0
pu_00005ws,p_002734,s_p_002734_00029,2024-03-21T19:29:22.116Z,coins_medium,4.99,5500,36,0
pu_00005wt,p_002734,s_p_002734_00030,2024-03-23T10:11:09.615Z,coins_medium,4.99,5500,38,0
pu_00005wu,p_002734,s_p_002734_00036,2024-03-30T22:35:29.583Z,coins_large,19.99,25000,45,0
pu_00005wv,p_002734,s_p_002734_00045,2024-04-07T17:46:03.170Z,coins_large,19.99,25000,53,0
pu_00005ww,p_002734,s_p_002734_00050,2024-04-11T13:48:19.481Z,coins_large,19.99,25000,57,0
pu_00005wx,p_002734,s_p_002734_00051,2024-04-13T11:16:57.754Z,coins_large,19.99,25000,59,0
pu_00005wy,p_002734,s_p_002734_00054,2024-04-16T16:01:17.839Z,coins_small,0.99,1000,62,0
pu_00005wz,p_002734,s_p_002734_00056,2024-04-19T07:26:38.861Z,coins_small,0.99,1000,65,0
pu_00005x0,p_002734,s_p_002734_00058,2024-04-23T18:11:28.218Z,coins_small,0.99,1000,69,0
pu_00005x1,p_002734,s_p_002734_00058,2024-04-23T18:11:04.420Z,coins_large,19.99,25000,69,0
pu_00005x2,p_002734,s_p_002734_00058,2024-04-23T18:01:24.941Z,vip_monthly,9.99,10000,69,0
pu_00005x3,p_002734,s_p_002734_00065,2024-04-28T10:16:48.029Z,coins_large,19.99,25000,74,0
pu_00005x4,p_002734,s_p_002734_00066,2024-05-05T20:53:15.270Z,coins_large,19.99,25000,81,0
pu_00005x5,p_002734,s_p_002734_00069,2024-05-10T08:57:57.038Z,coins_large,19.99,25000,86,0
pu_00005x6,p_002734,s_p_002734_00076,2024-05-18T18:53:44.414Z,vip_monthly,9.99,10000,94,0
pu_00005x7,p_002734,s_p_002734_00077,2024-05-19T10:16:25.858Z,coins_large,19.99,25000,95,0
pu_00005x8,p_002734,s_p_002734_00077,2024-05-19T10:05:19.635Z,vip_monthly,9.99,10000,95,0
pu_00005x9,p_002734,s_p_002734_00078,2024-05-21T10:34:43.842Z,coins_large,19.99,25000,97,0
pu_00005xa,p_002734,s_p_002734_00078,2024-05-21T10:30:20.049Z,coins_medium,4.99,5500,97,0
pu_00005xb,p_002734,s_p_002734_00081,2024-05-27T13:55:22.746Z,coins_medium,4.99,5500,103,0
pu_00005xc,p_002734,s_p_002734_00089,2024-06-10T23:27:14.691Z,coins_large,19.99,25000,117,0
pu_00005xd,p_002734,s_p_002734_00090,2024-06-11T22:28:14.430Z,coins_medium,4.99,5500,118,0
pu_00005xe,p_002734,s_p_002734_00092,2024-06-13T12:49:05.878Z,coins_large,19.99,25000,120,0
pu_00005xf,p_002734,s_p_002734_00104,2024-06-22T13:01:48.300Z,coins_large,19.99,25000,129,0
pu_00005xg,p_002734,s_p_002734_00107,2024-06-25T22:21:56.549Z,vip_monthly,9.99,10000,132,0
pu_00005xh,p_002734,s_p_002734_00116,2024-07-03T18:34:40.344Z,coins_large,19.99,25000,140,0
pu_00005xi,p_002734,s_p_002734_00121,2024-07-09T10:15:59.714Z,coins_small,0.99,1000,146,0
pu_00005xj,p_002734,s_p_002734_00124,2024-07-14T17:36:21.091Z,coins_large,19.99,25000,151,0
pu_00005xk,p_002734,s_p_002734_00133,2024-07-26T19:14:10.724Z,coins_large,19.99,25000,163,0
pu_00005xl,p_002734,s_p_002734_00134,2024-07-30T07:08:59.252Z,coins_small,0.99,1000,167,0
pu_00005xm,p_002734,s_p_002734_00143,2024-08-14T12:33:18.100Z,coins_large,19.99,25000,182,0
pu_00005xn,p_002734,s_p_002734_00153,2024-08-30T16:07:52.381Z,coins_large,19.99,25000,198,0
pu_00005xo,p_002734,s_p_002734_00155,2024-09-01T22:41:01.695Z,coins_small,0.99,1000,200,0
pu_00005xp,p_002734,s_p_002734_00156,2024-09-02T14:44:05.959Z,coins_small,0.99,1000,201,0
pu_00005xq,p_002734,s_p_002734_00158,2024-09-06T07:49:35.598Z,coins_large,19.99,25000,205,0
pu_00005xr,p_002734,s_p_002734_00160,2024-09-10T06:23:59.243Z,vip_monthly,9.99,10000,209,0
pu_00005xs,p_002734,s_p_002734_00165,2024-09-14T15:55:32.526Z,coins_medium,4.99,5500,213,0
pu_00005xt,p_002734,s_p_002734_00168,2024-09-26T22:22:13.719Z,coins_large,19.99,25000,225,0
pu_00005xu,p_002775,s_p_002775_00001,2024-06-04T17:17:13.096Z,starter_pack,1.99,2000,1,1
pu_00005xv,p_002775,s_p_002775_00001,2024-06-04T17:18:31.991Z,coins_medium,4.99,5500,1,0
pu_00005xw,p_002775,s_p_002775_00001,2024-06-04T17:29:16.342Z,coins_large,19.99,25000,1,0
pu_00005xx,p_002775,s_p_002775_00001,2024-06-04T17:20:34.281Z,coins_medium,4.99,5500,1,0
pu_00005xy,p_002775,s_p_002775_00003,2024-06-07T17:59:45.052Z,coins_small,0.99,1000,4,0
pu_00005xz,p_002775,s_p_002775_00003,2024-06-07T17:50:58.624Z,coins_large,19.99,25000,4,0
pu_00005y0,p_002775,s_p_002775_00004,2024-06-08T13:15:26.603Z,coins_small,0.99,1000,5,0
pu_00005y1,p_002775,s_p_002775_00005,2024-06-10T12:08:25.090Z,starter_pack,1.99,2000,7,0
pu_00005y2,p_002775,s_p_002775_00005,2024-06-10T12:10:21.091Z,coins_large,19.99,25000,7,0
pu_00005y3,p_002775,s_p_002775_00008,2024-06-14T12:48:37.131Z,coins_medium,4.99,5500,11,0
pu_00005y4,p_002775,s_p_002775_00011,2024-06-21T10:37:49.408Z,coins_large,19.99,25000,18,0
pu_00005y5,p_002775,s_p_002775_00012,2024-06-22T11:01:16.372Z,coins_medium,4.99,5500,19,0
pu_00005y6,p_002775,s_p_002775_00014,2024-06-23T20:25:47.570Z,coins_large,19.99,25000,20,0
pu_00005y7,p_002775,s_p_002775_00014,2024-06-23T20:15:32.906Z,coins_medium,4.99,5500,20,0
pu_00005y8,p_002775,s_p_002775_00015,2024-06-25T22:10:11.824Z,vip_monthly,9.99,10000,22,0
pu_00005y9,p_002775,s_p_002775_00016,2024-06-29T08:04:38.721Z,coins_large,19.99,25000,26,0
pu_00005ya,p_002775,s_p_002775_00017,2024-06-30T18:07:20.593Z,vip_monthly,9.99,10000,27,0
pu_00005yb,p_002775,s_p_002775_00021,2024-07-05T12:45:51.501Z,coins_large,19.99,25000,32,0
pu_00005yc,p_002775,s_p_002775_00023,2024-07-08T07:32:21.627Z,coins_medium,4.99,5500,35,0
pu_00005yd,p_002775,s_p_002775_00025,2024-07-11T09:21:56.506Z,coins_large,19.99,25000,38,0
pu_00005ye,p_002775,s_p_002775_00029,2024-07-17T22:40:04.357Z,coins_large,19.99,25000,44,0
pu_00005yf,p_002775,s_p_002775_00030,2024-07-20T23:28:06.644Z,coins_medium,4.99,5500,47,0
pu_00005yg,p_002775,s_p_002775_00038,2024-07-31T22:55:52.516Z,coins_medium,4.99,5500,58,0
pu_00005yh,p_002775,s_p_002775_00038,2024-07-31T22:54:46.943Z,coins_small,0.99,1000,58,0
pu_00005yi,p_002775,s_p_002775_00040,2024-08-01T18:37:54.015Z,coins_large,19.99,25000,59,0
pu_00005yj,p_002775,s_p_002775_00041,2024-08-05T08:36:14.794Z,coins_large,19.99,25000,63,0
pu_00005yk,p_002775,s_p_002775_00053,2024-08-22T13:26:52.486Z,coins_small,0.99,1000,80,0
pu_00005yl,p_002775,s_p_002775_00062,2024-09-01T19:42:30.351Z,starter_pack,1.99,2000,90,0
pu_00005ym,p_002775,s_p_002775_00068,2024-09-15T11:45:19.845Z,coins_small,0.99,1000,104,0
pu_00005yn,p_002775,s_p_002775_00077,2024-09-27T09:08:16.646Z,coins_large,19.99,25000,116,0
pu_00005yo,p_002775,s_p_002775_00080,2024-10-02T06:52:42.876Z,coins_medium,4.99,5500,121,0
pu_00005yp,p_002775,s_p_002775_00080,2024-10-02T07:01:14.107Z,vip_monthly,9.99,10000,121,0
pu_00005yq,p_002775,s_p_002775_00084,2024-10-07T12:52:13.684Z,coins_large,19.99,25000,126,0
pu_00005yr,p_002775,s_p_002775_00085,2024-10-09T07:54:08.772Z,coins_large,19.99,25000,128,0
pu_00005ys,p_002775,s_p_002775_00089,2024-10-11T07:00:45.816Z,vip_monthly,9.99,10000,130,0
pu_00005yt,p_002775,s_p_002775_00089,2024-10-11T06:50:50.146Z,starter_pack,1.99,2000,130,0
pu_00005yu,p_002775,s_p_002775_00098,2024-10-27T22:05:22.752Z,coins_large,19.99,25000,146,0
pu_00005yv,p_002775,s_p_002775_00099,2024-10-27T22:46:32.289Z,coins_large,19.99,25000,146,0
pu_00005yw,p_002775,s_p_002775_00100,2024-10-28T11:46:37.423Z,coins_medium,4.99,5500,147,0
pu_00005yx,p_002775,s_p_002775_00100,2024-10-28T11:31:56.159Z,coins_large,19.99,25000,147,0
pu_00005yy,p_002775,s_p_002775_00104,2024-10-30T22:44:58.254Z,coins_large,19.99,25000,149,0
pu_00005yz,p_002775,s_p_002775_00105,2024-10-31T16:15:33.371Z,coins_medium,4.99,5500,150,0
pu_00005z0,p_002775,s_p_002775_00105,2024-10-31T16:00:14.011Z,coins_large,19.99,25000,150,0
pu_00005z1,p_002775,s_p_002775_00106,2024-10-31T18:40:58.667Z,vip_monthly,9.99,10000,150,0
pu_00005z2,p_002775,s_p_002775_00107,2024-10-31T20:49:26.750Z,coins_medium,4.99,5500,150,0
pu_00005z3,p_002775,s_p_002775_00108,2024-11-01T14:26:09.071Z,coins_medium,4.99,5500,151,0
pu_00005z4,p_002775,s_p_002775_00112,2024-11-04T13:39:53.301Z,coins_large,19.99,25000,154,0
pu_00005z5,p_002775,s_p_002775_00112,2024-11-04T13:47:29.787Z,vip_monthly,9.99,10000,154,0
pu_00005z6,p_002775,s_p_002775_00113,2024-11-05T08:12:08.128Z,coins_large,19.99,25000,155,0
pu_00005z7,p_002775,s_p_002775_00114,2024-11-06T09:35:00.899Z,coins_large,19.99,25000,156,0
pu_00005z8,p_002775,s_p_002775_00122,2024-11-16T07:29:01.477Z,coins_medium,4.99,5500,166,0
pu_00005z9,p_002775,s_p_002775_00125,2024-11-20T09:12:38.292Z,vip_monthly,9.99,10000,170,0
pu_00005za,p_002775,s_p_002775_00131,2024-11-29T13:45:54.717Z,coins_small,0.99,1000,179,0
pu_00005zb,p_002775,s_p_002775_00136,2024-12-03T06:21:05.708Z,coins_medium,4.99,5500,183,0
pu_00005zc,p_002775,s_p_002775_00137,2024-12-04T18:15:12.325Z,coins_large,19.99,25000,184,0
pu_00005zd,p_002775,s_p_002775_00140,2024-12-08T22:49:20.959Z,coins_large,19.99,25000,188,0
pu_00005ze,p_002775,s_p_002775_00141,2024-12-10T15:05:17.323Z,coins_medium,4.99,5500,190,0
pu_00005zf,p_002775,s_p_002775_00144,2024-12-13T08:42:23.098Z,coins_medium,4.99,5500,193,0
pu_00005zg,p_002957,s_p_002957_00002,2024-02-12T21:28:44.020Z,coins_small,0.99,1000,2,1
pu_00005zh,p_002957,s_p_002957_00003,2024-02-15T11:04:10.469Z,coins_small,0.99,1000,5,0
pu_00005zi,p_002957,s_p_002957_00004,2024-02-17T08:01:17.680Z,coins_small,0.99,1000,7,0
pu_00005zj,p_002957,s_p_002957_00004,2024-02-17T08:08:16.356Z,coins_small,0.99,1000,7,0
pu_00005zk,p_002957,s_p_002957_00006,2024-03-01T09:40:23.101Z,starter_pack,1.99,2000,20,0
pu_00005zl,p_002957,s_p_002957_00008,2024-03-02T21:55:09.658Z,coins_large,19.99,25000,21,0
pu_00005zm,p_002957,s_p_002957_00009,2024-03-11T09:38:30.179Z,coins_medium,4.99,5500,30,0
pu_00005zn,p_002957,s_p_002957_00012,2024-03-25T11:01:22.011Z,coins_small,0.99,1000,44,0
pu_00005zo,p_002957,s_p_002957_00013,2024-03-26T11:34:02.025Z,coins_medium,4.99,5500,45,0
pu_00005zp,p_002957,s_p_002957_00015,2024-04-01T15:11:42.011Z,coins_small,0.99,1000,51,0
pu_00005zq,p_002957,s_p_002957_00022,2024-04-18T17:29:27.549Z,starter_pack,1.99,2000,68,0
pu_00005zr,p_002957,s_p_002957_00022,2024-04-18T17:24:31.422Z,coins_small,0.99,1000,68,0
pu_00005zs,p_002957,s_p_002957_00023,2024-04-26T16:36:40.092Z,coins_large,19.99,25000,76,0
pu_00005zt,p_002754,s_p_002754_00001,2024-03-29T12:39:00.507Z,starter_pack,1.99,2000,4,1
pu_00005zu,p_002754,s_p_002754_00003,2024-03-30T17:00:53.921Z,coins_large,19.99,25000,5,0
pu_00005zv,p_002754,s_p_002754_00003,2024-03-30T16:46:18.101Z,coins_large,19.99,25000,5,0
pu_00005zw,p_002754,s_p_002754_00003,2024-03-30T16:47:10.424Z,coins_medium,4.99,5500,5,0
pu_00005zx,p_002754,s_p_002754_00004,2024-04-01T15:15:14.066Z,coins_medium,4.99,5500,7,0
pu_00005zy,p_002754,s_p_002754_00004,2024-04-01T14:53:38.915Z,coins_large,19.99,25000,7,0
pu_00005zz,p_002754,s_p_002754_00004,2024-04-01T14:59:36.076Z,coins_large,19.99,25000,7,0
pu_0000600,p_002754,s_p_002754_00005,2024-04-02T23:25:45.763Z,coins_medium,4.99,5500,8,0
pu_0000601,p_002754,s_p_002754_00006,2024-04-03T13:13:18.557Z,coins_medium,4.99,5500,9,0
pu_0000602,p_002754,s_p_002754_00006,2024-04-03T13:08:37.061Z,coins_small,0.99,1000,9,0
pu_0000603,p_002754,s_p_002754_00011,2024-04-09T23:06:15.168Z,coins_medium,4.99,5500,15,0
pu_0000604,p_002754,s_p_002754_00020,2024-04-21T22:26:23.926Z,vip_monthly,9.99,10000,27,0
pu_0000605,p_002754,s_p_002754_00028,2024-04-28T14:29:01.374Z,coins_small,0.99,1000,34,0
pu_0000606,p_002754,s_p_002754_00035,2024-05-07T18:27:30.609Z,starter_pack,1.99,2000,43,0
pu_0000607,p_002754,s_p_002754_00038,2024-05-08T09:02:45.031Z,coins_medium,4.99,5500,44,0
pu_0000608,p_002754,s_p_002754_00074,2024-06-26T21:59:05.894Z,coins_large,19.99,25000,93,0
pu_0000609,p_002754,s_p_002754_00077,2024-07-01T18:28:37.601Z,coins_large,19.99,25000,98,0
pu_000060a,p_002754,s_p_002754_00086,2024-07-09T21:49:20.149Z,coins_large,19.99,25000,106,0
pu_000060b,p_002754,s_p_002754_00094,2024-07-23T22:33:49.483Z,coins_medium,4.99,5500,120,0
pu_000060c,p_002754,s_p_002754_00111,2024-08-08T14:35:56.495Z,coins_large,19.99,25000,136,0
pu_000060d,p_002754,s_p_002754_00116,2024-08-15T18:30:07.046Z,starter_pack,1.99,2000,143,0
pu_000060e,p_002754,s_p_002754_00128,2024-09-11T08:56:29.935Z,coins_medium,4.99,5500,170,0
pu_000060f,p_002754,s_p_002754_00129,2024-09-13T18:34:21.252Z,starter_pack,1.99,2000,172,0
pu_000060g,p_002754,s_p_002754_00135,2024-09-26T23:04:49.383Z,coins_medium,4.99,5500,185,0
pu_000060h,p_002754,s_p_002754_00144,2024-10-10T16:30:28.918Z,coins_small,0.99,1000,199,0
pu_000060i,p_002754,s_p_002754_00150,2024-10-15T10:42:35.076Z,starter_pack,1.99,2000,204,0
pu_000060j,p_002754,s_p_002754_00151,2024-10-15T17:22:00.026Z,coins_large,19.99,25000,204,0
pu_000060k,p_002754,s_p_002754_00180,2024-11-24T16:36:28.501Z,coins_large,19.99,25000,244,0
pu_000060l,p_002754,s_p_002754_00182,2024-12-04T09:56:32.181Z,coins_large,19.99,25000,254,0
pu_000060m,p_002754,s_p_002754_00185,2024-12-11T13:26:16.180Z,coins_large,19.99,25000,261,0
pu_000060n,p_002791,s_p_002791_00001,2024-03-07T12:58:42.149Z,coins_large,19.99,25000,2,1
pu_000060o,p_002791,s_p_002791_00001,2024-03-07T12:49:07.623Z,coins_medium,4.99,5500,2,0
pu_000060p,p_002791,s_p_002791_00001,2024-03-07T12:50:05.141Z,coins_small,0.99,1000,2,0
pu_000060q,p_002791,s_p_002791_00001,2024-03-07T12:47:22.478Z,coins_large,19.99,25000,2,0
pu_000060r,p_002791,s_p_002791_00002,2024-03-07T19:24:30.227Z,vip_monthly,9.99,10000,2,0
pu_000060s,p_002791,s_p_002791_00002,2024-03-07T19:02:57.353Z,coins_small,0.99,1000,2,0
pu_000060t,p_002791,s_p_002791_00002,2024-03-07T19:25:31.499Z,coins_medium,4.99,5500,2,0
pu_000060u,p_002791,s_p_002791_00005,2024-03-11T12:37:53.201Z,coins_medium,4.99,5500,6,0
pu_000060v,p_002791,s_p_002791_00006,2024-03-12T08:26:30.818Z,coins_small,0.99,1000,7,0
pu_000060w,p_002791,s_p_002791_00006,2024-03-12T08:28:41.119Z,coins_medium,4.99,5500,7,0
pu_000060x,p_002791,s_p_002791_00006,2024-03-12T08:36:41.782Z,coins_medium,4.99,5500,7,0
pu_000060y,p_002791,s_p_002791_00007,2024-03-12T11:50:23.801Z,vip_monthly,9.99,10000,7,0
pu_000060z,p_002791,s_p_002791_00012,2024-03-16T08:30:38.784Z,coins_large,19.99,25000,11,0
pu_0000610,p_002791,s_p_002791_00016,2024-03-18T08:27:30.790Z,coins_medium,4.99,5500,13,0
pu_0000611,p_002791,s_p_002791_00019,2024-03-23T14:53:10.324Z,vip_monthly,9.99,10000,18,0
pu_0000612,p_002791,s_p_002791_00030,2024-04-09T06:47:35.797Z,coins_medium,4.99,5500,35,0
pu_0000613,p_002791,s_p_002791_00037,2024-04-14T21:42:01.762Z,coins_large,19.99,25000,40,0
pu_0000614,p_002791,s_p_002791_00039,2024-04-15T08:08:10.123Z,coins_large,19.99,25000,41,0
pu_0000615,p_002791,s_p_002791_00040,2024-04-16T15:39:55.648Z,starter_pack,1.99,2000,42,0
pu_0000616,p_002791,s_p_002791_00041,2024-04-17T11:18:06.907Z,coins_large,19.99,25000,43,0
pu_0000617,p_002791,s_p_002791_00041,2024-04-17T11:19:04.317Z,coins_small,0.99,1000,43,0
pu_0000618,p_002791,s_p_002791_00046,2024-04-21T18:49:34.821Z,vip_monthly,9.99,10000,47,0
pu_0000619,p_002791,s_p_002791_00048,2024-04-22T22:12:47.257Z,coins_large,19.99,25000,48,0
pu_000061a,p_002791,s_p_002791_00065,2024-05-13T22:39:49.182Z,coins_large,19.99,25000,69,0
pu_000061b,p_002791,s_p_002791_00068,2024-05-14T16:17:21.614Z,starter_pack,1.99,2000,70,0
pu_000061c,p_002791,s_p_002791_00072,2024-05-19T16:07:56.001Z,coins_medium,4.99,5500,75,0
pu_000061d,p_002791,s_p_002791_00074,2024-05-27T22:03:52.399Z,coins_small,0.99,1000,83,0
pu_000061e,p_002791,s_p_002791_00075,2024-05-28T10:34:56.691Z,coins_large,19.99,25000,84,0
pu_000061f,p_002791,s_p_002791_00075,2024-05-28T10:24:40.726Z,coins_large,19.99,25000,84,0
pu_000061g,p_002791,s_p_002791_00088,2024-07-02T10:08:31.560Z,vip_monthly,9.99,10000,119,0
pu_000061h,p_002791,s_p_002791_00095,2024-07-09T20:37:32.821Z,coins_large,19.99,25000,126,0
pu_000061i,p_002791,s_p_002791_00101,2024-07-15T17:08:28.748Z,starter_pack,1.99,2000,132,0
pu_000061j,p_002791,s_p_002791_00104,2024-07-19T15:17:38.195Z,coins_large,19.99,25000,136,0
pu_000061k,p_002791,s_p_002791_00109,2024-07-29T18:35:11.924Z,coins_large,19.99,25000,146,0
pu_000061l,p_002791,s_p_002791_00111,2024-08-03T07:57:13.490Z,coins_medium,4.99,5500,151,0
pu_000061m,p_002791,s_p_002791_00112,2024-08-05T07:25:56.092Z,starter_pack,1.99,2000,153,0
pu_000061n,p_002791,s_p_002791_00124,2024-08-25T07:11:46.094Z,coins_medium,4.99,5500,173,0
pu_000061o,p_002791,s_p_002791_00128,2024-08-30T10:21:24.724Z,coins_medium,4.99,5500,178,0
pu_000061p,p_002791,s_p_002791_00129,2024-08-30T18:35:09.886Z,coins_large,19.99,25000,178,0
pu_000061q,p_002791,s_p_002791_00142,2024-09-12T11:34:15.374Z,starter_pack,1.99,2000,191,0
pu_000061r,p_002791,s_p_002791_00158,2024-10-04T15:21:49.879Z,coins_medium,4.99,5500,213,0
pu_000061s,p_002791,s_p_002791_00167,2024-10-14T09:58:11.671Z,coins_medium,4.99,5500,223,0
pu_000061t,p_002791,s_p_002791_00173,2024-10-17T17:40:41.341Z,coins_medium,4.99,5500,226,0
pu_000061u,p_002791,s_p_002791_00176,2024-10-19T10:39:47.212Z,coins_medium,4.99,5500,228,0
pu_000061v,p_002791,s_p_002791_00179,2024-10-22T22:31:26.242Z,starter_pack,1.99,2000,231,0
pu_000061w,p_002791,s_p_002791_00182,2024-10-23T14:27:57.846Z,coins_medium,4.99,5500,232,0
pu_000061x,p_002791,s_p_002791_00189,2024-11-01T17:14:03.496Z,coins_large,19.99,25000,241,0
pu_000061y,p_002791,s_p_002791_00211,2024-12-01T18:10:56.168Z,coins_large,19.99,25000,271,0
pu_000061z,p_002980,s_p_002980_00001,2024-04-14T06:04:33.206Z,starter_pack,1.99,2000,5,1
pu_0000620,p_002980,s_p_002980_00004,2024-05-23T20:39:28.835Z,coins_medium,4.99,5500,44,0
pu_0000621,p_002980,s_p_002980_00005,2024-05-30T13:58:17.029Z,vip_monthly,9.99,10000,51,0
pu_0000622,p_002980,s_p_002980_00007,2024-06-10T11:38:39.365Z,coins_small,0.99,1000,62,0
pu_0000623,p_002980,s_p_002980_00007,2024-06-10T11:43:50.394Z,coins_small,0.99,1000,62,0
pu_0000624,p_002980,s_p_002980_00011,2024-07-06T15:17:03.600Z,coins_medium,4.99,5500,88,0
pu_0000625,p_002980,s_p_002980_00011,2024-07-06T15:12:07.796Z,coins_small,0.99,1000,88,0
pu_0000626,p_002980,s_p_002980_00012,2024-07-27T08:06:59.966Z,coins_small,0.99,1000,109,0
pu_0000627,p_002980,s_p_002980_00014,2024-07-30T18:24:05.290Z,coins_small,0.99,1000,112,0
pu_0000628,p_002980,s_p_002980_00015,2024-08-06T14:13:20.640Z,coins_small,0.99,1000,119,0
pu_0000629,p_002846,s_p_002846_00001,2024-05-06T14:59:51.351Z,starter_pack,1.99,2000,0,1
pu_000062a,p_002846,s_p_002846_00001,2024-05-06T15:04:04.195Z,coins_large,19.99,25000,0,0
pu_000062b,p_002846,s_p_002846_00002,2024-05-06T22:15:36.085Z,vip_monthly,9.99,10000,0,0
pu_000062c,p_002846,s_p_002846_00002,2024-05-06T22:15:39.720Z,coins_medium,4.99,5500,0,0
pu_000062d,p_002846,s_p_002846_00003,2024-05-08T11:38:31.922Z,coins_large,19.99,25000,2,0
pu_000062e,p_002846,s_p_002846_00004,2024-05-10T21:13:28.681Z,starter_pack,1.99,2000,4,0
pu_000062f,p_002846,s_p_002846_00005,2024-05-11T11:23:32.341Z,coins_medium,4.99,5500,5,0
pu_000062g,p_002846,s_p_002846_00006,2024-05-11T19:03:48.398Z,coins_small,0.99,1000,5,0
pu_000062h,p_002846,s_p_002846_00006,2024-05-11T19:03:33.849Z,coins_large,19.99,25000,5,0
pu_000062i,p_002846,s_p_002846_00006,2024-05-11T19:12:29.373Z,coins_large,19.99,25000,5,0
pu_000062j,p_002846,s_p_002846_00006,2024-05-11T19:14:49.348Z,coins_medium,4.99,5500,5,0
pu_000062k,p_002846,s_p_002846_00007,2024-05-13T13:04:01.163Z,coins_large,19.99,25000,7,0
pu_000062l,p_002846,s_p_002846_00014,2024-05-23T16:12:35.270Z,coins_medium,4.99,5500,17,0
pu_000062m,p_002846,s_p_002846_00016,2024-05-24T13:59:06.170Z,starter_pack,1.99,2000,18,0
pu_000062n,p_002846,s_p_002846_00030,2024-06-14T18:25:25.902Z,coins_medium,4.99,5500,39,0
pu_000062o,p_002846,s_p_002846_00033,2024-06-19T17:24:17.583Z,coins_medium,4.99,5500,44,0
pu_000062p,p_002846,s_p_002846_00034,2024-06-20T20:27:00.792Z,coins_medium,4.99,5500,45,0
pu_000062q,p_002846,s_p_002846_00035,2024-06-21T14:31:12.743Z,coins_small,0.99,1000,46,0
pu_000062r,p_002846,s_p_002846_00048,2024-07-15T21:44:56.754Z,vip_monthly,9.99,10000,70,0
pu_000062s,p_002846,s_p_002846_00051,2024-07-23T19:14:42.681Z,coins_medium,4.99,5500,78,0
pu_000062t,p_002846,s_p_002846_00057,2024-08-01T21:46:40.361Z,vip_monthly,9.99,10000,87,0
pu_000062u,p_002846,s_p_002846_00065,2024-08-12T17:52:35.529Z,coins_large,19.99,25000,98,0
pu_000062v,p_002846,s_p_002846_00067,2024-08-13T16:37:40.860Z,coins_small,0.99,1000,99,0
pu_000062w,p_002846,s_p_002846_00068,2024-08-13T21:24:10.003Z,coins_medium,4.99,5500,99,0
pu_000062x,p_002846,s_p_002846_00073,2024-08-20T17:20:26.005Z,coins_small,0.99,1000,106,0
pu_000062y,p_002846,s_p_002846_00076,2024-08-21T11:05:57.924Z,coins_small,0.99,1000,107,0
pu_000062z,p_002846,s_p_002846_00080,2024-08-23T17:55:44.341Z,vip_monthly,9.99,10000,109,0
pu_0000630,p_002846,s_p_002846_00082,2024-08-30T21:05:48.260Z,coins_medium,4.99,5500,116,0
pu_0000631,p_002846,s_p_002846_00085,2024-09-01T10:53:09.335Z,coins_medium,4.99,5500,118,0
pu_0000632,p_002846,s_p_002846_00090,2024-09-07T21:28:57.901Z,coins_small,0.99,1000,124,0
pu_0000633,p_002846,s_p_002846_00091,2024-09-10T16:21:56.614Z,coins_large,19.99,25000,127,0
pu_0000634,p_002846,s_p_002846_00093,2024-09-15T10:03:06.004Z,coins_medium,4.99,5500,132,0
pu_0000635,p_002846,s_p_002846_00106,2024-09-30T09:01:14.568Z,vip_monthly,9.99,10000,147,0
pu_0000636,p_002846,s_p_002846_00108,2024-10-01T14:48:02.614Z,vip_monthly,9.99,10000,148,0
pu_0000637,p_002846,s_p_002846_00109,2024-10-03T21:53:23.944Z,vip_monthly,9.99,10000,150,0
pu_0000638,p_002846,s_p_002846_00118,2024-10-11T08:52:23.728Z,coins_large,19.99,25000,158,0
pu_0000639,p_002846,s_p_002846_00120,2024-10-12T12:09:06.317Z,coins_large,19.99,25000,159,0
pu_000063a,p_002846,s_p_002846_00125,2024-10-26T17:45:58.361Z,vip_monthly,9.99,10000,173,0
pu_000063b,p_002846,s_p_002846_00142,2024-11-13T06:08:46.780Z,coins_large,19.99,25000,191,0
pu_000063c,p_002846,s_p_002846_00146,2024-11-17T13:04:12.662Z,coins_large,19.99,25000,195,0
pu_000063d,p_002846,s_p_002846_00149,2024-11-23T20:31:02.227Z,coins_small,0.99,1000,201,0
pu_000063e,p_002846,s_p_002846_00153,2024-11-29T15:46:16.085Z,coins_large,19.99,25000,207,0
pu_000063f,p_002846,s_p_002846_00154,2024-11-30T18:03:58.527Z,coins_medium,4.99,5500,208,0
pu_000063g,p_002846,s_p_002846_00159,2024-12-08T21:14:18.704Z,vip_monthly,9.99,10000,216,0
pu_000063h,p_002452,s_p_002452_00002,2024-03-29T19:37:48.453Z,starter_pack,1.99,2000,0,1
pu_000063i,p_002452,s_p_002452_00010,2024-04-11T14:39:33.785Z,coins_small,0.99,1000,13,0
pu_000063j,p_002452,s_p_002452_00016,2024-04-25T15:45:53.628Z,starter_pack,1.99,2000,27,0
pu_000063k,p_002452,s_p_002452_00016,2024-04-25T15:44:00.873Z,coins_small,0.99,1000,27,0
pu_000063l,p_002452,s_p_002452_00021,2024-05-08T20:39:49.315Z,coins_large,19.99,25000,40,0
pu_000063m,p_002945,s_p_002945_00003,2024-03-10T17:48:26.395Z,coins_small,0.99,1000,17,1
pu_000063n,p_002945,s_p_002945_00008,2024-04-02T11:36:03.816Z,coins_medium,4.99,5500,40,0
pu_000063o,p_002945,s_p_002945_00008,2024-04-02T11:35:22.313Z,coins_small,0.99,1000,40,0
pu_000063p,p_002945,s_p_002945_00014,2024-05-13T14:34:57.729Z,coins_medium,4.99,5500,81,0
pu_000063q,p_002945,s_p_002945_00026,2024-07-19T17:16:18.350Z,vip_monthly,9.99,10000,148,0
pu_000063r,p_002945,s_p_002945_00030,2024-07-31T16:23:42.030Z,coins_small,0.99,1000,160,0
pu_000063s,p_002949,s_p_002949_00002,2024-09-23T06:40:11.992Z,starter_pack,1.99,2000,8,1
pu_000063t,p_002949,s_p_002949_00002,2024-09-23T06:42:04.027Z,coins_small,0.99,1000,8,0
pu_000063u,p_002949,s_p_002949_00002,2024-09-23T06:41:37.365Z,coins_small,0.99,1000,8,0
pu_000063v,p_002949,s_p_002949_00003,2024-09-24T09:56:29.284Z,coins_medium,4.99,5500,9,0
pu_000063w,p_002949,s_p_002949_00003,2024-09-24T09:53:18.830Z,starter_pack,1.99,2000,9,0
pu_000063x,p_002949,s_p_002949_00004,2024-10-02T12:15:35.362Z,coins_small,0.99,1000,17,0
pu_000063y,p_002949,s_p_002949_00005,2024-10-20T08:11:10.103Z,coins_small,0.99,1000,35,0
pu_000063z,p_002949,s_p_002949_00008,2024-10-31T13:30:31.314Z,coins_small,0.99,1000,46,0
pu_0000640,p_002949,s_p_002949_00008,2024-10-31T13:31:24.590Z,coins_small,0.99,1000,46,0
pu_0000641,p_002949,s_p_002949_00008,2024-10-31T13:31:08.221Z,coins_medium,4.99,5500,46,0
pu_0000642,p_002949,s_p_002949_00008,2024-10-31T13:32:31.300Z,coins_medium,4.99,5500,46,0
pu_0000643,p_002949,s_p_002949_00009,2024-11-28T19:25:26.788Z,coins_medium,4.99,5500,74,0
pu_0000644,p_002949,s_p_002949_00010,2024-11-29T12:41:52.318Z,coins_small,0.99,1000,75,0
pu_0000645,p_002949,s_p_002949_00010,2024-11-29T12:47:41.403Z,coins_small,0.99,1000,75,0
pu_0000646,p_002949,s_p_002949_00010,2024-11-29T12:42:03.469Z,coins_medium,4.99,5500,75,0
pu_0000647,p_002949,s_p_002949_00010,2024-11-29T12:47:12.858Z,coins_small,0.99,1000,75,0
pu_0000648,p_002949,s_p_002949_00010,2024-11-29T12:43:04.820Z,vip_monthly,9.99,10000,75,0
pu_0000649,p_002949,s_p_002949_00012,2024-12-12T06:14:24.966Z,coins_medium,4.99,5500,88,0
pu_000064a,p_002949,s_p_002949_00013,2024-12-12T22:54:20.583Z,coins_small,0.99,1000,88,0
pu_000064b,p_002949,s_p_002949_00013,2024-12-12T22:49:00.354Z,coins_small,0.99,1000,88,0
pu_000064c,p_002709,s_p_002709_00001,2024-05-23T22:39:58.522Z,coins_small,0.99,1000,1,1
pu_000064d,p_002709,s_p_002709_00002,2024-05-24T15:12:26.240Z,coins_large,19.99,25000,2,0
pu_000064e,p_002709,s_p_002709_00003,2024-05-26T09:03:14.575Z,coins_large,19.99,25000,4,0
pu_000064f,p_002709,s_p_002709_00003,2024-05-26T09:06:34.411Z,coins_large,19.99,25000,4,0
pu_000064g,p_002709,s_p_002709_00004,2024-05-28T17:26:47.208Z,coins_medium,4.99,5500,6,0
pu_000064h,p_002709,s_p_002709_00005,2024-05-28T18:28:58.374Z,coins_medium,4.99,5500,6,0
pu_000064i,p_002709,s_p_002709_00008,2024-06-05T07:31:34.689Z,vip_monthly,9.99,10000,14,0
pu_000064j,p_002709,s_p_002709_00010,2024-06-05T17:55:43.361Z,coins_small,0.99,1000,14,0
pu_000064k,p_002709,s_p_002709_00015,2024-06-16T09:53:43.521Z,coins_small,0.99,1000,25,0
pu_000064l,p_002709,s_p_002709_00018,2024-06-22T11:46:36.325Z,coins_medium,4.99,5500,31,0
pu_000064m,p_002709,s_p_002709_00020,2024-06-23T09:40:38.131Z,coins_large,19.99,25000,32,0
pu_000064n,p_002709,s_p_002709_00024,2024-06-25T15:39:59.859Z,coins_medium,4.99,5500,34,0
pu_000064o,p_002709,s_p_002709_00025,2024-06-29T07:48:03.131Z,coins_large,19.99,25000,38,0
pu_000064p,p_002709,s_p_002709_00025,2024-06-29T07:39:10.231Z,starter_pack,1.99,2000,38,0
pu_000064q,p_002709,s_p_002709_00029,2024-07-03T16:57:15.583Z,coins_large,19.99,25000,42,0
pu_000064r,p_002709,s_p_002709_00037,2024-07-18T20:48:42.492Z,coins_large,19.99,25000,57,0
pu_000064s,p_002709,s_p_002709_00041,2024-07-28T16:47:22.634Z,coins_small,0.99,1000,67,0
pu_000064t,p_002709,s_p_002709_00044,2024-07-31T13:40:31.383Z,vip_monthly,9.99,10000,70,0
pu_000064u,p_002709,s_p_002709_00046,2024-08-01T09:25:52.903Z,coins_medium,4.99,5500,71,0
pu_000064v,p_002709,s_p_002709_00052,2024-08-06T12:12:36.904Z,coins_large,19.99,25000,76,0
pu_000064w,p_002709,s_p_002709_00056,2024-08-10T16:26:01.018Z,coins_large,19.99,25000,80,0
pu_000064x,p_002709,s_p_002709_00065,2024-08-22T10:22:37.189Z,coins_small,0.99,1000,92,0
pu_000064y,p_002709,s_p_002709_00067,2024-08-24T18:15:54.609Z,coins_large,19.99,25000,94,0
pu_000064z,p_002709,s_p_002709_00069,2024-08-26T15:01:00.179Z,vip_monthly,9.99,10000,96,0
pu_0000650,p_002709,s_p_002709_00070,2024-08-26T21:32:23.369Z,vip_monthly,9.99,10000,96,0
pu_0000651,p_002709,s_p_002709_00072,2024-08-28T16:09:25.624Z,coins_large,19.99,25000,98,0
pu_0000652,p_002709,s_p_002709_00084,2024-09-17T20:13:47.537Z,coins_small,0.99,1000,118,0
pu_0000653,p_002709,s_p_002709_00086,2024-09-19T10:10:01.493Z,starter_pack,1.99,2000,120,0
pu_0000654,p_002709,s_p_002709_00091,2024-09-27T12:02:42.511Z,coins_medium,4.99,5500,128,0
pu_0000655,p_002709,s_p_002709_00093,2024-09-30T09:54:10.046Z,coins_large,19.99,25000,131,0
pu_0000656,p_002709,s_p_002709_00093,2024-09-30T09:57:29.930Z,vip_monthly,9.99,10000,131,0
pu_0000657,p_002709,s_p_002709_00098,2024-10-04T20:56:46.687Z,coins_small,0.99,1000,135,0
pu_0000658,p_002709,s_p_002709_00098,2024-10-04T20:50:07.768Z,coins_large,19.99,25000,135,0
pu_0000659,p_002709,s_p_002709_00099,2024-10-06T09:09:27.130Z,coins_medium,4.99,5500,137,0
pu_000065a,p_002709,s_p_002709_00104,2024-10-10T16:54:42.565Z,vip_monthly,9.99,10000,141,0
pu_000065b,p_002709,s_p_002709_00109,2024-10-14T16:35:25.931Z,coins_medium,4.99,5500,145,0
pu_000065c,p_002709,s_p_002709_00114,2024-10-18T21:24:04.791Z,coins_medium,4.99,5500,149,0
pu_000065d,p_002709,s_p_002709_00120,2024-10-28T19:43:32.224Z,coins_medium,4.99,5500,159,0
pu_000065e,p_002709,s_p_002709_00133,2024-11-07T22:09:18.392Z,coins_medium,4.99,5500,169,0
pu_000065f,p_002709,s_p_002709_00136,2024-11-10T18:10:31.250Z,vip_monthly,9.99,10000,172,0
pu_000065g,p_002709,s_p_002709_00137,2024-11-11T18:09:30.904Z,coins_large,19.99,25000,173,0
pu_000065h,p_002709,s_p_002709_00153,2024-12-16T20:29:17.768Z,vip_monthly,9.99,10000,208,0
pu_000065i,p_002709,s_p_002709_00154,2024-12-18T06:42:52.432Z,coins_medium,4.99,5500,210,0
pu_000065j,p_002908,s_p_002908_00001,2024-06-01T20:21:55.454Z,coins_small,0.99,1000,8,1
pu_000065k,p_002908,s_p_002908_00002,2024-06-18T09:22:39.093Z,starter_pack,1.99,2000,25,0
pu_000065l,p_002908,s_p_002908_00002,2024-06-18T09:26:33.777Z,coins_small,0.99,1000,25,0
pu_000065m,p_002908,s_p_002908_00006,2024-07-29T18:22:06.174Z,coins_small,0.99,1000,66,0
pu_000065n,p_002908,s_p_002908_00007,2024-08-07T06:21:53.543Z,coins_medium,4.99,5500,75,0
pu_000065o,p_002933,s_p_002933_00001,2024-07-10T12:30:45.098Z,coins_small,0.99,1000,0,1
pu_000065p,p_002933,s_p_002933_00002,2024-07-11T07:41:47.045Z,coins_small,0.99,1000,1,0
pu_000065q,p_002933,s_p_002933_00006,2024-08-10T07:27:19.867Z,coins_small,0.99,1000,31,0
pu_000065r,p_002933,s_p_002933_00015,2024-10-14T14:20:26.214Z,coins_medium,4.99,5500,96,0
pu_000065s,p_002933,s_p_002933_00015,2024-10-14T14:18:35.751Z,coins_small,0.99,1000,96,0
pu_000065t,p_002835,s_p_002835_00001,2024-04-04T19:41:29.704Z,coins_large,19.99,25000,2,1
pu_000065u,p_002835,s_p_002835_00002,2024-04-05T09:36:13.652Z,coins_large,19.99,25000,3,0
pu_000065v,p_002835,s_p_002835_00002,2024-04-05T09:34:07.345Z,coins_small,0.99,1000,3,0
pu_000065w,p_002835,s_p_002835_00004,2024-04-11T07:55:40.027Z,coins_small,0.99,1000,9,0
pu_000065x,p_002835,s_p_002835_00004,2024-04-11T07:40:49.403Z,coins_medium,4.99,5500,9,0
pu_000065y,p_002835,s_p_002835_00004,2024-04-11T07:43:28.690Z,starter_pack,1.99,2000,9,0
pu_000065z,p_002835,s_p_002835_00005,2024-04-11T22:46:25.318Z,coins_medium,4.99,5500,9,0
pu_0000660,p_002835,s_p_002835_00012,2024-04-26T15:03:44.750Z,coins_large,19.99,25000,24,0
pu_0000661,p_002835,s_p_002835_00035,2024-05-23T11:49:36.813Z,coins_large,19.99,25000,51,0
pu_0000662,p_002835,s_p_002835_00040,2024-05-28T09:41:19.397Z,coins_large,19.99,25000,56,0
pu_0000663,p_002835,s_p_002835_00042,2024-05-30T10:46:07.650Z,coins_medium,4.99,5500,58,0
pu_0000664,p_002835,s_p_002835_00060,2024-06-24T10:08:20.132Z,coins_large,19.99,25000,83,0
pu_0000665,p_002835,s_p_002835_00062,2024-06-25T11:32:02.826Z,coins_large,19.99,25000,84,0
pu_0000666,p_002835,s_p_002835_00075,2024-07-15T07:20:22.757Z,coins_large,19.99,25000,104,0
pu_0000667,p_002835,s_p_002835_00076,2024-07-16T11:00:28.007Z,vip_monthly,9.99,10000,105,0
pu_0000668,p_002835,s_p_002835_00079,2024-07-19T15:24:09.444Z,coins_large,19.99,25000,108,0
pu_0000669,p_002835,s_p_002835_00079,2024-07-19T15:16:48.915Z,coins_medium,4.99,5500,108,0
pu_000066a,p_002835,s_p_002835_00080,2024-07-20T07:18:14.041Z,vip_monthly,9.99,10000,109,0
pu_000066b,p_002835,s_p_002835_00081,2024-07-20T13:56:50.452Z,coins_large,19.99,25000,109,0
pu_000066c,p_002835,s_p_002835_00083,2024-07-25T09:35:34.717Z,coins_small,0.99,1000,114,0
pu_000066d,p_002835,s_p_002835_00088,2024-07-28T18:24:50.158Z,vip_monthly,9.99,10000,117,0
pu_000066e,p_002835,s_p_002835_00089,2024-07-28T19:11:16.331Z,coins_medium,4.99,5500,117,0
pu_000066f,p_002835,s_p_002835_00095,2024-08-06T11:46:22.101Z,coins_large,19.99,25000,126,0
pu_000066g,p_002835,s_p_002835_00105,2024-08-24T14:06:06.512Z,coins_large,19.99,25000,144,0
pu_000066h,p_002835,s_p_002835_00108,2024-08-28T20:36:30.661Z,vip_monthly,9.99,10000,148,0
pu_000066i,p_002835,s_p_002835_00112,2024-09-03T18:43:39.285Z,coins_medium,4.99,5500,154,0
pu_000066j,p_002835,s_p_002835_00115,2024-09-05T18:24:04.459Z,coins_small,0.99,1000,156,0
pu_000066k,p_002835,s_p_002835_00118,2024-09-08T22:53:01.427Z,coins_small,0.99,1000,159,0
pu_000066l,p_002835,s_p_002835_00120,2024-09-11T14:02:04.373Z,coins_medium,4.99,5500,162,0
pu_000066m,p_002835,s_p_002835_00124,2024-09-14T15:13:27.492Z,coins_large,19.99,25000,165,0
pu_000066n,p_002835,s_p_002835_00141,2024-10-06T23:40:29.136Z,vip_monthly,9.99,10000,187,0
pu_000066o,p_002835,s_p_002835_00142,2024-10-08T09:28:20.579Z,vip_monthly,9.99,10000,189,0
pu_000066p,p_002835,s_p_002835_00146,2024-10-17T09:44:07.080Z,coins_large,19.99,25000,198,0
pu_000066q,p_002840,s_p_002840_00001,2024-06-25T08:28:00.216Z,starter_pack,1.99,2000,0,1
pu_000066r,p_002840,s_p_002840_00002,2024-06-25T09:45:01.175Z,coins_medium,4.99,5500,0,0
pu_000066s,p_002840,s_p_002840_00003,2024-06-25T18:59:43.394Z,coins_medium,4.99,5500,0,0
pu_000066t,p_002840,s_p_002840_00003,2024-06-25T18:59:33.816Z,coins_large,19.99,25000,0,0
pu_000066u,p_002840,s_p_002840_00004,2024-06-26T06:17:26.872Z,coins_large,19.99,25000,1,0
pu_000066v,p_002840,s_p_002840_00004,2024-06-26T06:16:36.976Z,coins_small,0.99,1000,1,0
pu_000066w,p_002840,s_p_002840_00004,2024-06-26T06:19:49.832Z,coins_large,19.99,25000,1,0
pu_000066x,p_002840,s_p_002840_00013,2024-07-03T07:19:35.182Z,coins_small,0.99,1000,8,0
pu_000066y,p_002840,s_p_002840_00013,2024-07-03T07:15:32.425Z,coins_small,0.99,1000,8,0
pu_000066z,p_002840,s_p_002840_00014,2024-07-03T16:15:31.738Z,coins_large,19.99,25000,8,0
pu_0000670,p_002840,s_p_002840_00015,2024-07-03T22:24:03.863Z,coins_medium,4.99,5500,8,0
pu_0000671,p_002840,s_p_002840_00019,2024-07-12T17:37:35.159Z,coins_small,0.99,1000,17,0
pu_0000672,p_002840,s_p_002840_00019,2024-07-12T17:46:36.660Z,coins_large,19.99,25000,17,0
pu_0000673,p_002840,s_p_002840_00023,2024-07-21T07:25:22.092Z,coins_medium,4.99,5500,26,0
pu_0000674,p_002840,s_p_002840_00028,2024-07-23T09:08:05.579Z,coins_medium,4.99,5500,28,0
pu_0000675,p_002840,s_p_002840_00029,2024-07-23T10:03:47.244Z,coins_medium,4.99,5500,28,0
pu_0000676,p_002840,s_p_002840_00030,2024-07-23T10:17:52.860Z,coins_large,19.99,25000,28,0
pu_0000677,p_002840,s_p_002840_00031,2024-07-24T06:59:43.355Z,coins_large,19.99,25000,29,0
pu_0000678,p_002840,s_p_002840_00034,2024-07-25T11:39:26.635Z,coins_medium,4.99,5500,30,0
pu_0000679,p_002840,s_p_002840_00034,2024-07-25T11:44:15.664Z,vip_monthly,9.99,10000,30,0
pu_000067a,p_002840,s_p_002840_00040,2024-08-01T12:22:09.789Z,coins_small,0.99,1000,37,0
pu_000067b,p_002840,s_p_002840_00040,2024-08-01T12:22:38.671Z,coins_large,19.99,25000,37,0
pu_000067c,p_002840,s_p_002840_00045,2024-08-05T13:17:44.343Z,coins_small,0.99,1000,41,0
pu_000067d,p_002840,s_p_002840_00046,2024-08-06T14:51:49.010Z,coins_medium,4.99,5500,42,0
pu_000067e,p_002840,s_p_002840_00052,2024-08-11T19:32:13.311Z,coins_medium,4.99,5500,47,0
pu_000067f,p_002840,s_p_002840_00052,2024-08-11T19:28:27.208Z,coins_medium,4.99,5500,47,0
pu_000067g,p_002840,s_p_002840_00053,2024-08-13T18:46:19.948Z,vip_monthly,9.99,10000,49,0
pu_000067h,p_002840,s_p_002840_00053,2024-08-13T18:50:53.693Z,coins_small,0.99,1000,49,0
pu_000067i,p_002840,s_p_002840_00056,2024-08-19T15:27:53.853Z,vip_monthly,9.99,10000,55,0
pu_000067j,p_002840,s_p_002840_00056,2024-08-19T15:26:12.747Z,coins_small,0.99,1000,55,0
pu_000067k,p_002840,s_p_002840_00058,2024-08-21T12:18:02.150Z,coins_medium,4.99,5500,57,0
pu_000067l,p_002840,s_p_002840_00060,2024-08-25T11:20:10.420Z,coins_medium,4.99,5500,61,0
pu_000067m,p_002840,s_p_002840_00062,2024-08-28T11:55:32.699Z,coins_small,0.99,1000,64,0
pu_000067n,p_002840,s_p_002840_00067,2024-09-01T17:27:39.170Z,coins_large,19.99,25000,68,0
pu_000067o,p_002840,s_p_002840_00067,2024-09-01T17:23:08.318Z,starter_pack,1.99,2000,68,0
pu_000067p,p_002840,s_p_002840_00072,2024-09-09T13:25:08.923Z,coins_medium,4.99,5500,76,0
pu_000067q,p_002840,s_p_002840_00073,2024-09-10T08:02:56.954Z,coins_large,19.99,25000,77,0
pu_000067r,p_002840,s_p_002840_00075,2024-09-13T09:14:25.123Z,coins_medium,4.99,5500,80,0
pu_000067s,p_002840,s_p_002840_00075,2024-09-13T08:59:51.850Z,coins_large,19.99,25000,80,0
pu_000067t,p_002840,s_p_002840_00078,2024-09-26T08:37:19.041Z,coins_medium,4.99,5500,93,0
pu_000067u,p_002840,s_p_002840_00080,2024-09-27T07:57:17.524Z,coins_medium,4.99,5500,94,0
pu_000067v,p_002840,s_p_002840_00088,2024-10-09T07:44:47.710Z,coins_small,0.99,1000,106,0
pu_000067w,p_002840,s_p_002840_00088,2024-10-09T07:49:00.784Z,coins_medium,4.99,5500,106,0
pu_000067x,p_002840,s_p_002840_00089,2024-10-09T08:59:54.498Z,coins_large,19.99,25000,106,0
pu_000067y,p_002840,s_p_002840_00091,2024-10-10T08:16:14.495Z,starter_pack,1.99,2000,107,0
pu_000067z,p_002840,s_p_002840_00092,2024-10-14T21:14:20.711Z,coins_large,19.99,25000,111,0
pu_0000680,p_002840,s_p_002840_00101,2024-10-25T08:02:22.510Z,coins_large,19.99,25000,122,0
pu_0000681,p_002840,s_p_002840_00101,2024-10-25T07:57:39.329Z,coins_medium,4.99,5500,122,0
pu_0000682,p_002840,s_p_002840_00102,2024-10-25T22:37:11.126Z,coins_large,19.99,25000,122,0
pu_0000683,p_002840,s_p_002840_00102,2024-10-25T22:37:07.750Z,coins_medium,4.99,5500,122,0
pu_0000684,p_002840,s_p_002840_00104,2024-10-28T15:51:46.381Z,coins_large,19.99,25000,125,0
pu_0000685,p_002840,s_p_002840_00106,2024-10-29T20:04:11.625Z,coins_large,19.99,25000,126,0
pu_0000686,p_002840,s_p_002840_00115,2024-11-16T10:08:40.853Z,coins_large,19.99,25000,144,0
pu_0000687,p_002840,s_p_002840_00115,2024-11-16T09:59:27.775Z,coins_medium,4.99,5500,144,0
pu_0000688,p_002840,s_p_002840_00119,2024-11-21T07:00:37.205Z,coins_medium,4.99,5500,149,0
pu_0000689,p_002840,s_p_002840_00120,2024-11-22T18:07:16.628Z,coins_small,0.99,1000,150,0
pu_000068a,p_002840,s_p_002840_00122,2024-11-28T07:30:11.360Z,coins_medium,4.99,5500,156,0
pu_000068b,p_002840,s_p_002840_00122,2024-11-28T07:46:30.568Z,coins_medium,4.99,5500,156,0
pu_000068c,p_002840,s_p_002840_00122,2024-11-28T07:38:08.923Z,coins_small,0.99,1000,156,0
pu_000068d,p_002840,s_p_002840_00124,2024-12-03T11:17:16.479Z,coins_medium,4.99,5500,161,0
pu_000068e,p_002840,s_p_002840_00126,2024-12-03T19:59:39.264Z,coins_large,19.99,25000,161,0
pu_000068f,p_002840,s_p_002840_00127,2024-12-04T10:54:38.562Z,coins_large,19.99,25000,162,0
pu_000068g,p_002840,s_p_002840_00130,2024-12-10T20:25:18.865Z,coins_small,0.99,1000,168,0
pu_000068h,p_002840,s_p_002840_00131,2024-12-18T08:15:26.221Z,coins_medium,4.99,5500,176,0
pu_000068i,p_002840,s_p_002840_00131,2024-12-18T08:30:25.332Z,vip_monthly,9.99,10000,176,0
pu_000068j,p_002840,s_p_002840_00131,2024-12-18T08:23:11.985Z,coins_large,19.99,25000,176,0
pu_000068k,p_002840,s_p_002840_00133,2024-12-19T23:12:35.810Z,coins_medium,4.99,5500,177,0
pu_000068l,p_002840,s_p_002840_00133,2024-12-19T22:57:08.442Z,coins_medium,4.99,5500,177,0
pu_000068m,p_002840,s_p_002840_00134,2024-12-22T16:03:12.958Z,coins_large,19.99,25000,180,0
pu_000068n,p_002714,s_p_002714_00001,2024-07-14T07:46:43.690Z,starter_pack,1.99,2000,3,1
pu_000068o,p_002714,s_p_002714_00002,2024-07-14T10:59:47.078Z,coins_medium,4.99,5500,3,0
pu_000068p,p_002714,s_p_002714_00002,2024-07-14T10:50:04.959Z,coins_small,0.99,1000,3,0
pu_000068q,p_002714,s_p_002714_00003,2024-07-18T12:41:33.007Z,coins_small,0.99,1000,7,0
pu_000068r,p_002714,s_p_002714_00003,2024-07-18T12:42:12.518Z,starter_pack,1.99,2000,7,0
pu_000068s,p_002714,s_p_002714_00004,2024-07-20T22:02:04.719Z,vip_monthly,9.99,10000,9,0
pu_000068t,p_002714,s_p_002714_00005,2024-07-22T07:56:34.348Z,coins_large,19.99,25000,11,0
pu_000068u,p_002714,s_p_002714_00005,2024-07-22T07:55:16.435Z,coins_large,19.99,25000,11,0
pu_000068v,p_002714,s_p_002714_00006,2024-07-25T23:05:47.293Z,coins_medium,4.99,5500,14,0
pu_000068w,p_002714,s_p_002714_00006,2024-07-25T22:56:37.368Z,coins_large,19.99,25000,14,0
pu_000068x,p_002714,s_p_002714_00008,2024-07-30T22:41:11.116Z,coins_medium,4.99,5500,19,0
pu_000068y,p_002714,s_p_002714_00009,2024-07-31T07:07:56.708Z,starter_pack,1.99,2000,20,0
pu_000068z,p_002714,s_p_002714_00010,2024-07-31T11:13:54.732Z,coins_large,19.99,25000,20,0
pu_0000690,p_002714,s_p_002714_00012,2024-08-02T21:16:00.001Z,coins_medium,4.99,5500,22,0
pu_0000691,p_002714,s_p_002714_00016,2024-08-05T08:59:16.529Z,coins_large,19.99,25000,25,0
pu_0000692,p_002714,s_p_002714_00020,2024-08-12T10:59:02.124Z,coins_large,19.99,25000,32,0
pu_0000693,p_002714,s_p_002714_00023,2024-08-19T14:48:45.155Z,coins_medium,4.99,5500,39,0
pu_0000694,p_002714,s_p_002714_00025,2024-08-22T17:11:48.975Z,coins_medium,4.99,5500,42,0
pu_0000695,p_002714,s_p_002714_00026,2024-08-22T23:40:19.626Z,coins_large,19.99,25000,42,0
pu_0000696,p_002714,s_p_002714_00028,2024-08-27T18:48:50.040Z,coins_medium,4.99,5500,47,0
pu_0000697,p_002714,s_p_002714_00028,2024-08-27T18:51:18.200Z,coins_large,19.99,25000,47,0
pu_0000698,p_002714,s_p_002714_00030,2024-08-29T06:14:07.474Z,coins_large,19.99,25000,49,0
pu_0000699,p_002714,s_p_002714_00031,2024-09-03T15:44:59.151Z,coins_large,19.99,25000,54,0
pu_000069a,p_002714,s_p_002714_00048,2024-09-23T22:31:52.526Z,vip_monthly,9.99,10000,74,0
pu_000069b,p_002714,s_p_002714_00051,2024-10-06T17:42:40.779Z,vip_monthly,9.99,10000,87,0
pu_000069c,p_002714,s_p_002714_00052,2024-10-07T18:26:01.308Z,coins_medium,4.99,5500,88,0
pu_000069d,p_002714,s_p_002714_00056,2024-10-12T23:30:06.375Z,coins_large,19.99,25000,93,0
pu_000069e,p_002714,s_p_002714_00056,2024-10-12T23:16:13.276Z,coins_medium,4.99,5500,93,0
pu_000069f,p_002714,s_p_002714_00057,2024-10-13T10:03:33.428Z,coins_large,19.99,25000,94,0
pu_000069g,p_002714,s_p_002714_00058,2024-10-14T08:20:13.079Z,coins_small,0.99,1000,95,0
pu_000069h,p_002714,s_p_002714_00061,2024-10-17T12:01:08.895Z,coins_large,19.99,25000,98,0
pu_000069i,p_002714,s_p_002714_00061,2024-10-17T12:10:11.302Z,coins_large,19.99,25000,98,0
pu_000069j,p_002714,s_p_002714_00063,2024-10-21T20:03:19.492Z,coins_medium,4.99,5500,102,0
pu_000069k,p_002714,s_p_002714_00064,2024-10-23T18:32:04.679Z,coins_medium,4.99,5500,104,0
pu_000069l,p_002714,s_p_002714_00070,2024-11-04T11:50:52.565Z,coins_medium,4.99,5500,116,0
pu_000069m,p_002714,s_p_002714_00076,2024-11-13T21:36:00.043Z,coins_large,19.99,25000,125,0
pu_000069n,p_002714,s_p_002714_00077,2024-11-14T07:11:48.103Z,coins_large,19.99,25000,126,0
pu_000069o,p_002714,s_p_002714_00079,2024-11-15T20:20:35.282Z,vip_monthly,9.99,10000,127,0
pu_000069p,p_002714,s_p_002714_00082,2024-11-21T09:02:44.343Z,starter_pack,1.99,2000,133,0
pu_000069q,p_002714,s_p_002714_00092,2024-12-05T10:16:26.098Z,coins_large,19.99,25000,147,0
pu_000069r,p_002714,s_p_002714_00094,2024-12-07T17:34:01.865Z,coins_large,19.99,25000,149,0
pu_000069s,p_002714,s_p_002714_00097,2024-12-09T13:16:52.130Z,coins_large,19.99,25000,151,0
pu_000069t,p_002714,s_p_002714_00098,2024-12-11T17:32:49.168Z,coins_small,0.99,1000,153,0
pu_000069u,p_002714,s_p_002714_00098,2024-12-11T17:18:17.651Z,vip_monthly,9.99,10000,153,0
pu_000069v,p_002714,s_p_002714_00099,2024-12-12T23:33:23.387Z,coins_small,0.99,1000,154,0
pu_000069w,p_002714,s_p_002714_00101,2024-12-17T23:01:49.690Z,coins_large,19.99,25000,159,0
pu_000069x,p_002714,s_p_002714_00102,2024-12-20T11:11:39.445Z,coins_large,19.99,25000,162,0
pu_000069y,p_002946,s_p_002946_00002,2024-05-25T09:44:46.198Z,coins_small,0.99,1000,9,1
pu_000069z,p_002946,s_p_002946_00005,2024-06-09T10:55:13.821Z,coins_medium,4.99,5500,24,0
pu_00006a0,p_002946,s_p_002946_00011,2024-07-10T15:55:38.462Z,coins_small,0.99,1000,55,0
pu_00006a1,p_002946,s_p_002946_00020,2024-08-16T08:08:09.889Z,coins_small,0.99,1000,92,0
pu_00006a2,p_002946,s_p_002946_00029,2024-10-07T15:31:58.520Z,coins_medium,4.99,5500,144,0
pu_00006a3,p_002978,s_p_002978_00003,2024-02-17T16:49:00.124Z,coins_small,0.99,1000,13,1
pu_00006a4,p_002978,s_p_002978_00004,2024-02-19T14:48:41.418Z,coins_small,0.99,1000,15,0
pu_00006a5,p_002978,s_p_002978_00006,2024-02-26T07:22:05.578Z,coins_small,0.99,1000,22,0
pu_00006a6,p_002978,s_p_002978_00006,2024-02-26T07:22:00.298Z,coins_small,0.99,1000,22,0
pu_00006a7,p_002978,s_p_002978_00008,2024-03-03T10:06:59.475Z,vip_monthly,9.99,10000,28,0
pu_00006a8,p_002978,s_p_002978_00011,2024-03-24T10:39:30.487Z,coins_small,0.99,1000,49,0
pu_00006a9,p_002978,s_p_002978_00011,2024-03-24T10:41:14.310Z,coins_medium,4.99,5500,49,0
pu_00006aa,p_002978,s_p_002978_00011,2024-03-24T10:42:11.085Z,coins_small,0.99,1000,49,0
pu_00006ab,p_002978,s_p_002978_00011,2024-03-24T10:39:01.542Z,coins_medium,4.99,5500,49,0
pu_00006ac,p_002978,s_p_002978_00012,2024-03-30T08:08:56.735Z,coins_small,0.99,1000,55,0
pu_00006ad,p_002978,s_p_002978_00015,2024-04-07T22:11:14.670Z,coins_medium,4.99,5500,63,0
pu_00006ae,p_002978,s_p_002978_00016,2024-04-27T14:59:00.212Z,coins_medium,4.99,5500,83,0
pu_00006af,p_002978,s_p_002978_00016,2024-04-27T15:02:37.656Z,coins_small,0.99,1000,83,0
pu_00006ag,p_001916,s_p_001916_00001,2024-01-02T15:30:28.150Z,coins_small,0.99,1000,0,1
pu_00006ah,p_001916,s_p_001916_00003,2024-01-02T21:47:59.992Z,coins_small,0.99,1000,0,0
pu_00006ai,p_001916,s_p_001916_00003,2024-01-02T21:46:23.660Z,coins_small,0.99,1000,0,0
pu_00006aj,p_001916,s_p_001916_00004,2024-01-04T13:10:06.555Z,coins_small,0.99,1000,2,0
pu_00006ak,p_001916,s_p_001916_00009,2024-01-09T10:11:57.110Z,coins_small,0.99,1000,7,0
pu_00006al,p_002794,s_p_002794_00001,2024-05-19T11:02:22.844Z,coins_medium,4.99,5500,0,1
pu_00006am,p_002794,s_p_002794_00001,2024-05-19T10:45:23.609Z,coins_medium,4.99,5500,0,0
pu_00006an,p_002794,s_p_002794_00002,2024-05-19T19:13:28.161Z,coins_medium,4.99,5500,0,0
pu_00006ao,p_002794,s_p_002794_00002,2024-05-19T19:20:16.341Z,coins_medium,4.99,5500,0,0
pu_00006ap,p_002794,s_p_002794_00003,2024-05-20T19:02:23.369Z,coins_medium,4.99,5500,1,0
pu_00006aq,p_002794,s_p_002794_00003,2024-05-20T18:44:55.265Z,coins_small,0.99,1000,1,0
pu_00006ar,p_002794,s_p_002794_00003,2024-05-20T19:02:19.738Z,coins_small,0.99,1000,1,0
pu_00006as,p_002794,s_p_002794_00003,2024-05-20T18:49:36.646Z,coins_small,0.99,1000,1,0
pu_00006at,p_002794,s_p_002794_00004,2024-05-21T08:41:16.986Z,coins_large,19.99,25000,2,0
pu_00006au,p_002794,s_p_002794_00005,2024-05-21T12:40:05.116Z,coins_medium,4.99,5500,2,0
pu_00006av,p_002794,s_p_002794_00005,2024-05-21T12:39:39.016Z,coins_medium,4.99,5500,2,0
pu_00006aw,p_002794,s_p_002794_00005,2024-05-21T12:28:44.450Z,coins_large,19.99,25000,2,0
pu_00006ax,p_002794,s_p_002794_00006,2024-05-21T17:16:29.092Z,coins_large,19.99,25000,2,0
pu_00006ay,p_002794,s_p_002794_00006,2024-05-21T17:15:16.779Z,coins_medium,4.99,5500,2,0
pu_00006az,p_002794,s_p_002794_00006,2024-05-21T17:11:02.609Z,coins_small,0.99,1000,2,0
pu_00006b0,p_002794,s_p_002794_00008,2024-05-23T07:06:53.420Z,coins_large,19.99,25000,4,0
pu_00006b1,p_002794,s_p_002794_00009,2024-05-26T07:35:55.049Z,starter_pack,1.99,2000,7,0
pu_00006b2,p_002794,s_p_002794_00009,2024-05-26T07:41:36.704Z,coins_small,0.99,1000,7,0
pu_00006b3,p_002794,s_p_002794_00016,2024-05-31T12:55:32.894Z,coins_small,0.99,1000,12,0
pu_00006b4,p_002794,s_p_002794_00018,2024-06-03T09:26:25.525Z,coins_small,0.99,1000,15,0
pu_00006b5,p_002794,s_p_002794_00020,2024-06-07T13:44:50.349Z,coins_small,0.99,1000,19,0
pu_00006b6,p_002794,s_p_002794_00022,2024-06-08T18:36:37.450Z,coins_small,0.99,1000,20,0
pu_00006b7,p_002794,s_p_002794_00023,2024-06-09T16:31:18.346Z,coins_large,19.99,25000,21,0
pu_00006b8,p_002794,s_p_002794_00027,2024-06-14T17:32:30.248Z,coins_small,0.99,1000,26,0
pu_00006b9,p_002794,s_p_002794_00031,2024-06-18T17:34:20.006Z,coins_large,19.99,25000,30,0
pu_00006ba,p_002794,s_p_002794_00032,2024-06-19T10:24:26.496Z,coins_small,0.99,1000,31,0
pu_00006bb,p_002794,s_p_002794_00051,2024-07-19T23:11:29.632Z,coins_medium,4.99,5500,61,0
pu_00006bc,p_002794,s_p_002794_00057,2024-07-23T17:30:43.571Z,coins_large,19.99,25000,65,0
pu_00006bd,p_002794,s_p_002794_00062,2024-07-31T17:18:33.886Z,vip_monthly,9.99,10000,73,0
pu_00006be,p_002794,s_p_002794_00063,2024-08-01T10:04:12.010Z,coins_small,0.99,1000,74,0
pu_00006bf,p_002794,s_p_002794_00066,2024-08-05T17:50:25.738Z,coins_large,19.99,25000,78,0
pu_00006bg,p_002794,s_p_002794_00067,2024-08-09T16:20:40.784Z,vip_monthly,9.99,10000,82,0
pu_00006bh,p_002794,s_p_002794_00070,2024-08-13T14:02:38.798Z,coins_medium,4.99,5500,86,0
pu_00006bi,p_002794,s_p_002794_00072,2024-08-18T13:01:52.446Z,coins_small,0.99,1000,91,0
pu_00006bj,p_002794,s_p_002794_00077,2024-08-24T15:14:38.104Z,coins_large,19.99,25000,97,0
pu_00006bk,p_002794,s_p_002794_00082,2024-08-28T17:30:30.529Z,coins_medium,4.99,5500,101,0
pu_00006bl,p_002794,s_p_002794_00082,2024-08-28T17:38:55.605Z,starter_pack,1.99,2000,101,0
pu_00006bm,p_002794,s_p_002794_00083,2024-08-31T13:37:28.111Z,coins_large,19.99,25000,104,0
pu_00006bn,p_002794,s_p_002794_00084,2024-09-01T10:41:16.430Z,coins_large,19.99,25000,105,0
pu_00006bo,p_002794,s_p_002794_00084,2024-09-01T10:35:11.622Z,coins_large,19.99,25000,105,0
pu_00006bp,p_002794,s_p_002794_00086,2024-09-01T12:09:48.434Z,coins_medium,4.99,5500,105,0
pu_00006bq,p_002794,s_p_002794_00086,2024-09-01T12:03:52.478Z,coins_small,0.99,1000,105,0
pu_00006br,p_002794,s_p_002794_00087,2024-09-04T07:59:19.441Z,coins_small,0.99,1000,108,0
pu_00006bs,p_002794,s_p_002794_00093,2024-09-07T08:17:06.151Z,coins_medium,4.99,5500,111,0
pu_00006bt,p_002794,s_p_002794_00093,2024-09-07T07:49:31.254Z,starter_pack,1.99,2000,111,0
pu_00006bu,p_002794,s_p_002794_00096,2024-09-12T22:36:45.923Z,coins_medium,4.99,5500,116,0
pu_00006bv,p_002794,s_p_002794_00104,2024-10-01T23:10:10.901Z,coins_medium,4.99,5500,135,0
pu_00006bw,p_002794,s_p_002794_00104,2024-10-01T23:22:39.814Z,coins_large,19.99,25000,135,0
pu_00006bx,p_002794,s_p_002794_00106,2024-10-06T10:49:56.256Z,coins_small,0.99,1000,140,0
pu_00006by,p_002794,s_p_002794_00109,2024-10-11T10:08:17.259Z,vip_monthly,9.99,10000,145,0
pu_00006bz,p_002794,s_p_002794_00111,2024-10-15T23:31:04.937Z,coins_large,19.99,25000,149,0
pu_00006c0,p_002794,s_p_002794_00116,2024-10-25T07:05:30.035Z,coins_medium,4.99,5500,159,0
pu_00006c1,p_002794,s_p_002794_00120,2024-10-28T17:39:01.148Z,coins_medium,4.99,5500,162,0
pu_00006c2,p_002794,s_p_002794_00122,2024-10-29T16:40:45.467Z,starter_pack,1.99,2000,163,0
pu_00006c3,p_002794,s_p_002794_00139,2024-11-18T06:32:23.780Z,coins_large,19.99,25000,183,0
pu_00006c4,p_002794,s_p_002794_00142,2024-11-23T15:20:40.440Z,coins_medium,4.99,5500,188,0
pu_00006c5,p_002794,s_p_002794_00143,2024-11-24T14:52:20.256Z,coins_small,0.99,1000,189,0
pu_00006c6,p_002794,s_p_002794_00144,2024-11-25T10:30:00.136Z,coins_small,0.99,1000,190,0
pu_00006c7,p_002794,s_p_002794_00148,2024-11-28T09:55:03.480Z,starter_pack,1.99,2000,193,0
pu_00006c8,p_002794,s_p_002794_00153,2024-12-07T13:15:41.274Z,coins_medium,4.99,5500,202,0
pu_00006c9,p_002794,s_p_002794_00155,2024-12-13T16:23:57.953Z,vip_monthly,9.99,10000,208,0
pu_00006ca,p_002794,s_p_002794_00160,2024-12-17T16:54:11.111Z,coins_medium,4.99,5500,212,0
pu_00006cb,p_002794,s_p_002794_00163,2024-12-23T16:15:18.034Z,vip_monthly,9.99,10000,218,0
pu_00006cc,p_002794,s_p_002794_00165,2024-12-23T23:16:14.212Z,coins_large,19.99,25000,218,0
pu_00006cd,p_002975,s_p_002975_00004,2024-06-23T20:04:26.825Z,starter_pack,1.99,2000,41,1
pu_00006ce,p_002975,s_p_002975_00007,2024-07-03T20:32:39.320Z,coins_small,0.99,1000,51,0
pu_00006cf,p_002975,s_p_002975_00010,2024-07-19T21:03:28.571Z,coins_small,0.99,1000,67,0
pu_00006cg,p_002975,s_p_002975_00011,2024-07-20T15:27:04.032Z,coins_small,0.99,1000,68,0
pu_00006ch,p_002975,s_p_002975_00012,2024-07-25T16:34:07.479Z,coins_small,0.99,1000,73,0
pu_00006ci,p_002975,s_p_002975_00021,2024-09-01T19:46:07.773Z,starter_pack,1.99,2000,111,0
pu_00006cj,p_002975,s_p_002975_00021,2024-09-01T19:36:38.274Z,coins_small,0.99,1000,111,0
pu_00006ck,p_002715,s_p_002715_00001,2024-07-18T14:10:25.649Z,starter_pack,1.99,2000,0,1
pu_00006cl,p_002715,s_p_002715_00002,2024-07-19T15:06:14.816Z,vip_monthly,9.99,10000,1,0
pu_00006cm,p_002715,s_p_002715_00002,2024-07-19T15:20:50.749Z,starter_pack,1.99,2000,1,0
pu_00006cn,p_002715,s_p_002715_00004,2024-07-22T10:13:39.788Z,coins_medium,4.99,5500,4,0
pu_00006co,p_002715,s_p_002715_00004,2024-07-22T10:02:40.546Z,coins_large,19.99,25000,4,0
pu_00006cp,p_002715,s_p_002715_00005,2024-07-22T17:38:22.238Z,coins_medium,4.99,5500,4,0
pu_00006cq,p_002715,s_p_002715_00005,2024-07-22T17:31:35.736Z,coins_large,19.99,25000,4,0
pu_00006cr,p_002715,s_p_002715_00006,2024-07-25T12:14:15.942Z,coins_medium,4.99,5500,7,0
pu_00006cs,p_002715,s_p_002715_00006,2024-07-25T12:11:22.834Z,vip_monthly,9.99,10000,7,0
pu_00006ct,p_002715,s_p_002715_00006,2024-07-25T12:02:26.789Z,coins_large,19.99,25000,7,0
pu_00006cu,p_002715,s_p_002715_00007,2024-07-25T12:16:45.935Z,coins_medium,4.99,5500,7,0
pu_00006cv,p_002715,s_p_002715_00011,2024-07-29T12:55:31.745Z,coins_large,19.99,25000,11,0
pu_00006cw,p_002715,s_p_002715_00013,2024-08-02T10:01:53.732Z,coins_medium,4.99,5500,15,0
pu_00006cx,p_002715,s_p_002715_00016,2024-08-04T22:26:54.739Z,coins_medium,4.99,5500,17,0
pu_00006cy,p_002715,s_p_002715_00016,2024-08-04T22:29:41.741Z,vip_monthly,9.99,10000,17,0
pu_00006cz,p_002715,s_p_002715_00019,2024-08-09T08:24:32.228Z,coins_large,19.99,25000,22,0
pu_00006d0,p_002715,s_p_002715_00019,2024-08-09T08:23:53.947Z,coins_medium,4.99,5500,22,0
pu_00006d1,p_002715,s_p_002715_00020,2024-08-10T15:06:57.930Z,coins_medium,4.99,5500,23,0
pu_00006d2,p_002715,s_p_002715_00021,2024-08-11T19:21:46.346Z,vip_monthly,9.99,10000,24,0
pu_00006d3,p_002715,s_p_002715_00022,2024-08-14T10:03:33.284Z,starter_pack,1.99,2000,27,0
pu_00006d4,p_002715,s_p_002715_00027,2024-08-18T09:31:25.037Z,coins_medium,4.99,5500,31,0
pu_00006d5,p_002715,s_p_002715_00027,2024-08-18T09:13:31.815Z,coins_large,19.99,25000,31,0
pu_00006d6,p_002715,s_p_002715_00028,2024-08-21T22:03:06.172Z,coins_large,19.99,25000,34,0
pu_00006d7,p_002715,s_p_002715_00028,2024-08-21T22:01:19.921Z,vip_monthly,9.99,10000,34,0
pu_00006d8,p_002715,s_p_002715_00032,2024-08-28T23:30:29.129Z,starter_pack,1.99,2000,41,0
pu_00006d9,p_002715,s_p_002715_00036,2024-09-05T06:59:39.816Z,coins_small,0.99,1000,49,0
pu_00006da,p_002715,s_p_002715_00036,2024-09-05T07:01:28.444Z,coins_medium,4.99,5500,49,0
pu_00006db,p_002715,s_p_002715_00037,2024-09-05T09:01:33.812Z,vip_monthly,9.99,10000,49,0
pu_00006dc,p_002715,s_p_002715_00038,2024-09-07T10:15:04.063Z,coins_medium,4.99,5500,51,0
pu_00006dd,p_002715,s_p_002715_00047,2024-09-11T16:49:12.966Z,coins_medium,4.99,5500,55,0
pu_00006de,p_002715,s_p_002715_00048,2024-09-11T22:12:13.675Z,vip_monthly,9.99,10000,55,0
pu_00006df,p_002715,s_p_002715_00052,2024-09-16T12:57:40.918Z,starter_pack,1.99,2000,60,0
pu_00006dg,p_002715,s_p_002715_00055,2024-09-18T17:12:50.055Z,coins_large,19.99,25000,62,0
pu_00006dh,p_002715,s_p_002715_00056,2024-09-19T08:15:13.674Z,coins_large,19.99,25000,63,0
pu_00006di,p_002715,s_p_002715_00057,2024-09-19T08:43:26.136Z,coins_medium,4.99,5500,63,0
pu_00006dj,p_002715,s_p_002715_00064,2024-09-28T19:16:00.353Z,coins_large,19.99,25000,72,0
pu_00006dk,p_002715,s_p_002715_00065,2024-09-28T20:02:26.738Z,coins_large,19.99,25000,72,0
pu_00006dl,p_002715,s_p_002715_00068,2024-10-03T14:34:34.191Z,coins_large,19.99,25000,77,0
pu_00006dm,p_002715,s_p_002715_00070,2024-10-05T13:30:08.895Z,starter_pack,1.99,2000,79,0
pu_00006dn,p_002715,s_p_002715_00070,2024-10-05T13:17:52.896Z,vip_monthly,9.99,10000,79,0
pu_00006do,p_002715,s_p_002715_00075,2024-10-12T07:52:57.022Z,coins_medium,4.99,5500,86,0
pu_00006dp,p_002715,s_p_002715_00077,2024-10-13T19:57:30.816Z,coins_large,19.99,25000,87,0
pu_00006dq,p_002715,s_p_002715_00078,2024-10-13T20:10:26.671Z,coins_large,19.99,25000,87,0
pu_00006dr,p_002715,s_p_002715_00079,2024-10-15T11:35:03.275Z,coins_medium,4.99,5500,89,0
pu_00006ds,p_002715,s_p_002715_00085,2024-10-24T22:54:01.494Z,coins_large,19.99,25000,98,0
pu_00006dt,p_002715,s_p_002715_00086,2024-10-26T22:30:07.806Z,vip_monthly,9.99,10000,100,0
pu_00006du,p_002715,s_p_002715_00087,2024-10-26T22:51:04.821Z,vip_monthly,9.99,10000,100,0
pu_00006dv,p_002715,s_p_002715_00089,2024-10-28T17:02:37.372Z,starter_pack,1.99,2000,102,0
pu_00006dw,p_002715,s_p_002715_00090,2024-10-28T22:50:10.593Z,coins_large,19.99,25000,102,0
pu_00006dx,p_002715,s_p_002715_00091,2024-10-31T19:17:37.726Z,coins_large,19.99,25000,105,0
pu_00006dy,p_002715,s_p_002715_00094,2024-11-09T11:44:37.352Z,coins_small,0.99,1000,114,0
pu_00006dz,p_002715,s_p_002715_00097,2024-11-12T15:35:49.861Z,coins_medium,4.99,5500,117,0
pu_00006e0,p_002715,s_p_002715_00100,2024-11-18T19:28:45.705Z,vip_monthly,9.99,10000,123,0
pu_00006e1,p_002715,s_p_002715_00102,2024-11-20T09:04:18.656Z,coins_large,19.99,25000,125,0
pu_00006e2,p_002715,s_p_002715_00105,2024-11-26T15:06:31.855Z,coins_medium,4.99,5500,131,0
pu_00006e3,p_002715,s_p_002715_00105,2024-11-26T15:24:54.317Z,coins_medium,4.99,5500,131,0
pu_00006e4,p_002715,s_p_002715_00106,2024-11-27T15:19:10.092Z,vip_monthly,9.99,10000,132,0
pu_00006e5,p_002715,s_p_002715_00107,2024-11-28T10:55:33.113Z,coins_medium,4.99,5500,133,0
pu_00006e6,p_002715,s_p_002715_00113,2024-12-01T21:22:22.945Z,coins_small,0.99,1000,136,0
pu_00006e7,p_002715,s_p_002715_00113,2024-12-01T21:26:49.703Z,vip_monthly,9.99,10000,136,0
pu_00006e8,p_002715,s_p_002715_00118,2024-12-07T18:08:18.526Z,vip_monthly,9.99,10000,142,0
pu_00006e9,p_002715,s_p_002715_00120,2024-12-13T15:56:47.309Z,starter_pack,1.99,2000,148,0
pu_00006ea,p_002715,s_p_002715_00121,2024-12-13T19:21:29.944Z,coins_large,19.99,25000,148,0
pu_00006eb,p_002715,s_p_002715_00123,2024-12-15T07:10:09.859Z,coins_medium,4.99,5500,150,0
pu_00006ec,p_002800,s_p_002800_00001,2024-01-26T17:08:59.728Z,coins_medium,4.99,5500,0,1
pu_00006ed,p_002800,s_p_002800_00002,2024-01-28T15:28:51.948Z,coins_large,19.99,25000,2,0
pu_00006ee,p_002800,s_p_002800_00002,2024-01-28T15:35:01.039Z,coins_medium,4.99,5500,2,0
pu_00006ef,p_002800,s_p_002800_00003,2024-01-28T20:59:28.261Z,vip_monthly,9.99,10000,2,0
pu_00006eg,p_002800,s_p_002800_00004,2024-01-29T12:49:37.058Z,coins_medium,4.99,5500,3,0
pu_00006eh,p_002800,s_p_002800_00004,2024-01-29T12:41:59.500Z,coins_large,19.99,25000,3,0
pu_00006ei,p_002800,s_p_002800_00005,2024-01-30T21:20:23.931Z,starter_pack,1.99,2000,4,0
pu_00006ej,p_002800,s_p_002800_00006,2024-01-31T08:53:59.762Z,coins_medium,4.99,5500,5,0
pu_00006ek,p_002800,s_p_002800_00006,2024-01-31T09:19:03.676Z,coins_medium,4.99,5500,5,0
pu_00006el,p_002800,s_p_002800_00006,2024-01-31T08:59:53.190Z,coins_large,19.99,25000,5,0
pu_00006em,p_002800,s_p_002800_00006,2024-01-31T09:06:05.242Z,coins_medium,4.99,5500,5,0
pu_00006en,p_002800,s_p_002800_00012,2024-02-10T13:21:48.883Z,starter_pack,1.99,2000,15,0
pu_00006eo,p_002800,s_p_002800_00016,2024-02-15T15:55:14.813Z,coins_medium,4.99,5500,20,0
pu_00006ep,p_002800,s_p_002800_00021,2024-02-19T12:47:38.534Z,coins_medium,4.99,5500,24,0
pu_00006eq,p_002800,s_p_002800_00026,2024-02-28T18:46:19.407Z,coins_large,19.99,25000,33,0
pu_00006er,p_002800,s_p_002800_00029,2024-03-01T07:59:16.992Z,coins_medium,4.99,5500,35,0
pu_00006es,p_002800,s_p_002800_00030,2024-03-01T15:45:29.735Z,coins_large,19.99,25000,35,0
pu_00006et,p_002800,s_p_002800_00045,2024-03-18T06:32:57.240Z,vip_monthly,9.99,10000,52,0
pu_00006eu,p_002800,s_p_002800_00047,2024-03-20T10:06:01.660Z,coins_large,19.99,25000,54,0
pu_00006ev,p_002800,s_p_002800_00050,2024-03-22T21:32:11.693Z,coins_large,19.99,25000,56,0
pu_00006ew,p_002800,s_p_002800_00050,2024-03-22T21:25:05.127Z,vip_monthly,9.99,10000,56,0
pu_00006ex,p_002800,s_p_002800_00050,2024-03-22T21:38:02.847Z,coins_large,19.99,25000,56,0
pu_00006ey,p_002800,s_p_002800_00056,2024-03-27T10:03:19.448Z,coins_small,0.99,1000,61,0
pu_00006ez,p_002800,s_p_002800_00069,2024-04-12T14:21:17.089Z,coins_large,19.99,25000,77,0
pu_00006f0,p_002800,s_p_002800_00069,2024-04-12T14:04:34.221Z,coins_medium,4.99,5500,77,0
pu_00006f1,p_002800,s_p_002800_00072,2024-04-17T07:58:32.429Z,vip_monthly,9.99,10000,82,0
pu_00006f2,p_002800,s_p_002800_00075,2024-04-19T21:57:43.920Z,coins_large,19.99,25000,84,0
pu_00006f3,p_002800,s_p_002800_00077,2024-04-23T11:14:29.692Z,coins_large,19.99,25000,88,0
pu_00006f4,p_002800,s_p_002800_00080,2024-04-29T22:52:03.993Z,vip_monthly,9.99,10000,94,0
pu_00006f5,p_002800,s_p_002800_00085,2024-05-04T07:27:55.118Z,coins_large,19.99,25000,99,0
pu_00006f6,p_002800,s_p_002800_00086,2024-05-04T10:48:53.887Z,coins_large,19.99,25000,99,0
pu_00006f7,p_002800,s_p_002800_00086,2024-05-04T10:38:54.216Z,coins_large,19.99,25000,99,0
pu_00006f8,p_002800,s_p_002800_00086,2024-05-04T10:36:51.690Z,coins_medium,4.99,5500,99,0
pu_00006f9,p_002800,s_p_002800_00089,2024-05-05T17:58:50.785Z,coins_medium,4.99,5500,100,0
pu_00006fa,p_002800,s_p_002800_00093,2024-05-07T08:35:51.875Z,coins_large,19.99,25000,102,0
pu_00006fb,p_002800,s_p_002800_00098,2024-05-12T18:36:26.577Z,coins_medium,4.99,5500,107,0
pu_00006fc,p_002800,s_p_002800_00109,2024-06-02T12:43:00.094Z,coins_medium,4.99,5500,128,0
pu_00006fd,p_002800,s_p_002800_00116,2024-06-12T16:09:43.547Z,coins_medium,4.99,5500,138,0
pu_00006fe,p_002800,s_p_002800_00118,2024-06-15T14:04:30.242Z,coins_large,19.99,25000,141,0
pu_00006ff,p_002800,s_p_002800_00122,2024-06-16T21:43:04.138Z,coins_large,19.99,25000,142,0
pu_00006fg,p_002800,s_p_002800_00129,2024-06-29T14:38:58.269Z,coins_large,19.99,25000,155,0
pu_00006fh,p_002800,s_p_002800_00129,2024-06-29T14:54:18.768Z,coins_large,19.99,25000,155,0
pu_00006fi,p_002800,s_p_002800_00131,2024-07-04T17:41:22.596Z,coins_large,19.99,25000,160,0
pu_00006fj,p_002800,s_p_002800_00134,2024-07-11T09:00:42.902Z,coins_large,19.99,25000,167,0
pu_00006fk,p_002800,s_p_002800_00137,2024-07-13T08:06:37.776Z,starter_pack,1.99,2000,169,0
pu_00006fl,p_002800,s_p_002800_00139,2024-07-14T18:16:19.197Z,coins_medium,4.99,5500,170,0
pu_00006fm,p_002800,s_p_002800_00153,2024-08-03T08:42:27.398Z,coins_small,0.99,1000,190,0
pu_00006fn,p_002800,s_p_002800_00157,2024-08-06T21:54:24.541Z,coins_medium,4.99,5500,193,0
pu_00006fo,p_002800,s_p_002800_00158,2024-08-08T23:10:39.254Z,coins_medium,4.99,5500,195,0
pu_00006fp,p_002800,s_p_002800_00167,2024-08-18T14:54:12.487Z,coins_medium,4.99,5500,205,0
pu_00006fq,p_002800,s_p_002800_00168,2024-08-19T07:28:47.397Z,coins_large,19.99,25000,206,0
pu_00006fr,p_002800,s_p_002800_00170,2024-08-21T19:41:38.160Z,coins_small,0.99,1000,208,0
pu_00006fs,p_002800,s_p_002800_00173,2024-08-26T11:42:54.139Z,coins_medium,4.99,5500,213,0
pu_00006ft,p_002800,s_p_002800_00178,2024-09-01T06:51:57.396Z,coins_medium,4.99,5500,219,0
pu_00006fu,p_002800,s_p_002800_00179,2024-09-02T14:52:12.009Z,vip_monthly,9.99,10000,220,0
pu_00006fv,p_002800,s_p_002800_00182,2024-09-05T13:50:47.878Z,starter_pack,1.99,2000,223,0
pu_00006fw,p_002827,s_p_002827_00001,2024-06-15T09:43:46.471Z,starter_pack,1.99,2000,0,1
pu_00006fx,p_002827,s_p_002827_00001,2024-06-15T09:18:22.999Z,coins_large,19.99,25000,0,0
pu_00006fy,p_002827,s_p_002827_00003,2024-06-16T18:50:10.201Z,vip_monthly,9.99,10000,1,0
pu_00006fz,p_002827,s_p_002827_00004,2024-06-18T13:33:31.044Z,coins_medium,4.99,5500,3,0
pu_00006g0,p_002827,s_p_002827_00004,2024-06-18T13:35:15.353Z,coins_medium,4.99,5500,3,0
pu_00006g1,p_002827,s_p_002827_00004,2024-06-18T13:44:51.597Z,coins_large,19.99,25000,3,0
pu_00006g2,p_002827,s_p_002827_00005,2024-06-19T08:15:29.827Z,vip_monthly,9.99,10000,4,0
pu_00006g3,p_002827,s_p_002827_00006,2024-06-21T07:49:46.064Z,coins_medium,4.99,5500,6,0
pu_00006g4,p_002827,s_p_002827_00006,2024-06-21T07:42:12.522Z,coins_large,19.99,25000,6,0
pu_00006g5,p_002827,s_p_002827_00006,2024-06-21T07:47:56.327Z,coins_large,19.99,25000,6,0
pu_00006g6,p_002827,s_p_002827_00009,2024-06-26T18:50:56.881Z,coins_medium,4.99,5500,11,0
pu_00006g7,p_002827,s_p_002827_00011,2024-06-29T14:08:29.066Z,coins_large,19.99,25000,14,0
pu_00006g8,p_002827,s_p_002827_00013,2024-06-30T10:53:03.066Z,coins_large,19.99,25000,15,0
pu_00006g9,p_002827,s_p_002827_00019,2024-07-10T08:34:32.115Z,coins_medium,4.99,5500,25,0
pu_00006ga,p_002827,s_p_002827_00019,2024-07-10T08:44:07.490Z,vip_monthly,9.99,10000,25,0
pu_00006gb,p_002827,s_p_002827_00022,2024-07-12T17:33:59.260Z,coins_medium,4.99,5500,27,0
pu_00006gc,p_002827,s_p_002827_00022,2024-07-12T17:22:06.160Z,starter_pack,1.99,2000,27,0
pu_00006gd,p_002827,s_p_002827_00024,2024-07-12T18:56:06.371Z,coins_medium,4.99,5500,27,0
pu_00006ge,p_002827,s_p_002827_00024,2024-07-12T19:06:45.302Z,coins_small,0.99,1000,27,0
pu_00006gf,p_002827,s_p_002827_00028,2024-07-18T23:15:13.279Z,vip_monthly,9.99,10000,33,0
pu_00006gg,p_002827,s_p_002827_00029,2024-07-19T13:31:06.818Z,coins_large,19.99,25000,34,0
pu_00006gh,p_002827,s_p_002827_00029,2024-07-19T13:41:23.872Z,coins_small,0.99,1000,34,0
pu_00006gi,p_002827,s_p_002827_00030,2024-07-20T12:22:14.309Z,vip_monthly,9.99,10000,35,0
pu_00006gj,p_002827,s_p_002827_00030,2024-07-20T12:23:10.309Z,coins_small,0.99,1000,35,0
pu_00006gk,p_002827,s_p_002827_00031,2024-07-23T22:30:03.287Z,coins_small,0.99,1000,38,0
pu_00006gl,p_002827,s_p_002827_00032,2024-07-24T10:36:12.473Z,coins_large,19.99,25000,39,0
pu_00006gm,p_002827,s_p_002827_00034,2024-07-24T22:03:41.066Z,coins_large,19.99,25000,39,0
pu_00006gn,p_002827,s_p_002827_00035,2024-07-25T17:32:46.441Z,coins_small,0.99,1000,40,0
pu_00006go,p_002827,s_p_002827_00036,2024-07-26T08:04:21.191Z,vip_monthly,9.99,10000,41,0
pu_00006gp,p_002827,s_p_002827_00048,2024-08-02T22:22:46.244Z,coins_small,0.99,1000,48,0
pu_00006gq,p_002827,s_p_002827_00049,2024-08-04T09:26:18.999Z,coins_large,19.99,25000,50,0
pu_00006gr,p_002827,s_p_002827_00051,2024-08-06T11:47:16.950Z,vip_monthly,9.99,10000,52,0
pu_00006gs,p_002827,s_p_002827_00053,2024-08-07T13:52:10.323Z,coins_large,19.99,25000,53,0
pu_00006gt,p_002827,s_p_002827_00053,2024-08-07T13:59:20.417Z,coins_medium,4.99,5500,53,0
pu_00006gu,p_002827,s_p_002827_00055,2024-08-10T15:02:23.308Z,vip_monthly,9.99,10000,56,0
pu_00006gv,p_002827,s_p_002827_00058,2024-08-12T18:03:51.155Z,coins_medium,4.99,5500,58,0
pu_00006gw,p_002827,s_p_002827_00060,2024-08-16T09:30:09.133Z,coins_medium,4.99,5500,62,0
pu_00006gx,p_002827,s_p_002827_00064,2024-08-18T11:18:50.944Z,coins_large,19.99,25000,64,0
pu_00006gy,p_002827,s_p_002827_00067,2024-08-22T14:53:16.337Z,coins_medium,4.99,5500,68,0
pu_00006gz,p_002827,s_p_002827_00068,2024-08-25T07:01:38.853Z,coins_medium,4.99,5500,71,0
pu_00006h0,p_002827,s_p_002827_00069,2024-08-25T23:07:20.207Z,vip_monthly,9.99,10000,71,0
pu_00006h1,p_002827,s_p_002827_00069,2024-08-25T23:01:27.402Z,coins_medium,4.99,5500,71,0
pu_00006h2,p_002827,s_p_002827_00071,2024-08-29T12:26:41.096Z,coins_large,19.99,25000,75,0
pu_00006h3,p_002827,s_p_002827_00072,2024-08-30T15:38:12.786Z,coins_large,19.99,25000,76,0
pu_00006h4,p_002827,s_p_002827_00082,2024-09-13T15:55:18.519Z,vip_monthly,9.99,10000,90,0
pu_00006h5,p_002827,s_p_002827_00083,2024-09-14T16:31:27.090Z,coins_medium,4.99,5500,91,0
pu_00006h6,p_002827,s_p_002827_00084,2024-09-16T17:56:48.564Z,coins_large,19.99,25000,93,0
pu_00006h7,p_002827,s_p_002827_00089,2024-09-27T20:14:42.474Z,coins_small,0.99,1000,104,0
pu_00006h8,p_002827,s_p_002827_00093,2024-09-30T17:10:54.669Z,vip_monthly,9.99,10000,107,0
pu_00006h9,p_002827,s_p_002827_00094,2024-10-03T08:28:09.107Z,coins_large,19.99,25000,110,0
pu_00006ha,p_002827,s_p_002827_00097,2024-10-04T22:09:25.529Z,coins_large,19.99,25000,111,0
pu_00006hb,p_002827,s_p_002827_00098,2024-10-05T17:00:26.439Z,coins_large,19.99,25000,112,0
pu_00006hc,p_002827,s_p_002827_00100,2024-10-06T22:07:26.183Z,coins_medium,4.99,5500,113,0
pu_00006hd,p_002827,s_p_002827_00103,2024-10-10T20:50:25.393Z,coins_large,19.99,25000,117,0
pu_00006he,p_002827,s_p_002827_00107,2024-10-15T06:13:32.572Z,coins_large,19.99,25000,122,0
pu_00006hf,p_002827,s_p_002827_00107,2024-10-15T06:17:10.086Z,coins_large,19.99,25000,122,0
pu_00006hg,p_002827,s_p_002827_00115,2024-11-05T16:24:08.027Z,coins_medium,4.99,5500,143,0
pu_00006hh,p_002827,s_p_002827_00115,2024-11-05T16:07:38.811Z,coins_large,19.99,25000,143,0
pu_00006hi,p_002827,s_p_002827_00116,2024-11-07T12:52:21.490Z,coins_large,19.99,25000,145,0
pu_00006hj,p_002827,s_p_002827_00116,2024-11-07T12:47:53.635Z,coins_small,0.99,1000,145,0
pu_00006hk,p_002827,s_p_002827_00122,2024-11-12T19:16:24.988Z,coins_large,19.99,25000,150,0
pu_00006hl,p_002827,s_p_002827_00122,2024-11-12T19:14:33.131Z,coins_medium,4.99,5500,150,0
pu_00006hm,p_002827,s_p_002827_00126,2024-11-14T19:54:50.104Z,coins_small,0.99,1000,152,0
pu_00006hn,p_002827,s_p_002827_00127,2024-11-15T13:13:29.825Z,starter_pack,1.99,2000,153,0
pu_00006ho,p_002827,s_p_002827_00127,2024-11-15T13:25:53.077Z,vip_monthly,9.99,10000,153,0
pu_00006hp,p_002827,s_p_002827_00129,2024-11-18T20:29:43.066Z,coins_large,19.99,25000,156,0
pu_00006hq,p_002827,s_p_002827_00130,2024-11-19T08:45:19.717Z,coins_large,19.99,25000,157,0
pu_00006hr,p_002827,s_p_002827_00131,2024-11-20T12:44:04.534Z,coins_medium,4.99,5500,158,0
pu_00006hs,p_002827,s_p_002827_00134,2024-11-21T16:11:16.566Z,coins_large,19.99,25000,159,0
pu_00006ht,p_002827,s_p_002827_00136,2024-11-22T11:24:15.409Z,coins_medium,4.99,5500,160,0
pu_00006hu,p_002827,s_p_002827_00136,2024-11-22T11:30:40.305Z,coins_large,19.99,25000,160,0
pu_00006hv,p_002827,s_p_002827_00139,2024-12-01T14:49:08.413Z,coins_large,19.99,25000,169,0
pu_00006hw,p_002827,s_p_002827_00143,2024-12-07T08:29:33.143Z,coins_large,19.99,25000,175,0
pu_00006hx,p_002827,s_p_002827_00144,2024-12-07T13:40:13.204Z,coins_medium,4.99,5500,175,0
pu_00006hy,p_002827,s_p_002827_00145,2024-12-07T15:46:27.032Z,coins_large,19.99,25000,175,0
pu_00006hz,p_002827,s_p_002827_00146,2024-12-07T22:12:35.652Z,coins_small,0.99,1000,175,0
pu_00006i0,p_002827,s_p_002827_00147,2024-12-08T12:48:00.916Z,coins_medium,4.99,5500,176,0
pu_00006i1,p_002827,s_p_002827_00147,2024-12-08T12:33:50.821Z,coins_large,19.99,25000,176,0
pu_00006i2,p_002827,s_p_002827_00152,2024-12-13T12:07:38.834Z,coins_large,19.99,25000,181,0
pu_00006i3,p_002827,s_p_002827_00153,2024-12-13T13:51:50.017Z,coins_small,0.99,1000,181,0
pu_00006i4,p_002082,s_p_002082_00003,2024-05-30T22:06:04.080Z,starter_pack,1.99,2000,3,1
pu_00006i5,p_002082,s_p_002082_00006,2024-06-04T15:29:19.035Z,coins_large,19.99,25000,8,0
pu_00006i6,p_002082,s_p_002082_00007,2024-06-08T23:29:57.410Z,coins_medium,4.99,5500,12,0
pu_00006i7,p_002082,s_p_002082_00008,2024-06-10T10:32:57.567Z,coins_small,0.99,1000,14,0
pu_00006i8,p_002886,s_p_002886_00003,2024-02-23T16:29:15.435Z,starter_pack,1.99,2000,7,1
pu_00006i9,p_002886,s_p_002886_00006,2024-03-14T09:28:23.754Z,coins_small,0.99,1000,27,0
pu_00006ia,p_002886,s_p_002886_00006,2024-03-14T09:23:51.871Z,coins_medium,4.99,5500,27,0
pu_00006ib,p_002886,s_p_002886_00006,2024-03-14T09:25:39.935Z,starter_pack,1.99,2000,27,0
pu_00006ic,p_002886,s_p_002886_00007,2024-04-14T16:59:26.753Z,coins_small,0.99,1000,58,0
pu_00006id,p_002886,s_p_002886_00008,2024-04-15T13:22:24.643Z,coins_small,0.99,1000,59,0
pu_00006ie,p_002886,s_p_002886_00009,2024-04-15T20:06:37.405Z,vip_monthly,9.99,10000,59,0
pu_00006if,p_002886,s_p_002886_00009,2024-04-15T20:13:06.918Z,coins_large,19.99,25000,59,0
pu_00006ig,p_002886,s_p_002886_00009,2024-04-15T20:13:51.494Z,coins_small,0.99,1000,59,0
pu_00006ih,p_002886,s_p_002886_00011,2024-04-23T22:26:03.526Z,vip_monthly,9.99,10000,67,0
pu_00006ii,p_002886,s_p_002886_00015,2024-06-27T09:45:07.761Z,coins_large,19.99,25000,132,0
pu_00006ij,p_002886,s_p_002886_00016,2024-07-01T09:59:08.852Z,coins_small,0.99,1000,136,0
pu_00006ik,p_002886,s_p_002886_00020,2024-07-03T12:21:44.377Z,coins_small,0.99,1000,138,0
pu_00006il,p_002899,s_p_002899_00001,2024-01-04T16:50:55.332Z,starter_pack,1.99,2000,2,1
pu_00006im,p_002899,s_p_002899_00001,2024-01-04T16:48:06.779Z,starter_pack,1.99,2000,2,0
pu_00006in,p_002899,s_p_002899_00003,2024-01-10T22:03:41.732Z,coins_medium,4.99,5500,8,0
pu_00006io,p_002899,s_p_002899_00005,2024-01-18T16:16:49.794Z,coins_medium,4.99,5500,16,0
pu_00006ip,p_002899,s_p_002899_00005,2024-01-18T16:19:20.763Z,coins_small,0.99,1000,16,0
pu_00006iq,p_002899,s_p_002899_00006,2024-01-20T21:42:36.105Z,coins_small,0.99,1000,18,0
pu_00006ir,p_002899,s_p_002899_00007,2024-01-30T11:52:19.577Z,starter_pack,1.99,2000,28,0
pu_00006is,p_002899,s_p_002899_00008,2024-02-11T17:12:01.493Z,coins_small,0.99,1000,40,0
pu_00006it,p_002899,s_p_002899_00010,2024-02-28T07:32:11.086Z,coins_medium,4.99,5500,57,0
pu_00006iu,p_002899,s_p_002899_00012,2024-03-17T07:52:33.858Z,starter_pack,1.99,2000,75,0
pu_00006iv,p_002899,s_p_002899_00013,2024-03-25T11:59:14.873Z,starter_pack,1.99,2000,83,0
pu_00006iw,p_002899,s_p_002899_00014,2024-03-25T21:06:08.091Z,coins_large,19.99,25000,83,0
pu_00006ix,p_002899,s_p_002899_00014,2024-03-25T21:05:10.058Z,coins_small,0.99,1000,83,0
pu_00006iy,p_002899,s_p_002899_00016,2024-03-31T19:01:23.674Z,coins_small,0.99,1000,89,0
pu_00006iz,p_002899,s_p_002899_00016,2024-03-31T19:00:02.657Z,coins_small,0.99,1000,89,0
pu_00006j0,p_002899,s_p_002899_00017,2024-04-01T12:54:22.852Z,coins_medium,4.99,5500,90,0
pu_00006j1,p_002899,s_p_002899_00017,2024-04-01T12:54:10.336Z,coins_small,0.99,1000,90,0
pu_00006j2,p_002899,s_p_002899_00018,2024-04-22T08:26:29.389Z,coins_small,0.99,1000,111,0
pu_00006j3,p_002899,s_p_002899_00019,2024-04-22T13:13:20.178Z,coins_large,19.99,25000,111,0
pu_00006j4,p_002899,s_p_002899_00019,2024-04-22T13:14:25.767Z,coins_small,0.99,1000,111,0
pu_00006j5,p_002899,s_p_002899_00022,2024-05-04T15:12:53.067Z,coins_medium,4.99,5500,123,0
pu_00006j6,p_002899,s_p_002899_00023,2024-05-09T15:20:16.283Z,coins_small,0.99,1000,128,0
pu_00006j7,p_002899,s_p_002899_00024,2024-05-14T09:02:53.453Z,coins_medium,4.99,5500,133,0
pu_00006j8,p_002899,s_p_002899_00024,2024-05-14T09:03:43.634Z,coins_small,0.99,1000,133,0
pu_00006j9,p_002899,s_p_002899_00024,2024-05-14T09:03:10.430Z,coins_small,0.99,1000,133,0
pu_00006ja,p_002932,s_p_002932_00005,2024-06-16T07:33:33.867Z,coins_medium,4.99,5500,36,1
pu_00006jb,p_002932,s_p_002932_00006,2024-06-22T14:44:28.797Z,coins_medium,4.99,5500,42,0
pu_00006jc,p_002932,s_p_002932_00006,2024-06-22T14:38:03.620Z,coins_medium,4.99,5500,42,0
pu_00006jd,p_002932,s_p_002932_00010,2024-07-22T15:35:15.965Z,coins_small,0.99,1000,72,0
pu_00006je,p_002914,s_p_002914_00001,2024-02-03T13:24:54.692Z,starter_pack,1.99,2000,5,1
pu_00006jf,p_002914,s_p_002914_00009,2024-03-24T12:25:04.282Z,coins_small,0.99,1000,55,0
pu_00006jg,p_002914,s_p_002914_00011,2024-04-04T20:05:32.178Z,vip_monthly,9.99,10000,66,0
pu_00006jh,p_002914,s_p_002914_00011,2024-04-04T20:07:08.190Z,coins_small,0.99,1000,66,0
pu_00006ji,p_002914,s_p_002914_00012,2024-04-04T21:25:14.212Z,coins_small,0.99,1000,66,0
pu_00006jj,p_002914,s_p_002914_00013,2024-04-05T20:22:24.667Z,coins_small,0.99,1000,67,0
pu_00006jk,p_002914,s_p_002914_00016,2024-04-14T10:52:34.980Z,coins_small,0.99,1000,76,0
pu_00006jl,p_002914,s_p_002914_00017,2024-04-20T06:14:42.266Z,coins_small,0.99,1000,82,0
pu_00006jm,p_002914,s_p_002914_00020,2024-05-04T11:08:34.146Z,starter_pack,1.99,2000,96,0
pu_00006jn,p_002914,s_p_002914_00020,2024-05-04T11:08:18.749Z,coins_medium,4.99,5500,96,0
pu_00006jo,p_002914,s_p_002914_00027,2024-06-03T15:50:13.937Z,coins_medium,4.99,5500,126,0
pu_00006jp,p_002914,s_p_002914_00027,2024-06-03T15:50:07.090Z,starter_pack,1.99,2000,126,0
pu_00006jq,p_002914,s_p_002914_00027,2024-06-03T15:53:24.059Z,coins_small,0.99,1000,126,0
pu_00006jr,p_002914,s_p_002914_00030,2024-06-09T12:25:44.193Z,coins_large,19.99,25000,132,0
pu_00006js,p_002914,s_p_002914_00035,2024-06-20T14:02:12.662Z,coins_medium,4.99,5500,143,0
pu_00006jt,p_002914,s_p_002914_00039,2024-07-13T15:09:48.704Z,coins_medium,4.99,5500,166,0
pu_00006ju,p_002914,s_p_002914_00040,2024-07-13T19:16:03.597Z,vip_monthly,9.99,10000,166,0
pu_00006jv,p_002914,s_p_002914_00045,2024-08-02T08:44:01.285Z,coins_small,0.99,1000,186,0
pu_00006jw,p_002914,s_p_002914_00045,2024-08-02T08:36:01.909Z,coins_small,0.99,1000,186,0
pu_00006jx,p_002914,s_p_002914_00045,2024-08-02T08:36:20.299Z,coins_small,0.99,1000,186,0
pu_00006jy,p_002914,s_p_002914_00046,2024-08-02T21:04:35.097Z,coins_small,0.99,1000,186,0
pu_00006jz,p_002434,s_p_002434_00009,2024-06-02T07:34:47.446Z,starter_pack,1.99,2000,22,1
pu_00006k0,p_002434,s_p_002434_00021,2024-06-29T21:28:32.037Z,coins_medium,4.99,5500,49,0
pu_00006k1,p_002434,s_p_002434_00031,2024-07-31T17:55:11.465Z,coins_small,0.99,1000,81,0
pu_00006k2,p_002434,s_p_002434_00042,2024-09-13T11:47:34.813Z,coins_medium,4.99,5500,125,0
pu_00006k3,p_002434,s_p_002434_00051,2024-10-01T10:54:38.274Z,coins_large,19.99,25000,143,0
pu_00006k4,p_002751,s_p_002751_00001,2024-03-31T21:47:26.353Z,starter_pack,1.99,2000,3,1
pu_00006k5,p_002751,s_p_002751_00001,2024-03-31T21:55:37.309Z,coins_large,19.99,25000,3,0
pu_00006k6,p_002751,s_p_002751_00002,2024-04-01T15:23:27.712Z,coins_medium,4.99,5500,4,0
pu_00006k7,p_002751,s_p_002751_00003,2024-04-03T09:12:57.271Z,vip_monthly,9.99,10000,6,0
pu_00006k8,p_002751,s_p_002751_00005,2024-04-07T09:48:02.959Z,vip_monthly,9.99,10000,10,0
pu_00006k9,p_002751,s_p_002751_00006,2024-04-09T06:19:32.516Z,coins_large,19.99,25000,12,0
pu_00006ka,p_002751,s_p_002751_00006,2024-04-09T06:21:17.766Z,coins_large,19.99,25000,12,0
pu_00006kb,p_002751,s_p_002751_00012,2024-04-14T17:47:14.784Z,coins_large,19.99,25000,17,0
pu_00006kc,p_002751,s_p_002751_00023,2024-04-30T12:50:10.726Z,coins_large,19.99,25000,33,0
pu_00006kd,p_002751,s_p_002751_00023,2024-04-30T12:52:22.771Z,coins_small,0.99,1000,33,0
pu_00006ke,p_002751,s_p_002751_00035,2024-05-13T06:29:42.934Z,coins_small,0.99,1000,46,0
pu_00006kf,p_002751,s_p_002751_00036,2024-05-13T17:37:57.102Z,coins_medium,4.99,5500,46,0
pu_00006kg,p_002751,s_p_002751_00052,2024-06-05T15:10:33.404Z,coins_medium,4.99,5500,69,0
pu_00006kh,p_002751,s_p_002751_00062,2024-06-14T20:12:57.698Z,coins_medium,4.99,5500,78,0
pu_00006ki,p_002751,s_p_002751_00070,2024-06-23T21:06:05.882Z,coins_large,19.99,25000,87,0
pu_00006kj,p_002751,s_p_002751_00071,2024-06-24T23:24:51.051Z,coins_medium,4.99,5500,88,0
pu_00006kk,p_002751,s_p_002751_00071,2024-06-24T23:10:30.729Z,coins_medium,4.99,5500,88,0
pu_00006kl,p_002751,s_p_002751_00088,2024-07-12T21:46:58.571Z,coins_small,0.99,1000,106,0
pu_00006km,p_002751,s_p_002751_00099,2024-07-23T07:23:23.716Z,coins_large,19.99,25000,117,0
pu_00006kn,p_002751,s_p_002751_00106,2024-07-31T14:56:33.156Z,coins_large,19.99,25000,125,0
pu_00006ko,p_002751,s_p_002751_00117,2024-08-07T12:23:39.899Z,coins_medium,4.99,5500,132,0
pu_00006kp,p_002751,s_p_002751_00119,2024-08-09T11:09:43.080Z,coins_medium,4.99,5500,134,0
pu_00006kq,p_002751,s_p_002751_00123,2024-08-11T07:45:05.988Z,coins_medium,4.99,5500,136,0
pu_00006kr,p_002751,s_p_002751_00128,2024-08-21T17:39:25.664Z,coins_small,0.99,1000,146,0
pu_00006ks,p_002751,s_p_002751_00136,2024-09-02T06:54:59.268Z,coins_large,19.99,25000,158,0
pu_00006kt,p_002751,s_p_002751_00137,2024-09-03T18:26:30.159Z,coins_medium,4.99,5500,159,0
pu_00006ku,p_002751,s_p_002751_00144,2024-09-17T12:55:08.418Z,vip_monthly,9.99,10000,173,0
pu_00006kv,p_002751,s_p_002751_00148,2024-09-21T16:10:17.442Z,coins_large,19.99,25000,177,0
pu_00006kw,p_002751,s_p_002751_00151,2024-09-23T06:41:36.082Z,coins_large,19.99,25000,179,0
pu_00006kx,p_002751,s_p_002751_00151,2024-09-23T06:44:50.902Z,coins_large,19.99,25000,179,0
pu_00006ky,p_002751,s_p_002751_00168,2024-10-18T10:15:49.389Z,coins_small,0.99,1000,204,0
pu_00006kz,p_002751,s_p_002751_00173,2024-10-23T16:04:21.199Z,coins_large,19.99,25000,209,0
pu_00006l0,p_002751,s_p_002751_00178,2024-10-28T17:10:23.995Z,coins_large,19.99,25000,214,0
pu_00006l1,p_002751,s_p_002751_00180,2024-10-30T18:27:27.299Z,coins_large,19.99,25000,216,0
pu_00006l2,p_002782,s_p_002782_00001,2024-02-19T22:31:30.164Z,starter_pack,1.99,2000,0,1
pu_00006l3,p_002782,s_p_002782_00001,2024-02-19T23:01:17.343Z,coins_large,19.99,25000,0,0
pu_00006l4,p_002782,s_p_002782_00002,2024-02-20T12:39:56.075Z,coins_medium,4.99,5500,1,0
pu_00006l5,p_002782,s_p_002782_00002,2024-02-20T12:40:11.611Z,coins_medium,4.99,5500,1,0
pu_00006l6,p_002782,s_p_002782_00004,2024-02-21T17:41:38.600Z,coins_small,0.99,1000,2,0
pu_00006l7,p_002782,s_p_002782_00004,2024-02-21T17:41:49.554Z,coins_large,19.99,25000,2,0
pu_00006l8,p_002782,s_p_002782_00005,2024-02-22T12:50:03.430Z,coins_medium,4.99,5500,3,0
pu_00006l9,p_002782,s_p_002782_00005,2024-02-22T12:41:33.084Z,vip_monthly,9.99,10000,3,0
pu_00006la,p_002782,s_p_002782_00005,2024-02-22T12:45:27.714Z,coins_large,19.99,25000,3,0
pu_00006lb,p_002782,s_p_002782_00005,2024-02-22T13:07:55.123Z,coins_medium,4.99,5500,3,0
pu_00006lc,p_002782,s_p_002782_00006,2024-02-22T14:39:41.746Z,coins_large,19.99,25000,3,0
pu_00006ld,p_002782,s_p_002782_00010,2024-02-28T09:46:58.119Z,coins_large,19.99,25000,9,0
pu_00006le,p_002782,s_p_002782_00015,2024-03-04T12:39:43.231Z,coins_large,19.99,25000,14,0
pu_00006lf,p_002782,s_p_002782_00025,2024-03-17T16:59:40.393Z,coins_large,19.99,25000,27,0
pu_00006lg,p_002782,s_p_002782_00028,2024-03-21T16:51:25.952Z,coins_large,19.99,25000,31,0
pu_00006lh,p_002782,s_p_002782_00029,2024-03-26T09:46:30.425Z,coins_large,19.99,25000,36,0
pu_00006li,p_002782,s_p_002782_00030,2024-03-26T12:29:11.478Z,vip_monthly,9.99,10000,36,0
pu_00006lj,p_002782,s_p_002782_00031,2024-03-28T22:26:02.459Z,coins_small,0.99,1000,38,0
pu_00006lk,p_002782,s_p_002782_00032,2024-04-01T10:15:46.454Z,coins_medium,4.99,5500,42,0
pu_00006ll,p_002782,s_p_002782_00045,2024-04-20T21:43:50.781Z,starter_pack,1.99,2000,61,0
pu_00006lm,p_002782,s_p_002782_00049,2024-04-26T12:36:44.520Z,coins_medium,4.99,5500,67,0
pu_00006ln,p_002782,s_p_002782_00059,2024-05-24T15:41:31.285Z,coins_large,19.99,25000,95,0
pu_00006lo,p_002782,s_p_002782_00060,2024-05-28T17:42:40.724Z,coins_large,19.99,25000,99,0
pu_00006lp,p_002782,s_p_002782_00069,2024-06-13T16:15:16.908Z,coins_small,0.99,1000,115,0
pu_00006lq,p_002782,s_p_002782_00071,2024-06-15T19:23:40.688Z,vip_monthly,9.99,10000,117,0
pu_00006lr,p_002782,s_p_002782_00075,2024-06-21T16:25:53.344Z,coins_large,19.99,25000,123,0
pu_00006ls,p_002782,s_p_002782_00077,2024-06-22T21:55:48.817Z,coins_large,19.99,25000,124,0
pu_00006lt,p_002782,s_p_002782_00079,2024-06-24T11:15:44.641Z,coins_small,0.99,1000,126,0
pu_00006lu,p_002782,s_p_002782_00081,2024-06-26T17:44:02.240Z,coins_large,19.99,25000,128,0
pu_00006lv,p_002782,s_p_002782_00082,2024-06-28T12:38:09.012Z,vip_monthly,9.99,10000,130,0
pu_00006lw,p_002782,s_p_002782_00084,2024-06-29T23:19:49.842Z,coins_large,19.99,25000,131,0
pu_00006lx,p_002782,s_p_002782_00085,2024-07-01T10:23:37.185Z,coins_large,19.99,25000,133,0
pu_00006ly,p_002782,s_p_002782_00086,2024-07-01T20:52:06.910Z,coins_large,19.99,25000,133,0
pu_00006lz,p_002782,s_p_002782_00093,2024-07-17T15:36:42.841Z,coins_large,19.99,25000,149,0
pu_00006m0,p_002782,s_p_002782_00094,2024-07-19T09:25:47.519Z,starter_pack,1.99,2000,151,0
pu_00006m1,p_002782,s_p_002782_00100,2024-07-23T18:48:22.548Z,vip_monthly,9.99,10000,155,0
pu_00006m2,p_002782,s_p_002782_00100,2024-07-23T18:33:18.875Z,coins_small,0.99,1000,155,0
pu_00006m3,p_002782,s_p_002782_00105,2024-07-29T10:15:12.498Z,coins_large,19.99,25000,161,0
pu_00006m4,p_002782,s_p_002782_00106,2024-07-29T12:54:12.698Z,coins_medium,4.99,5500,161,0
pu_00006m5,p_002782,s_p_002782_00110,2024-08-01T10:33:47.852Z,starter_pack,1.99,2000,164,0
pu_00006m6,p_002782,s_p_002782_00115,2024-08-07T15:49:10.670Z,coins_large,19.99,25000,170,0
pu_00006m7,p_002782,s_p_002782_00118,2024-08-13T07:12:36.531Z,coins_medium,4.99,5500,176,0
pu_00006m8,p_002782,s_p_002782_00122,2024-08-16T10:14:54.436Z,vip_monthly,9.99,10000,179,0
pu_00006m9,p_002782,s_p_002782_00124,2024-08-23T10:36:15.032Z,coins_large,19.99,25000,186,0
pu_00006ma,p_002782,s_p_002782_00125,2024-08-23T16:54:48.271Z,coins_medium,4.99,5500,186,0
pu_00006mb,p_002782,s_p_002782_00125,2024-08-23T16:54:44.709Z,coins_medium,4.99,5500,186,0
pu_00006mc,p_002782,s_p_002782_00126,2024-08-23T16:51:54.826Z,coins_large,19.99,25000,186,0
pu_00006md,p_002782,s_p_002782_00130,2024-08-28T10:38:09.069Z,coins_large,19.99,25000,191,0
pu_00006me,p_002782,s_p_002782_00131,2024-08-30T23:38:12.500Z,coins_large,19.99,25000,193,0
pu_00006mf,p_002782,s_p_002782_00136,2024-09-05T10:11:16.353Z,vip_monthly,9.99,10000,199,0
pu_00006mg,p_002782,s_p_002782_00136,2024-09-05T10:02:59.303Z,coins_medium,4.99,5500,199,0
pu_00006mh,p_002782,s_p_002782_00140,2024-09-07T20:28:15.424Z,coins_medium,4.99,5500,201,0
pu_00006mi,p_002782,s_p_002782_00145,2024-09-12T09:52:20.118Z,coins_medium,4.99,5500,206,0
pu_00006mj,p_002782,s_p_002782_00149,2024-09-22T19:18:28.728Z,coins_medium,4.99,5500,216,0
pu_00006mk,p_002782,s_p_002782_00150,2024-09-26T12:34:07.252Z,coins_large,19.99,25000,220,0
pu_00006ml,p_002958,s_p_002958_00015,2024-10-23T16:58:35.349Z,starter_pack,1.99,2000,94,1
pu_00006mm,p_002958,s_p_002958_00015,2024-10-23T16:55:29.672Z,coins_small,0.99,1000,94,0
pu_00006mn,p_002958,s_p_002958_00015,2024-10-23T17:00:40.571Z,vip_monthly,9.99,10000,94,0
pu_00006mo,p_002973,s_p_002973_00002,2024-04-28T16:40:53.778Z,coins_small,0.99,1000,18,1
pu_00006mp,p_002973,s_p_002973_00002,2024-04-28T16:38:53.660Z,coins_small,0.99,1000,18,0
pu_00006mq,p_002973,s_p_002973_00002,2024-04-28T16:36:34.101Z,coins_small,0.99,1000,18,0
pu_00006mr,p_002973,s_p_002973_00003,2024-05-06T10:43:12.107Z,coins_medium,4.99,5500,26,0
pu_00006ms,p_002973,s_p_002973_00003,2024-05-06T10:44:57.815Z,coins_small,0.99,1000,26,0
pu_00006mt,p_002973,s_p_002973_00004,2024-05-11T07:04:16.725Z,starter_pack,1.99,2000,31,0
pu_00006mu,p_002973,s_p_002973_00004,2024-05-11T07:05:37.711Z,coins_small,0.99,1000,31,0
pu_00006mv,p_002973,s_p_002973_00005,2024-05-17T19:58:00.598Z,starter_pack,1.99,2000,37,0
pu_00006mw,p_002973,s_p_002973_00007,2024-05-18T18:48:03.599Z,coins_small,0.99,1000,38,0
pu_00006mx,p_002973,s_p_002973_00008,2024-05-19T07:13:51.380Z,coins_medium,4.99,5500,39,0
pu_00006my,p_002973,s_p_002973_00008,2024-05-19T07:12:38.945Z,coins_large,19.99,25000,39,0
pu_00006mz,p_002973,s_p_002973_00008,2024-05-19T07:13:37.619Z,coins_small,0.99,1000,39,0
pu_00006n0,p_002973,s_p_002973_00009,2024-05-25T08:29:29.636Z,coins_small,0.99,1000,45,0
pu_00006n1,p_002973,s_p_002973_00010,2024-05-29T10:59:42.126Z,coins_medium,4.99,5500,49,0
pu_00006n2,p_002973,s_p_002973_00010,2024-05-29T11:01:54.583Z,coins_small,0.99,1000,49,0
pu_00006n3,p_002973,s_p_002973_00010,2024-05-29T10:59:55.299Z,coins_small,0.99,1000,49,0
pu_00006n4,p_002973,s_p_002973_00011,2024-06-02T11:07:58.969Z,coins_large,19.99,25000,53,0
pu_00006n5,p_002973,s_p_002973_00012,2024-06-23T11:28:13.972Z,coins_small,0.99,1000,74,0
pu_00006n6,p_002973,s_p_002973_00012,2024-06-23T11:21:35.642Z,coins_small,0.99,1000,74,0
pu_00006n7,p_002973,s_p_002973_00012,2024-06-23T11:20:15.206Z,coins_small,0.99,1000,74,0
pu_00006n8,p_002973,s_p_002973_00013,2024-07-01T18:08:29.064Z,starter_pack,1.99,2000,82,0
pu_00006n9,p_002832,s_p_002832_00001,2024-02-09T07:58:14.361Z,coins_large,19.99,25000,0,1
pu_00006na,p_002832,s_p_002832_00001,2024-02-09T07:58:10.662Z,coins_medium,4.99,5500,0,0
pu_00006nb,p_002832,s_p_002832_00002,2024-02-11T09:42:59.991Z,coins_large,19.99,25000,2,0
pu_00006nc,p_002832,s_p_002832_00002,2024-02-11T09:50:21.990Z,coins_large,19.99,25000,2,0
pu_00006nd,p_002832,s_p_002832_00002,2024-02-11T09:47:00.165Z,starter_pack,1.99,2000,2,0
pu_00006ne,p_002832,s_p_002832_00002,2024-02-11T09:40:55.457Z,coins_large,19.99,25000,2,0
pu_00006nf,p_002832,s_p_002832_00004,2024-02-13T18:10:20.098Z,coins_large,19.99,25000,4,0
pu_00006ng,p_002832,s_p_002832_00005,2024-02-14T07:28:54.412Z,coins_medium,4.99,5500,5,0
pu_00006nh,p_002832,s_p_002832_00005,2024-02-14T07:28:43.629Z,coins_medium,4.99,5500,5,0
pu_00006ni,p_002832,s_p_002832_00006,2024-02-14T14:18:31.879Z,coins_large,19.99,25000,5,0
pu_00006nj,p_002832,s_p_002832_00006,2024-02-14T14:01:34.705Z,coins_small,0.99,1000,5,0
pu_00006nk,p_002832,s_p_002832_00012,2024-02-23T14:53:08.558Z,vip_monthly,9.99,10000,14,0
pu_00006nl,p_002832,s_p_002832_00013,2024-02-24T09:27:09.314Z,coins_small,0.99,1000,15,0
pu_00006nm,p_002832,s_p_002832_00014,2024-02-24T14:27:28.225Z,coins_medium,4.99,5500,15,0
pu_00006nn,p_002832,s_p_002832_00015,2024-02-24T22:47:04.570Z,coins_large,19.99,25000,15,0
pu_00006no,p_002832,s_p_002832_00017,2024-02-25T09:41:37.985Z,coins_medium,4.99,5500,16,0
pu_00006np,p_002832,s_p_002832_00021,2024-03-03T20:13:06.703Z,coins_large,19.99,25000,23,0
pu_00006nq,p_002832,s_p_002832_00024,2024-03-06T07:58:33.220Z,coins_large,19.99,25000,26,0
pu_00006nr,p_002832,s_p_002832_00028,2024-03-08T18:27:44.194Z,vip_monthly,9.99,10000,28,0
pu_00006ns,p_002832,s_p_002832_00029,2024-03-08T22:08:59.443Z,coins_medium,4.99,5500,28,0
pu_00006nt,p_002832,s_p_002832_00032,2024-03-12T09:30:26.088Z,coins_large,19.99,25000,32,0
pu_00006nu,p_002832,s_p_002832_00033,2024-03-12T10:44:58.531Z,coins_medium,4.99,5500,32,0
pu_00006nv,p_002832,s_p_002832_00036,2024-03-16T14:31:36.847Z,coins_medium,4.99,5500,36,0
pu_00006nw,p_002832,s_p_002832_00046,2024-03-27T11:41:24.170Z,coins_medium,4.99,5500,47,0
pu_00006nx,p_002832,s_p_002832_00051,2024-04-01T23:18:45.875Z,coins_medium,4.99,5500,52,0
pu_00006ny,p_002832,s_p_002832_00055,2024-04-03T22:08:35.789Z,coins_small,0.99,1000,54,0
pu_00006nz,p_002832,s_p_002832_00055,2024-04-03T22:13:14.972Z,coins_large,19.99,25000,54,0
pu_00006o0,p_002832,s_p_002832_00056,2024-04-04T11:50:59.444Z,coins_medium,4.99,5500,55,0
pu_00006o1,p_002832,s_p_002832_00058,2024-04-08T14:14:58.878Z,coins_medium,4.99,5500,59,0
pu_00006o2,p_002832,s_p_002832_00059,2024-04-08T19:02:29.490Z,coins_large,19.99,25000,59,0
pu_00006o3,p_002832,s_p_002832_00061,2024-04-10T14:06:48.667Z,coins_large,19.99,25000,61,0
pu_00006o4,p_002832,s_p_002832_00064,2024-04-12T20:32:37.159Z,coins_small,0.99,1000,63,0
pu_00006o5,p_002832,s_p_002832_00069,2024-04-24T11:04:04.505Z,coins_medium,4.99,5500,75,0
pu_00006o6,p_002832,s_p_002832_00076,2024-05-02T16:54:40.733Z,coins_medium,4.99,5500,83,0
pu_00006o7,p_002832,s_p_002832_00078,2024-05-04T12:24:34.884Z,coins_large,19.99,25000,85,0
pu_00006o8,p_002832,s_p_002832_00080,2024-05-11T13:56:30.386Z,coins_large,19.99,25000,92,0
pu_00006o9,p_002832,s_p_002832_00091,2024-05-23T08:55:33.284Z,coins_large,19.99,25000,104,0
pu_00006oa,p_002832,s_p_002832_00092,2024-05-26T21:38:35.680Z,vip_monthly,9.99,10000,107,0
pu_00006ob,p_002832,s_p_002832_00097,2024-05-30T23:04:48.538Z,coins_small,0.99,1000,111,0
pu_00006oc,p_002832,s_p_002832_00099,2024-06-02T12:39:54.237Z,vip_monthly,9.99,10000,114,0
pu_00006od,p_002832,s_p_002832_00099,2024-06-02T12:17:37.636Z,coins_medium,4.99,5500,114,0
pu_00006oe,p_002832,s_p_002832_00103,2024-06-06T13:06:50.974Z,coins_small,0.99,1000,118,0
pu_00006of,p_002832,s_p_002832_00106,2024-06-12T12:34:57.716Z,vip_monthly,9.99,10000,124,0
pu_00006og,p_002832,s_p_002832_00107,2024-06-13T11:17:51.846Z,coins_large,19.99,25000,125,0
pu_00006oh,p_002832,s_p_002832_00108,2024-06-13T18:29:20.205Z,coins_small,0.99,1000,125,0
pu_00006oi,p_002832,s_p_002832_00110,2024-06-16T10:21:44.615Z,coins_medium,4.99,5500,128,0
pu_00006oj,p_002832,s_p_002832_00122,2024-06-30T14:12:56.988Z,coins_large,19.99,25000,142,0
pu_00006ok,p_002832,s_p_002832_00139,2024-07-22T20:34:06.573Z,coins_medium,4.99,5500,164,0
pu_00006ol,p_002832,s_p_002832_00141,2024-07-23T22:01:00.950Z,starter_pack,1.99,2000,165,0
pu_00006om,p_002832,s_p_002832_00152,2024-08-02T16:59:55.486Z,coins_medium,4.99,5500,175,0
pu_00006on,p_002832,s_p_002832_00152,2024-08-02T17:03:49.260Z,coins_medium,4.99,5500,175,0
pu_00006oo,p_002832,s_p_002832_00155,2024-08-06T21:02:55.285Z,vip_monthly,9.99,10000,179,0
pu_00006op,p_002832,s_p_002832_00156,2024-08-12T17:48:20.364Z,coins_medium,4.99,5500,185,0
pu_00006oq,p_002832,s_p_002832_00157,2024-08-13T09:55:25.711Z,coins_medium,4.99,5500,186,0
pu_00006or,p_002832,s_p_002832_00158,2024-08-14T11:33:05.913Z,coins_large,19.99,25000,187,0
pu_00006os,p_002832,s_p_002832_00159,2024-08-17T14:00:13.435Z,coins_large,19.99,25000,190,0
pu_00006ot,p_002832,s_p_002832_00161,2024-08-22T07:52:59.943Z,coins_medium,4.99,5500,195,0
pu_00006ou,p_002832,s_p_002832_00163,2024-08-28T11:01:04.323Z,coins_medium,4.99,5500,201,0
pu_00006ov,p_002832,s_p_002832_00167,2024-08-31T16:05:03.452Z,coins_medium,4.99,5500,204,0
pu_00006ow,p_002832,s_p_002832_00168,2024-09-02T10:32:27.429Z,vip_monthly,9.99,10000,206,0
pu_00006ox,p_002832,s_p_002832_00169,2024-09-02T11:26:49.199Z,vip_monthly,9.99,10000,206,0
pu_00006oy,p_002832,s_p_002832_00170,2024-09-05T22:50:37.052Z,coins_small,0.99,1000,209,0
pu_00006oz,p_002785,s_p_002785_00001,2024-02-10T09:10:34.996Z,vip_monthly,9.99,10000,0,1
pu_00006p0,p_002785,s_p_002785_00001,2024-02-10T09:07:29.809Z,coins_small,0.99,1000,0,0
pu_00006p1,p_002785,s_p_002785_00002,2024-02-11T08:35:25.269Z,coins_medium,4.99,5500,1,0
pu_00006p2,p_002785,s_p_002785_00004,2024-02-15T19:39:55.974Z,coins_medium,4.99,5500,5,0
pu_00006p3,p_002785,s_p_002785_00004,2024-02-15T19:13:10.618Z,coins_large,19.99,25000,5,0
pu_00006p4,p_002785,s_p_002785_00005,2024-02-16T06:57:17.061Z,vip_monthly,9.99,10000,6,0
pu_00006p5,p_002785,s_p_002785_00019,2024-03-01T20:12:23.595Z,coins_medium,4.99,5500,20,0
pu_00006p6,p_002785,s_p_002785_00019,2024-03-01T20:18:53.086Z,vip_monthly,9.99,10000,20,0
pu_00006p7,p_002785,s_p_002785_00032,2024-03-22T22:01:31.480Z,coins_small,0.99,1000,41,0
pu_00006p8,p_002785,s_p_002785_00034,2024-03-24T22:32:17.690Z,coins_large,19.99,25000,43,0
pu_00006p9,p_002785,s_p_002785_00044,2024-04-08T20:38:38.232Z,coins_large,19.99,25000,58,0
pu_00006pa,p_002785,s_p_002785_00047,2024-04-14T15:57:20.729Z,coins_small,0.99,1000,64,0
pu_00006pb,p_002785,s_p_002785_00055,2024-04-24T17:26:09.738Z,coins_medium,4.99,5500,74,0
pu_00006pc,p_002785,s_p_002785_00067,2024-05-08T13:22:41.434Z,coins_small,0.99,1000,88,0
pu_00006pd,p_002785,s_p_002785_00072,2024-05-12T06:49:40.977Z,vip_monthly,9.99,10000,92,0
pu_00006pe,p_002785,s_p_002785_00078,2024-05-21T08:28:20.804Z,coins_small,0.99,1000,101,0
pu_00006pf,p_002785,s_p_002785_00081,2024-05-24T18:43:54.237Z,coins_small,0.99,1000,104,0
pu_00006pg,p_002785,s_p_002785_00083,2024-05-26T23:24:23.276Z,vip_monthly,9.99,10000,106,0
pu_00006ph,p_002785,s_p_002785_00088,2024-06-02T10:33:36.567Z,coins_medium,4.99,5500,113,0
pu_00006pi,p_002785,s_p_002785_00088,2024-06-02T10:28:19.173Z,coins_small,0.99,1000,113,0
pu_00006pj,p_002785,s_p_002785_00105,2024-06-23T16:54:31.759Z,coins_small,0.99,1000,134,0
pu_00006pk,p_002785,s_p_002785_00129,2024-07-15T07:38:51.400Z,coins_large,19.99,25000,156,0
pu_00006pl,p_002785,s_p_002785_00131,2024-07-19T17:07:54.453Z,coins_large,19.99,25000,160,0
pu_00006pm,p_002785,s_p_002785_00132,2024-07-20T14:50:22.946Z,coins_large,19.99,25000,161,0
pu_00006pn,p_002785,s_p_002785_00152,2024-08-23T13:52:17.948Z,vip_monthly,9.99,10000,195,0
pu_00006po,p_002785,s_p_002785_00158,2024-08-31T13:22:58.469Z,coins_small,0.99,1000,203,0
pu_00006pp,p_002785,s_p_002785_00165,2024-09-06T13:51:16.995Z,coins_large,19.99,25000,209,0
pu_00006pq,p_002785,s_p_002785_00172,2024-09-21T21:35:15.144Z,coins_medium,4.99,5500,224,0
pu_00006pr,p_002785,s_p_002785_00175,2024-09-24T07:31:37.478Z,coins_large,19.99,25000,227,0
pu_00006ps,p_002785,s_p_002785_00178,2024-09-28T09:51:40.340Z,coins_medium,4.99,5500,231,0
pu_00006pt,p_002785,s_p_002785_00180,2024-10-04T10:27:49.993Z,coins_medium,4.99,5500,237,0
pu_00006pu,p_002785,s_p_002785_00181,2024-10-04T20:36:24.409Z,coins_medium,4.99,5500,237,0
pu_00006pv,p_002785,s_p_002785_00188,2024-10-17T10:08:43.995Z,coins_large,19.99,25000,250,0
pu_00006pw,p_002785,s_p_002785_00189,2024-10-17T11:15:33.322Z,starter_pack,1.99,2000,250,0
pu_00006px,p_002785,s_p_002785_00191,2024-10-23T06:32:14.620Z,coins_large,19.99,25000,256,0
pu_00006py,p_002855,s_p_002855_00022,2024-11-07T09:55:24.703Z,coins_small,0.99,1000,109,1
pu_00006pz,p_002855,s_p_002855_00028,2024-11-21T15:56:43.076Z,coins_small,0.99,1000,123,0
pu_00006q0,p_002855,s_p_002855_00029,2024-11-25T09:09:51.243Z,coins_small,0.99,1000,127,0
pu_00006q1,p_002983,s_p_002983_00003,2024-05-30T16:49:31.934Z,starter_pack,1.99,2000,17,1
pu_00006q2,p_002983,s_p_002983_00006,2024-06-10T23:16:27.738Z,coins_small,0.99,1000,28,0
pu_00006q3,p_002983,s_p_002983_00006,2024-06-10T23:18:02.489Z,coins_small,0.99,1000,28,0
pu_00006q4,p_002983,s_p_002983_00007,2024-06-22T09:30:30.660Z,coins_small,0.99,1000,40,0
pu_00006q5,p_002983,s_p_002983_00007,2024-06-22T09:29:14.825Z,coins_small,0.99,1000,40,0
pu_00006q6,p_002983,s_p_002983_00008,2024-06-28T14:36:10.392Z,coins_small,0.99,1000,46,0
pu_00006q7,p_002983,s_p_002983_00008,2024-06-28T14:37:57.669Z,coins_small,0.99,1000,46,0
pu_00006q8,p_002983,s_p_002983_00009,2024-06-30T18:37:15.963Z,coins_small,0.99,1000,48,0
pu_00006q9,p_002983,s_p_002983_00012,2024-07-02T19:13:58.437Z,coins_small,0.99,1000,50,0
pu_00006qa,p_002983,s_p_002983_00013,2024-07-07T06:05:50.633Z,coins_medium,4.99,5500,55,0
pu_00006qb,p_002983,s_p_002983_00014,2024-07-15T09:06:53.403Z,coins_medium,4.99,5500,63,0
pu_00006qc,p_002983,s_p_002983_00016,2024-07-31T09:21:26.486Z,coins_small,0.99,1000,79,0
pu_00006qd,p_002983,s_p_002983_00017,2024-08-06T07:24:42.530Z,coins_medium,4.99,5500,85,0
pu_00006qe,p_002983,s_p_002983_00019,2024-08-11T18:42:41.822Z,coins_medium,4.99,5500,90,0
pu_00006qf,p_002983,s_p_002983_00020,2024-08-14T09:52:26.945Z,coins_medium,4.99,5500,93,0
pu_00006qg,p_002983,s_p_002983_00020,2024-08-14T09:50:36.334Z,coins_small,0.99,1000,93,0
pu_00006qh,p_002983,s_p_002983_00020,2024-08-14T09:49:53.396Z,coins_small,0.99,1000,93,0
pu_00006qi,p_002983,s_p_002983_00020,2024-08-14T09:49:21.206Z,coins_medium,4.99,5500,93,0
pu_00006qj,p_002983,s_p_002983_00021,2024-08-18T13:04:07.470Z,starter_pack,1.99,2000,97,0
pu_00006qk,p_002983,s_p_002983_00022,2024-08-19T13:25:18.153Z,coins_small,0.99,1000,98,0
pu_00006ql,p_002983,s_p_002983_00022,2024-08-19T13:31:59.150Z,coins_small,0.99,1000,98,0
pu_00006qm,p_002983,s_p_002983_00023,2024-09-06T09:28:58.900Z,coins_small,0.99,1000,116,0
pu_00006qn,p_002983,s_p_002983_00025,2024-09-17T21:46:37.952Z,starter_pack,1.99,2000,127,0
pu_00006qo,p_002983,s_p_002983_00026,2024-09-18T13:17:58.999Z,coins_medium,4.99,5500,128,0
pu_00006qp,p_002983,s_p_002983_00026,2024-09-18T13:12:28.762Z,coins_small,0.99,1000,128,0
pu_00006qq,p_002707,s_p_002707_00002,2024-03-29T15:22:15.416Z,starter_pack,1.99,2000,3,1
pu_00006qr,p_002707,s_p_002707_00004,2024-03-30T11:56:39.501Z,coins_large,19.99,25000,4,0
pu_00006qs,p_002707,s_p_002707_00005,2024-03-30T13:19:38.262Z,coins_medium,4.99,5500,4,0
pu_00006qt,p_002707,s_p_002707_00005,2024-03-30T13:18:41.938Z,coins_medium,4.99,5500,4,0
pu_00006qu,p_002707,s_p_002707_00006,2024-04-01T12:01:24.446Z,coins_small,0.99,1000,6,0
pu_00006qv,p_002707,s_p_002707_00009,2024-04-05T07:13:09.527Z,coins_large,19.99,25000,10,0
pu_00006qw,p_002707,s_p_002707_00014,2024-04-09T20:34:13.523Z,coins_large,19.99,25000,14,0
pu_00006qx,p_002707,s_p_002707_00020,2024-04-17T11:17:10.431Z,vip_monthly,9.99,10000,22,0
pu_00006qy,p_002707,s_p_002707_00021,2024-04-21T10:55:32.150Z,coins_small,0.99,1000,26,0
pu_00006qz,p_002707,s_p_002707_00026,2024-04-25T06:50:23.421Z,coins_medium,4.99,5500,30,0
pu_00006r0,p_002707,s_p_002707_00027,2024-04-25T14:11:14.616Z,coins_large,19.99,25000,30,0
pu_00006r1,p_002707,s_p_002707_00030,2024-05-01T17:46:25.843Z,coins_large,19.99,25000,36,0
pu_00006r2,p_002707,s_p_002707_00037,2024-05-05T13:29:34.485Z,coins_large,19.99,25000,40,0
pu_00006r3,p_002707,s_p_002707_00040,2024-05-08T12:26:15.599Z,vip_monthly,9.99,10000,43,0
pu_00006r4,p_002707,s_p_002707_00051,2024-05-29T11:21:57.506Z,coins_large,19.99,25000,64,0
pu_00006r5,p_002707,s_p_002707_00055,2024-06-03T10:00:04.549Z,coins_medium,4.99,5500,69,0
pu_00006r6,p_002707,s_p_002707_00055,2024-06-03T09:56:56.357Z,vip_monthly,9.99,10000,69,0
pu_00006r7,p_002707,s_p_002707_00067,2024-06-13T21:57:38.946Z,coins_medium,4.99,5500,79,0
pu_00006r8,p_002707,s_p_002707_00076,2024-06-24T23:29:39.690Z,coins_large,19.99,25000,90,0
pu_00006r9,p_002707,s_p_002707_00077,2024-06-25T06:59:09.469Z,vip_monthly,9.99,10000,91,0
pu_00006ra,p_002707,s_p_002707_00078,2024-06-25T20:36:09.952Z,coins_large,19.99,25000,91,0
pu_00006rb,p_002707,s_p_002707_00087,2024-07-15T16:50:38.348Z,coins_large,19.99,25000,111,0
pu_00006rc,p_002707,s_p_002707_00092,2024-07-22T06:14:54.657Z,coins_large,19.99,25000,118,0
pu_00006rd,p_002707,s_p_002707_00097,2024-07-26T16:36:15.560Z,vip_monthly,9.99,10000,122,0
pu_00006re,p_002707,s_p_002707_00100,2024-08-04T09:49:04.962Z,coins_large,19.99,25000,131,0
pu_00006rf,p_002707,s_p_002707_00111,2024-08-13T11:25:09.632Z,coins_medium,4.99,5500,140,0
pu_00006rg,p_002707,s_p_002707_00117,2024-08-24T23:29:40.394Z,coins_small,0.99,1000,151,0
pu_00006rh,p_002707,s_p_002707_00118,2024-08-25T21:12:28.808Z,coins_medium,4.99,5500,152,0
pu_00006ri,p_002707,s_p_002707_00130,2024-09-06T19:41:06.033Z,coins_small,0.99,1000,164,0
pu_00006rj,p_002707,s_p_002707_00149,2024-10-12T07:15:55.704Z,coins_small,0.99,1000,200,0
pu_00006rk,p_002707,s_p_002707_00150,2024-10-12T16:23:26.896Z,coins_large,19.99,25000,200,0
pu_00006rl,p_002707,s_p_002707_00150,2024-10-12T16:22:25.205Z,coins_medium,4.99,5500,200,0
pu_00006rm,p_002707,s_p_002707_00152,2024-10-16T19:39:51.343Z,coins_large,19.99,25000,204,0
pu_00006rn,p_002707,s_p_002707_00154,2024-10-17T11:59:27.093Z,coins_small,0.99,1000,205,0
pu_00006ro,p_002707,s_p_002707_00155,2024-10-18T16:15:32.059Z,coins_large,19.99,25000,206,0
pu_00006rp,p_002707,s_p_002707_00160,2024-10-22T16:49:05.824Z,coins_medium,4.99,5500,210,0
pu_00006rq,p_002707,s_p_002707_00162,2024-10-26T08:01:37.471Z,coins_large,19.99,25000,214,0
pu_00006rr,p_002707,s_p_002707_00163,2024-10-26T14:32:05.055Z,coins_large,19.99,25000,214,0
pu_00006rs,p_002707,s_p_002707_00169,2024-11-05T12:57:04.975Z,coins_large,19.99,25000,224,0
pu_00006rt,p_002707,s_p_002707_00169,2024-11-05T12:41:33.809Z,coins_medium,4.99,5500,224,0
pu_00006ru,p_002707,s_p_002707_00171,2024-11-06T18:23:44.584Z,coins_large,19.99,25000,225,0
pu_00006rv,p_002707,s_p_002707_00172,2024-11-07T11:31:37.415Z,coins_large,19.99,25000,226,0
pu_00006rw,p_002707,s_p_002707_00174,2024-11-11T09:49:00.763Z,vip_monthly,9.99,10000,230,0
pu_00006rx,p_002707,s_p_002707_00186,2024-11-24T11:25:15.930Z,coins_large,19.99,25000,243,0
pu_00006ry,p_002707,s_p_002707_00186,2024-11-24T11:19:18.451Z,starter_pack,1.99,2000,243,0
pu_00006rz,p_002707,s_p_002707_00191,2024-11-28T15:45:33.999Z,vip_monthly,9.99,10000,247,0
pu_00006s0,p_002707,s_p_002707_00198,2024-12-20T22:25:17.889Z,coins_small,0.99,1000,269,0
pu_00006s1,p_002736,s_p_002736_00001,2024-03-25T18:29:57.184Z,starter_pack,1.99,2000,4,1
pu_00006s2,p_002736,s_p_002736_00002,2024-03-26T07:58:24.312Z,vip_monthly,9.99,10000,5,0
pu_00006s3,p_002736,s_p_002736_00004,2024-03-26T16:11:36.810Z,vip_monthly,9.99,10000,5,0
pu_00006s4,p_002736,s_p_002736_00004,2024-03-26T16:22:33.646Z,coins_medium,4.99,5500,5,0
pu_00006s5,p_002736,s_p_002736_00004,2024-03-26T16:25:18.303Z,coins_medium,4.99,5500,5,0
pu_00006s6,p_002736,s_p_002736_00006,2024-03-30T14:10:20.327Z,coins_small,0.99,1000,9,0
pu_00006s7,p_002736,s_p_002736_00006,2024-03-30T14:07:18.510Z,coins_small,0.99,1000,9,0
pu_00006s8,p_002736,s_p_002736_00011,2024-04-06T11:17:06.013Z,coins_small,0.99,1000,16,0
pu_00006s9,p_002736,s_p_002736_00017,2024-04-16T14:23:01.042Z,coins_large,19.99,25000,26,0
pu_00006sa,p_002736,s_p_002736_00020,2024-04-27T08:05:22.944Z,coins_medium,4.99,5500,37,0
pu_00006sb,p_002736,s_p_002736_00021,2024-04-28T13:08:30.622Z,vip_monthly,9.99,10000,38,0
pu_00006sc,p_002736,s_p_002736_00026,2024-05-02T23:07:39.905Z,coins_medium,4.99,5500,42,0
pu_00006sd,p_002736,s_p_002736_00031,2024-05-10T14:37:36.751Z,coins_large,19.99,25000,50,0
pu_00006se,p_002736,s_p_002736_00040,2024-05-23T17:39:24.298Z,coins_large,19.99,25000,63,0
pu_00006sf,p_002736,s_p_002736_00044,2024-05-25T23:39:26.444Z,coins_large,19.99,25000,65,0
pu_00006sg,p_002736,s_p_002736_00046,2024-05-28T15:39:18.129Z,coins_medium,4.99,5500,68,0
pu_00006sh,p_002736,s_p_002736_00047,2024-05-28T21:55:19.207Z,coins_medium,4.99,5500,68,0
pu_00006si,p_002736,s_p_002736_00049,2024-05-30T20:38:26.510Z,coins_large,19.99,25000,70,0
pu_00006sj,p_002736,s_p_002736_00051,2024-06-03T16:08:16.454Z,coins_large,19.99,25000,74,0
pu_00006sk,p_002736,s_p_002736_00057,2024-06-11T21:41:02.044Z,coins_medium,4.99,5500,82,0
pu_00006sl,p_002736,s_p_002736_00059,2024-06-13T09:29:23.876Z,coins_small,0.99,1000,84,0
pu_00006sm,p_002736,s_p_002736_00066,2024-06-24T15:40:30.100Z,coins_medium,4.99,5500,95,0
pu_00006sn,p_002736,s_p_002736_00066,2024-06-24T15:32:05.866Z,coins_small,0.99,1000,95,0
pu_00006so,p_002736,s_p_002736_00071,2024-07-05T19:13:49.684Z,coins_small,0.99,1000,106,0
pu_00006sp,p_002736,s_p_002736_00073,2024-07-09T06:20:34.780Z,coins_medium,4.99,5500,110,0
pu_00006sq,p_002736,s_p_002736_00073,2024-07-09T06:25:29.907Z,coins_large,19.99,25000,110,0
pu_00006sr,p_002736,s_p_002736_00100,2024-08-03T11:41:50.680Z,coins_medium,4.99,5500,135,0
pu_00006ss,p_002736,s_p_002736_00102,2024-08-03T16:52:50.324Z,coins_large,19.99,25000,135,0
pu_00006st,p_002736,s_p_002736_00106,2024-08-09T17:16:54.434Z,vip_monthly,9.99,10000,141,0
pu_00006su,p_002736,s_p_002736_00109,2024-08-10T21:13:04.884Z,coins_small,0.99,1000,142,0
pu_00006sv,p_002736,s_p_002736_00112,2024-08-16T13:50:49.156Z,coins_medium,4.99,5500,148,0
pu_00006sw,p_002736,s_p_002736_00112,2024-08-16T13:53:13.027Z,starter_pack,1.99,2000,148,0
pu_00006sx,p_002736,s_p_002736_00118,2024-08-27T12:01:11.245Z,vip_monthly,9.99,10000,159,0
pu_00006sy,p_002736,s_p_002736_00120,2024-08-28T23:05:42.505Z,coins_large,19.99,25000,160,0
pu_00006sz,p_002736,s_p_002736_00123,2024-08-31T22:55:17.888Z,coins_small,0.99,1000,163,0
pu_00006t0,p_002736,s_p_002736_00128,2024-09-14T11:47:20.042Z,coins_small,0.99,1000,177,0
pu_00006t1,p_002736,s_p_002736_00129,2024-09-14T22:28:43.078Z,coins_large,19.99,25000,177,0
pu_00006t2,p_002736,s_p_002736_00133,2024-09-19T14:28:24.966Z,coins_large,19.99,25000,182,0
pu_00006t3,p_002736,s_p_002736_00146,2024-09-30T15:58:40.578Z,coins_large,19.99,25000,193,0
pu_00006t4,p_002736,s_p_002736_00149,2024-10-02T20:34:45.787Z,coins_small,0.99,1000,195,0
pu_00006t5,p_002736,s_p_002736_00152,2024-10-08T16:28:49.389Z,starter_pack,1.99,2000,201,0
pu_00006t6,p_002736,s_p_002736_00165,2024-10-23T09:32:01.972Z,coins_medium,4.99,5500,216,0
pu_00006t7,p_002736,s_p_002736_00172,2024-11-02T21:58:19.642Z,coins_medium,4.99,5500,226,0
pu_00006t8,p_002736,s_p_002736_00187,2024-11-21T13:08:52.837Z,vip_monthly,9.99,10000,245,0
pu_00006t9,p_002736,s_p_002736_00189,2024-11-23T08:23:05.908Z,coins_small,0.99,1000,247,0
pu_00006ta,p_002736,s_p_002736_00190,2024-11-24T16:09:59.031Z,coins_small,0.99,1000,248,0
pu_00006tb,p_002736,s_p_002736_00196,2024-12-07T10:36:10.270Z,coins_medium,4.99,5500,261,0
pu_00006tc,p_002831,s_p_002831_00001,2024-02-25T15:40:37.533Z,starter_pack,1.99,2000,0,1
pu_00006td,p_002831,s_p_002831_00001,2024-02-25T15:56:11.013Z,coins_medium,4.99,5500,0,0
pu_00006te,p_002831,s_p_002831_00001,2024-02-25T15:52:24.805Z,coins_medium,4.99,5500,0,0
pu_00006tf,p_002831,s_p_002831_00002,2024-02-25T19:56:04.232Z,coins_large,19.99,25000,0,0
pu_00006tg,p_002831,s_p_002831_00002,2024-02-25T19:58:28.144Z,vip_monthly,9.99,10000,0,0
pu_00006th,p_002831,s_p_002831_00003,2024-02-25T23:24:47.966Z,coins_large,19.99,25000,0,0
pu_00006ti,p_002831,s_p_002831_00004,2024-02-26T18:58:41.398Z,coins_large,19.99,25000,1,0
pu_00006tj,p_002831,s_p_002831_00004,2024-02-26T18:58:22.625Z,vip_monthly,9.99,10000,1,0
pu_00006tk,p_002831,s_p_002831_00006,2024-03-03T19:48:56.258Z,coins_large,19.99,25000,7,0
pu_00006tl,p_002831,s_p_002831_00015,2024-03-10T18:40:28.364Z,coins_large,19.99,25000,14,0
pu_00006tm,p_002831,s_p_002831_00017,2024-03-11T18:05:36.432Z,vip_monthly,9.99,10000,15,0
pu_00006tn,p_002831,s_p_002831_00020,2024-03-15T14:53:41.668Z,coins_large,19.99,25000,19,0
pu_00006to,p_002831,s_p_002831_00044,2024-04-09T18:08:29.427Z,coins_small,0.99,1000,44,0
pu_00006tp,p_002831,s_p_002831_00054,2024-04-21T17:23:13.898Z,coins_medium,4.99,5500,56,0
pu_00006tq,p_002831,s_p_002831_00064,2024-05-06T07:14:39.866Z,coins_medium,4.99,5500,71,0
pu_00006tr,p_002831,s_p_002831_00075,2024-05-19T06:49:03.768Z,coins_medium,4.99,5500,84,0
pu_00006ts,p_002831,s_p_002831_00079,2024-05-21T22:05:58.834Z,coins_large,19.99,25000,86,0
pu_00006tt,p_002831,s_p_002831_00088,2024-06-03T14:51:21.102Z,vip_monthly,9.99,10000,99,0
pu_00006tu,p_002831,s_p_002831_00093,2024-06-10T13:30:03.879Z,vip_monthly,9.99,10000,106,0
pu_00006tv,p_002831,s_p_002831_00095,2024-06-11T16:20:10.494Z,vip_monthly,9.99,10000,107,0
pu_00006tw,p_002831,s_p_002831_00098,2024-06-14T15:16:21.345Z,vip_monthly,9.99,10000,110,0
pu_00006tx,p_002831,s_p_002831_00102,2024-06-18T14:30:23.015Z,vip_monthly,9.99,10000,114,0
pu_00006ty,p_002831,s_p_002831_00116,2024-07-06T16:28:14.844Z,coins_large,19.99,25000,132,0
pu_00006tz,p_002831,s_p_002831_00125,2024-07-20T22:54:19.181Z,coins_medium,4.99,5500,146,0
pu_00006u0,p_002831,s_p_002831_00132,2024-07-25T07:41:00.007Z,vip_monthly,9.99,10000,151,0
pu_00006u1,p_002831,s_p_002831_00136,2024-07-29T09:59:24.548Z,coins_large,19.99,25000,155,0
pu_00006u2,p_002831,s_p_002831_00137,2024-07-30T09:06:40.559Z,starter_pack,1.99,2000,156,0
pu_00006u3,p_002831,s_p_002831_00141,2024-08-01T12:52:15.293Z,coins_large,19.99,25000,158,0
pu_00006u4,p_002831,s_p_002831_00142,2024-08-05T08:16:00.092Z,vip_monthly,9.99,10000,162,0
pu_00006u5,p_002831,s_p_002831_00160,2024-08-21T20:13:11.269Z,coins_large,19.99,25000,178,0
pu_00006u6,p_002831,s_p_002831_00176,2024-09-13T18:30:48.174Z,coins_large,19.99,25000,201,0
pu_00006u7,p_002831,s_p_002831_00176,2024-09-13T18:36:15.859Z,coins_medium,4.99,5500,201,0
pu_00006u8,p_002831,s_p_002831_00177,2024-09-13T18:58:36.801Z,vip_monthly,9.99,10000,201,0
pu_00006u9,p_002831,s_p_002831_00183,2024-09-24T10:05:11.059Z,coins_small,0.99,1000,212,0
pu_00006ua,p_002831,s_p_002831_00204,2024-10-14T17:08:15.001Z,coins_large,19.99,25000,232,0
pu_00006ub,p_002831,s_p_002831_00232,2024-12-02T07:58:46.852Z,coins_medium,4.99,5500,281,0
pu_00006uc,p_002831,s_p_002831_00233,2024-12-02T17:42:59.749Z,coins_large,19.99,25000,281,0
pu_00006ud,p_002831,s_p_002831_00236,2024-12-13T08:41:31.999Z,coins_medium,4.99,5500,292,0
pu_00006ue,p_002848,s_p_002848_00001,2024-01-07T15:12:07.040Z,starter_pack,1.99,2000,0,1
pu_00006uf,p_002848,s_p_002848_00002,2024-01-07T16:06:23.909Z,coins_large,19.99,25000,0,0
pu_00006ug,p_002848,s_p_002848_00003,2024-01-08T20:21:42.576Z,vip_monthly,9.99,10000,1,0
pu_00006uh,p_002848,s_p_002848_00003,2024-01-08T20:16:27.512Z,coins_medium,4.99,5500,1,0
pu_00006ui,p_002848,s_p_002848_00004,2024-01-08T22:11:36.328Z,coins_large,19.99,25000,1,0
pu_00006uj,p_002848,s_p_002848_00004,2024-01-08T22:34:41.421Z,coins_large,19.99,25000,1,0
pu_00006uk,p_002848,s_p_002848_00004,2024-01-08T22:06:41.975Z,coins_medium,4.99,5500,1,0
pu_00006ul,p_002848,s_p_002848_00004,2024-01-08T22:34:40.324Z,coins_large,19.99,25000,1,0
pu_00006um,p_002848,s_p_002848_00004,2024-01-08T22:16:21.969Z,coins_medium,4.99,5500,1,0
pu_00006un,p_002848,s_p_002848_00005,2024-01-09T10:31:50.858Z,coins_large,19.99,25000,2,0
pu_00006uo,p_002848,s_p_002848_00006,2024-01-09T20:35:04.743Z,vip_monthly,9.99,10000,2,0
pu_00006up,p_002848,s_p_002848_00006,2024-01-09T20:28:18.251Z,coins_small,0.99,1000,2,0
pu_00006uq,p_002848,s_p_002848_00007,2024-01-11T07:38:50.701Z,coins_medium,4.99,5500,4,0
pu_00006ur,p_002848,s_p_002848_00012,2024-01-18T10:50:02.509Z,coins_medium,4.99,5500,11,0
pu_00006us,p_002848,s_p_002848_00013,2024-01-19T12:28:04.855Z,coins_large,19.99,25000,12,0
pu_00006ut,p_002848,s_p_002848_00015,2024-01-20T13:01:31.507Z,vip_monthly,9.99,10000,13,0
pu_00006uu,p_002848,s_p_002848_00016,2024-01-22T16:57:58.204Z,vip_monthly,9.99,10000,15,0
pu_00006uv,p_002848,s_p_002848_00020,2024-01-28T11:52:49.491Z,coins_small,0.99,1000,21,0
pu_00006uw,p_002848,s_p_002848_00020,2024-01-28T11:27:05.925Z,coins_small,0.99,1000,21,0
pu_00006ux,p_002848,s_p_002848_00021,2024-01-29T19:22:00.979Z,vip_monthly,9.99,10000,22,0
pu_00006uy,p_002848,s_p_002848_00022,2024-01-31T12:35:39.031Z,coins_large,19.99,25000,24,0
pu_00006uz,p_002848,s_p_002848_00033,2024-02-13T07:39:38.843Z,starter_pack,1.99,2000,37,0
pu_00006v0,p_002848,s_p_002848_00036,2024-02-16T08:51:12.282Z,coins_large,19.99,25000,40,0
pu_00006v1,p_002848,s_p_002848_00036,2024-02-16T08:42:03.229Z,coins_large,19.99,25000,40,0
pu_00006v2,p_002848,s_p_002848_00047,2024-02-27T12:33:28.514Z,coins_medium,4.99,5500,51,0
pu_00006v3,p_002848,s_p_002848_00049,2024-02-29T10:13:40.300Z,coins_large,19.99,25000,53,0
pu_00006v4,p_002848,s_p_002848_00050,2024-02-29T20:32:44.589Z,coins_medium,4.99,5500,53,0
pu_00006v5,p_002848,s_p_002848_00056,2024-03-07T17:09:52.838Z,vip_monthly,9.99,10000,60,0
pu_00006v6,p_002848,s_p_002848_00056,2024-03-07T17:18:08.555Z,starter_pack,1.99,2000,60,0
pu_00006v7,p_002848,s_p_002848_00062,2024-03-09T17:10:40.339Z,vip_monthly,9.99,10000,62,0
pu_00006v8,p_002848,s_p_002848_00068,2024-03-18T13:40:29.436Z,coins_medium,4.99,5500,71,0
pu_00006v9,p_002848,s_p_002848_00079,2024-03-31T13:09:57.289Z,vip_monthly,9.99,10000,84,0
pu_00006va,p_002848,s_p_002848_00085,2024-04-08T20:54:15.882Z,coins_small,0.99,1000,92,0
pu_00006vb,p_002848,s_p_002848_00086,2024-04-09T11:26:20.438Z,starter_pack,1.99,2000,93,0
pu_00006vc,p_002848,s_p_002848_00090,2024-04-14T23:22:34.795Z,coins_large,19.99,25000,98,0
pu_00006vd,p_002848,s_p_002848_00091,2024-04-16T19:48:45.270Z,coins_small,0.99,1000,100,0
pu_00006ve,p_002848,s_p_002848_00098,2024-05-01T22:32:42.152Z,vip_monthly,9.99,10000,115,0
pu_00006vf,p_002848,s_p_002848_00098,2024-05-01T22:18:11.580Z,coins_large,19.99,25000,115,0
pu_00006vg,p_002848,s_p_002848_00099,2024-05-01T23:15:46.216Z,coins_medium,4.99,5500,115,0
pu_00006vh,p_002848,s_p_002848_00105,2024-05-12T12:54:13.594Z,coins_medium,4.99,5500,126,0
pu_00006vi,p_002848,s_p_002848_00105,2024-05-12T12:49:09.071Z,coins_large,19.99,25000,126,0
pu_00006vj,p_002848,s_p_002848_00111,2024-05-17T21:57:40.722Z,coins_medium,4.99,5500,131,0
pu_00006vk,p_002848,s_p_002848_00112,2024-05-18T15:29:13.215Z,coins_medium,4.99,5500,132,0
pu_00006vl,p_002848,s_p_002848_00117,2024-05-25T09:42:58.747Z,coins_medium,4.99,5500,139,0
pu_00006vm,p_002848,s_p_002848_00120,2024-06-02T17:04:28.381Z,coins_medium,4.99,5500,147,0
pu_00006vn,p_002848,s_p_002848_00123,2024-06-03T21:58:42.524Z,coins_large,19.99,25000,148,0
pu_00006vo,p_002848,s_p_002848_00126,2024-06-11T18:34:06.016Z,coins_medium,4.99,5500,156,0
pu_00006vp,p_002848,s_p_002848_00127,2024-06-11T22:18:14.201Z,coins_large,19.99,25000,156,0
pu_00006vq,p_002848,s_p_002848_00132,2024-06-23T17:59:29.046Z,coins_large,19.99,25000,168,0
pu_00006vr,p_002848,s_p_002848_00134,2024-06-28T13:51:22.935Z,coins_medium,4.99,5500,173,0
pu_00006vs,p_002848,s_p_002848_00139,2024-07-05T06:34:02.566Z,vip_monthly,9.99,10000,180,0
pu_00006vt,p_002848,s_p_002848_00140,2024-07-05T07:07:30.561Z,coins_medium,4.99,5500,180,0
pu_00006vu,p_002848,s_p_002848_00144,2024-07-09T12:24:42.011Z,coins_medium,4.99,5500,184,0
pu_00006vv,p_002848,s_p_002848_00149,2024-07-13T15:24:50.398Z,coins_medium,4.99,5500,188,0
pu_00006vw,p_002848,s_p_002848_00150,2024-07-13T17:39:09.066Z,coins_medium,4.99,5500,188,0
pu_00006vx,p_002848,s_p_002848_00152,2024-07-15T15:34:09.321Z,coins_medium,4.99,5500,190,0
pu_00006vy,p_002848,s_p_002848_00153,2024-07-15T18:04:03.641Z,coins_small,0.99,1000,190,0
pu_00006vz,p_002848,s_p_002848_00154,2024-07-16T11:15:06.176Z,coins_large,19.99,25000,191,0
pu_00006w0,p_002848,s_p_002848_00154,2024-07-16T10:59:00.986Z,coins_medium,4.99,5500,191,0
pu_00006w1,p_002848,s_p_002848_00156,2024-07-24T08:57:36.025Z,coins_medium,4.99,5500,199,0
pu_00006w2,p_002848,s_p_002848_00156,2024-07-24T09:05:44.857Z,coins_large,19.99,25000,199,0
pu_00006w3,p_002848,s_p_002848_00158,2024-07-25T06:26:42.975Z,coins_small,0.99,1000,200,0
pu_00006w4,p_002848,s_p_002848_00165,2024-08-01T08:09:04.310Z,coins_large,19.99,25000,207,0
pu_00006w5,p_002848,s_p_002848_00165,2024-08-01T08:16:18.702Z,coins_medium,4.99,5500,207,0
pu_00006w6,p_002848,s_p_002848_00165,2024-08-01T08:08:40.192Z,coins_small,0.99,1000,207,0
pu_00006w7,p_002848,s_p_002848_00166,2024-08-01T09:32:57.581Z,coins_medium,4.99,5500,207,0
pu_00006w8,p_002848,s_p_002848_00168,2024-08-06T16:13:57.322Z,coins_large,19.99,25000,212,0
pu_00006w9,p_002848,s_p_002848_00168,2024-08-06T16:04:40.935Z,coins_large,19.99,25000,212,0
pu_00006wa,p_002848,s_p_002848_00168,2024-08-06T16:09:42.994Z,coins_large,19.99,25000,212,0
pu_00006wb,p_002848,s_p_002848_00177,2024-08-14T12:35:49.584Z,coins_large,19.99,25000,220,0
pu_00006wc,p_002848,s_p_002848_00187,2024-09-02T11:49:09.535Z,vip_monthly,9.99,10000,239,0
pu_00006wd,p_002848,s_p_002848_00188,2024-09-03T11:03:26.820Z,vip_monthly,9.99,10000,240,0
pu_00006we,p_002848,s_p_002848_00189,2024-09-03T17:06:29.633Z,coins_medium,4.99,5500,240,0
pu_00006wf,p_002848,s_p_002848_00189,2024-09-03T17:16:03.716Z,coins_large,19.99,25000,240,0
pu_00006wg,p_002848,s_p_002848_00193,2024-09-08T08:42:42.640Z,coins_medium,4.99,5500,245,0
pu_00006wh,p_002848,s_p_002848_00193,2024-09-08T09:01:58.437Z,coins_large,19.99,25000,245,0
pu_00006wi,p_002848,s_p_002848_00194,2024-09-09T07:54:24.459Z,coins_medium,4.99,5500,246,0
pu_00006wj,p_002848,s_p_002848_00194,2024-09-09T07:58:33.624Z,coins_medium,4.99,5500,246,0
pu_00006wk,p_002848,s_p_002848_00194,2024-09-09T08:01:20.918Z,coins_medium,4.99,5500,246,0
pu_00006wl,p_002848,s_p_002848_00197,2024-09-18T10:59:37.747Z,coins_large,19.99,25000,255,0
pu_00006wm,p_002848,s_p_002848_00201,2024-09-21T18:48:11.778Z,coins_large,19.99,25000,258,0
pu_00006wn,p_002848,s_p_002848_00203,2024-09-26T21:00:17.026Z,starter_pack,1.99,2000,263,0
pu_00006wo,p_002848,s_p_002848_00205,2024-09-30T20:32:52.758Z,vip_monthly,9.99,10000,267,0
pu_00006wp,p_002848,s_p_002848_00205,2024-09-30T20:20:17.588Z,coins_medium,4.99,5500,267,0
pu_00006wq,p_002799,s_p_002799_00001,2024-01-08T23:28:27.964Z,coins_medium,4.99,5500,1,1
pu_00006wr,p_002799,s_p_002799_00005,2024-01-12T19:40:09.065Z,coins_medium,4.99,5500,5,0
pu_00006ws,p_002799,s_p_002799_00005,2024-01-12T19:56:12.519Z,coins_large,19.99,25000,5,0
pu_00006wt,p_002799,s_p_002799_00006,2024-01-14T12:59:30.905Z,coins_large,19.99,25000,7,0
pu_00006wu,p_002799,s_p_002799_00008,2024-01-15T14:37:56.305Z,coins_medium,4.99,5500,8,0
pu_00006wv,p_002799,s_p_002799_00022,2024-02-01T16:16:06.695Z,coins_large,19.99,25000,25,0
pu_00006ww,p_002799,s_p_002799_00032,2024-02-07T11:07:57.518Z,coins_medium,4.99,5500,31,0
pu_00006wx,p_002799,s_p_002799_00038,2024-02-14T16:25:29.817Z,coins_medium,4.99,5500,38,0
pu_00006wy,p_002799,s_p_002799_00038,2024-02-14T16:40:18.931Z,coins_large,19.99,25000,38,0
pu_00006wz,p_002799,s_p_002799_00038,2024-02-14T16:44:27.670Z,vip_monthly,9.99,10000,38,0
pu_00006x0,p_002799,s_p_002799_00047,2024-02-19T22:34:41.281Z,starter_pack,1.99,2000,43,0
pu_00006x1,p_002799,s_p_002799_00050,2024-02-20T14:29:14.244Z,coins_small,0.99,1000,44,0
pu_00006x2,p_002799,s_p_002799_00053,2024-02-23T22:34:52.209Z,starter_pack,1.99,2000,47,0
pu_00006x3,p_002799,s_p_002799_00063,2024-03-09T18:40:51.649Z,coins_medium,4.99,5500,62,0
pu_00006x4,p_002799,s_p_002799_00067,2024-03-13T21:43:56.629Z,coins_large,19.99,25000,66,0
pu_00006x5,p_002799,s_p_002799_00067,2024-03-13T21:45:13.883Z,coins_large,19.99,25000,66,0
pu_00006x6,p_002799,s_p_002799_00071,2024-03-27T12:21:08.350Z,coins_small,0.99,1000,80,0
pu_00006x7,p_002799,s_p_002799_00071,2024-03-27T12:09:10.382Z,vip_monthly,9.99,10000,80,0
pu_00006x8,p_002799,s_p_002799_00075,2024-04-01T16:25:39.677Z,vip_monthly,9.99,10000,85,0
pu_00006x9,p_002799,s_p_002799_00076,2024-04-05T08:44:53.347Z,coins_medium,4.99,5500,89,0
pu_00006xa,p_002799,s_p_002799_00076,2024-04-05T08:14:07.047Z,coins_large,19.99,25000,89,0
pu_00006xb,p_002799,s_p_002799_00077,2024-04-06T12:36:44.652Z,coins_large,19.99,25000,90,0
pu_00006xc,p_002799,s_p_002799_00078,2024-04-07T15:33:15.765Z,vip_monthly,9.99,10000,91,0
pu_00006xd,p_002799,s_p_002799_00090,2024-04-26T07:53:31.360Z,coins_medium,4.99,5500,110,0
pu_00006xe,p_002799,s_p_002799_00102,2024-05-04T16:56:30.750Z,coins_small,0.99,1000,118,0
pu_00006xf,p_002799,s_p_002799_00103,2024-05-05T06:42:59.182Z,coins_medium,4.99,5500,119,0
pu_00006xg,p_002799,s_p_002799_00107,2024-05-11T19:43:09.010Z,coins_medium,4.99,5500,125,0
pu_00006xh,p_002799,s_p_002799_00111,2024-05-17T11:27:31.236Z,coins_small,0.99,1000,131,0
pu_00006xi,p_002799,s_p_002799_00111,2024-05-17T11:22:34.921Z,vip_monthly,9.99,10000,131,0
pu_00006xj,p_002799,s_p_002799_00111,2024-05-17T11:44:51.943Z,coins_medium,4.99,5500,131,0
pu_00006xk,p_002799,s_p_002799_00114,2024-05-21T11:05:27.245Z,coins_large,19.99,25000,135,0
pu_00006xl,p_002799,s_p_002799_00114,2024-05-21T11:04:58.577Z,starter_pack,1.99,2000,135,0
pu_00006xm,p_002799,s_p_002799_00115,2024-05-23T10:54:45.212Z,coins_small,0.99,1000,137,0
pu_00006xn,p_002799,s_p_002799_00116,2024-05-23T22:32:43.179Z,coins_medium,4.99,5500,137,0
pu_00006xo,p_002799,s_p_002799_00118,2024-05-24T20:29:56.509Z,coins_medium,4.99,5500,138,0
pu_00006xp,p_002799,s_p_002799_00118,2024-05-24T20:05:34.886Z,coins_medium,4.99,5500,138,0
pu_00006xq,p_002799,s_p_002799_00128,2024-06-09T06:40:29.688Z,coins_medium,4.99,5500,154,0
pu_00006xr,p_002799,s_p_002799_00143,2024-06-26T16:20:42.433Z,coins_medium,4.99,5500,171,0
pu_00006xs,p_002799,s_p_002799_00152,2024-07-02T07:13:29.393Z,coins_small,0.99,1000,177,0
pu_00006xt,p_002799,s_p_002799_00152,2024-07-02T07:15:49.231Z,coins_small,0.99,1000,177,0
pu_00006xu,p_002799,s_p_002799_00161,2024-07-15T10:31:16.665Z,coins_medium,4.99,5500,190,0
pu_00006xv,p_002799,s_p_002799_00162,2024-07-15T15:32:16.838Z,coins_medium,4.99,5500,190,0
pu_00006xw,p_002799,s_p_002799_00163,2024-07-16T18:35:44.379Z,coins_small,0.99,1000,191,0
pu_00006xx,p_002799,s_p_002799_00168,2024-07-27T08:29:03.062Z,coins_large,19.99,25000,202,0
pu_00006xy,p_002799,s_p_002799_00169,2024-07-27T11:16:13.476Z,coins_large,19.99,25000,202,0
pu_00006xz,p_002720,s_p_002720_00001,2024-01-28T17:34:53.145Z,coins_medium,4.99,5500,0,1
pu_00006y0,p_002720,s_p_002720_00001,2024-01-28T17:37:22.730Z,coins_large,19.99,25000,0,0
pu_00006y1,p_002720,s_p_002720_00002,2024-01-29T18:00:31.836Z,vip_monthly,9.99,10000,1,0
pu_00006y2,p_002720,s_p_002720_00003,2024-02-01T16:14:57.461Z,vip_monthly,9.99,10000,4,0
pu_00006y3,p_002720,s_p_002720_00003,2024-02-01T15:55:58.884Z,vip_monthly,9.99,10000,4,0
pu_00006y4,p_002720,s_p_002720_00003,2024-02-01T16:11:04.013Z,vip_monthly,9.99,10000,4,0
pu_00006y5,p_002720,s_p_002720_00004,2024-02-02T18:35:18.296Z,coins_medium,4.99,5500,5,0
pu_00006y6,p_002720,s_p_002720_00004,2024-02-02T18:24:46.693Z,coins_large,19.99,25000,5,0
pu_00006y7,p_002720,s_p_002720_00004,2024-02-02T18:38:58.777Z,coins_small,0.99,1000,5,0
pu_00006y8,p_002720,s_p_002720_00004,2024-02-02T18:34:37.126Z,coins_medium,4.99,5500,5,0
pu_00006y9,p_002720,s_p_002720_00004,2024-02-02T18:40:03.226Z,coins_small,0.99,1000,5,0
pu_00006ya,p_002720,s_p_002720_00004,2024-02-02T18:24:13.594Z,coins_medium,4.99,5500,5,0
pu_00006yb,p_002720,s_p_002720_00005,2024-02-02T21:45:56.137Z,vip_monthly,9.99,10000,5,0
pu_00006yc,p_002720,s_p_002720_00005,2024-02-02T21:44:26.724Z,starter_pack,1.99,2000,5,0
pu_00006yd,p_002720,s_p_002720_00005,2024-02-02T21:54:03.282Z,coins_large,19.99,25000,5,0
pu_00006ye,p_002720,s_p_002720_00006,2024-02-03T08:16:03.602Z,coins_small,0.99,1000,6,0
pu_00006yf,p_002720,s_p_002720_00008,2024-02-05T10:14:26.174Z,coins_large,19.99,25000,8,0
pu_00006yg,p_002720,s_p_002720_00012,2024-02-08T10:43:10.051Z,coins_small,0.99,1000,11,0
pu_00006yh,p_002720,s_p_002720_00015,2024-02-16T11:40:29.580Z,coins_small,0.99,1000,19,0
pu_00006yi,p_002720,s_p_002720_00016,2024-02-16T20:19:58.270Z,vip_monthly,9.99,10000,19,0
pu_00006yj,p_002720,s_p_002720_00020,2024-02-20T14:14:14.418Z,coins_medium,4.99,5500,23,0
pu_00006yk,p_002720,s_p_002720_00022,2024-02-22T13:09:31.786Z,coins_large,19.99,25000,25,0
pu_00006yl,p_002720,s_p_002720_00031,2024-03-01T09:08:23.772Z,coins_medium,4.99,5500,33,0
pu_00006ym,p_002720,s_p_002720_00033,2024-03-01T23:02:51.762Z,coins_medium,4.99,5500,33,0
pu_00006yn,p_002720,s_p_002720_00036,2024-03-04T17:48:48.759Z,vip_monthly,9.99,10000,36,0
pu_00006yo,p_002720,s_p_002720_00039,2024-03-09T16:42:11.688Z,coins_medium,4.99,5500,41,0
pu_00006yp,p_002720,s_p_002720_00040,2024-03-09T19:25:02.218Z,coins_large,19.99,25000,41,0
pu_00006yq,p_002720,s_p_002720_00046,2024-03-16T20:39:14.944Z,vip_monthly,9.99,10000,48,0
pu_00006yr,p_002720,s_p_002720_00047,2024-03-19T06:20:09.376Z,coins_large,19.99,25000,51,0
pu_00006ys,p_002720,s_p_002720_00049,2024-03-19T08:48:56.162Z,coins_medium,4.99,5500,51,0
pu_00006yt,p_002720,s_p_002720_00050,2024-03-21T08:52:40.808Z,coins_large,19.99,25000,53,0
pu_00006yu,p_002720,s_p_002720_00051,2024-03-22T22:33:21.191Z,coins_medium,4.99,5500,54,0
pu_00006yv,p_002720,s_p_002720_00051,2024-03-22T22:26:53.842Z,coins_medium,4.99,5500,54,0
pu_00006yw,p_002720,s_p_002720_00055,2024-03-31T09:17:53.399Z,coins_large,19.99,25000,63,0
pu_00006yx,p_002720,s_p_002720_00056,2024-03-31T10:44:58.306Z,coins_large,19.99,25000,63,0
pu_00006yy,p_002720,s_p_002720_00058,2024-04-01T08:40:18.365Z,vip_monthly,9.99,10000,64,0
pu_00006yz,p_002720,s_p_002720_00058,2024-04-01T08:44:40.192Z,coins_medium,4.99,5500,64,0
pu_00006z0,p_002720,s_p_002720_00059,2024-04-01T11:28:28.377Z,coins_medium,4.99,5500,64,0
pu_00006z1,p_002720,s_p_002720_00063,2024-04-06T17:19:01.996Z,coins_medium,4.99,5500,69,0
pu_00006z2,p_002720,s_p_002720_00063,2024-04-06T17:28:34.098Z,coins_large,19.99,25000,69,0
pu_00006z3,p_002720,s_p_002720_00067,2024-04-09T08:15:34.801Z,coins_large,19.99,25000,72,0
pu_00006z4,p_002720,s_p_002720_00069,2024-04-15T15:45:49.721Z,vip_monthly,9.99,10000,78,0
pu_00006z5,p_002720,s_p_002720_00072,2024-04-21T11:06:59.177Z,coins_large,19.99,25000,84,0
pu_00006z6,p_002720,s_p_002720_00073,2024-04-22T19:20:06.416Z,coins_medium,4.99,5500,85,0
pu_00006z7,p_002720,s_p_002720_00077,2024-04-27T15:16:12.624Z,vip_monthly,9.99,10000,90,0
pu_00006z8,p_002720,s_p_002720_00078,2024-04-27T22:35:06.410Z,coins_large,19.99,25000,90,0
pu_00006z9,p_002720,s_p_002720_00078,2024-04-27T22:34:20.676Z,coins_large,19.99,25000,90,0
pu_00006za,p_002720,s_p_002720_00079,2024-04-29T16:09:13.618Z,coins_large,19.99,25000,92,0
pu_00006zb,p_002720,s_p_002720_00083,2024-05-09T16:25:32.682Z,coins_large,19.99,25000,102,0
pu_00006zc,p_002720,s_p_002720_00087,2024-05-13T13:34:09.666Z,coins_medium,4.99,5500,106,0
pu_00006zd,p_002720,s_p_002720_00087,2024-05-13T13:59:25.287Z,starter_pack,1.99,2000,106,0
pu_00006ze,p_002720,s_p_002720_00088,2024-05-13T14:01:15.068Z,coins_large,19.99,25000,106,0
pu_00006zf,p_002720,s_p_002720_00090,2024-05-15T10:25:33.480Z,coins_large,19.99,25000,108,0
pu_00006zg,p_002720,s_p_002720_00091,2024-05-16T18:18:22.075Z,coins_large,19.99,25000,109,0
pu_00006zh,p_002720,s_p_002720_00106,2024-06-12T20:54:34.086Z,coins_large,19.99,25000,136,0
pu_00006zi,p_002720,s_p_002720_00106,2024-06-12T20:48:21.624Z,coins_medium,4.99,5500,136,0
pu_00006zj,p_002720,s_p_002720_00107,2024-06-12T23:48:35.399Z,coins_large,19.99,25000,136,0
pu_00006zk,p_002720,s_p_002720_00112,2024-06-15T22:01:22.334Z,vip_monthly,9.99,10000,139,0
pu_00006zl,p_002720,s_p_002720_00113,2024-06-16T11:11:28.925Z,coins_small,0.99,1000,140,0
pu_00006zm,p_002720,s_p_002720_00113,2024-06-16T11:07:12.814Z,vip_monthly,9.99,10000,140,0
pu_00006zn,p_002720,s_p_002720_00121,2024-06-22T08:53:47.695Z,coins_large,19.99,25000,146,0
pu_00006zo,p_002720,s_p_002720_00122,2024-06-22T22:33:33.690Z,vip_monthly,9.99,10000,146,0
pu_00006zp,p_002720,s_p_002720_00124,2024-06-25T22:23:52.456Z,vip_monthly,9.99,10000,149,0
pu_00006zq,p_002720,s_p_002720_00136,2024-07-05T13:10:04.612Z,coins_small,0.99,1000,159,0
pu_00006zr,p_002720,s_p_002720_00151,2024-07-24T12:28:03.348Z,coins_large,19.99,25000,178,0
pu_00006zs,p_002720,s_p_002720_00152,2024-07-25T18:18:17.800Z,coins_medium,4.99,5500,179,0
pu_00006zt,p_002720,s_p_002720_00155,2024-08-02T12:35:05.070Z,coins_small,0.99,1000,187,0
pu_00006zu,p_002720,s_p_002720_00170,2024-08-24T10:11:51.779Z,coins_large,19.99,25000,209,0
pu_00006zv,p_002720,s_p_002720_00173,2024-08-28T18:42:37.488Z,coins_medium,4.99,5500,213,0
pu_00006zw,p_002720,s_p_002720_00174,2024-08-30T09:53:57.462Z,coins_large,19.99,25000,215,0
pu_00006zx,p_002720,s_p_002720_00181,2024-09-08T14:17:36.677Z,vip_monthly,9.99,10000,224,0
pu_00006zy,p_002720,s_p_002720_00187,2024-09-14T11:02:23.214Z,coins_medium,4.99,5500,230,0
pu_00006zz,p_002720,s_p_002720_00188,2024-09-14T12:55:13.132Z,coins_large,19.99,25000,230,0
pu_0000700,p_002720,s_p_002720_00188,2024-09-14T12:49:56.733Z,coins_small,0.99,1000,230,0
pu_0000701,p_002720,s_p_002720_00189,2024-09-15T12:26:36.967Z,coins_medium,4.99,5500,231,0
pu_0000702,p_002720,s_p_002720_00195,2024-09-25T06:49:09.940Z,coins_small,0.99,1000,241,0
pu_0000703,p_002720,s_p_002720_00202,2024-10-05T06:48:56.876Z,coins_large,19.99,25000,251,0
pu_0000704,p_002720,s_p_002720_00203,2024-10-05T12:42:16.389Z,coins_large,19.99,25000,251,0
pu_0000705,p_002720,s_p_002720_00203,2024-10-05T12:49:46.958Z,coins_large,19.99,25000,251,0
pu_0000706,p_002720,s_p_002720_00213,2024-10-24T13:54:18.402Z,coins_large,19.99,25000,270,0
pu_0000707,p_002720,s_p_002720_00216,2024-11-01T08:52:56.135Z,vip_monthly,9.99,10000,278,0
pu_0000708,p_002720,s_p_002720_00220,2024-11-17T07:13:02.156Z,vip_monthly,9.99,10000,294,0
pu_0000709,p_002879,s_p_002879_00004,2024-08-09T14:01:49.104Z,coins_medium,4.99,5500,17,1
pu_000070a,p_002879,s_p_002879_00005,2024-08-10T15:44:22.814Z,starter_pack,1.99,2000,18,0
pu_000070b,p_002879,s_p_002879_00005,2024-08-10T15:42:19.245Z,coins_medium,4.99,5500,18,0
pu_000070c,p_002879,s_p_002879_00006,2024-08-13T06:02:28.763Z,coins_medium,4.99,5500,21,0
pu_000070d,p_002879,s_p_002879_00012,2024-10-01T07:45:42.943Z,vip_monthly,9.99,10000,70,0
pu_000070e,p_002741,s_p_002741_00001,2024-02-01T18:59:57.069Z,starter_pack,1.99,2000,0,1
pu_000070f,p_002741,s_p_002741_00001,2024-02-01T18:57:06.627Z,coins_medium,4.99,5500,0,0
pu_000070g,p_002741,s_p_002741_00001,2024-02-01T18:56:03.133Z,coins_large,19.99,25000,0,0
pu_000070h,p_002741,s_p_002741_00002,2024-02-04T08:08:04.856Z,coins_medium,4.99,5500,3,0
pu_000070i,p_002741,s_p_002741_00002,2024-02-04T07:57:49.964Z,coins_medium,4.99,5500,3,0
pu_000070j,p_002741,s_p_002741_00002,2024-02-04T07:58:42.168Z,coins_large,19.99,25000,3,0
pu_000070k,p_002741,s_p_002741_00003,2024-02-04T13:08:57.992Z,coins_small,0.99,1000,3,0
pu_000070l,p_002741,s_p_002741_00003,2024-02-04T13:12:35.073Z,coins_large,19.99,25000,3,0
pu_000070m,p_002741,s_p_002741_00003,2024-02-04T13:21:23.837Z,coins_large,19.99,25000,3,0
pu_000070n,p_002741,s_p_002741_00004,2024-02-06T22:23:13.091Z,coins_medium,4.99,5500,5,0
pu_000070o,p_002741,s_p_002741_00004,2024-02-06T22:29:00.104Z,vip_monthly,9.99,10000,5,0
pu_000070p,p_002741,s_p_002741_00005,2024-02-09T12:54:24.663Z,coins_small,0.99,1000,8,0
pu_000070q,p_002741,s_p_002741_00005,2024-02-09T12:44:05.565Z,vip_monthly,9.99,10000,8,0
pu_000070r,p_002741,s_p_002741_00005,2024-02-09T13:06:07.235Z,vip_monthly,9.99,10000,8,0
pu_000070s,p_002741,s_p_002741_00006,2024-02-11T08:00:43.019Z,vip_monthly,9.99,10000,10,0
pu_000070t,p_002741,s_p_002741_00009,2024-02-13T23:33:36.169Z,coins_small,0.99,1000,12,0
pu_000070u,p_002741,s_p_002741_00011,2024-02-15T20:43:08.700Z,vip_monthly,9.99,10000,14,0
pu_000070v,p_002741,s_p_002741_00014,2024-02-17T11:52:35.866Z,coins_large,19.99,25000,16,0
pu_000070w,p_002741,s_p_002741_00017,2024-02-23T16:15:57.097Z,coins_medium,4.99,5500,22,0
pu_000070x,p_002741,s_p_002741_00022,2024-02-28T11:05:43.738Z,coins_small,0.99,1000,27,0
pu_000070y,p_002741,s_p_002741_00027,2024-03-06T23:21:14.772Z,coins_large,19.99,25000,34,0
pu_000070z,p_002741,s_p_002741_00031,2024-03-09T08:21:51.240Z,coins_large,19.99,25000,37,0
pu_0000710,p_002741,s_p_002741_00035,2024-03-17T22:19:47.149Z,coins_small,0.99,1000,45,0
pu_0000711,p_002741,s_p_002741_00054,2024-04-10T07:57:14.023Z,coins_large,19.99,25000,69,0
pu_0000712,p_002741,s_p_002741_00055,2024-04-12T08:15:11.339Z,coins_large,19.99,25000,71,0
pu_0000713,p_002741,s_p_002741_00058,2024-04-15T18:37:51.038Z,coins_small,0.99,1000,74,0
pu_0000714,p_002741,s_p_002741_00061,2024-04-19T14:19:10.699Z,coins_large,19.99,25000,78,0
pu_0000715,p_002741,s_p_002741_00065,2024-04-27T08:34:44.132Z,coins_medium,4.99,5500,86,0
pu_0000716,p_002741,s_p_002741_00065,2024-04-27T08:35:23.253Z,coins_medium,4.99,5500,86,0
pu_0000717,p_002741,s_p_002741_00067,2024-04-29T13:17:08.437Z,coins_large,19.99,25000,88,0
pu_0000718,p_002741,s_p_002741_00068,2024-05-04T22:48:27.374Z,coins_medium,4.99,5500,93,0
pu_0000719,p_002741,s_p_002741_00068,2024-05-04T23:05:55.759Z,coins_large,19.99,25000,93,0
pu_000071a,p_002741,s_p_002741_00075,2024-05-11T12:59:27.173Z,coins_large,19.99,25000,100,0
pu_000071b,p_002741,s_p_002741_00086,2024-05-24T07:44:05.231Z,coins_small,0.99,1000,113,0
pu_000071c,p_002741,s_p_002741_00087,2024-05-24T13:09:12.708Z,vip_monthly,9.99,10000,113,0
pu_000071d,p_002741,s_p_002741_00095,2024-06-01T20:59:43.448Z,coins_medium,4.99,5500,121,0
pu_000071e,p_002741,s_p_002741_00099,2024-06-06T09:49:20.087Z,coins_medium,4.99,5500,126,0
pu_000071f,p_002741,s_p_002741_00103,2024-06-10T09:09:40.723Z,coins_medium,4.99,5500,130,0
pu_000071g,p_002741,s_p_002741_00104,2024-06-12T18:28:07.576Z,coins_large,19.99,25000,132,0
pu_000071h,p_002741,s_p_002741_00108,2024-06-15T19:53:12.214Z,coins_large,19.99,25000,135,0
pu_000071i,p_002741,s_p_002741_00110,2024-06-16T23:36:57.258Z,coins_large,19.99,25000,136,0
pu_000071j,p_002741,s_p_002741_00113,2024-06-20T23:00:23.823Z,coins_large,19.99,25000,140,0
pu_000071k,p_002741,s_p_002741_00115,2024-06-24T11:56:42.764Z,vip_monthly,9.99,10000,144,0
pu_000071l,p_002741,s_p_002741_00123,2024-06-28T11:20:17.639Z,vip_monthly,9.99,10000,148,0
pu_000071m,p_002741,s_p_002741_00139,2024-07-12T20:00:20.706Z,coins_medium,4.99,5500,162,0
pu_000071n,p_002741,s_p_002741_00142,2024-07-16T08:10:17.080Z,coins_medium,4.99,5500,166,0
pu_000071o,p_002741,s_p_002741_00142,2024-07-16T08:03:52.179Z,coins_large,19.99,25000,166,0
pu_000071p,p_002741,s_p_002741_00145,2024-07-17T07:14:55.859Z,coins_small,0.99,1000,167,0
pu_000071q,p_002741,s_p_002741_00148,2024-07-31T12:05:06.598Z,coins_medium,4.99,5500,181,0
pu_000071r,p_002741,s_p_002741_00152,2024-08-02T09:37:23.537Z,vip_monthly,9.99,10000,183,0
pu_000071s,p_002741,s_p_002741_00155,2024-08-04T07:26:18.706Z,coins_medium,4.99,5500,185,0
pu_000071t,p_002741,s_p_002741_00159,2024-08-11T11:14:23.692Z,coins_large,19.99,25000,192,0
pu_000071u,p_002741,s_p_002741_00171,2024-08-27T09:46:18.425Z,coins_small,0.99,1000,208,0
pu_000071v,p_002741,s_p_002741_00174,2024-08-30T10:09:49.155Z,coins_large,19.99,25000,211,0
pu_000071w,p_002741,s_p_002741_00176,2024-09-03T10:56:48.777Z,coins_small,0.99,1000,215,0
pu_000071x,p_002741,s_p_002741_00183,2024-09-18T14:59:16.293Z,coins_large,19.99,25000,230,0
pu_000071y,p_002741,s_p_002741_00183,2024-09-18T15:14:48.599Z,coins_large,19.99,25000,230,0
pu_000071z,p_002741,s_p_002741_00184,2024-09-22T09:28:34.686Z,coins_medium,4.99,5500,234,0
pu_0000720,p_002741,s_p_002741_00185,2024-09-22T21:12:02.750Z,coins_large,19.99,25000,234,0
pu_0000721,p_002741,s_p_002741_00194,2024-10-02T15:35:32.986Z,coins_medium,4.99,5500,244,0
pu_0000722,p_002741,s_p_002741_00200,2024-10-27T17:49:08.976Z,coins_large,19.99,25000,269,0
pu_0000723,p_002865,s_p_002865_00003,2024-07-28T08:06:43.358Z,coins_small,0.99,1000,3,1
pu_0000724,p_002865,s_p_002865_00004,2024-08-02T06:27:20.576Z,coins_medium,4.99,5500,8,0
pu_0000725,p_002865,s_p_002865_00006,2024-08-11T19:03:17.202Z,starter_pack,1.99,2000,17,0
pu_0000726,p_002865,s_p_002865_00007,2024-08-15T10:36:10.499Z,starter_pack,1.99,2000,21,0
pu_0000727,p_002865,s_p_002865_00008,2024-08-17T15:47:03.607Z,coins_small,0.99,1000,23,0
pu_0000728,p_002865,s_p_002865_00009,2024-08-20T09:35:27.224Z,coins_small,0.99,1000,26,0
pu_0000729,p_002865,s_p_002865_00011,2024-08-23T23:12:19.513Z,coins_small,0.99,1000,29,0
pu_000072a,p_002865,s_p_002865_00012,2024-08-24T13:40:08.333Z,coins_small,0.99,1000,30,0
pu_000072b,p_002865,s_p_002865_00016,2024-09-22T21:28:07.824Z,coins_small,0.99,1000,59,0
pu_000072c,p_002865,s_p_002865_00016,2024-09-22T21:32:21.494Z,coins_small,0.99,1000,59,0
pu_000072d,p_002865,s_p_002865_00019,2024-10-05T11:05:08.649Z,coins_medium,4.99,5500,72,0
pu_000072e,p_002865,s_p_002865_00021,2024-10-09T21:09:24.836Z,coins_small,0.99,1000,76,0
pu_000072f,p_002837,s_p_002837_00001,2024-02-08T19:54:26.640Z,starter_pack,1.99,2000,0,1
pu_000072g,p_002837,s_p_002837_00001,2024-02-08T19:41:21.300Z,coins_small,0.99,1000,0,0
pu_000072h,p_002837,s_p_002837_00002,2024-02-11T06:58:41.421Z,coins_large,19.99,25000,3,0
pu_000072i,p_002837,s_p_002837_00002,2024-02-11T06:59:39.798Z,coins_large,19.99,25000,3,0
pu_000072j,p_002837,s_p_002837_00004,2024-02-15T16:11:29.484Z,coins_large,19.99,25000,7,0
pu_000072k,p_002837,s_p_002837_00004,2024-02-15T16:25:19.717Z,coins_large,19.99,25000,7,0
pu_000072l,p_002837,s_p_002837_00005,2024-02-19T12:43:31.097Z,coins_medium,4.99,5500,11,0
pu_000072m,p_002837,s_p_002837_00007,2024-02-23T23:21:34.334Z,coins_small,0.99,1000,15,0
pu_000072n,p_002837,s_p_002837_00009,2024-02-25T11:18:18.084Z,coins_large,19.99,25000,17,0
pu_000072o,p_002837,s_p_002837_00009,2024-02-25T11:38:01.003Z,coins_large,19.99,25000,17,0
pu_000072p,p_002837,s_p_002837_00009,2024-02-25T11:05:17.198Z,starter_pack,1.99,2000,17,0
pu_000072q,p_002837,s_p_002837_00015,2024-03-02T11:19:46.090Z,coins_medium,4.99,5500,23,0
pu_000072r,p_002837,s_p_002837_00015,2024-03-02T11:14:33.831Z,coins_large,19.99,25000,23,0
pu_000072s,p_002837,s_p_002837_00023,2024-03-07T12:34:31.442Z,coins_large,19.99,25000,28,0
pu_000072t,p_002837,s_p_002837_00023,2024-03-07T12:27:54.652Z,coins_medium,4.99,5500,28,0
pu_000072u,p_002837,s_p_002837_00025,2024-03-12T07:25:31.458Z,coins_medium,4.99,5500,33,0
pu_000072v,p_002837,s_p_002837_00026,2024-03-13T22:22:57.928Z,starter_pack,1.99,2000,34,0
pu_000072w,p_002837,s_p_002837_00029,2024-03-18T18:46:44.432Z,coins_medium,4.99,5500,39,0
pu_000072x,p_002837,s_p_002837_00031,2024-03-19T11:49:33.567Z,coins_large,19.99,25000,40,0
pu_000072y,p_002837,s_p_002837_00036,2024-03-26T12:52:10.796Z,coins_medium,4.99,5500,47,0
pu_000072z,p_002837,s_p_002837_00043,2024-04-04T10:35:45.360Z,coins_medium,4.99,5500,56,0
pu_0000730,p_002837,s_p_002837_00050,2024-04-16T11:34:40.683Z,coins_medium,4.99,5500,68,0
pu_0000731,p_002837,s_p_002837_00058,2024-04-25T17:59:36.866Z,coins_large,19.99,25000,77,0
pu_0000732,p_002837,s_p_002837_00059,2024-04-26T14:43:01.633Z,coins_small,0.99,1000,78,0
pu_0000733,p_002837,s_p_002837_00066,2024-05-06T13:12:42.322Z,coins_medium,4.99,5500,88,0
pu_0000734,p_002837,s_p_002837_00069,2024-05-12T19:43:32.164Z,coins_large,19.99,25000,94,0
pu_0000735,p_002837,s_p_002837_00070,2024-05-13T13:37:53.963Z,starter_pack,1.99,2000,95,0
pu_0000736,p_002837,s_p_002837_00072,2024-05-14T11:31:24.329Z,coins_large,19.99,25000,96,0
pu_0000737,p_002837,s_p_002837_00073,2024-05-19T17:11:30.945Z,starter_pack,1.99,2000,101,0
pu_0000738,p_002837,s_p_002837_00076,2024-05-23T12:03:40.998Z,vip_monthly,9.99,10000,105,0
pu_0000739,p_002837,s_p_002837_00078,2024-05-24T19:52:55.255Z,vip_monthly,9.99,10000,106,0
pu_000073a,p_002837,s_p_002837_00082,2024-05-31T17:02:13.118Z,coins_medium,4.99,5500,113,0
pu_000073b,p_002837,s_p_002837_00091,2024-06-16T19:51:58.060Z,coins_large,19.99,25000,129,0
pu_000073c,p_002837,s_p_002837_00092,2024-06-17T19:05:10.531Z,coins_large,19.99,25000,130,0
pu_000073d,p_002837,s_p_002837_00095,2024-06-22T07:49:09.947Z,coins_medium,4.99,5500,135,0
pu_000073e,p_002837,s_p_002837_00097,2024-06-23T21:10:06.871Z,vip_monthly,9.99,10000,136,0
pu_000073f,p_002837,s_p_002837_00111,2024-07-08T11:55:44.951Z,coins_small,0.99,1000,151,0
pu_000073g,p_002837,s_p_002837_00115,2024-07-11T11:20:15.400Z,coins_large,19.99,25000,154,0
pu_000073h,p_002837,s_p_002837_00117,2024-07-12T12:05:09.391Z,coins_large,19.99,25000,155,0
pu_000073i,p_002837,s_p_002837_00120,2024-07-15T18:22:48.313Z,coins_medium,4.99,5500,158,0
pu_000073j,p_002837,s_p_002837_00123,2024-07-18T06:15:10.743Z,coins_medium,4.99,5500,161,0
pu_000073k,p_002837,s_p_002837_00125,2024-07-19T18:21:10.051Z,starter_pack,1.99,2000,162,0
pu_000073l,p_002837,s_p_002837_00126,2024-07-20T19:38:49.247Z,coins_medium,4.99,5500,163,0
pu_000073m,p_002837,s_p_002837_00130,2024-07-26T19:01:35.608Z,vip_monthly,9.99,10000,169,0
pu_000073n,p_002837,s_p_002837_00131,2024-07-28T11:11:16.035Z,coins_small,0.99,1000,171,0
pu_000073o,p_002837,s_p_002837_00133,2024-07-31T12:19:19.644Z,coins_large,19.99,25000,174,0
pu_000073p,p_002837,s_p_002837_00144,2024-08-14T20:09:01.612Z,coins_large,19.99,25000,188,0
pu_000073q,p_002837,s_p_002837_00148,2024-08-19T21:15:29.270Z,coins_large,19.99,25000,193,0
pu_000073r,p_002837,s_p_002837_00149,2024-08-20T09:58:42.798Z,coins_medium,4.99,5500,194,0
pu_000073s,p_002837,s_p_002837_00151,2024-08-24T16:13:34.617Z,coins_large,19.99,25000,198,0
pu_000073t,p_002837,s_p_002837_00153,2024-08-25T10:44:34.893Z,coins_medium,4.99,5500,199,0
pu_000073u,p_002837,s_p_002837_00154,2024-08-25T12:54:05.419Z,coins_large,19.99,25000,199,0
pu_000073v,p_002837,s_p_002837_00159,2024-09-04T20:27:40.425Z,vip_monthly,9.99,10000,209,0
pu_000073w,p_002837,s_p_002837_00165,2024-09-13T18:43:50.183Z,coins_small,0.99,1000,218,0
pu_000073x,p_002837,s_p_002837_00168,2024-09-16T19:57:17.078Z,coins_medium,4.99,5500,221,0
pu_000073y,p_002837,s_p_002837_00172,2024-09-20T08:28:17.412Z,coins_medium,4.99,5500,225,0
pu_000073z,p_002837,s_p_002837_00178,2024-09-27T18:34:59.359Z,coins_small,0.99,1000,232,0
pu_0000740,p_002837,s_p_002837_00181,2024-09-29T19:40:59.990Z,coins_large,19.99,25000,234,0
pu_0000741,p_002837,s_p_002837_00182,2024-09-30T06:24:34.732Z,coins_small,0.99,1000,235,0
pu_0000742,p_002837,s_p_002837_00185,2024-10-04T07:35:37.436Z,coins_large,19.99,25000,239,0
pu_0000743,p_002837,s_p_002837_00186,2024-10-04T20:23:34.517Z,coins_medium,4.99,5500,239,0
pu_0000744,p_002837,s_p_002837_00192,2024-11-06T19:37:10.309Z,coins_medium,4.99,5500,272,0
pu_0000745,p_002910,s_p_002910_00001,2024-08-03T20:33:42.090Z,coins_small,0.99,1000,1,1
pu_0000746,p_002910,s_p_002910_00001,2024-08-03T20:36:01.846Z,coins_small,0.99,1000,1,0
pu_0000747,p_002910,s_p_002910_00002,2024-08-05T17:27:28.688Z,coins_small,0.99,1000,3,0
pu_0000748,p_002910,s_p_002910_00003,2024-08-20T23:14:01.663Z,coins_small,0.99,1000,18,0
pu_0000749,p_002910,s_p_002910_00005,2024-09-01T20:52:28.850Z,coins_small,0.99,1000,30,0
pu_000074a,p_002910,s_p_002910_00005,2024-09-01T20:53:08.376Z,coins_small,0.99,1000,30,0
pu_000074b,p_002910,s_p_002910_00005,2024-09-01T20:51:18.332Z,starter_pack,1.99,2000,30,0
pu_000074c,p_002910,s_p_002910_00007,2024-09-05T06:44:48.358Z,coins_large,19.99,25000,34,0
pu_000074d,p_002910,s_p_002910_00011,2024-10-04T17:50:03.479Z,coins_small,0.99,1000,63,0
pu_000074e,p_002910,s_p_002910_00013,2024-10-11T21:09:20.181Z,starter_pack,1.99,2000,70,0
pu_000074f,p_002910,s_p_002910_00014,2024-10-26T06:45:37.243Z,starter_pack,1.99,2000,85,0
pu_000074g,p_002910,s_p_002910_00017,2024-11-19T11:07:47.945Z,vip_monthly,9.99,10000,109,0
pu_000074h,p_002910,s_p_002910_00017,2024-11-19T11:06:22.115Z,coins_medium,4.99,5500,109,0
pu_000074i,p_002970,s_p_002970_00001,2024-03-05T16:13:54.786Z,coins_small,0.99,1000,8,1
pu_000074j,p_002970,s_p_002970_00004,2024-03-13T11:06:32.828Z,coins_small,0.99,1000,16,0
pu_000074k,p_002970,s_p_002970_00005,2024-03-14T12:02:11.944Z,coins_small,0.99,1000,17,0
pu_000074l,p_002970,s_p_002970_00005,2024-03-14T12:05:59.296Z,coins_small,0.99,1000,17,0
pu_000074m,p_002970,s_p_002970_00006,2024-03-16T19:23:24.860Z,coins_small,0.99,1000,19,0
pu_000074n,p_002970,s_p_002970_00006,2024-03-16T19:23:14.890Z,coins_small,0.99,1000,19,0
pu_000074o,p_002970,s_p_002970_00007,2024-03-19T22:09:26.722Z,coins_medium,4.99,5500,22,0
pu_000074p,p_002970,s_p_002970_00007,2024-03-19T22:09:38.542Z,starter_pack,1.99,2000,22,0
pu_000074q,p_002970,s_p_002970_00008,2024-04-11T09:16:09.915Z,coins_large,19.99,25000,45,0
pu_000074r,p_002970,s_p_002970_00010,2024-04-21T20:45:47.649Z,coins_medium,4.99,5500,55,0
pu_000074s,p_002970,s_p_002970_00010,2024-04-21T20:43:10.026Z,coins_small,0.99,1000,55,0
pu_000074t,p_002970,s_p_002970_00012,2024-04-24T16:49:22.461Z,coins_medium,4.99,5500,58,0
pu_000074u,p_002970,s_p_002970_00012,2024-04-24T16:51:10.450Z,coins_medium,4.99,5500,58,0
pu_000074v,p_002888,s_p_002888_00003,2024-10-04T13:25:07.370Z,starter_pack,1.99,2000,10,1
pu_000074w,p_002888,s_p_002888_00007,2024-10-14T11:25:56.172Z,coins_medium,4.99,5500,20,0
pu_000074x,p_002888,s_p_002888_00008,2024-10-14T19:08:57.565Z,coins_small,0.99,1000,20,0
pu_000074y,p_002888,s_p_002888_00015,2024-12-04T13:44:17.300Z,coins_medium,4.99,5500,71,0
pu_000074z,p_002527,s_p_002527_00007,2024-08-01T21:20:01.324Z,coins_small,0.99,1000,14,1
pu_0000750,p_002527,s_p_002527_00020,2024-09-04T07:42:53.302Z,coins_small,0.99,1000,48,0
pu_0000751,p_002895,s_p_002895_00006,2024-04-14T10:31:30.963Z,coins_medium,4.99,5500,50,1
pu_0000752,p_002895,s_p_002895_00014,2024-05-18T07:43:06.054Z,starter_pack,1.99,2000,84,0
pu_0000753,p_002895,s_p_002895_00014,2024-05-18T07:47:53.206Z,coins_small,0.99,1000,84,0
pu_0000754,p_002895,s_p_002895_00015,2024-05-18T14:20:12.992Z,coins_small,0.99,1000,84,0
pu_0000755,p_002895,s_p_002895_00015,2024-05-18T14:21:38.899Z,starter_pack,1.99,2000,84,0
pu_0000756,p_002895,s_p_002895_00016,2024-05-24T21:59:34.487Z,coins_small,0.99,1000,90,0
pu_0000757,p_002895,s_p_002895_00016,2024-05-24T21:53:02.732Z,coins_small,0.99,1000,90,0
pu_0000758,p_002895,s_p_002895_00019,2024-06-30T08:46:40.071Z,coins_small,0.99,1000,127,0
pu_0000759,p_002895,s_p_002895_00019,2024-06-30T08:43:51.872Z,starter_pack,1.99,2000,127,0
pu_000075a,p_002895,s_p_002895_00020,2024-06-30T22:26:54.251Z,coins_small,0.99,1000,127,0
pu_000075b,p_002895,s_p_002895_00020,2024-06-30T22:29:24.496Z,coins_medium,4.99,5500,127,0
pu_000075c,p_002895,s_p_002895_00020,2024-06-30T22:26:28.004Z,coins_small,0.99,1000,127,0
pu_000075d,p_002895,s_p_002895_00025,2024-07-08T07:23:08.728Z,starter_pack,1.99,2000,135,0
pu_000075e,p_002895,s_p_002895_00030,2024-08-11T08:14:02.120Z,coins_medium,4.99,5500,169,0
pu_000075f,p_002812,s_p_002812_00001,2024-02-18T06:30:05.239Z,starter_pack,1.99,2000,2,1
pu_000075g,p_002812,s_p_002812_00001,2024-02-18T06:35:24.049Z,coins_large,19.99,25000,2,0
pu_000075h,p_002812,s_p_002812_00003,2024-02-18T17:43:22.145Z,coins_medium,4.99,5500,2,0
pu_000075i,p_002812,s_p_002812_00003,2024-02-18T17:59:36.680Z,coins_large,19.99,25000,2,0
pu_000075j,p_002812,s_p_002812_00004,2024-02-19T15:13:04.210Z,coins_medium,4.99,5500,3,0
pu_000075k,p_002812,s_p_002812_00004,2024-02-19T15:13:50.647Z,coins_medium,4.99,5500,3,0
pu_000075l,p_002812,s_p_002812_00006,2024-02-20T09:24:54.874Z,coins_medium,4.99,5500,4,0
pu_000075m,p_002812,s_p_002812_00007,2024-02-21T08:33:15.775Z,starter_pack,1.99,2000,5,0
pu_000075n,p_002812,s_p_002812_00010,2024-02-24T06:26:58.277Z,coins_large,19.99,25000,8,0
pu_000075o,p_002812,s_p_002812_00014,2024-02-27T08:21:57.812Z,vip_monthly,9.99,10000,11,0
pu_000075p,p_002812,s_p_002812_00025,2024-03-08T10:47:11.772Z,coins_large,19.99,25000,21,0
pu_000075q,p_002812,s_p_002812_00025,2024-03-08T10:55:13.899Z,coins_large,19.99,25000,21,0
pu_000075r,p_002812,s_p_002812_00026,2024-03-09T19:11:25.950Z,coins_large,19.99,25000,22,0
pu_000075s,p_002812,s_p_002812_00029,2024-03-16T18:46:20.945Z,vip_monthly,9.99,10000,29,0
pu_000075t,p_002812,s_p_002812_00031,2024-03-18T14:38:49.819Z,vip_monthly,9.99,10000,31,0
pu_000075u,p_002812,s_p_002812_00031,2024-03-18T14:34:24.834Z,coins_medium,4.99,5500,31,0
pu_000075v,p_002812,s_p_002812_00036,2024-03-27T06:29:09.756Z,coins_medium,4.99,5500,40,0
pu_000075w,p_002812,s_p_002812_00038,2024-03-31T08:37:15.438Z,coins_large,19.99,25000,44,0
pu_000075x,p_002812,s_p_002812_00040,2024-04-03T11:04:35.708Z,coins_large,19.99,25000,47,0
pu_000075y,p_002812,s_p_002812_00055,2024-04-14T22:42:34.053Z,coins_medium,4.99,5500,58,0
pu_000075z,p_002812,s_p_002812_00057,2024-04-15T11:33:31.064Z,coins_small,0.99,1000,59,0
pu_0000760,p_002812,s_p_002812_00061,2024-04-17T17:44:14.264Z,coins_large,19.99,25000,61,0
pu_0000761,p_002812,s_p_002812_00064,2024-04-25T15:17:12.846Z,coins_medium,4.99,5500,69,0
pu_0000762,p_002812,s_p_002812_00067,2024-04-29T16:11:53.606Z,coins_medium,4.99,5500,73,0
pu_0000763,p_002812,s_p_002812_00069,2024-04-30T08:52:35.160Z,coins_medium,4.99,5500,74,0
pu_0000764,p_002812,s_p_002812_00076,2024-05-10T19:39:00.068Z,vip_monthly,9.99,10000,84,0
pu_0000765,p_002812,s_p_002812_00078,2024-05-15T23:38:33.957Z,coins_medium,4.99,5500,89,0
pu_0000766,p_002812,s_p_002812_00079,2024-05-19T07:11:25.821Z,coins_large,19.99,25000,93,0
pu_0000767,p_002812,s_p_002812_00080,2024-05-20T15:14:21.693Z,coins_large,19.99,25000,94,0
pu_0000768,p_002812,s_p_002812_00084,2024-05-30T14:00:27.506Z,coins_large,19.99,25000,104,0
pu_0000769,p_002812,s_p_002812_00086,2024-06-02T19:23:54.929Z,coins_medium,4.99,5500,107,0
pu_000076a,p_002812,s_p_002812_00087,2024-06-04T20:13:48.748Z,coins_medium,4.99,5500,109,0
pu_000076b,p_002812,s_p_002812_00092,2024-06-08T23:28:42.020Z,coins_medium,4.99,5500,113,0
pu_000076c,p_002812,s_p_002812_00093,2024-06-10T06:23:58.081Z,starter_pack,1.99,2000,115,0
pu_000076d,p_002812,s_p_002812_00097,2024-06-13T21:56:12.456Z,coins_large,19.99,25000,118,0
pu_000076e,p_002812,s_p_002812_00106,2024-06-27T12:23:18.724Z,vip_monthly,9.99,10000,132,0
pu_000076f,p_002812,s_p_002812_00108,2024-06-30T06:29:23.956Z,coins_large,19.99,25000,135,0
pu_000076g,p_002812,s_p_002812_00112,2024-07-07T10:30:45.857Z,starter_pack,1.99,2000,142,0
pu_000076h,p_002812,s_p_002812_00115,2024-07-09T08:22:08.135Z,coins_small,0.99,1000,144,0
pu_000076i,p_002812,s_p_002812_00117,2024-07-10T20:50:10.508Z,vip_monthly,9.99,10000,145,0
pu_000076j,p_002812,s_p_002812_00132,2024-08-03T10:10:57.306Z,coins_large,19.99,25000,169,0
pu_000076k,p_002812,s_p_002812_00134,2024-08-04T15:20:29.477Z,coins_small,0.99,1000,170,0
pu_000076l,p_002812,s_p_002812_00159,2024-09-01T09:12:35.160Z,coins_medium,4.99,5500,198,0
pu_000076m,p_002812,s_p_002812_00159,2024-09-01T09:09:11.384Z,coins_medium,4.99,5500,198,0
pu_000076n,p_002812,s_p_002812_00161,2024-09-05T09:31:11.225Z,coins_small,0.99,1000,202,0
pu_000076o,p_002812,s_p_002812_00163,2024-09-07T07:14:26.658Z,coins_large,19.99,25000,204,0
pu_000076p,p_002812,s_p_002812_00169,2024-09-13T15:36:29.120Z,coins_medium,4.99,5500,210,0
pu_000076q,p_002812,s_p_002812_00176,2024-09-20T19:23:12.614Z,starter_pack,1.99,2000,217,0
pu_000076r,p_002812,s_p_002812_00181,2024-09-28T21:34:52.153Z,coins_large,19.99,25000,225,0
pu_000076s,p_002812,s_p_002812_00182,2024-09-29T06:17:59.500Z,vip_monthly,9.99,10000,226,0
pu_000076t,p_002812,s_p_002812_00183,2024-10-01T18:30:57.727Z,coins_large,19.99,25000,228,0
pu_000076u,p_002812,s_p_002812_00189,2024-10-07T09:36:02.785Z,coins_large,19.99,25000,234,0
pu_000076v,p_002812,s_p_002812_00193,2024-10-11T09:55:36.274Z,coins_medium,4.99,5500,238,0
pu_000076w,p_002812,s_p_002812_00202,2024-10-23T22:54:51.896Z,coins_large,19.99,25000,250,0
pu_000076x,p_002816,s_p_002816_00001,2024-06-24T14:52:10.587Z,starter_pack,1.99,2000,0,1
pu_000076y,p_002816,s_p_002816_00001,2024-06-24T14:24:02.242Z,coins_large,19.99,25000,0,0
pu_000076z,p_002816,s_p_002816_00001,2024-06-24T14:28:10.647Z,coins_large,19.99,25000,0,0
pu_0000770,p_002816,s_p_002816_00004,2024-06-26T17:45:10.007Z,vip_monthly,9.99,10000,2,0
pu_0000771,p_002816,s_p_002816_00005,2024-06-28T13:19:15.406Z,coins_medium,4.99,5500,4,0
pu_0000772,p_002816,s_p_002816_00005,2024-06-28T13:22:28.593Z,coins_medium,4.99,5500,4,0
pu_0000773,p_002816,s_p_002816_00006,2024-06-30T11:11:43.028Z,vip_monthly,9.99,10000,6,0
pu_0000774,p_002816,s_p_002816_00009,2024-07-03T14:52:48.099Z,coins_medium,4.99,5500,9,0
pu_0000775,p_002816,s_p_002816_00015,2024-07-10T10:16:08.968Z,coins_medium,4.99,5500,16,0
pu_0000776,p_002816,s_p_002816_00019,2024-07-15T07:00:52.989Z,coins_small,0.99,1000,21,0
pu_0000777,p_002816,s_p_002816_00026,2024-07-21T14:47:38.011Z,coins_medium,4.99,5500,27,0
pu_0000778,p_002816,s_p_002816_00032,2024-07-27T22:22:37.267Z,coins_large,19.99,25000,33,0
pu_0000779,p_002816,s_p_002816_00033,2024-07-28T10:31:41.817Z,coins_medium,4.99,5500,34,0
pu_000077a,p_002816,s_p_002816_00034,2024-07-28T15:28:42.894Z,coins_medium,4.99,5500,34,0
pu_000077b,p_002816,s_p_002816_00034,2024-07-28T15:28:30.108Z,coins_small,0.99,1000,34,0
pu_000077c,p_002816,s_p_002816_00040,2024-08-01T15:58:30.005Z,vip_monthly,9.99,10000,38,0
pu_000077d,p_002816,s_p_002816_00042,2024-08-03T14:05:39.299Z,vip_monthly,9.99,10000,40,0
pu_000077e,p_002816,s_p_002816_00042,2024-08-03T14:10:42.187Z,coins_large,19.99,25000,40,0
pu_000077f,p_002816,s_p_002816_00044,2024-08-06T17:07:34.843Z,coins_large,19.99,25000,43,0
pu_000077g,p_002816,s_p_002816_00047,2024-08-09T14:43:38.555Z,coins_small,0.99,1000,46,0
pu_000077h,p_002816,s_p_002816_00048,2024-08-10T14:25:22.778Z,coins_small,0.99,1000,47,0
pu_000077i,p_002816,s_p_002816_00049,2024-08-10T20:12:25.221Z,starter_pack,1.99,2000,47,0
pu_000077j,p_002816,s_p_002816_00050,2024-08-11T21:51:48.991Z,coins_large,19.99,25000,48,0
pu_000077k,p_002816,s_p_002816_00053,2024-08-13T17:09:15.613Z,coins_small,0.99,1000,50,0
pu_000077l,p_002816,s_p_002816_00054,2024-08-14T19:15:11.252Z,coins_medium,4.99,5500,51,0
pu_000077m,p_002816,s_p_002816_00057,2024-08-18T21:54:50.008Z,coins_medium,4.99,5500,55,0
pu_000077n,p_002816,s_p_002816_00059,2024-08-24T19:46:18.601Z,coins_medium,4.99,5500,61,0
pu_000077o,p_002816,s_p_002816_00060,2024-08-26T11:36:02.220Z,coins_large,19.99,25000,63,0
pu_000077p,p_002816,s_p_002816_00060,2024-08-26T11:48:32.350Z,vip_monthly,9.99,10000,63,0
pu_000077q,p_002816,s_p_002816_00062,2024-08-27T22:20:00.589Z,coins_large,19.99,25000,64,0
pu_000077r,p_002816,s_p_002816_00062,2024-08-27T22:11:07.916Z,vip_monthly,9.99,10000,64,0
pu_000077s,p_002816,s_p_002816_00066,2024-09-01T11:39:52.712Z,coins_small,0.99,1000,69,0
pu_000077t,p_002816,s_p_002816_00066,2024-09-01T11:20:38.557Z,coins_large,19.99,25000,69,0
pu_000077u,p_002816,s_p_002816_00074,2024-09-08T11:58:09.352Z,coins_medium,4.99,5500,76,0
pu_000077v,p_002816,s_p_002816_00077,2024-09-14T22:03:04.524Z,coins_large,19.99,25000,82,0
pu_000077w,p_002816,s_p_002816_00088,2024-09-24T21:49:34.993Z,vip_monthly,9.99,10000,92,0
pu_000077x,p_002816,s_p_002816_00090,2024-09-26T09:49:33.897Z,coins_large,19.99,25000,94,0
pu_000077y,p_002816,s_p_002816_00094,2024-10-04T17:12:31.769Z,coins_large,19.99,25000,102,0
pu_000077z,p_002816,s_p_002816_00098,2024-10-07T13:58:05.252Z,coins_large,19.99,25000,105,0
pu_0000780,p_002816,s_p_002816_00099,2024-10-07T16:04:27.423Z,coins_large,19.99,25000,105,0
pu_0000781,p_002816,s_p_002816_00100,2024-10-09T08:41:48.329Z,coins_large,19.99,25000,107,0
pu_0000782,p_002816,s_p_002816_00105,2024-10-11T21:17:03.609Z,coins_large,19.99,25000,109,0
pu_0000783,p_002816,s_p_002816_00112,2024-10-18T19:21:04.318Z,vip_monthly,9.99,10000,116,0
pu_0000784,p_002816,s_p_002816_00115,2024-10-20T23:45:37.364Z,coins_medium,4.99,5500,118,0
pu_0000785,p_002816,s_p_002816_00116,2024-10-21T13:21:17.814Z,coins_large,19.99,25000,119,0
pu_0000786,p_002816,s_p_002816_00120,2024-10-27T06:48:48.341Z,coins_medium,4.99,5500,125,0
pu_0000787,p_002816,s_p_002816_00120,2024-10-27T06:38:26.661Z,vip_monthly,9.99,10000,125,0
pu_0000788,p_002816,s_p_002816_00126,2024-11-02T22:39:54.860Z,coins_small,0.99,1000,131,0
pu_0000789,p_002816,s_p_002816_00129,2024-11-08T12:30:03.050Z,coins_large,19.99,25000,137,0
pu_000078a,p_002816,s_p_002816_00132,2024-11-13T07:07:10.932Z,coins_large,19.99,25000,142,0
pu_000078b,p_002816,s_p_002816_00133,2024-11-13T11:23:38.305Z,vip_monthly,9.99,10000,142,0
pu_000078c,p_002816,s_p_002816_00136,2024-11-20T21:55:22.219Z,coins_large,19.99,25000,149,0
pu_000078d,p_002816,s_p_002816_00141,2024-11-27T17:28:46.225Z,coins_large,19.99,25000,156,0
pu_000078e,p_002816,s_p_002816_00141,2024-11-27T17:27:17.601Z,coins_large,19.99,25000,156,0
pu_000078f,p_002816,s_p_002816_00146,2024-12-01T17:30:35.241Z,vip_monthly,9.99,10000,160,0
pu_000078g,p_002816,s_p_002816_00147,2024-12-04T09:59:39.161Z,coins_medium,4.99,5500,163,0
pu_000078h,p_002816,s_p_002816_00148,2024-12-05T18:21:56.569Z,coins_medium,4.99,5500,164,0
pu_000078i,p_002816,s_p_002816_00148,2024-12-05T18:25:02.116Z,coins_large,19.99,25000,164,0
pu_000078j,p_002816,s_p_002816_00149,2024-12-09T19:12:21.999Z,coins_large,19.99,25000,168,0
pu_000078k,p_002816,s_p_002816_00155,2024-12-15T21:24:34.715Z,coins_medium,4.99,5500,174,0
pu_000078l,p_002816,s_p_002816_00158,2024-12-21T15:41:08.799Z,coins_large,19.99,25000,180,0
pu_000078m,p_002876,s_p_002876_00006,2024-08-30T12:59:09.970Z,coins_medium,4.99,5500,44,1
pu_000078n,p_002876,s_p_002876_00016,2024-11-02T22:38:59.192Z,coins_small,0.99,1000,108,0
pu_000078o,p_002876,s_p_002876_00020,2024-11-17T14:38:28.800Z,coins_small,0.99,1000,123,0
pu_000078p,p_002755,s_p_002755_00001,2024-01-19T11:48:22.172Z,starter_pack,1.99,2000,0,1
pu_000078q,p_002755,s_p_002755_00002,2024-01-20T16:14:43.057Z,coins_small,0.99,1000,1,0
pu_000078r,p_002755,s_p_002755_00002,2024-01-20T16:09:49.324Z,coins_medium,4.99,5500,1,0
pu_000078s,p_002755,s_p_002755_00003,2024-01-20T19:31:13.935Z,coins_medium,4.99,5500,1,0
pu_000078t,p_002755,s_p_002755_00003,2024-01-20T19:31:48.216Z,vip_monthly,9.99,10000,1,0
pu_000078u,p_002755,s_p_002755_00003,2024-01-20T19:20:57.524Z,coins_large,19.99,25000,1,0
pu_000078v,p_002755,s_p_002755_00003,2024-01-20T19:30:35.398Z,coins_large,19.99,25000,1,0
pu_000078w,p_002755,s_p_002755_00004,2024-01-21T12:52:47.432Z,coins_medium,4.99,5500,2,0
pu_000078x,p_002755,s_p_002755_00004,2024-01-21T12:53:20.150Z,coins_small,0.99,1000,2,0
pu_000078y,p_002755,s_p_002755_00004,2024-01-21T12:55:00.315Z,coins_large,19.99,25000,2,0
pu_000078z,p_002755,s_p_002755_00004,2024-01-21T12:56:15.331Z,coins_small,0.99,1000,2,0
pu_0000790,p_002755,s_p_002755_00004,2024-01-21T12:57:13.427Z,coins_medium,4.99,5500,2,0
pu_0000791,p_002755,s_p_002755_00004,2024-01-21T12:56:52.026Z,coins_large,19.99,25000,2,0
pu_0000792,p_002755,s_p_002755_00005,2024-01-21T17:53:10.762Z,coins_large,19.99,25000,2,0
pu_0000793,p_002755,s_p_002755_00006,2024-01-23T21:42:42.566Z,coins_small,0.99,1000,4,0
pu_0000794,p_002755,s_p_002755_00006,2024-01-23T21:41:34.383Z,coins_large,19.99,25000,4,0
pu_0000795,p_002755,s_p_002755_00006,2024-01-23T21:41:17.086Z,coins_small,0.99,1000,4,0
pu_0000796,p_002755,s_p_002755_00006,2024-01-23T21:43:22.400Z,coins_large,19.99,25000,4,0
pu_0000797,p_002755,s_p_002755_00006,2024-01-23T21:44:21.325Z,coins_medium,4.99,5500,4,0
pu_0000798,p_002755,s_p_002755_00020,2024-02-07T23:07:45.128Z,vip_monthly,9.99,10000,19,0
pu_0000799,p_002755,s_p_002755_00020,2024-02-07T23:05:03.384Z,vip_monthly,9.99,10000,19,0
pu_000079a,p_002755,s_p_002755_00028,2024-02-18T16:12:25.955Z,coins_small,0.99,1000,30,0
pu_000079b,p_002755,s_p_002755_00029,2024-02-20T07:15:21.704Z,coins_large,19.99,25000,32,0
pu_000079c,p_002755,s_p_002755_00032,2024-02-26T09:13:44.312Z,coins_large,19.99,25000,38,0
pu_000079d,p_002755,s_p_002755_00034,2024-02-27T10:09:58.034Z,coins_large,19.99,25000,39,0
pu_000079e,p_002755,s_p_002755_00035,2024-02-28T20:48:08.432Z,vip_monthly,9.99,10000,40,0
pu_000079f,p_002755,s_p_002755_00038,2024-03-01T11:21:41.110Z,coins_medium,4.99,5500,42,0
pu_000079g,p_002755,s_p_002755_00038,2024-03-01T11:47:45.573Z,coins_medium,4.99,5500,42,0
pu_000079h,p_002755,s_p_002755_00042,2024-03-04T15:29:00.863Z,coins_small,0.99,1000,45,0
pu_000079i,p_002755,s_p_002755_00048,2024-03-13T22:06:43.638Z,coins_small,0.99,1000,54,0
pu_000079j,p_002755,s_p_002755_00049,2024-03-13T23:32:00.256Z,coins_large,19.99,25000,54,0
pu_000079k,p_002755,s_p_002755_00053,2024-03-17T11:27:07.987Z,coins_medium,4.99,5500,58,0
pu_000079l,p_002755,s_p_002755_00053,2024-03-17T11:48:29.901Z,coins_medium,4.99,5500,58,0
pu_000079m,p_002755,s_p_002755_00054,2024-03-17T17:02:40.611Z,coins_small,0.99,1000,58,0
pu_000079n,p_002755,s_p_002755_00058,2024-03-22T08:02:50.241Z,coins_large,19.99,25000,63,0
pu_000079o,p_002755,s_p_002755_00081,2024-04-25T21:59:26.186Z,coins_small,0.99,1000,97,0
pu_000079p,p_002755,s_p_002755_00083,2024-05-01T16:01:55.296Z,vip_monthly,9.99,10000,103,0
pu_000079q,p_002755,s_p_002755_00085,2024-05-04T12:38:05.767Z,coins_large,19.99,25000,106,0
pu_000079r,p_002755,s_p_002755_00107,2024-06-02T22:31:44.115Z,coins_large,19.99,25000,135,0
pu_000079s,p_002755,s_p_002755_00107,2024-06-02T22:31:12.645Z,coins_large,19.99,25000,135,0
pu_000079t,p_002755,s_p_002755_00109,2024-06-03T18:56:12.204Z,coins_large,19.99,25000,136,0
pu_000079u,p_002755,s_p_002755_00110,2024-06-05T09:34:47.584Z,vip_monthly,9.99,10000,138,0
pu_000079v,p_002755,s_p_002755_00110,2024-06-05T09:10:12.895Z,coins_medium,4.99,5500,138,0
pu_000079w,p_002755,s_p_002755_00111,2024-06-05T09:22:19.433Z,coins_medium,4.99,5500,138,0
pu_000079x,p_002755,s_p_002755_00115,2024-06-08T17:15:13.313Z,coins_medium,4.99,5500,141,0
pu_000079y,p_002755,s_p_002755_00127,2024-06-27T11:52:11.321Z,coins_medium,4.99,5500,160,0
pu_000079z,p_002755,s_p_002755_00135,2024-07-11T18:51:31.004Z,coins_large,19.99,25000,174,0
pu_00007a0,p_002755,s_p_002755_00135,2024-07-11T19:10:00.185Z,coins_large,19.99,25000,174,0
pu_00007a1,p_002755,s_p_002755_00140,2024-07-15T20:46:43.651Z,coins_medium,4.99,5500,178,0
pu_00007a2,p_002755,s_p_002755_00141,2024-07-15T23:14:34.095Z,coins_medium,4.99,5500,178,0
pu_00007a3,p_002755,s_p_002755_00146,2024-07-20T22:41:58.129Z,coins_large,19.99,25000,183,0
pu_00007a4,p_002755,s_p_002755_00156,2024-08-11T15:20:21.794Z,vip_monthly,9.99,10000,205,0
pu_00007a5,p_002755,s_p_002755_00161,2024-08-19T17:42:05.511Z,coins_medium,4.99,5500,213,0
pu_00007a6,p_002755,s_p_002755_00163,2024-08-24T21:47:46.855Z,starter_pack,1.99,2000,218,0
pu_00007a7,p_002755,s_p_002755_00165,2024-08-26T22:42:40.340Z,coins_medium,4.99,5500,220,0
pu_00007a8,p_002755,s_p_002755_00172,2024-09-04T18:07:31.013Z,coins_medium,4.99,5500,229,0
pu_00007a9,p_002755,s_p_002755_00172,2024-09-04T18:02:41.699Z,coins_small,0.99,1000,229,0
pu_00007aa,p_002755,s_p_002755_00176,2024-09-07T19:49:05.120Z,coins_large,19.99,25000,232,0
pu_00007ab,p_002755,s_p_002755_00176,2024-09-07T20:04:02.459Z,coins_large,19.99,25000,232,0
pu_00007ac,p_002755,s_p_002755_00181,2024-09-11T15:49:25.500Z,coins_medium,4.99,5500,236,0
pu_00007ad,p_002755,s_p_002755_00184,2024-09-16T14:56:46.067Z,coins_large,19.99,25000,241,0
pu_00007ae,p_002755,s_p_002755_00190,2024-09-22T13:05:34.115Z,starter_pack,1.99,2000,247,0
pu_00007af,p_002755,s_p_002755_00195,2024-10-03T13:12:59.085Z,vip_monthly,9.99,10000,258,0
pu_00007ag,p_002755,s_p_002755_00201,2024-10-12T10:07:47.911Z,coins_large,19.99,25000,267,0
pu_00007ah,p_002755,s_p_002755_00202,2024-10-12T10:29:27.780Z,coins_large,19.99,25000,267,0
pu_00007ai,p_002755,s_p_002755_00203,2024-10-14T23:38:27.863Z,vip_monthly,9.99,10000,269,0
pu_00007aj,p_002755,s_p_002755_00205,2024-10-19T14:42:30.647Z,coins_small,0.99,1000,274,0
pu_00007ak,p_002755,s_p_002755_00217,2024-11-05T21:26:57.026Z,coins_medium,4.99,5500,291,0
pu_00007al,p_002755,s_p_002755_00230,2024-11-24T21:11:23.054Z,coins_large,19.99,25000,310,0
pu_00007am,p_002755,s_p_002755_00231,2024-11-25T17:39:24.270Z,coins_small,0.99,1000,311,0
pu_00007an,p_002755,s_p_002755_00236,2024-12-05T11:49:50.444Z,coins_large,19.99,25000,321,0
pu_00007ao,p_002981,s_p_002981_00002,2024-06-30T10:53:38.813Z,starter_pack,1.99,2000,13,1
pu_00007ap,p_002981,s_p_002981_00003,2024-07-12T22:28:27.307Z,coins_small,0.99,1000,25,0
pu_00007aq,p_002981,s_p_002981_00006,2024-08-17T18:40:57.716Z,coins_medium,4.99,5500,61,0
pu_00007ar,p_002981,s_p_002981_00011,2024-09-07T18:59:31.107Z,coins_small,0.99,1000,82,0
pu_00007as,p_002981,s_p_002981_00011,2024-09-07T19:00:56.521Z,coins_large,19.99,25000,82,0
pu_00007at,p_002981,s_p_002981_00013,2024-09-18T23:06:18.155Z,coins_medium,4.99,5500,93,0
pu_00007au,p_002981,s_p_002981_00017,2024-09-22T08:19:58.531Z,coins_small,0.99,1000,97,0
pu_00007av,p_002849,s_p_002849_00002,2024-03-08T11:37:21.907Z,coins_medium,4.99,5500,7,1
pu_00007aw,p_002849,s_p_002849_00002,2024-03-08T11:41:19.093Z,coins_large,19.99,25000,7,0
pu_00007ax,p_002849,s_p_002849_00002,2024-03-08T11:25:18.614Z,coins_small,0.99,1000,7,0
pu_00007ay,p_002849,s_p_002849_00003,2024-03-08T16:57:00.823Z,vip_monthly,9.99,10000,7,0
pu_00007az,p_002849,s_p_002849_00003,2024-03-08T17:01:01.514Z,vip_monthly,9.99,10000,7,0
pu_00007b0,p_002849,s_p_002849_00004,2024-03-09T15:16:45.429Z,starter_pack,1.99,2000,8,0
pu_00007b1,p_002849,s_p_002849_00005,2024-03-09T22:48:20.558Z,coins_medium,4.99,5500,8,0
pu_00007b2,p_002849,s_p_002849_00005,2024-03-09T22:55:21.807Z,vip_monthly,9.99,10000,8,0
pu_00007b3,p_002849,s_p_002849_00005,2024-03-09T23:00:07.374Z,coins_small,0.99,1000,8,0
pu_00007b4,p_002849,s_p_002849_00005,2024-03-09T22:51:58.531Z,coins_medium,4.99,5500,8,0
pu_00007b5,p_002849,s_p_002849_00005,2024-03-09T22:51:14.369Z,coins_large,19.99,25000,8,0
pu_00007b6,p_002849,s_p_002849_00006,2024-03-11T17:50:19.454Z,coins_small,0.99,1000,10,0
pu_00007b7,p_002849,s_p_002849_00007,2024-03-11T20:46:44.395Z,starter_pack,1.99,2000,10,0
pu_00007b8,p_002849,s_p_002849_00011,2024-03-21T17:39:01.820Z,coins_large,19.99,25000,20,0
pu_00007b9,p_002849,s_p_002849_00013,2024-03-22T08:05:45.903Z,coins_medium,4.99,5500,21,0
pu_00007ba,p_002849,s_p_002849_00019,2024-03-25T21:37:49.597Z,coins_large,19.99,25000,24,0
pu_00007bb,p_002849,s_p_002849_00020,2024-03-26T11:54:10.237Z,coins_large,19.99,25000,25,0
pu_00007bc,p_002849,s_p_002849_00024,2024-04-02T22:07:37.531Z,coins_small,0.99,1000,32,0
pu_00007bd,p_002849,s_p_002849_00025,2024-04-03T13:15:26.160Z,starter_pack,1.99,2000,33,0
pu_00007be,p_002849,s_p_002849_00037,2024-04-23T22:32:45.731Z,coins_medium,4.99,5500,53,0
pu_00007bf,p_002849,s_p_002849_00041,2024-04-25T12:22:03.064Z,coins_medium,4.99,5500,55,0
pu_00007bg,p_002849,s_p_002849_00045,2024-04-27T11:08:15.598Z,vip_monthly,9.99,10000,57,0
pu_00007bh,p_002849,s_p_002849_00053,2024-05-09T09:30:36.892Z,coins_small,0.99,1000,69,0
pu_00007bi,p_002849,s_p_002849_00054,2024-05-14T22:44:52.637Z,vip_monthly,9.99,10000,74,0
pu_00007bj,p_002849,s_p_002849_00058,2024-05-18T07:34:58.340Z,coins_medium,4.99,5500,78,0
pu_00007bk,p_002849,s_p_002849_00070,2024-05-28T13:08:52.133Z,coins_large,19.99,25000,88,0
pu_00007bl,p_002849,s_p_002849_00074,2024-05-29T20:54:20.100Z,coins_small,0.99,1000,89,0
pu_00007bm,p_002849,s_p_002849_00076,2024-06-01T21:30:50.959Z,coins_small,0.99,1000,92,0
pu_00007bn,p_002849,s_p_002849_00084,2024-06-13T11:26:33.037Z,coins_medium,4.99,5500,104,0
pu_00007bo,p_002849,s_p_002849_00086,2024-06-15T06:20:01.656Z,coins_small,0.99,1000,106,0
pu_00007bp,p_002849,s_p_002849_00089,2024-06-22T17:05:02.166Z,coins_large,19.99,25000,113,0
pu_00007bq,p_002849,s_p_002849_00090,2024-06-23T16:52:27.043Z,coins_medium,4.99,5500,114,0
pu_00007br,p_002849,s_p_002849_00090,2024-06-23T16:53:50.911Z,coins_large,19.99,25000,114,0
pu_00007bs,p_002849,s_p_002849_00092,2024-06-26T19:33:36.270Z,vip_monthly,9.99,10000,117,0
pu_00007bt,p_002849,s_p_002849_00097,2024-07-04T12:50:14.074Z,coins_large,19.99,25000,125,0
pu_00007bu,p_002849,s_p_002849_00099,2024-07-07T17:02:26.791Z,coins_medium,4.99,5500,128,0
pu_00007bv,p_002849,s_p_002849_00107,2024-07-16T08:23:23.281Z,vip_monthly,9.99,10000,137,0
pu_00007bw,p_002849,s_p_002849_00107,2024-07-16T08:19:26.879Z,coins_large,19.99,25000,137,0
pu_00007bx,p_002849,s_p_002849_00107,2024-07-16T08:20:39.883Z,vip_monthly,9.99,10000,137,0
pu_00007by,p_002849,s_p_002849_00108,2024-07-17T07:04:27.200Z,coins_small,0.99,1000,138,0
pu_00007bz,p_002849,s_p_002849_00109,2024-07-17T15:07:19.845Z,coins_large,19.99,25000,138,0
pu_00007c0,p_002849,s_p_002849_00115,2024-07-22T18:21:23.676Z,coins_medium,4.99,5500,143,0
pu_00007c1,p_002849,s_p_002849_00117,2024-07-23T13:44:15.667Z,coins_medium,4.99,5500,144,0
pu_00007c2,p_002849,s_p_002849_00118,2024-07-23T18:34:59.827Z,starter_pack,1.99,2000,144,0
pu_00007c3,p_002849,s_p_002849_00118,2024-07-23T18:48:59.768Z,coins_medium,4.99,5500,144,0
pu_00007c4,p_002849,s_p_002849_00128,2024-08-15T21:55:37.434Z,starter_pack,1.99,2000,167,0
pu_00007c5,p_002849,s_p_002849_00136,2024-08-23T18:26:48.510Z,coins_medium,4.99,5500,175,0
pu_00007c6,p_002849,s_p_002849_00138,2024-08-23T20:12:15.351Z,coins_large,19.99,25000,175,0
pu_00007c7,p_002849,s_p_002849_00146,2024-08-31T12:09:31.887Z,vip_monthly,9.99,10000,183,0
pu_00007c8,p_002849,s_p_002849_00146,2024-08-31T12:14:33.397Z,coins_large,19.99,25000,183,0
pu_00007c9,p_002849,s_p_002849_00148,2024-09-01T14:41:47.929Z,coins_small,0.99,1000,184,0
pu_00007ca,p_002849,s_p_002849_00149,2024-09-02T18:53:48.485Z,coins_large,19.99,25000,185,0
pu_00007cb,p_002849,s_p_002849_00153,2024-09-08T18:07:43.370Z,coins_medium,4.99,5500,191,0
pu_00007cc,p_002849,s_p_002849_00158,2024-09-11T06:40:41.017Z,coins_medium,4.99,5500,194,0
pu_00007cd,p_002849,s_p_002849_00159,2024-09-11T14:45:35.670Z,coins_large,19.99,25000,194,0
pu_00007ce,p_002849,s_p_002849_00164,2024-09-21T22:10:31.608Z,coins_medium,4.99,5500,204,0
pu_00007cf,p_002849,s_p_002849_00164,2024-09-21T22:09:52.762Z,coins_small,0.99,1000,204,0
pu_00007cg,p_002849,s_p_002849_00167,2024-09-28T06:59:54.480Z,coins_medium,4.99,5500,211,0
pu_00007ch,p_002849,s_p_002849_00167,2024-09-28T07:07:45.229Z,coins_large,19.99,25000,211,0
pu_00007ci,p_002849,s_p_002849_00176,2024-10-10T06:52:05.834Z,coins_small,0.99,1000,223,0
pu_00007cj,p_002849,s_p_002849_00179,2024-10-16T10:01:43.501Z,vip_monthly,9.99,10000,229,0
pu_00007ck,p_002849,s_p_002849_00186,2024-10-24T14:48:59.756Z,vip_monthly,9.99,10000,237,0
pu_00007cl,p_002849,s_p_002849_00187,2024-10-24T22:31:17.144Z,coins_medium,4.99,5500,237,0
pu_00007cm,p_002849,s_p_002849_00187,2024-10-24T22:34:26.420Z,coins_small,0.99,1000,237,0
pu_00007cn,p_002849,s_p_002849_00197,2024-11-09T22:58:09.769Z,starter_pack,1.99,2000,253,0
pu_00007co,p_002849,s_p_002849_00199,2024-11-12T23:14:36.142Z,coins_medium,4.99,5500,256,0
pu_00007cp,p_002849,s_p_002849_00199,2024-11-12T23:29:49.493Z,coins_large,19.99,25000,256,0
pu_00007cq,p_002849,s_p_002849_00202,2024-11-16T16:09:01.468Z,coins_medium,4.99,5500,260,0
pu_00007cr,p_002849,s_p_002849_00210,2024-12-03T06:53:14.221Z,vip_monthly,9.99,10000,277,0
pu_00007cs,p_002450,s_p_002450_00031,2024-05-09T20:07:00.396Z,coins_small,0.99,1000,83,1
pu_00007ct,p_002450,s_p_002450_00050,2024-06-29T06:44:18.605Z,coins_small,0.99,1000,134,0
pu_00007cu,p_002896,s_p_002896_00006,2024-06-21T22:59:54.997Z,coins_small,0.99,1000,33,1
pu_00007cv,p_002896,s_p_002896_00007,2024-06-25T11:42:19.144Z,coins_medium,4.99,5500,37,0
pu_00007cw,p_002896,s_p_002896_00007,2024-06-25T11:45:28.898Z,coins_small,0.99,1000,37,0
pu_00007cx,p_002896,s_p_002896_00012,2024-07-15T06:36:33.372Z,starter_pack,1.99,2000,57,0
pu_00007cy,p_002896,s_p_002896_00020,2024-08-20T17:52:02.673Z,coins_medium,4.99,5500,93,0
pu_00007cz,p_002896,s_p_002896_00025,2024-09-24T20:08:37.764Z,coins_medium,4.99,5500,128,0
pu_00007d0,p_002896,s_p_002896_00026,2024-09-27T15:26:49.554Z,starter_pack,1.99,2000,131,0
pu_00007d1,p_002896,s_p_002896_00027,2024-09-29T11:25:12.989Z,coins_small,0.99,1000,133,0
pu_00007d2,p_002939,s_p_002939_00003,2024-02-06T21:13:00.529Z,starter_pack,1.99,2000,16,1
pu_00007d3,p_002939,s_p_002939_00006,2024-02-22T14:06:28.347Z,coins_small,0.99,1000,32,0
pu_00007d4,p_002939,s_p_002939_00010,2024-03-10T09:31:29.904Z,coins_small,0.99,1000,49,0
pu_00007d5,p_002939,s_p_002939_00017,2024-04-10T22:54:29.168Z,coins_small,0.99,1000,80,0
pu_00007d6,p_002939,s_p_002939_00017,2024-04-10T22:51:27.350Z,coins_small,0.99,1000,80,0
pu_00007d7,p_002920,s_p_002920_00003,2024-06-09T19:49:08.096Z,coins_small,0.99,1000,9,1
pu_00007d8,p_002920,s_p_002920_00005,2024-06-21T10:25:59.775Z,vip_monthly,9.99,10000,21,0
pu_00007d9,p_002920,s_p_002920_00009,2024-08-05T19:25:08.630Z,coins_medium,4.99,5500,66,0
pu_00007da,p_002920,s_p_002920_00011,2024-08-25T19:46:40.141Z,starter_pack,1.99,2000,86,0
pu_00007db,p_002920,s_p_002920_00012,2024-08-26T13:08:27.095Z,coins_small,0.99,1000,87,0
pu_00007dc,p_002920,s_p_002920_00012,2024-08-26T13:06:48.118Z,coins_small,0.99,1000,87,0
pu_00007dd,p_002920,s_p_002920_00012,2024-08-26T13:09:35.501Z,coins_medium,4.99,5500,87,0
pu_00007de,p_002920,s_p_002920_00013,2024-08-26T23:15:51.017Z,vip_monthly,9.99,10000,87,0
pu_00007df,p_002920,s_p_002920_00015,2024-09-13T12:25:03.849Z,vip_monthly,9.99,10000,105,0
pu_00007dg,p_002920,s_p_002920_00015,2024-09-13T12:26:21.653Z,coins_medium,4.99,5500,105,0
pu_00007dh,p_002920,s_p_002920_00017,2024-09-14T15:25:17.416Z,coins_small,0.99,1000,106,0
pu_00007di,p_002920,s_p_002920_00018,2024-09-18T21:55:54.616Z,coins_small,0.99,1000,110,0
pu_00007dj,p_002920,s_p_002920_00018,2024-09-18T21:56:31.020Z,coins_small,0.99,1000,110,0
pu_00007dk,p_002920,s_p_002920_00019,2024-09-30T08:46:35.188Z,coins_small,0.99,1000,122,0
pu_00007dl,p_002882,s_p_002882_00012,2024-10-06T10:00:44.931Z,coins_medium,4.99,5500,87,1
pu_00007dm,p_002882,s_p_002882_00020,2024-11-13T09:42:19.712Z,starter_pack,1.99,2000,125,0
pu_00007dn,p_002882,s_p_002882_00023,2024-11-24T18:55:12.233Z,coins_medium,4.99,5500,136,0
pu_00007do,p_002960,s_p_002960_00001,2024-04-10T20:42:47.328Z,starter_pack,1.99,2000,8,1
pu_00007dp,p_002960,s_p_002960_00001,2024-04-10T20:37:03.904Z,coins_small,0.99,1000,8,0
pu_00007dq,p_002960,s_p_002960_00002,2024-04-23T12:48:28.766Z,vip_monthly,9.99,10000,21,0
pu_00007dr,p_002960,s_p_002960_00002,2024-04-23T12:47:44.208Z,coins_small,0.99,1000,21,0
pu_00007ds,p_002960,s_p_002960_00007,2024-06-30T16:47:53.550Z,coins_small,0.99,1000,89,0
pu_00007dt,p_002960,s_p_002960_00007,2024-06-30T16:51:07.228Z,coins_small,0.99,1000,89,0
pu_00007du,p_002960,s_p_002960_00008,2024-07-06T09:00:58.739Z,coins_small,0.99,1000,95,0
pu_00007dv,p_002960,s_p_002960_00010,2024-07-14T09:06:33.525Z,coins_small,0.99,1000,103,0
pu_00007dw,p_002960,s_p_002960_00011,2024-08-06T20:21:06.073Z,coins_small,0.99,1000,126,0
pu_00007dx,p_002900,s_p_002900_00002,2024-10-08T06:18:06.062Z,coins_small,0.99,1000,8,1
pu_00007dy,p_002900,s_p_002900_00002,2024-10-08T06:16:45.638Z,coins_small,0.99,1000,8,0
pu_00007dz,p_002900,s_p_002900_00004,2024-10-11T10:06:30.982Z,coins_small,0.99,1000,11,0
pu_00007e0,p_002900,s_p_002900_00005,2024-10-12T18:17:24.703Z,coins_medium,4.99,5500,12,0
pu_00007e1,p_002900,s_p_002900_00005,2024-10-12T18:07:17.628Z,coins_medium,4.99,5500,12,0
pu_00007e2,p_002900,s_p_002900_00006,2024-10-12T19:53:04.847Z,coins_small,0.99,1000,12,0
pu_00007e3,p_002900,s_p_002900_00006,2024-10-12T19:46:09.613Z,coins_small,0.99,1000,12,0
pu_00007e4,p_002900,s_p_002900_00006,2024-10-12T19:49:48.197Z,coins_small,0.99,1000,12,0
pu_00007e5,p_002900,s_p_002900_00007,2024-10-13T14:43:00.083Z,coins_large,19.99,25000,13,0
pu_00007e6,p_002900,s_p_002900_00010,2024-11-15T11:30:51.854Z,coins_medium,4.99,5500,46,0
pu_00007e7,p_002900,s_p_002900_00011,2024-11-18T06:33:52.764Z,coins_medium,4.99,5500,49,0
pu_00007e8,p_002900,s_p_002900_00014,2024-11-24T09:02:08.841Z,starter_pack,1.99,2000,55,0
pu_00007e9,p_002900,s_p_002900_00015,2024-11-27T11:16:37.997Z,coins_small,0.99,1000,58,0
pu_00007ea,p_002900,s_p_002900_00015,2024-11-27T11:15:25.975Z,coins_small,0.99,1000,58,0
pu_00007eb,p_002900,s_p_002900_00015,2024-11-27T11:13:54.789Z,vip_monthly,9.99,10000,58,0
pu_00007ec,p_002900,s_p_002900_00016,2024-12-06T11:48:09.672Z,coins_medium,4.99,5500,67,0
pu_00007ed,p_002900,s_p_002900_00017,2024-12-10T10:52:33.275Z,coins_small,0.99,1000,71,0
pu_00007ee,p_002857,s_p_002857_00006,2024-07-07T18:38:59.594Z,starter_pack,1.99,2000,45,1
pu_00007ef,p_002857,s_p_002857_00024,2024-10-17T12:45:12.907Z,coins_small,0.99,1000,147,0
pu_00007eg,p_002857,s_p_002857_00024,2024-10-17T12:46:58.061Z,coins_medium,4.99,5500,147,0
pu_00007eh,p_002857,s_p_002857_00027,2024-12-17T07:20:37.185Z,coins_small,0.99,1000,208,0
pu_00007ei,p_002857,s_p_002857_00028,2024-12-22T13:38:06.503Z,coins_small,0.99,1000,213,0
pu_00007ej,p_002962,s_p_002962_00009,2024-04-21T17:59:13.995Z,coins_medium,4.99,5500,40,1
pu_00007ek,p_002962,s_p_002962_00012,2024-04-29T06:57:17.759Z,coins_medium,4.99,5500,48,0
pu_00007el,p_002962,s_p_002962_00013,2024-05-23T16:13:41.583Z,coins_medium,4.99,5500,72,0
pu_00007em,p_002962,s_p_002962_00014,2024-05-27T13:43:24.303Z,coins_small,0.99,1000,76,0
pu_00007en,p_002962,s_p_002962_00022,2024-07-05T23:09:00.026Z,coins_small,0.99,1000,115,0
pu_00007eo,p_002962,s_p_002962_00022,2024-07-05T23:06:29.801Z,coins_small,0.99,1000,115,0
pu_00007ep,p_002962,s_p_002962_00024,2024-07-10T07:57:51.411Z,starter_pack,1.99,2000,120,0
pu_00007eq,p_002962,s_p_002962_00025,2024-07-29T18:04:57.227Z,vip_monthly,9.99,10000,139,0
pu_00007er,p_002962,s_p_002962_00031,2024-08-31T19:09:56.682Z,coins_small,0.99,1000,172,0
pu_00007es,p_002962,s_p_002962_00032,2024-09-04T09:53:08.282Z,coins_medium,4.99,5500,176,0
pu_00007et,p_002377,s_p_002377_00013,2024-03-06T22:50:10.239Z,coins_small,0.99,1000,30,1
pu_00007eu,p_002377,s_p_002377_00017,2024-03-12T17:52:13.876Z,coins_large,19.99,25000,36,0
pu_00007ev,p_002377,s_p_002377_00036,2024-04-06T20:12:25.959Z,coins_medium,4.99,5500,61,0
pu_00007ew,p_002377,s_p_002377_00054,2024-06-15T06:15:42.227Z,starter_pack,1.99,2000,131,0
pu_00007ex,p_002377,s_p_002377_00078,2024-08-23T16:33:11.362Z,coins_small,0.99,1000,200,0
pu_00007ey,p_002377,s_p_002377_00088,2024-09-03T18:22:53.774Z,coins_medium,4.99,5500,211,0
pu_00007ez,p_002377,s_p_002377_00108,2024-11-19T20:12:08.159Z,coins_small,0.99,1000,288,0
pu_00007f0,p_002377,s_p_002377_00111,2024-11-22T11:40:05.995Z,coins_small,0.99,1000,291,0
pu_00007f1,p_002909,s_p_002909_00002,2024-09-27T20:24:42.127Z,coins_small,0.99,1000,10,1
pu_00007f2,p_002909,s_p_002909_00002,2024-09-27T20:22:46.640Z,coins_small,0.99,1000,10,0
pu_00007f3,p_002909,s_p_002909_00002,2024-09-27T20:21:15.055Z,coins_small,0.99,1000,10,0
pu_00007f4,p_002909,s_p_002909_00004,2024-10-03T06:34:54.162Z,coins_small,0.99,1000,16,0
pu_00007f5,p_002909,s_p_002909_00004,2024-10-03T06:33:43.736Z,coins_small,0.99,1000,16,0
pu_00007f6,p_002909,s_p_002909_00006,2024-10-16T19:43:58.220Z,vip_monthly,9.99,10000,29,0
pu_00007f7,p_002909,s_p_002909_00007,2024-10-19T15:32:17.604Z,coins_small,0.99,1000,32,0
pu_00007f8,p_002909,s_p_002909_00008,2024-10-22T15:51:52.323Z,vip_monthly,9.99,10000,35,0
pu_00007f9,p_002909,s_p_002909_00012,2024-11-24T10:02:32.794Z,coins_medium,4.99,5500,68,0
pu_00007fa,p_002909,s_p_002909_00012,2024-11-24T10:10:02.761Z,coins_small,0.99,1000,68,0
pu_00007fb,p_002909,s_p_002909_00013,2024-11-26T11:09:28.842Z,starter_pack,1.99,2000,70,0
pu_00007fc,p_002909,s_p_002909_00014,2024-11-30T20:22:00.741Z,coins_medium,4.99,5500,74,0
pu_00007fd,p_002909,s_p_002909_00015,2024-12-10T14:44:33.550Z,coins_medium,4.99,5500,84,0
pu_00007fe,p_002903,s_p_002903_00001,2024-07-28T06:36:22.181Z,starter_pack,1.99,2000,15,1
pu_00007ff,p_002903,s_p_002903_00005,2024-09-02T20:28:28.812Z,coins_small,0.99,1000,51,0
pu_00007fg,p_002903,s_p_002903_00005,2024-09-02T20:24:07.177Z,coins_small,0.99,1000,51,0
pu_00007fh,p_002903,s_p_002903_00006,2024-09-21T21:51:57.059Z,coins_small,0.99,1000,70,0
pu_00007fi,p_002903,s_p_002903_00006,2024-09-21T21:50:00.951Z,coins_small,0.99,1000,70,0
pu_00007fj,p_002903,s_p_002903_00011,2024-11-22T17:28:34.954Z,coins_medium,4.99,5500,132,0
pu_00007fk,p_002903,s_p_002903_00011,2024-11-22T17:19:19.947Z,starter_pack,1.99,2000,132,0
pu_00007fl,p_002903,s_p_002903_00012,2024-12-11T13:55:11.309Z,coins_small,0.99,1000,151,0
pu_00007fm,p_002903,s_p_002903_00014,2024-12-13T19:12:14.944Z,coins_small,0.99,1000,153,0
pu_00007fn,p_002784,s_p_002784_00001,2024-05-21T10:55:48.951Z,coins_medium,4.99,5500,0,1
pu_00007fo,p_002784,s_p_002784_00002,2024-05-21T11:10:52.253Z,coins_large,19.99,25000,0,0
pu_00007fp,p_002784,s_p_002784_00003,2024-05-23T08:31:36.077Z,vip_monthly,9.99,10000,2,0
pu_00007fq,p_002784,s_p_002784_00003,2024-05-23T08:33:12.030Z,coins_large,19.99,25000,2,0
pu_00007fr,p_002784,s_p_002784_00003,2024-05-23T08:29:05.961Z,coins_large,19.99,25000,2,0
pu_00007fs,p_002784,s_p_002784_00004,2024-05-23T10:09:08.681Z,coins_large,19.99,25000,2,0
pu_00007ft,p_002784,s_p_002784_00004,2024-05-23T09:57:35.907Z,coins_small,0.99,1000,2,0
pu_00007fu,p_002784,s_p_002784_00004,2024-05-23T10:02:56.621Z,coins_large,19.99,25000,2,0
pu_00007fv,p_002784,s_p_002784_00004,2024-05-23T09:53:37.004Z,coins_small,0.99,1000,2,0
pu_00007fw,p_002784,s_p_002784_00005,2024-05-27T18:16:02.750Z,coins_large,19.99,25000,6,0
pu_00007fx,p_002784,s_p_002784_00006,2024-05-29T23:33:22.409Z,coins_medium,4.99,5500,8,0
pu_00007fy,p_002784,s_p_002784_00006,2024-05-29T23:27:59.733Z,coins_medium,4.99,5500,8,0
pu_00007fz,p_002784,s_p_002784_00014,2024-06-11T11:10:45.697Z,coins_large,19.99,25000,21,0
pu_00007g0,p_002784,s_p_002784_00015,2024-06-12T15:08:52.474Z,coins_medium,4.99,5500,22,0
pu_00007g1,p_002784,s_p_002784_00018,2024-06-17T09:12:32.806Z,coins_medium,4.99,5500,27,0
pu_00007g2,p_002784,s_p_002784_00020,2024-06-18T23:29:21.944Z,coins_large,19.99,25000,28,0
pu_00007g3,p_002784,s_p_002784_00020,2024-06-18T23:47:45.348Z,coins_medium,4.99,5500,28,0
pu_00007g4,p_002784,s_p_002784_00025,2024-06-23T20:38:13.968Z,coins_medium,4.99,5500,33,0
pu_00007g5,p_002784,s_p_002784_00026,2024-06-24T09:34:49.720Z,coins_medium,4.99,5500,34,0
pu_00007g6,p_002784,s_p_002784_00029,2024-06-27T15:23:53.025Z,vip_monthly,9.99,10000,37,0
pu_00007g7,p_002784,s_p_002784_00032,2024-07-01T15:40:31.940Z,vip_monthly,9.99,10000,41,0
pu_00007g8,p_002784,s_p_002784_00034,2024-07-06T09:20:55.809Z,vip_monthly,9.99,10000,46,0
pu_00007g9,p_002784,s_p_002784_00037,2024-07-07T17:50:55.089Z,coins_large,19.99,25000,47,0
pu_00007ga,p_002784,s_p_002784_00037,2024-07-07T17:39:08.389Z,coins_medium,4.99,5500,47,0
pu_00007gb,p_002784,s_p_002784_00041,2024-07-12T16:29:00.062Z,vip_monthly,9.99,10000,52,0
pu_00007gc,p_002784,s_p_002784_00043,2024-07-16T09:35:56.628Z,coins_large,19.99,25000,56,0
pu_00007gd,p_002784,s_p_002784_00045,2024-07-18T18:59:55.016Z,coins_medium,4.99,5500,58,0
pu_00007ge,p_002784,s_p_002784_00050,2024-07-23T21:50:30.463Z,coins_large,19.99,25000,63,0
pu_00007gf,p_002784,s_p_002784_00055,2024-08-02T13:10:34.866Z,coins_small,0.99,1000,73,0
pu_00007gg,p_002784,s_p_002784_00057,2024-08-02T22:31:29.934Z,vip_monthly,9.99,10000,73,0
pu_00007gh,p_002784,s_p_002784_00067,2024-08-12T09:10:15.718Z,coins_large,19.99,25000,83,0
pu_00007gi,p_002784,s_p_002784_00079,2024-08-27T11:05:40.359Z,coins_large,19.99,25000,98,0
pu_00007gj,p_002784,s_p_002784_00080,2024-08-28T09:59:14.736Z,coins_medium,4.99,5500,99,0
pu_00007gk,p_002784,s_p_002784_00093,2024-09-16T15:25:14.060Z,vip_monthly,9.99,10000,118,0
pu_00007gl,p_002784,s_p_002784_00093,2024-09-16T15:05:18.636Z,vip_monthly,9.99,10000,118,0
pu_00007gm,p_002784,s_p_002784_00097,2024-09-27T14:45:43.987Z,coins_medium,4.99,5500,129,0
pu_00007gn,p_002784,s_p_002784_00098,2024-09-30T09:08:54.285Z,coins_large,19.99,25000,132,0
pu_00007go,p_002784,s_p_002784_00102,2024-10-13T10:29:59.010Z,coins_medium,4.99,5500,145,0
pu_00007gp,p_002784,s_p_002784_00108,2024-10-19T22:37:30.103Z,coins_medium,4.99,5500,151,0
pu_00007gq,p_002784,s_p_002784_00109,2024-10-20T08:22:25.409Z,coins_medium,4.99,5500,152,0
pu_00007gr,p_002784,s_p_002784_00123,2024-11-02T15:14:40.157Z,coins_small,0.99,1000,165,0
pu_00007gs,p_002784,s_p_002784_00125,2024-11-03T23:18:52.059Z,coins_medium,4.99,5500,166,0
pu_00007gt,p_002784,s_p_002784_00129,2024-11-07T20:03:41.718Z,coins_medium,4.99,5500,170,0
pu_00007gu,p_002784,s_p_002784_00142,2024-11-25T13:48:23.321Z,vip_monthly,9.99,10000,188,0
pu_00007gv,p_002784,s_p_002784_00146,2024-11-27T23:17:07.615Z,coins_medium,4.99,5500,190,0
pu_00007gw,p_002784,s_p_002784_00150,2024-12-01T22:23:32.521Z,coins_small,0.99,1000,194,0
pu_00007gx,p_002784,s_p_002784_00153,2024-12-03T10:30:35.789Z,coins_large,19.99,25000,196,0
pu_00007gy,p_002784,s_p_002784_00154,2024-12-03T22:18:25.550Z,coins_medium,4.99,5500,196,0
pu_00007gz,p_002784,s_p_002784_00155,2024-12-03T22:17:32.109Z,vip_monthly,9.99,10000,196,0
pu_00007h0,p_002784,s_p_002784_00156,2024-12-05T07:49:17.742Z,coins_large,19.99,25000,198,0
pu_00007h1,p_002784,s_p_002784_00157,2024-12-05T14:01:16.947Z,coins_large,19.99,25000,198,0
pu_00007h2,p_002784,s_p_002784_00158,2024-12-05T18:48:07.644Z,coins_medium,4.99,5500,198,0
pu_00007h3,p_002784,s_p_002784_00160,2024-12-06T17:48:18.182Z,coins_medium,4.99,5500,199,0
pu_00007h4,p_002718,s_p_002718_00004,2024-06-08T11:41:45.985Z,coins_large,19.99,25000,2,1
pu_00007h5,p_002718,s_p_002718_00004,2024-06-08T11:38:36.810Z,coins_small,0.99,1000,2,0
pu_00007h6,p_002718,s_p_002718_00004,2024-06-08T11:39:46.801Z,vip_monthly,9.99,10000,2,0
pu_00007h7,p_002718,s_p_002718_00005,2024-06-09T17:33:15.927Z,coins_medium,4.99,5500,3,0
pu_00007h8,p_002718,s_p_002718_00012,2024-06-13T11:54:34.895Z,coins_medium,4.99,5500,7,0
pu_00007h9,p_002718,s_p_002718_00015,2024-06-23T23:16:03.574Z,coins_large,19.99,25000,17,0
pu_00007ha,p_002718,s_p_002718_00017,2024-06-24T18:58:55.307Z,coins_large,19.99,25000,18,0
pu_00007hb,p_002718,s_p_002718_00018,2024-06-24T23:10:39.305Z,vip_monthly,9.99,10000,18,0
pu_00007hc,p_002718,s_p_002718_00026,2024-07-08T09:59:15.671Z,coins_small,0.99,1000,32,0
pu_00007hd,p_002718,s_p_002718_00027,2024-07-09T16:04:49.398Z,coins_medium,4.99,5500,33,0
pu_00007he,p_002718,s_p_002718_00027,2024-07-09T16:09:44.338Z,coins_large,19.99,25000,33,0
pu_00007hf,p_002718,s_p_002718_00028,2024-07-10T14:10:35.694Z,vip_monthly,9.99,10000,34,0
pu_00007hg,p_002718,s_p_002718_00031,2024-07-14T06:40:00.428Z,coins_medium,4.99,5500,38,0
pu_00007hh,p_002718,s_p_002718_00035,2024-07-21T08:12:21.155Z,vip_monthly,9.99,10000,45,0
pu_00007hi,p_002718,s_p_002718_00036,2024-07-21T09:19:20.484Z,coins_medium,4.99,5500,45,0
pu_00007hj,p_002718,s_p_002718_00048,2024-08-07T09:37:31.451Z,coins_large,19.99,25000,62,0
pu_00007hk,p_002718,s_p_002718_00051,2024-08-12T08:19:28.392Z,vip_monthly,9.99,10000,67,0
pu_00007hl,p_002718,s_p_002718_00057,2024-08-22T14:34:44.958Z,coins_large,19.99,25000,77,0
pu_00007hm,p_002718,s_p_002718_00059,2024-08-27T21:12:43.791Z,starter_pack,1.99,2000,82,0
pu_00007hn,p_002718,s_p_002718_00061,2024-08-28T11:01:10.516Z,coins_small,0.99,1000,83,0
pu_00007ho,p_002718,s_p_002718_00065,2024-08-31T16:59:12.219Z,vip_monthly,9.99,10000,86,0
pu_00007hp,p_002718,s_p_002718_00068,2024-09-05T14:11:43.809Z,coins_large,19.99,25000,91,0
pu_00007hq,p_002718,s_p_002718_00073,2024-09-11T16:54:42.486Z,coins_medium,4.99,5500,97,0
pu_00007hr,p_002718,s_p_002718_00078,2024-09-17T20:34:14.678Z,coins_large,19.99,25000,103,0
pu_00007hs,p_002718,s_p_002718_00079,2024-09-19T09:40:18.489Z,coins_large,19.99,25000,105,0
pu_00007ht,p_002718,s_p_002718_00082,2024-09-22T15:06:02.054Z,coins_large,19.99,25000,108,0
pu_00007hu,p_002718,s_p_002718_00084,2024-09-25T15:46:00.224Z,coins_medium,4.99,5500,111,0
pu_00007hv,p_002718,s_p_002718_00085,2024-09-26T13:22:52.294Z,coins_large,19.99,25000,112,0
pu_00007hw,p_002718,s_p_002718_00091,2024-10-06T12:54:50.846Z,coins_medium,4.99,5500,122,0
pu_00007hx,p_002718,s_p_002718_00099,2024-10-21T15:58:25.947Z,coins_large,19.99,25000,137,0
pu_00007hy,p_002718,s_p_002718_00100,2024-10-23T06:22:51.366Z,coins_medium,4.99,5500,139,0
pu_00007hz,p_002718,s_p_002718_00112,2024-11-11T14:16:01.716Z,coins_small,0.99,1000,158,0
pu_00007i0,p_002718,s_p_002718_00118,2024-11-21T13:58:12.803Z,coins_large,19.99,25000,168,0
pu_00007i1,p_002718,s_p_002718_00118,2024-11-21T13:57:11.875Z,coins_medium,4.99,5500,168,0
pu_00007i2,p_002718,s_p_002718_00124,2024-11-26T19:01:04.536Z,vip_monthly,9.99,10000,173,0
pu_00007i3,p_002718,s_p_002718_00127,2024-12-02T06:38:11.756Z,coins_small,0.99,1000,179,0
pu_00007i4,p_002718,s_p_002718_00129,2024-12-08T21:24:49.758Z,coins_medium,4.99,5500,185,0
pu_00007i5,p_002936,s_p_002936_00001,2024-08-31T10:32:28.309Z,starter_pack,1.99,2000,8,1
pu_00007i6,p_002936,s_p_002936_00001,2024-08-31T10:30:43.233Z,coins_large,19.99,25000,8,0
pu_00007i7,p_002936,s_p_002936_00003,2024-09-10T19:30:06Z,vip_monthly,9.99,10000,18,0
pu_00007i8,p_002936,s_p_002936_00005,2024-09-25T18:24:21.544Z,coins_medium,4.99,5500,33,0
pu_00007i9,p_002936,s_p_002936_00005,2024-09-25T18:25:58.131Z,coins_small,0.99,1000,33,0
pu_00007ia,p_002936,s_p_002936_00005,2024-09-25T18:25:07.483Z,coins_small,0.99,1000,33,0
pu_00007ib,p_002936,s_p_002936_00006,2024-10-02T10:57:05.798Z,starter_pack,1.99,2000,40,0
pu_00007ic,p_002936,s_p_002936_00006,2024-10-02T10:57:39.601Z,starter_pack,1.99,2000,40,0
pu_00007id,p_002936,s_p_002936_00006,2024-10-02T10:59:04.560Z,coins_small,0.99,1000,40,0
pu_00007ie,p_002936,s_p_002936_00006,2024-10-02T10:57:50.808Z,coins_small,0.99,1000,40,0
pu_00007if,p_002936,s_p_002936_00007,2024-10-02T17:25:54.770Z,coins_small,0.99,1000,40,0
pu_00007ig,p_002936,s_p_002936_00007,2024-10-02T17:27:53.654Z,starter_pack,1.99,2000,40,0
pu_00007ih,p_002936,s_p_002936_00008,2024-10-03T13:11:40.838Z,coins_small,0.99,1000,41,0
pu_00007ii,p_002936,s_p_002936_00008,2024-10-03T13:08:30.299Z,coins_small,0.99,1000,41,0
pu_00007ij,p_002936,s_p_002936_00008,2024-10-03T13:10:10.609Z,starter_pack,1.99,2000,41,0
pu_00007ik,p_002936,s_p_002936_00008,2024-10-03T13:11:39.730Z,coins_medium,4.99,5500,41,0
pu_00007il,p_002936,s_p_002936_00009,2024-10-12T09:46:14.713Z,coins_medium,4.99,5500,50,0
pu_00007im,p_002936,s_p_002936_00010,2024-10-15T23:20:02.758Z,coins_small,0.99,1000,53,0
pu_00007in,p_002992,s_p_002992_00001,2024-05-17T18:56:37.438Z,starter_pack,1.99,2000,25,1
pu_00007io,p_002992,s_p_002992_00003,2024-05-25T21:36:51.975Z,coins_small,0.99,1000,33,0
pu_00007ip,p_002992,s_p_002992_00004,2024-06-04T09:44:26.386Z,coins_small,0.99,1000,43,0
pu_00007iq,p_002992,s_p_002992_00007,2024-06-18T20:20:26.359Z,coins_small,0.99,1000,57,0
pu_00007ir,p_002992,s_p_002992_00009,2024-07-01T21:37:14.931Z,coins_small,0.99,1000,70,0
pu_00007is,p_002992,s_p_002992_00013,2024-07-19T14:00:19.641Z,starter_pack,1.99,2000,88,0
pu_00007it,p_002992,s_p_002992_00015,2024-08-02T15:41:39.924Z,coins_large,19.99,25000,102,0
pu_00007iu,p_002992,s_p_002992_00015,2024-08-02T15:35:54.173Z,coins_medium,4.99,5500,102,0
pu_00007iv,p_002992,s_p_002992_00020,2024-09-18T13:33:38.495Z,coins_medium,4.99,5500,149,0
pu_00007iw,p_002992,s_p_002992_00021,2024-09-27T07:18:06.350Z,coins_medium,4.99,5500,158,0
pu_00007ix,p_002992,s_p_002992_00021,2024-09-27T07:19:07.117Z,coins_medium,4.99,5500,158,0
pu_00007iy,p_002992,s_p_002992_00024,2024-10-13T09:08:44.190Z,coins_large,19.99,25000,174,0
pu_00007iz,p_002992,s_p_002992_00026,2024-11-02T15:01:00.743Z,starter_pack,1.99,2000,194,0
pu_00007j0,p_002758,s_p_002758_00002,2024-05-04T07:08:05.423Z,coins_large,19.99,25000,1,1
pu_00007j1,p_002758,s_p_002758_00002,2024-05-04T06:48:55.582Z,starter_pack,1.99,2000,1,0
pu_00007j2,p_002758,s_p_002758_00003,2024-05-05T10:17:51.814Z,coins_large,19.99,25000,2,0
pu_00007j3,p_002758,s_p_002758_00003,2024-05-05T10:30:51.656Z,coins_small,0.99,1000,2,0
pu_00007j4,p_002758,s_p_002758_00003,2024-05-05T10:14:51.747Z,coins_large,19.99,25000,2,0
pu_00007j5,p_002758,s_p_002758_00003,2024-05-05T10:20:46.431Z,coins_large,19.99,25000,2,0
pu_00007j6,p_002758,s_p_002758_00004,2024-05-06T06:23:46.775Z,coins_medium,4.99,5500,3,0
pu_00007j7,p_002758,s_p_002758_00005,2024-05-08T17:30:39.011Z,coins_medium,4.99,5500,5,0
pu_00007j8,p_002758,s_p_002758_00005,2024-05-08T17:31:16.120Z,coins_medium,4.99,5500,5,0
pu_00007j9,p_002758,s_p_002758_00005,2024-05-08T17:39:23.953Z,coins_medium,4.99,5500,5,0
pu_00007ja,p_002758,s_p_002758_00006,2024-05-08T21:32:48.910Z,coins_large,19.99,25000,5,0
pu_00007jb,p_002758,s_p_002758_00006,2024-05-08T21:36:02.298Z,coins_medium,4.99,5500,5,0
pu_00007jc,p_002758,s_p_002758_00015,2024-05-21T17:06:57.258Z,coins_medium,4.99,5500,18,0
pu_00007jd,p_002758,s_p_002758_00017,2024-05-29T07:56:23.941Z,coins_medium,4.99,5500,26,0
pu_00007je,p_002758,s_p_002758_00018,2024-05-29T17:48:44.946Z,coins_medium,4.99,5500,26,0
pu_00007jf,p_002758,s_p_002758_00034,2024-06-13T08:19:51.319Z,coins_large,19.99,25000,41,0
pu_00007jg,p_002758,s_p_002758_00036,2024-06-16T07:01:10.591Z,coins_medium,4.99,5500,44,0
pu_00007jh,p_002758,s_p_002758_00039,2024-06-18T18:23:06.759Z,coins_large,19.99,25000,46,0
pu_00007ji,p_002758,s_p_002758_00042,2024-06-21T08:29:28.034Z,coins_large,19.99,25000,49,0
pu_00007jj,p_002758,s_p_002758_00043,2024-06-21T14:43:23.304Z,vip_monthly,9.99,10000,49,0
pu_00007jk,p_002758,s_p_002758_00045,2024-06-23T18:26:10.914Z,vip_monthly,9.99,10000,51,0
pu_00007jl,p_002758,s_p_002758_00047,2024-06-25T18:49:30.374Z,coins_medium,4.99,5500,53,0
pu_00007jm,p_002758,s_p_002758_00050,2024-06-27T12:23:04.397Z,starter_pack,1.99,2000,55,0
pu_00007jn,p_002758,s_p_002758_00051,2024-06-27T15:31:20.308Z,coins_medium,4.99,5500,55,0
pu_00007jo,p_002758,s_p_002758_00054,2024-06-29T12:07:25.629Z,coins_small,0.99,1000,57,0
pu_00007jp,p_002758,s_p_002758_00058,2024-07-08T12:01:32.372Z,coins_large,19.99,25000,66,0
pu_00007jq,p_002758,s_p_002758_00059,2024-07-11T16:31:35.424Z,coins_large,19.99,25000,69,0
pu_00007jr,p_002758,s_p_002758_00061,2024-07-13T13:26:43.071Z,coins_small,0.99,1000,71,0
pu_00007js,p_002758,s_p_002758_00062,2024-07-14T11:46:22.330Z,coins_medium,4.99,5500,72,0
pu_00007jt,p_002758,s_p_002758_00064,2024-07-17T17:58:33.337Z,coins_medium,4.99,5500,75,0
pu_00007ju,p_002758,s_p_002758_00067,2024-07-18T13:19:05.645Z,coins_medium,4.99,5500,76,0
pu_00007jv,p_002758,s_p_002758_00068,2024-07-18T22:27:46.095Z,starter_pack,1.99,2000,76,0
pu_00007jw,p_002758,s_p_002758_00072,2024-07-24T13:14:29.435Z,vip_monthly,9.99,10000,82,0
pu_00007jx,p_002758,s_p_002758_00074,2024-07-31T06:31:16.510Z,coins_large,19.99,25000,89,0
pu_00007jy,p_002758,s_p_002758_00075,2024-07-31T18:04:18.631Z,coins_medium,4.99,5500,89,0
pu_00007jz,p_002758,s_p_002758_00077,2024-08-05T22:25:47.411Z,coins_medium,4.99,5500,94,0
pu_00007k0,p_002758,s_p_002758_00082,2024-08-15T22:09:15.717Z,vip_monthly,9.99,10000,104,0
pu_00007k1,p_002758,s_p_002758_00104,2024-09-12T19:57:32.383Z,vip_monthly,9.99,10000,132,0
pu_00007k2,p_002758,s_p_002758_00105,2024-09-13T09:01:38.845Z,coins_large,19.99,25000,133,0
pu_00007k3,p_002758,s_p_002758_00106,2024-09-13T17:11:46.606Z,coins_small,0.99,1000,133,0
pu_00007k4,p_002758,s_p_002758_00109,2024-09-16T10:18:45.772Z,vip_monthly,9.99,10000,136,0
pu_00007k5,p_002758,s_p_002758_00110,2024-09-18T15:22:32.928Z,vip_monthly,9.99,10000,138,0
pu_00007k6,p_002758,s_p_002758_00112,2024-09-20T09:32:35.943Z,coins_medium,4.99,5500,140,0
pu_00007k7,p_002758,s_p_002758_00121,2024-10-04T11:14:28.882Z,vip_monthly,9.99,10000,154,0
pu_00007k8,p_002758,s_p_002758_00122,2024-10-04T20:56:07.246Z,coins_large,19.99,25000,154,0
pu_00007k9,p_002758,s_p_002758_00129,2024-10-11T18:31:26.606Z,coins_small,0.99,1000,161,0
pu_00007ka,p_002758,s_p_002758_00132,2024-10-16T23:45:07.466Z,coins_large,19.99,25000,166,0
pu_00007kb,p_002758,s_p_002758_00134,2024-10-21T17:13:26.467Z,coins_small,0.99,1000,171,0
pu_00007kc,p_002758,s_p_002758_00135,2024-10-22T12:07:10.605Z,coins_large,19.99,25000,172,0
pu_00007kd,p_002758,s_p_002758_00137,2024-10-25T16:09:30.824Z,coins_small,0.99,1000,175,0
pu_00007ke,p_002758,s_p_002758_00137,2024-10-25T16:13:23.789Z,coins_medium,4.99,5500,175,0
pu_00007kf,p_002758,s_p_002758_00138,2024-10-26T21:46:22.229Z,coins_large,19.99,25000,176,0
pu_00007kg,p_002758,s_p_002758_00140,2024-10-28T11:37:14.359Z,coins_medium,4.99,5500,178,0
pu_00007kh,p_002758,s_p_002758_00142,2024-11-02T19:23:40.529Z,coins_small,0.99,1000,183,0
pu_00007ki,p_002758,s_p_002758_00142,2024-11-02T19:30:47.295Z,coins_large,19.99,25000,183,0
pu_00007kj,p_002758,s_p_002758_00143,2024-11-03T22:07:33.180Z,coins_medium,4.99,5500,184,0
pu_00007kk,p_002758,s_p_002758_00143,2024-11-03T22:03:59.608Z,coins_large,19.99,25000,184,0
pu_00007kl,p_002758,s_p_002758_00145,2024-11-04T11:08:35.476Z,coins_medium,4.99,5500,185,0
pu_00007km,p_002758,s_p_002758_00159,2024-11-23T23:12:24.800Z,coins_large,19.99,25000,204,0
pu_00007kn,p_002758,s_p_002758_00165,2024-12-06T20:03:54.759Z,coins_large,19.99,25000,217,0
pu_00007ko,p_002758,s_p_002758_00169,2024-12-16T21:53:57.811Z,coins_small,0.99,1000,227,0
pu_00007kp,p_002758,s_p_002758_00170,2024-12-19T08:44:39.191Z,coins_medium,4.99,5500,230,0
pu_00007kq,p_002758,s_p_002758_00174,2024-12-29T06:28:19.346Z,coins_medium,4.99,5500,240,0
pu_00007kr,p_002884,s_p_002884_00001,2024-03-19T23:24:13.947Z,coins_medium,4.99,5500,12,1
pu_00007ks,p_002884,s_p_002884_00001,2024-03-19T23:22:47.996Z,coins_small,0.99,1000,12,0
pu_00007kt,p_002884,s_p_002884_00002,2024-03-24T16:49:35.505Z,coins_large,19.99,25000,17,0
pu_00007ku,p_002884,s_p_002884_00002,2024-03-24T16:53:29.125Z,coins_small,0.99,1000,17,0
pu_00007kv,p_002884,s_p_002884_00004,2024-04-03T23:09:32.034Z,coins_small,0.99,1000,27,0
pu_00007kw,p_002884,s_p_002884_00004,2024-04-03T23:11:11.569Z,starter_pack,1.99,2000,27,0
pu_00007kx,p_002884,s_p_002884_00005,2024-04-08T10:02:37.800Z,coins_small,0.99,1000,32,0
pu_00007ky,p_002884,s_p_002884_00006,2024-05-02T06:35:50.904Z,vip_monthly,9.99,10000,56,0
pu_00007kz,p_002884,s_p_002884_00006,2024-05-02T06:37:24.141Z,starter_pack,1.99,2000,56,0
pu_00007l0,p_002884,s_p_002884_00007,2024-05-12T22:44:45.977Z,coins_small,0.99,1000,66,0
pu_00007l1,p_002884,s_p_002884_00008,2024-05-18T06:16:21.685Z,coins_small,0.99,1000,72,0
pu_00007l2,p_002884,s_p_002884_00008,2024-05-18T06:17:05.677Z,coins_small,0.99,1000,72,0
pu_00007l3,p_002884,s_p_002884_00008,2024-05-18T06:17:03.347Z,vip_monthly,9.99,10000,72,0
pu_00007l4,p_002884,s_p_002884_00008,2024-05-18T06:15:04.680Z,coins_small,0.99,1000,72,0
pu_00007l5,p_002884,s_p_002884_00008,2024-05-18T06:17:59.969Z,coins_small,0.99,1000,72,0
pu_00007l6,p_002884,s_p_002884_00009,2024-05-18T21:19:40.736Z,coins_medium,4.99,5500,72,0
pu_00007l7,p_002884,s_p_002884_00009,2024-05-18T21:17:21.820Z,vip_monthly,9.99,10000,72,0
pu_00007l8,p_002884,s_p_002884_00009,2024-05-18T21:19:41.072Z,coins_small,0.99,1000,72,0
pu_00007l9,p_002884,s_p_002884_00010,2024-05-21T15:28:42.636Z,coins_medium,4.99,5500,75,0
pu_00007la,p_002884,s_p_002884_00011,2024-05-22T10:56:28.623Z,coins_small,0.99,1000,76,0
pu_00007lb,p_002884,s_p_002884_00012,2024-05-22T13:39:06.905Z,coins_medium,4.99,5500,76,0
pu_00007lc,p_002884,s_p_002884_00013,2024-05-23T08:50:13.061Z,coins_small,0.99,1000,77,0
pu_00007ld,p_002884,s_p_002884_00013,2024-05-23T08:49:03.855Z,coins_small,0.99,1000,77,0
pu_00007le,p_002884,s_p_002884_00015,2024-05-30T18:45:54.292Z,coins_small,0.99,1000,84,0
pu_00007lf,p_002858,s_p_002858_00003,2024-03-26T11:07:08.197Z,coins_small,0.99,1000,13,1
pu_00007lg,p_002858,s_p_002858_00006,2024-04-10T19:31:21.561Z,starter_pack,1.99,2000,28,0
pu_00007lh,p_002858,s_p_002858_00008,2024-04-21T23:15:45.801Z,coins_small,0.99,1000,39,0
pu_00007li,p_002858,s_p_002858_00008,2024-04-21T23:12:53.933Z,vip_monthly,9.99,10000,39,0
pu_00007lj,p_002858,s_p_002858_00011,2024-05-11T15:19:48.846Z,coins_small,0.99,1000,59,0
pu_00007lk,p_002858,s_p_002858_00012,2024-05-11T21:35:14.327Z,coins_small,0.99,1000,59,0
pu_00007ll,p_002858,s_p_002858_00012,2024-05-11T21:34:45.725Z,starter_pack,1.99,2000,59,0
pu_00007lm,p_002858,s_p_002858_00014,2024-05-18T11:17:43.370Z,coins_small,0.99,1000,66,0
pu_00007ln,p_002858,s_p_002858_00016,2024-05-30T18:23:35.837Z,coins_medium,4.99,5500,78,0
pu_00007lo,p_002858,s_p_002858_00017,2024-06-01T10:36:45.704Z,coins_small,0.99,1000,80,0
pu_00007lp,p_002858,s_p_002858_00019,2024-06-23T22:17:21.464Z,coins_medium,4.99,5500,102,0
pu_00007lq,p_002858,s_p_002858_00021,2024-07-09T11:28:47.508Z,coins_small,0.99,1000,118,0
pu_00007lr,p_002830,s_p_002830_00001,2024-05-29T20:07:41.420Z,coins_medium,4.99,5500,0,1
pu_00007ls,p_002830,s_p_002830_00002,2024-05-30T21:37:03.330Z,coins_medium,4.99,5500,1,0
pu_00007lt,p_002830,s_p_002830_00002,2024-05-30T21:29:15.004Z,vip_monthly,9.99,10000,1,0
pu_00007lu,p_002830,s_p_002830_00003,2024-05-31T06:45:46.299Z,coins_medium,4.99,5500,2,0
pu_00007lv,p_002830,s_p_002830_00003,2024-05-31T06:44:04.332Z,coins_large,19.99,25000,2,0
pu_00007lw,p_002830,s_p_002830_00003,2024-05-31T06:48:32.298Z,coins_large,19.99,25000,2,0
pu_00007lx,p_002830,s_p_002830_00004,2024-05-31T08:48:37.344Z,coins_medium,4.99,5500,2,0
pu_00007ly,p_002830,s_p_002830_00004,2024-05-31T08:54:59.523Z,coins_large,19.99,25000,2,0
pu_00007lz,p_002830,s_p_002830_00004,2024-05-31T08:51:20.501Z,coins_large,19.99,25000,2,0
pu_00007m0,p_002830,s_p_002830_00004,2024-05-31T08:54:26.130Z,coins_medium,4.99,5500,2,0
pu_00007m1,p_002830,s_p_002830_00005,2024-06-01T06:21:08.061Z,coins_small,0.99,1000,3,0
pu_00007m2,p_002830,s_p_002830_00005,2024-06-01T06:19:00.957Z,coins_large,19.99,25000,3,0
pu_00007m3,p_002830,s_p_002830_00005,2024-06-01T06:31:26.260Z,coins_large,19.99,25000,3,0
pu_00007m4,p_002830,s_p_002830_00006,2024-06-01T14:41:55.654Z,vip_monthly,9.99,10000,3,0
pu_00007m5,p_002830,s_p_002830_00006,2024-06-01T14:29:12.249Z,coins_large,19.99,25000,3,0
pu_00007m6,p_002830,s_p_002830_00006,2024-06-01T14:29:40.186Z,coins_large,19.99,25000,3,0
pu_00007m7,p_002830,s_p_002830_00010,2024-06-11T16:16:21.827Z,coins_large,19.99,25000,13,0
pu_00007m8,p_002830,s_p_002830_00011,2024-06-12T17:26:57.606Z,coins_medium,4.99,5500,14,0
pu_00007m9,p_002830,s_p_002830_00012,2024-06-13T11:26:37.493Z,coins_medium,4.99,5500,15,0
pu_00007ma,p_002830,s_p_002830_00015,2024-06-17T16:02:34.501Z,coins_large,19.99,25000,19,0
pu_00007mb,p_002830,s_p_002830_00016,2024-06-21T11:13:32.991Z,coins_medium,4.99,5500,23,0
pu_00007mc,p_002830,s_p_002830_00019,2024-06-22T23:35:00.914Z,coins_large,19.99,25000,24,0
pu_00007md,p_002830,s_p_002830_00021,2024-06-23T17:53:51.712Z,coins_large,19.99,25000,25,0
pu_00007me,p_002830,s_p_002830_00025,2024-07-03T14:39:20.683Z,coins_large,19.99,25000,35,0
pu_00007mf,p_002830,s_p_002830_00025,2024-07-03T14:29:45.311Z,coins_medium,4.99,5500,35,0
pu_00007mg,p_002830,s_p_002830_00025,2024-07-03T14:15:02.956Z,coins_large,19.99,25000,35,0
pu_00007mh,p_002830,s_p_002830_00026,2024-07-03T22:15:23.492Z,coins_medium,4.99,5500,35,0
pu_00007mi,p_002830,s_p_002830_00030,2024-07-07T17:05:37.224Z,coins_large,19.99,25000,39,0
pu_00007mj,p_002830,s_p_002830_00034,2024-07-19T13:20:06.002Z,coins_medium,4.99,5500,51,0
pu_00007mk,p_002830,s_p_002830_00036,2024-07-23T11:13:47.819Z,coins_medium,4.99,5500,55,0
pu_00007ml,p_002830,s_p_002830_00036,2024-07-23T11:19:52.743Z,coins_large,19.99,25000,55,0
pu_00007mm,p_002830,s_p_002830_00038,2024-07-24T12:50:27.075Z,coins_medium,4.99,5500,56,0
pu_00007mn,p_002830,s_p_002830_00039,2024-07-24T17:31:47.715Z,coins_large,19.99,25000,56,0
pu_00007mo,p_002830,s_p_002830_00041,2024-07-27T08:36:06.501Z,coins_large,19.99,25000,59,0
pu_00007mp,p_002830,s_p_002830_00045,2024-08-02T10:07:55.061Z,coins_medium,4.99,5500,65,0
pu_00007mq,p_002830,s_p_002830_00045,2024-08-02T09:51:40.208Z,coins_large,19.99,25000,65,0
pu_00007mr,p_002830,s_p_002830_00046,2024-08-03T06:45:19.801Z,coins_large,19.99,25000,66,0
pu_00007ms,p_002830,s_p_002830_00047,2024-08-04T09:05:16.345Z,coins_large,19.99,25000,67,0
pu_00007mt,p_002830,s_p_002830_00047,2024-08-04T09:19:26.873Z,coins_small,0.99,1000,67,0
pu_00007mu,p_002830,s_p_002830_00048,2024-08-04T12:31:58.684Z,coins_large,19.99,25000,67,0
pu_00007mv,p_002830,s_p_002830_00049,2024-08-05T21:11:24.627Z,coins_medium,4.99,5500,68,0
pu_00007mw,p_002830,s_p_002830_00050,2024-08-06T11:01:45.484Z,coins_large,19.99,25000,69,0
pu_00007mx,p_002830,s_p_002830_00054,2024-08-08T16:34:55.696Z,coins_medium,4.99,5500,71,0
pu_00007my,p_002830,s_p_002830_00060,2024-08-14T21:43:12.214Z,coins_large,19.99,25000,77,0
pu_00007mz,p_002830,s_p_002830_00061,2024-08-15T21:28:27.282Z,coins_large,19.99,25000,78,0
pu_00007n0,p_002830,s_p_002830_00062,2024-08-17T14:10:07.684Z,coins_large,19.99,25000,80,0
pu_00007n1,p_002830,s_p_002830_00063,2024-08-18T23:00:40.607Z,coins_medium,4.99,5500,81,0
pu_00007n2,p_002830,s_p_002830_00066,2024-08-21T19:50:49.778Z,coins_large,19.99,25000,84,0
pu_00007n3,p_002830,s_p_002830_00066,2024-08-21T19:59:55.936Z,coins_medium,4.99,5500,84,0
pu_00007n4,p_002830,s_p_002830_00070,2024-08-28T16:43:59.758Z,coins_medium,4.99,5500,91,0
pu_00007n5,p_002830,s_p_002830_00073,2024-09-07T18:50:16.896Z,coins_medium,4.99,5500,101,0
pu_00007n6,p_002830,s_p_002830_00076,2024-09-11T06:13:13.996Z,coins_small,0.99,1000,105,0
pu_00007n7,p_002830,s_p_002830_00077,2024-09-11T20:21:31.083Z,vip_monthly,9.99,10000,105,0
pu_00007n8,p_002830,s_p_002830_00077,2024-09-11T20:22:03.032Z,coins_medium,4.99,5500,105,0
pu_00007n9,p_002830,s_p_002830_00078,2024-09-12T08:31:56.043Z,coins_large,19.99,25000,106,0
pu_00007na,p_002830,s_p_002830_00081,2024-09-14T18:52:42.331Z,coins_large,19.99,25000,108,0
pu_00007nb,p_002830,s_p_002830_00082,2024-09-15T19:44:35.124Z,coins_small,0.99,1000,109,0
pu_00007nc,p_002830,s_p_002830_00087,2024-09-21T14:05:30.362Z,coins_medium,4.99,5500,115,0
pu_00007nd,p_002830,s_p_002830_00089,2024-09-22T19:11:25.083Z,coins_large,19.99,25000,116,0
pu_00007ne,p_002830,s_p_002830_00089,2024-09-22T19:05:02.840Z,starter_pack,1.99,2000,116,0
pu_00007nf,p_002830,s_p_002830_00091,2024-09-28T17:05:49.191Z,vip_monthly,9.99,10000,122,0
pu_00007ng,p_002830,s_p_002830_00091,2024-09-28T17:01:27.029Z,vip_monthly,9.99,10000,122,0
pu_00007nh,p_002830,s_p_002830_00097,2024-10-13T07:18:59.398Z,coins_medium,4.99,5500,137,0
pu_00007ni,p_002830,s_p_002830_00101,2024-10-25T10:03:38.217Z,coins_large,19.99,25000,149,0
pu_00007nj,p_002830,s_p_002830_00101,2024-10-25T09:58:33.337Z,starter_pack,1.99,2000,149,0
pu_00007nk,p_002830,s_p_002830_00102,2024-10-26T17:34:21.088Z,coins_small,0.99,1000,150,0
pu_00007nl,p_002830,s_p_002830_00103,2024-10-27T15:17:37.784Z,coins_medium,4.99,5500,151,0
pu_00007nm,p_002830,s_p_002830_00106,2024-10-29T17:44:01.416Z,coins_large,19.99,25000,153,0
pu_00007nn,p_002830,s_p_002830_00107,2024-10-29T23:15:25.143Z,coins_large,19.99,25000,153,0
pu_00007no,p_002830,s_p_002830_00109,2024-11-03T10:21:20.161Z,coins_medium,4.99,5500,158,0
pu_00007np,p_002830,s_p_002830_00110,2024-11-05T07:49:19.171Z,coins_large,19.99,25000,160,0
pu_00007nq,p_002830,s_p_002830_00110,2024-11-05T07:53:31.732Z,coins_medium,4.99,5500,160,0
pu_00007nr,p_002830,s_p_002830_00114,2024-11-20T10:25:39.479Z,starter_pack,1.99,2000,175,0
pu_00007ns,p_002830,s_p_002830_00116,2024-11-21T17:16:24.859Z,coins_large,19.99,25000,176,0
pu_00007nt,p_002830,s_p_002830_00118,2024-11-22T18:44:32.272Z,vip_monthly,9.99,10000,177,0
pu_00007nu,p_002830,s_p_002830_00119,2024-11-22T22:43:19.922Z,coins_medium,4.99,5500,177,0
pu_00007nv,p_002830,s_p_002830_00127,2024-12-05T18:23:09.778Z,vip_monthly,9.99,10000,190,0
pu_00007nw,p_002830,s_p_002830_00127,2024-12-05T18:29:07.025Z,coins_large,19.99,25000,190,0
pu_00007nx,p_002830,s_p_002830_00129,2024-12-11T16:29:37.020Z,coins_medium,4.99,5500,196,0
pu_00007ny,p_002830,s_p_002830_00131,2024-12-14T09:18:00.966Z,coins_medium,4.99,5500,199,0
pu_00007nz,p_002919,s_p_002919_00005,2024-06-05T08:55:00.796Z,coins_medium,4.99,5500,23,1
pu_00007o0,p_002919,s_p_002919_00005,2024-06-05T08:50:41.213Z,coins_small,0.99,1000,23,0
pu_00007o1,p_002919,s_p_002919_00013,2024-07-27T18:29:12.058Z,coins_medium,4.99,5500,75,0
pu_00007o2,p_002877,s_p_002877_00001,2024-03-23T09:46:19.479Z,vip_monthly,9.99,10000,6,1
pu_00007o3,p_002877,s_p_002877_00002,2024-03-23T13:09:01.237Z,coins_medium,4.99,5500,6,0
pu_00007o4,p_002877,s_p_002877_00002,2024-03-23T13:06:54.748Z,coins_medium,4.99,5500,6,0
pu_00007o5,p_002877,s_p_002877_00004,2024-03-27T17:48:13.906Z,coins_medium,4.99,5500,10,0
pu_00007o6,p_002877,s_p_002877_00004,2024-03-27T17:47:32.959Z,coins_small,0.99,1000,10,0
pu_00007o7,p_002877,s_p_002877_00005,2024-03-28T18:11:13.149Z,coins_small,0.99,1000,11,0
pu_00007o8,p_002877,s_p_002877_00005,2024-03-28T18:10:09.727Z,starter_pack,1.99,2000,11,0
pu_00007o9,p_002877,s_p_002877_00005,2024-03-28T18:13:15.534Z,starter_pack,1.99,2000,11,0
pu_00007oa,p_002877,s_p_002877_00005,2024-03-28T18:06:22.373Z,coins_small,0.99,1000,11,0
pu_00007ob,p_002877,s_p_002877_00007,2024-04-12T13:09:22.670Z,coins_small,0.99,1000,26,0
pu_00007oc,p_002877,s_p_002877_00007,2024-04-12T13:05:30.586Z,coins_small,0.99,1000,26,0
pu_00007od,p_002877,s_p_002877_00007,2024-04-12T13:08:07.485Z,coins_small,0.99,1000,26,0
pu_00007oe,p_002877,s_p_002877_00008,2024-04-15T21:27:08.496Z,coins_small,0.99,1000,29,0
pu_00007of,p_002877,s_p_002877_00010,2024-05-02T17:24:14.665Z,coins_small,0.99,1000,46,0
pu_00007og,p_002877,s_p_002877_00011,2024-05-25T18:25:07.412Z,coins_large,19.99,25000,69,0
pu_00007oh,p_002877,s_p_002877_00011,2024-05-25T18:24:58.856Z,coins_medium,4.99,5500,69,0
pu_00007oi,p_002877,s_p_002877_00012,2024-06-02T11:20:00.752Z,coins_small,0.99,1000,77,0
pu_00007oj,p_002877,s_p_002877_00012,2024-06-02T11:17:05.720Z,coins_small,0.99,1000,77,0
pu_00007ok,p_002877,s_p_002877_00013,2024-06-12T21:54:00.315Z,coins_small,0.99,1000,87,0
pu_00007ol,p_002801,s_p_002801_00001,2024-04-16T20:30:02.945Z,coins_medium,4.99,5500,0,1
pu_00007om,p_002801,s_p_002801_00001,2024-04-16T20:27:24.889Z,coins_small,0.99,1000,0,0
pu_00007on,p_002801,s_p_002801_00002,2024-04-16T22:23:07.561Z,coins_medium,4.99,5500,0,0
pu_00007oo,p_002801,s_p_002801_00002,2024-04-16T22:17:03.079Z,coins_large,19.99,25000,0,0
pu_00007op,p_002801,s_p_002801_00002,2024-04-16T22:23:03.239Z,coins_medium,4.99,5500,0,0
pu_00007oq,p_002801,s_p_002801_00003,2024-04-17T10:53:44.152Z,coins_medium,4.99,5500,1,0
pu_00007or,p_002801,s_p_002801_00003,2024-04-17T10:49:38.929Z,coins_medium,4.99,5500,1,0
pu_00007os,p_002801,s_p_002801_00004,2024-04-18T11:21:43.345Z,vip_monthly,9.99,10000,2,0
pu_00007ot,p_002801,s_p_002801_00005,2024-04-19T12:52:14.617Z,coins_medium,4.99,5500,3,0
pu_00007ou,p_002801,s_p_002801_00005,2024-04-19T13:01:26.251Z,coins_medium,4.99,5500,3,0
pu_00007ov,p_002801,s_p_002801_00006,2024-04-23T12:59:56.015Z,coins_large,19.99,25000,7,0
pu_00007ow,p_002801,s_p_002801_00006,2024-04-23T12:55:58.981Z,coins_medium,4.99,5500,7,0
pu_00007ox,p_002801,s_p_002801_00009,2024-04-28T09:44:22.574Z,coins_large,19.99,25000,12,0
pu_00007oy,p_002801,s_p_002801_00009,2024-04-28T09:45:15.406Z,coins_medium,4.99,5500,12,0
pu_00007oz,p_002801,s_p_002801_00016,2024-05-05T13:50:06.336Z,vip_monthly,9.99,10000,19,0
pu_00007p0,p_002801,s_p_002801_00017,2024-05-05T22:55:36.331Z,vip_monthly,9.99,10000,19,0
pu_00007p1,p_002801,s_p_002801_00019,2024-05-07T13:26:12.487Z,vip_monthly,9.99,10000,21,0
pu_00007p2,p_002801,s_p_002801_00022,2024-05-14T07:04:55.687Z,vip_monthly,9.99,10000,28,0
pu_00007p3,p_002801,s_p_002801_00024,2024-05-14T13:48:36.150Z,vip_monthly,9.99,10000,28,0
pu_00007p4,p_002801,s_p_002801_00026,2024-05-17T21:32:26.887Z,coins_medium,4.99,5500,31,0
pu_00007p5,p_002801,s_p_002801_00028,2024-05-18T16:22:22.533Z,coins_large,19.99,25000,32,0
pu_00007p6,p_002801,s_p_002801_00030,2024-05-24T07:31:28.519Z,vip_monthly,9.99,10000,38,0
pu_00007p7,p_002801,s_p_002801_00032,2024-05-24T14:28:16.978Z,coins_large,19.99,25000,38,0
pu_00007p8,p_002801,s_p_002801_00032,2024-05-24T14:25:15.206Z,starter_pack,1.99,2000,38,0
pu_00007p9,p_002801,s_p_002801_00034,2024-05-25T16:39:20.294Z,vip_monthly,9.99,10000,39,0
pu_00007pa,p_002801,s_p_002801_00038,2024-05-29T06:21:40.539Z,coins_large,19.99,25000,43,0
pu_00007pb,p_002801,s_p_002801_00040,2024-06-03T08:01:40.032Z,coins_medium,4.99,5500,48,0
pu_00007pc,p_002801,s_p_002801_00045,2024-06-16T08:43:26.141Z,coins_medium,4.99,5500,61,0
pu_00007pd,p_002801,s_p_002801_00046,2024-06-17T20:32:52.701Z,coins_medium,4.99,5500,62,0
pu_00007pe,p_002801,s_p_002801_00047,2024-06-17T23:34:03.543Z,coins_medium,4.99,5500,62,0
pu_00007pf,p_002801,s_p_002801_00048,2024-06-18T13:49:27.970Z,coins_small,0.99,1000,63,0
pu_00007pg,p_002801,s_p_002801_00058,2024-07-05T15:37:24.771Z,coins_medium,4.99,5500,80,0
pu_00007ph,p_002801,s_p_002801_00058,2024-07-05T15:34:29.626Z,coins_small,0.99,1000,80,0
pu_00007pi,p_002801,s_p_002801_00063,2024-07-10T22:28:33.747Z,coins_medium,4.99,5500,85,0
pu_00007pj,p_002801,s_p_002801_00064,2024-07-10T22:36:32.687Z,coins_large,19.99,25000,85,0
pu_00007pk,p_002801,s_p_002801_00064,2024-07-10T22:30:57.124Z,coins_large,19.99,25000,85,0
pu_00007pl,p_002801,s_p_002801_00067,2024-07-13T08:33:56.690Z,coins_large,19.99,25000,88,0
pu_00007pm,p_002801,s_p_002801_00067,2024-07-13T08:14:03.061Z,coins_large,19.99,25000,88,0
pu_00007pn,p_002801,s_p_002801_00071,2024-07-18T15:54:48.911Z,coins_medium,4.99,5500,93,0
pu_00007po,p_002801,s_p_002801_00075,2024-07-26T12:14:51.885Z,coins_large,19.99,25000,101,0
pu_00007pp,p_002801,s_p_002801_00082,2024-08-09T11:31:56.071Z,coins_large,19.99,25000,115,0
pu_00007pq,p_002801,s_p_002801_00083,2024-08-09T19:54:19.558Z,coins_medium,4.99,5500,115,0
pu_00007pr,p_002801,s_p_002801_00089,2024-08-14T13:49:56.517Z,coins_large,19.99,25000,120,0
pu_00007ps,p_002801,s_p_002801_00090,2024-08-15T20:11:06.641Z,coins_large,19.99,25000,121,0
pu_00007pt,p_002801,s_p_002801_00090,2024-08-15T20:07:30.547Z,coins_large,19.99,25000,121,0
pu_00007pu,p_002801,s_p_002801_00090,2024-08-15T20:16:48.738Z,coins_large,19.99,25000,121,0
pu_00007pv,p_002801,s_p_002801_00091,2024-08-16T11:37:43.182Z,coins_medium,4.99,5500,122,0
pu_00007pw,p_002801,s_p_002801_00092,2024-08-17T13:15:57.942Z,coins_medium,4.99,5500,123,0
pu_00007px,p_002801,s_p_002801_00095,2024-08-21T06:53:44.225Z,coins_large,19.99,25000,127,0
pu_00007py,p_002801,s_p_002801_00100,2024-08-28T22:31:38.144Z,coins_large,19.99,25000,134,0
pu_00007pz,p_002801,s_p_002801_00101,2024-08-29T09:46:37.276Z,coins_large,19.99,25000,135,0
pu_00007q0,p_002801,s_p_002801_00102,2024-08-31T14:22:01.853Z,coins_small,0.99,1000,137,0
pu_00007q1,p_002801,s_p_002801_00103,2024-08-31T14:35:20.677Z,coins_large,19.99,25000,137,0
pu_00007q2,p_002801,s_p_002801_00104,2024-08-31T19:37:25.708Z,coins_large,19.99,25000,137,0
pu_00007q3,p_002801,s_p_002801_00107,2024-09-03T18:38:43.566Z,coins_small,0.99,1000,140,0
pu_00007q4,p_002801,s_p_002801_00108,2024-09-04T14:27:54.515Z,coins_medium,4.99,5500,141,0
pu_00007q5,p_002801,s_p_002801_00110,2024-09-08T15:03:15.774Z,vip_monthly,9.99,10000,145,0
pu_00007q6,p_002801,s_p_002801_00121,2024-09-28T08:19:47.858Z,coins_medium,4.99,5500,165,0
pu_00007q7,p_002801,s_p_002801_00121,2024-09-28T08:25:20.392Z,starter_pack,1.99,2000,165,0
pu_00007q8,p_002801,s_p_002801_00125,2024-10-04T07:32:35.894Z,coins_small,0.99,1000,171,0
pu_00007q9,p_002801,s_p_002801_00129,2024-10-09T08:07:56.074Z,coins_medium,4.99,5500,176,0
pu_00007qa,p_002801,s_p_002801_00130,2024-10-09T09:30:00.364Z,coins_medium,4.99,5500,176,0
pu_00007qb,p_002801,s_p_002801_00130,2024-10-09T09:34:12.812Z,coins_medium,4.99,5500,176,0
pu_00007qc,p_002801,s_p_002801_00133,2024-10-14T12:52:42.504Z,coins_large,19.99,25000,181,0
pu_00007qd,p_002769,s_p_002769_00001,2024-03-06T08:20:20.963Z,coins_large,19.99,25000,1,1
pu_00007qe,p_002769,s_p_002769_00001,2024-03-06T08:26:13.159Z,coins_small,0.99,1000,1,0
pu_00007qf,p_002769,s_p_002769_00002,2024-03-06T12:24:31.652Z,coins_large,19.99,25000,1,0
pu_00007qg,p_002769,s_p_002769_00002,2024-03-06T12:07:56.039Z,coins_large,19.99,25000,1,0
pu_00007qh,p_002769,s_p_002769_00003,2024-03-08T18:22:00.805Z,coins_large,19.99,25000,3,0
pu_00007qi,p_002769,s_p_002769_00004,2024-03-08T21:31:04.716Z,coins_large,19.99,25000,3,0
pu_00007qj,p_002769,s_p_002769_00004,2024-03-08T21:37:54.128Z,coins_large,19.99,25000,3,0
pu_00007qk,p_002769,s_p_002769_00004,2024-03-08T21:38:09.119Z,vip_monthly,9.99,10000,3,0
pu_00007ql,p_002769,s_p_002769_00004,2024-03-08T21:39:34.206Z,coins_medium,4.99,5500,3,0
pu_00007qm,p_002769,s_p_002769_00004,2024-03-08T21:45:53.330Z,coins_medium,4.99,5500,3,0
pu_00007qn,p_002769,s_p_002769_00005,2024-03-11T10:43:58.054Z,coins_medium,4.99,5500,6,0
pu_00007qo,p_002769,s_p_002769_00005,2024-03-11T10:43:40.884Z,coins_large,19.99,25000,6,0
pu_00007qp,p_002769,s_p_002769_00006,2024-03-14T06:47:02.731Z,coins_medium,4.99,5500,9,0
pu_00007qq,p_002769,s_p_002769_00006,2024-03-14T06:48:30.025Z,vip_monthly,9.99,10000,9,0
pu_00007qr,p_002769,s_p_002769_00007,2024-03-15T10:19:44.965Z,coins_large,19.99,25000,10,0
pu_00007qs,p_002769,s_p_002769_00008,2024-03-16T06:59:16.680Z,coins_small,0.99,1000,11,0
pu_00007qt,p_002769,s_p_002769_00018,2024-04-04T15:55:34.065Z,vip_monthly,9.99,10000,30,0
pu_00007qu,p_002769,s_p_002769_00021,2024-04-11T10:53:21.113Z,coins_medium,4.99,5500,37,0
pu_00007qv,p_002769,s_p_002769_00022,2024-04-15T12:55:16.704Z,starter_pack,1.99,2000,41,0
pu_00007qw,p_002769,s_p_002769_00022,2024-04-15T12:27:09.832Z,coins_large,19.99,25000,41,0
pu_00007qx,p_002769,s_p_002769_00022,2024-04-15T12:49:21.339Z,coins_large,19.99,25000,41,0
pu_00007qy,p_002769,s_p_002769_00024,2024-04-16T23:09:32.757Z,coins_small,0.99,1000,42,0
pu_00007qz,p_002769,s_p_002769_00024,2024-04-16T23:06:53.259Z,vip_monthly,9.99,10000,42,0
pu_00007r0,p_002769,s_p_002769_00026,2024-04-17T16:33:35.463Z,coins_small,0.99,1000,43,0
pu_00007r1,p_002769,s_p_002769_00028,2024-04-20T12:23:07.995Z,coins_medium,4.99,5500,46,0
pu_00007r2,p_002769,s_p_002769_00029,2024-04-20T15:44:52.001Z,coins_medium,4.99,5500,46,0
pu_00007r3,p_002769,s_p_002769_00031,2024-04-22T18:40:35.001Z,vip_monthly,9.99,10000,48,0
pu_00007r4,p_002769,s_p_002769_00031,2024-04-22T18:42:11.391Z,vip_monthly,9.99,10000,48,0
pu_00007r5,p_002769,s_p_002769_00034,2024-04-23T07:21:58.491Z,coins_small,0.99,1000,49,0
pu_00007r6,p_002769,s_p_002769_00035,2024-04-24T20:07:31.876Z,vip_monthly,9.99,10000,50,0
pu_00007r7,p_002769,s_p_002769_00036,2024-04-25T17:39:50.147Z,coins_large,19.99,25000,51,0
pu_00007r8,p_002769,s_p_002769_00039,2024-04-30T14:49:05.942Z,coins_large,19.99,25000,56,0
pu_00007r9,p_002769,s_p_002769_00040,2024-05-01T09:46:47.927Z,coins_large,19.99,25000,57,0
pu_00007ra,p_002769,s_p_002769_00043,2024-05-05T17:56:41.424Z,coins_large,19.99,25000,61,0
pu_00007rb,p_002769,s_p_002769_00045,2024-05-09T21:27:26.233Z,coins_medium,4.99,5500,65,0
pu_00007rc,p_002769,s_p_002769_00046,2024-05-11T23:03:50.431Z,coins_small,0.99,1000,67,0
pu_00007rd,p_002769,s_p_002769_00051,2024-05-14T23:07:28.785Z,coins_medium,4.99,5500,70,0
pu_00007re,p_002769,s_p_002769_00052,2024-05-15T13:46:51.941Z,coins_medium,4.99,5500,71,0
pu_00007rf,p_002769,s_p_002769_00052,2024-05-15T13:59:05.406Z,coins_medium,4.99,5500,71,0
pu_00007rg,p_002769,s_p_002769_00053,2024-05-15T21:46:27.482Z,coins_large,19.99,25000,71,0
pu_00007rh,p_002769,s_p_002769_00057,2024-05-21T20:45:36.390Z,coins_large,19.99,25000,77,0
pu_00007ri,p_002769,s_p_002769_00059,2024-05-24T10:09:39.150Z,coins_medium,4.99,5500,80,0
pu_00007rj,p_002769,s_p_002769_00064,2024-05-30T23:29:32.908Z,coins_medium,4.99,5500,86,0
pu_00007rk,p_002769,s_p_002769_00068,2024-06-07T19:53:13.900Z,coins_medium,4.99,5500,94,0
pu_00007rl,p_002769,s_p_002769_00076,2024-06-19T13:48:34.770Z,coins_medium,4.99,5500,106,0
pu_00007rm,p_002769,s_p_002769_00076,2024-06-19T13:42:50.840Z,vip_monthly,9.99,10000,106,0
pu_00007rn,p_002769,s_p_002769_00078,2024-06-21T12:30:51.762Z,coins_large,19.99,25000,108,0
pu_00007ro,p_002769,s_p_002769_00079,2024-06-22T09:42:42.258Z,coins_large,19.99,25000,109,0
pu_00007rp,p_002769,s_p_002769_00081,2024-06-28T08:32:16.426Z,coins_medium,4.99,5500,115,0
pu_00007rq,p_002769,s_p_002769_00083,2024-06-29T23:16:21.578Z,coins_small,0.99,1000,116,0
pu_00007rr,p_002769,s_p_002769_00085,2024-07-01T10:05:30.808Z,coins_small,0.99,1000,118,0
pu_00007rs,p_002769,s_p_002769_00090,2024-07-04T22:11:02.259Z,coins_small,0.99,1000,121,0
pu_00007rt,p_002769,s_p_002769_00093,2024-07-05T23:37:03.618Z,coins_large,19.99,25000,122,0
pu_00007ru,p_002769,s_p_002769_00094,2024-07-06T16:20:03.545Z,vip_monthly,9.99,10000,123,0
pu_00007rv,p_002769,s_p_002769_00095,2024-07-07T17:20:56.252Z,coins_medium,4.99,5500,124,0
pu_00007rw,p_002769,s_p_002769_00095,2024-07-07T17:28:15.589Z,coins_large,19.99,25000,124,0
pu_00007rx,p_002769,s_p_002769_00096,2024-07-08T20:12:32.889Z,vip_monthly,9.99,10000,125,0
pu_00007ry,p_002769,s_p_002769_00097,2024-07-10T15:00:53.427Z,vip_monthly,9.99,10000,127,0
pu_00007rz,p_002769,s_p_002769_00098,2024-07-12T18:39:11.019Z,vip_monthly,9.99,10000,129,0
pu_00007s0,p_002769,s_p_002769_00102,2024-07-18T23:32:59.890Z,coins_medium,4.99,5500,135,0
pu_00007s1,p_002769,s_p_002769_00102,2024-07-18T23:40:23.380Z,starter_pack,1.99,2000,135,0
pu_00007s2,p_002769,s_p_002769_00104,2024-07-19T18:18:43.369Z,coins_medium,4.99,5500,136,0
pu_00007s3,p_002769,s_p_002769_00107,2024-07-21T22:56:37.294Z,coins_large,19.99,25000,138,0
pu_00007s4,p_002769,s_p_002769_00107,2024-07-21T22:59:14.309Z,coins_medium,4.99,5500,138,0
pu_00007s5,p_002769,s_p_002769_00107,2024-07-21T23:09:15.407Z,coins_small,0.99,1000,138,0
pu_00007s6,p_002769,s_p_002769_00108,2024-07-22T15:44:30.058Z,vip_monthly,9.99,10000,139,0
pu_00007s7,p_002769,s_p_002769_00109,2024-07-23T17:54:12.193Z,coins_small,0.99,1000,140,0
pu_00007s8,p_002769,s_p_002769_00112,2024-07-25T16:12:57.638Z,starter_pack,1.99,2000,142,0
pu_00007s9,p_002769,s_p_002769_00112,2024-07-25T15:56:09.443Z,coins_large,19.99,25000,142,0
pu_00007sa,p_002769,s_p_002769_00112,2024-07-25T15:51:01.125Z,coins_large,19.99,25000,142,0
pu_00007sb,p_002769,s_p_002769_00115,2024-07-27T10:33:40.946Z,coins_large,19.99,25000,144,0
pu_00007sc,p_002769,s_p_002769_00121,2024-08-07T15:04:29.820Z,coins_small,0.99,1000,155,0
pu_00007sd,p_002769,s_p_002769_00123,2024-08-13T19:20:14.010Z,coins_medium,4.99,5500,161,0
pu_00007se,p_002769,s_p_002769_00127,2024-08-18T07:17:22.628Z,coins_small,0.99,1000,166,0
pu_00007sf,p_002769,s_p_002769_00129,2024-08-19T07:57:50.752Z,vip_monthly,9.99,10000,167,0
pu_00007sg,p_002769,s_p_002769_00132,2024-08-21T21:46:37.684Z,coins_large,19.99,25000,169,0
pu_00007sh,p_002769,s_p_002769_00133,2024-08-22T14:57:21.339Z,coins_medium,4.99,5500,170,0
pu_00007si,p_002769,s_p_002769_00134,2024-08-22T16:13:07.817Z,coins_medium,4.99,5500,170,0
pu_00007sj,p_002769,s_p_002769_00141,2024-09-01T20:59:40.819Z,coins_medium,4.99,5500,180,0
pu_00007sk,p_002769,s_p_002769_00141,2024-09-01T21:01:43.718Z,vip_monthly,9.99,10000,180,0
pu_00007sl,p_002769,s_p_002769_00142,2024-09-03T15:02:21.714Z,coins_medium,4.99,5500,182,0
pu_00007sm,p_002769,s_p_002769_00143,2024-09-04T07:32:48.237Z,coins_large,19.99,25000,183,0
pu_00007sn,p_002769,s_p_002769_00145,2024-09-08T17:47:27.834Z,vip_monthly,9.99,10000,187,0
pu_00007so,p_002769,s_p_002769_00147,2024-09-11T10:39:05.342Z,coins_large,19.99,25000,190,0
pu_00007sp,p_002769,s_p_002769_00147,2024-09-11T10:34:34.229Z,starter_pack,1.99,2000,190,0
pu_00007sq,p_002769,s_p_002769_00148,2024-09-11T16:25:13.731Z,vip_monthly,9.99,10000,190,0
pu_00007sr,p_002769,s_p_002769_00152,2024-09-19T10:41:48.970Z,vip_monthly,9.99,10000,198,0
pu_00007ss,p_002769,s_p_002769_00153,2024-09-19T10:24:46.486Z,coins_medium,4.99,5500,198,0
pu_00007st,p_002769,s_p_002769_00157,2024-09-29T14:35:59.406Z,coins_large,19.99,25000,208,0
pu_00007su,p_002851,s_p_002851_00001,2024-04-24T10:01:15.767Z,coins_small,0.99,1000,5,1
pu_00007sv,p_002851,s_p_002851_00002,2024-04-27T18:53:00.300Z,coins_small,0.99,1000,8,0
pu_00007sw,p_002851,s_p_002851_00003,2024-05-05T16:53:24.718Z,coins_small,0.99,1000,16,0
pu_00007sx,p_002851,s_p_002851_00004,2024-05-09T20:14:24.602Z,coins_medium,4.99,5500,20,0
pu_00007sy,p_002851,s_p_002851_00007,2024-05-26T06:18:09.147Z,coins_small,0.99,1000,37,0
pu_00007sz,p_002851,s_p_002851_00007,2024-05-26T06:19:32.130Z,coins_small,0.99,1000,37,0
pu_00007t0,p_002851,s_p_002851_00008,2024-05-27T13:54:53.676Z,starter_pack,1.99,2000,38,0
pu_00007t1,p_002851,s_p_002851_00008,2024-05-27T13:49:40.334Z,coins_small,0.99,1000,38,0
pu_00007t2,p_002851,s_p_002851_00010,2024-06-05T15:29:25.414Z,coins_medium,4.99,5500,47,0
pu_00007t3,p_002851,s_p_002851_00012,2024-06-06T09:28:31.483Z,coins_small,0.99,1000,48,0
pu_00007t4,p_002851,s_p_002851_00012,2024-06-06T09:26:45.307Z,starter_pack,1.99,2000,48,0
pu_00007t5,p_002851,s_p_002851_00013,2024-06-25T22:46:23.152Z,vip_monthly,9.99,10000,67,0
pu_00007t6,p_002851,s_p_002851_00016,2024-07-11T18:10:52.918Z,coins_small,0.99,1000,83,0
pu_00007t7,p_002851,s_p_002851_00016,2024-07-11T18:08:45.127Z,coins_small,0.99,1000,83,0
pu_00007t8,p_002851,s_p_002851_00016,2024-07-11T18:08:28.442Z,coins_medium,4.99,5500,83,0
pu_00007t9,p_002851,s_p_002851_00019,2024-08-16T10:01:44.125Z,starter_pack,1.99,2000,119,0
pu_00007ta,p_002926,s_p_002926_00003,2024-09-18T06:54:04.323Z,starter_pack,1.99,2000,35,1
pu_00007tb,p_002926,s_p_002926_00003,2024-09-18T06:54:52.814Z,coins_small,0.99,1000,35,0
pu_00007tc,p_002926,s_p_002926_00004,2024-10-17T15:09:29.369Z,coins_small,0.99,1000,64,0
pu_00007td,p_002926,s_p_002926_00007,2024-10-29T15:02:40.638Z,coins_medium,4.99,5500,76,0
pu_00007te,p_002926,s_p_002926_00007,2024-10-29T15:01:04.725Z,coins_small,0.99,1000,76,0
pu_00007tf,p_002926,s_p_002926_00009,2024-11-20T17:38:49.940Z,starter_pack,1.99,2000,98,0
pu_00007tg,p_002926,s_p_002926_00010,2024-11-23T13:26:55.878Z,coins_medium,4.99,5500,101,0
pu_00007th,p_002926,s_p_002926_00013,2024-12-17T12:17:10.094Z,coins_small,0.99,1000,125,0
pu_00007ti,p_002926,s_p_002926_00013,2024-12-17T12:17:24.463Z,coins_small,0.99,1000,125,0
pu_00007tj,p_002926,s_p_002926_00014,2024-12-20T17:28:41.360Z,coins_medium,4.99,5500,128,0
pu_00007tk,p_002926,s_p_002926_00014,2024-12-20T17:31:00.114Z,coins_medium,4.99,5500,128,0
pu_00007tl,p_002926,s_p_002926_00015,2024-12-20T19:10:18.471Z,starter_pack,1.99,2000,128,0
pu_00007tm,p_002926,s_p_002926_00015,2024-12-20T19:06:13.233Z,coins_small,0.99,1000,128,0
pu_00007tn,p_002704,s_p_002704_00001,2024-07-18T17:04:29.626Z,starter_pack,1.99,2000,0,1
pu_00007to,p_002704,s_p_002704_00002,2024-07-18T16:50:07.262Z,vip_monthly,9.99,10000,0,0
pu_00007tp,p_002704,s_p_002704_00002,2024-07-18T16:48:06.324Z,coins_large,19.99,25000,0,0
pu_00007tq,p_002704,s_p_002704_00003,2024-07-20T13:58:43.554Z,coins_medium,4.99,5500,2,0
pu_00007tr,p_002704,s_p_002704_00003,2024-07-20T14:02:49.657Z,coins_small,0.99,1000,2,0
pu_00007ts,p_002704,s_p_002704_00003,2024-07-20T13:47:55.227Z,coins_medium,4.99,5500,2,0
pu_00007tt,p_002704,s_p_002704_00004,2024-07-21T09:26:15.346Z,coins_small,0.99,1000,3,0
pu_00007tu,p_002704,s_p_002704_00004,2024-07-21T09:24:56.424Z,coins_large,19.99,25000,3,0
pu_00007tv,p_002704,s_p_002704_00004,2024-07-21T09:31:33.290Z,coins_large,19.99,25000,3,0
pu_00007tw,p_002704,s_p_002704_00005,2024-07-23T14:52:18.146Z,coins_small,0.99,1000,5,0
pu_00007tx,p_002704,s_p_002704_00005,2024-07-23T15:12:40.775Z,coins_small,0.99,1000,5,0
pu_00007ty,p_002704,s_p_002704_00006,2024-07-25T08:54:50.158Z,coins_small,0.99,1000,7,0
pu_00007tz,p_002704,s_p_002704_00006,2024-07-25T09:09:16.087Z,coins_medium,4.99,5500,7,0
pu_00007u0,p_002704,s_p_002704_00006,2024-07-25T09:00:26.507Z,coins_large,19.99,25000,7,0
pu_00007u1,p_002704,s_p_002704_00007,2024-07-27T09:19:51.446Z,coins_medium,4.99,5500,9,0
pu_00007u2,p_002704,s_p_002704_00010,2024-07-29T13:33:52.637Z,starter_pack,1.99,2000,11,0
pu_00007u3,p_002704,s_p_002704_00010,2024-07-29T13:29:58.663Z,coins_large,19.99,25000,11,0
pu_00007u4,p_002704,s_p_002704_00016,2024-08-02T17:45:48.986Z,coins_medium,4.99,5500,15,0
pu_00007u5,p_002704,s_p_002704_00017,2024-08-03T23:37:57.897Z,coins_large,19.99,25000,16,0
pu_00007u6,p_002704,s_p_002704_00018,2024-08-04T11:21:45.059Z,coins_large,19.99,25000,17,0
pu_00007u7,p_002704,s_p_002704_00020,2024-08-04T22:54:03.468Z,coins_medium,4.99,5500,17,0
pu_00007u8,p_002704,s_p_002704_00023,2024-08-05T18:14:59.892Z,coins_medium,4.99,5500,18,0
pu_00007u9,p_002704,s_p_002704_00035,2024-08-18T08:21:17.083Z,coins_large,19.99,25000,31,0
pu_00007ua,p_002704,s_p_002704_00043,2024-09-02T19:31:37.492Z,starter_pack,1.99,2000,46,0
pu_00007ub,p_002704,s_p_002704_00046,2024-09-04T06:23:15.928Z,coins_medium,4.99,5500,48,0
pu_00007uc,p_002704,s_p_002704_00052,2024-09-10T10:39:21.852Z,vip_monthly,9.99,10000,54,0
pu_00007ud,p_002704,s_p_002704_00059,2024-09-15T06:02:17.846Z,coins_large,19.99,25000,59,0
pu_00007ue,p_002704,s_p_002704_00064,2024-09-20T16:09:56.966Z,coins_medium,4.99,5500,64,0
pu_00007uf,p_002704,s_p_002704_00065,2024-09-20T21:15:42.192Z,coins_small,0.99,1000,64,0
pu_00007ug,p_002704,s_p_002704_00068,2024-09-24T21:17:57.998Z,coins_medium,4.99,5500,68,0
pu_00007uh,p_002704,s_p_002704_00071,2024-09-28T21:47:03.555Z,coins_medium,4.99,5500,72,0
pu_00007ui,p_002704,s_p_002704_00072,2024-09-29T18:50:26.799Z,coins_large,19.99,25000,73,0
pu_00007uj,p_002704,s_p_002704_00072,2024-09-29T19:23:12.375Z,vip_monthly,9.99,10000,73,0
pu_00007uk,p_002704,s_p_002704_00072,2024-09-29T19:18:26.561Z,coins_small,0.99,1000,73,0
pu_00007ul,p_002704,s_p_002704_00072,2024-09-29T18:53:06.963Z,coins_medium,4.99,5500,73,0
pu_00007um,p_002704,s_p_002704_00073,2024-09-30T08:09:42.271Z,coins_medium,4.99,5500,74,0
pu_00007un,p_002704,s_p_002704_00074,2024-10-05T12:45:19.736Z,vip_monthly,9.99,10000,79,0
pu_00007uo,p_002704,s_p_002704_00075,2024-10-05T16:26:16.867Z,coins_large,19.99,25000,79,0
pu_00007up,p_002704,s_p_002704_00079,2024-10-19T18:33:53.954Z,coins_small,0.99,1000,93,0
pu_00007uq,p_002704,s_p_002704_00080,2024-10-21T11:22:37.798Z,coins_large,19.99,25000,95,0
pu_00007ur,p_002704,s_p_002704_00081,2024-10-21T15:24:26.613Z,vip_monthly,9.99,10000,95,0
pu_00007us,p_002704,s_p_002704_00081,2024-10-21T15:25:54.825Z,coins_medium,4.99,5500,95,0
pu_00007ut,p_002704,s_p_002704_00082,2024-10-22T20:20:51.113Z,vip_monthly,9.99,10000,96,0
pu_00007uu,p_002704,s_p_002704_00085,2024-10-29T21:25:42.263Z,coins_medium,4.99,5500,103,0
pu_00007uv,p_002704,s_p_002704_00085,2024-10-29T21:38:10.069Z,starter_pack,1.99,2000,103,0
pu_00007uw,p_002704,s_p_002704_00090,2024-11-08T22:17:07.899Z,coins_small,0.99,1000,113,0
pu_00007ux,p_002704,s_p_002704_00092,2024-11-12T15:00:57.759Z,coins_small,0.99,1000,117,0
pu_00007uy,p_002704,s_p_002704_00095,2024-11-15T10:14:04.553Z,coins_small,0.99,1000,120,0
pu_00007uz,p_002704,s_p_002704_00102,2024-11-22T17:42:27.203Z,coins_small,0.99,1000,127,0
pu_00007v0,p_002704,s_p_002704_00103,2024-11-23T15:34:54.406Z,starter_pack,1.99,2000,128,0
pu_00007v1,p_002704,s_p_002704_00109,2024-12-02T07:02:24.630Z,coins_small,0.99,1000,137,0
pu_00007v2,p_002704,s_p_002704_00110,2024-12-03T06:40:43.948Z,starter_pack,1.99,2000,138,0
pu_00007v3,p_002704,s_p_002704_00112,2024-12-10T19:45:37.764Z,coins_large,19.99,25000,145,0
pu_00007v4,p_002704,s_p_002704_00116,2024-12-17T18:57:39.027Z,coins_medium,4.99,5500,152,0
pu_00007v5,p_002704,s_p_002704_00117,2024-12-19T12:34:44.178Z,coins_large,19.99,25000,154,0
pu_00007v6,p_002704,s_p_002704_00118,2024-12-21T09:36:12.121Z,coins_medium,4.99,5500,156,0
pu_00007v7,p_002907,s_p_002907_00002,2024-06-28T15:43:48.940Z,starter_pack,1.99,2000,17,1
pu_00007v8,p_002907,s_p_002907_00002,2024-06-28T15:51:33.542Z,coins_small,0.99,1000,17,0
pu_00007v9,p_002907,s_p_002907_00003,2024-07-01T15:19:43.774Z,coins_small,0.99,1000,20,0
pu_00007va,p_002907,s_p_002907_00003,2024-07-01T15:12:41.775Z,vip_monthly,9.99,10000,20,0
pu_00007vb,p_002907,s_p_002907_00004,2024-07-05T19:15:45.324Z,coins_medium,4.99,5500,24,0
pu_00007vc,p_002907,s_p_002907_00004,2024-07-05T19:17:10.518Z,coins_small,0.99,1000,24,0
pu_00007vd,p_002907,s_p_002907_00005,2024-07-17T18:03:47.994Z,coins_small,0.99,1000,36,0
pu_00007ve,p_002907,s_p_002907_00006,2024-07-22T08:21:23.016Z,coins_medium,4.99,5500,41,0
pu_00007vf,p_002907,s_p_002907_00006,2024-07-22T08:30:09.038Z,coins_medium,4.99,5500,41,0
pu_00007vg,p_002907,s_p_002907_00006,2024-07-22T08:21:30.885Z,coins_small,0.99,1000,41,0
pu_00007vh,p_002907,s_p_002907_00006,2024-07-22T08:24:53.717Z,coins_small,0.99,1000,41,0
pu_00007vi,p_002907,s_p_002907_00007,2024-07-25T12:25:28.825Z,vip_monthly,9.99,10000,44,0
pu_00007vj,p_002907,s_p_002907_00008,2024-07-25T16:29:32.431Z,coins_small,0.99,1000,44,0
pu_00007vk,p_002907,s_p_002907_00009,2024-08-03T17:08:51.043Z,coins_medium,4.99,5500,53,0
pu_00007vl,p_002907,s_p_002907_00010,2024-08-07T12:17:18.364Z,coins_medium,4.99,5500,57,0
pu_00007vm,p_002907,s_p_002907_00010,2024-08-07T12:17:48.630Z,coins_small,0.99,1000,57,0
pu_00007vn,p_002907,s_p_002907_00011,2024-08-07T15:27:09.526Z,coins_medium,4.99,5500,57,0
pu_00007vo,p_002907,s_p_002907_00012,2024-08-08T20:17:15.397Z,starter_pack,1.99,2000,58,0
pu_00007vp,p_002907,s_p_002907_00014,2024-08-11T14:00:36.939Z,coins_medium,4.99,5500,61,0
pu_00007vq,p_002907,s_p_002907_00014,2024-08-11T14:05:35.148Z,starter_pack,1.99,2000,61,0
pu_00007vr,p_002907,s_p_002907_00014,2024-08-11T14:02:57.161Z,starter_pack,1.99,2000,61,0
pu_00007vs,p_002717,s_p_002717_00001,2024-03-01T12:44:45.087Z,starter_pack,1.99,2000,1,1
pu_00007vt,p_002717,s_p_002717_00001,2024-03-01T12:54:22.127Z,coins_medium,4.99,5500,1,0
pu_00007vu,p_002717,s_p_002717_00001,2024-03-01T12:41:40.761Z,vip_monthly,9.99,10000,1,0
pu_00007vv,p_002717,s_p_002717_00001,2024-03-01T12:51:56.110Z,starter_pack,1.99,2000,1,0
pu_00007vw,p_002717,s_p_002717_00001,2024-03-01T12:43:52.294Z,coins_medium,4.99,5500,1,0
pu_00007vx,p_002717,s_p_002717_00001,2024-03-01T12:40:04.263Z,coins_large,19.99,25000,1,0
pu_00007vy,p_002717,s_p_002717_00002,2024-03-01T23:24:20.591Z,coins_small,0.99,1000,1,0
pu_00007vz,p_002717,s_p_002717_00002,2024-03-01T23:19:13.879Z,vip_monthly,9.99,10000,1,0
pu_00007w0,p_002717,s_p_002717_00002,2024-03-01T23:16:06.080Z,coins_medium,4.99,5500,1,0
pu_00007w1,p_002717,s_p_002717_00003,2024-03-02T20:17:35.059Z,coins_large,19.99,25000,2,0
pu_00007w2,p_002717,s_p_002717_00003,2024-03-02T20:28:05.545Z,vip_monthly,9.99,10000,2,0
pu_00007w3,p_002717,s_p_002717_00003,2024-03-02T20:21:59.918Z,starter_pack,1.99,2000,2,0
pu_00007w4,p_002717,s_p_002717_00003,2024-03-02T20:17:14.727Z,coins_medium,4.99,5500,2,0
pu_00007w5,p_002717,s_p_002717_00004,2024-03-03T11:41:18.888Z,coins_small,0.99,1000,3,0
pu_00007w6,p_002717,s_p_002717_00005,2024-03-03T22:08:50.960Z,coins_small,0.99,1000,3,0
pu_00007w7,p_002717,s_p_002717_00005,2024-03-03T22:09:37.268Z,starter_pack,1.99,2000,3,0
pu_00007w8,p_002717,s_p_002717_00005,2024-03-03T22:06:19.037Z,starter_pack,1.99,2000,3,0
pu_00007w9,p_002717,s_p_002717_00006,2024-03-05T15:23:36.263Z,starter_pack,1.99,2000,5,0
pu_00007wa,p_002717,s_p_002717_00006,2024-03-05T15:09:42.168Z,vip_monthly,9.99,10000,5,0
pu_00007wb,p_002717,s_p_002717_00006,2024-03-05T15:22:28.568Z,coins_large,19.99,25000,5,0
pu_00007wc,p_002717,s_p_002717_00006,2024-03-05T15:18:56.726Z,coins_medium,4.99,5500,5,0
pu_00007wd,p_002717,s_p_002717_00007,2024-03-05T22:08:21.142Z,coins_large,19.99,25000,5,0
pu_00007we,p_002717,s_p_002717_00016,2024-03-11T16:21:21.148Z,coins_small,0.99,1000,11,0
pu_00007wf,p_002717,s_p_002717_00018,2024-03-20T17:35:18.408Z,coins_small,0.99,1000,20,0
pu_00007wg,p_002717,s_p_002717_00021,2024-03-25T16:26:28.305Z,coins_small,0.99,1000,25,0
pu_00007wh,p_002717,s_p_002717_00032,2024-04-03T10:27:53.977Z,coins_medium,4.99,5500,34,0
pu_00007wi,p_002717,s_p_002717_00046,2024-04-27T17:11:54.607Z,coins_large,19.99,25000,58,0
pu_00007wj,p_002717,s_p_002717_00046,2024-04-27T17:06:24.926Z,coins_large,19.99,25000,58,0
pu_00007wk,p_002717,s_p_002717_00051,2024-05-05T10:15:28.039Z,coins_large,19.99,25000,66,0
pu_00007wl,p_002717,s_p_002717_00051,2024-05-05T10:07:29.375Z,coins_medium,4.99,5500,66,0
pu_00007wm,p_002717,s_p_002717_00055,2024-05-09T17:47:42.851Z,coins_medium,4.99,5500,70,0
pu_00007wn,p_002717,s_p_002717_00057,2024-05-12T18:13:09.109Z,coins_small,0.99,1000,73,0
pu_00007wo,p_002717,s_p_002717_00060,2024-05-14T16:40:17.652Z,coins_medium,4.99,5500,75,0
pu_00007wp,p_002717,s_p_002717_00062,2024-05-18T09:10:26.028Z,vip_monthly,9.99,10000,79,0
pu_00007wq,p_002717,s_p_002717_00064,2024-05-20T06:52:10.429Z,coins_large,19.99,25000,81,0
pu_00007wr,p_002717,s_p_002717_00068,2024-05-30T10:37:35.265Z,coins_large,19.99,25000,91,0
pu_00007ws,p_002717,s_p_002717_00075,2024-06-04T17:53:25.971Z,coins_small,0.99,1000,96,0
pu_00007wt,p_002717,s_p_002717_00082,2024-06-13T15:13:44.809Z,coins_large,19.99,25000,105,0
pu_00007wu,p_002717,s_p_002717_00086,2024-06-17T08:42:39.943Z,coins_medium,4.99,5500,109,0
pu_00007wv,p_002717,s_p_002717_00099,2024-07-01T15:39:10.928Z,coins_medium,4.99,5500,123,0
pu_00007ww,p_002717,s_p_002717_00100,2024-07-01T19:15:09.108Z,coins_medium,4.99,5500,123,0
pu_00007wx,p_002717,s_p_002717_00100,2024-07-01T19:12:55.312Z,coins_large,19.99,25000,123,0
pu_00007wy,p_002717,s_p_002717_00101,2024-07-02T15:56:25.523Z,coins_medium,4.99,5500,124,0
pu_00007wz,p_002717,s_p_002717_00101,2024-07-02T15:51:17.808Z,coins_medium,4.99,5500,124,0
pu_00007x0,p_002717,s_p_002717_00105,2024-07-05T22:38:25.870Z,coins_large,19.99,25000,127,0
pu_00007x1,p_002717,s_p_002717_00106,2024-07-06T08:37:46.801Z,coins_medium,4.99,5500,128,0
pu_00007x2,p_002717,s_p_002717_00106,2024-07-06T08:29:42.352Z,coins_small,0.99,1000,128,0
pu_00007x3,p_002717,s_p_002717_00112,2024-07-09T11:17:38.147Z,coins_medium,4.99,5500,131,0
pu_00007x4,p_002717,s_p_002717_00119,2024-07-16T17:18:41.597Z,coins_large,19.99,25000,138,0
pu_00007x5,p_002717,s_p_002717_00119,2024-07-16T17:21:33.619Z,starter_pack,1.99,2000,138,0
pu_00007x6,p_002717,s_p_002717_00120,2024-07-16T21:24:51.103Z,coins_small,0.99,1000,138,0
pu_00007x7,p_002717,s_p_002717_00120,2024-07-16T21:26:44.548Z,coins_small,0.99,1000,138,0
pu_00007x8,p_002717,s_p_002717_00131,2024-08-01T20:06:45.448Z,coins_medium,4.99,5500,154,0
pu_00007x9,p_002717,s_p_002717_00136,2024-08-05T12:02:46.154Z,coins_large,19.99,25000,158,0
pu_00007xa,p_002717,s_p_002717_00139,2024-08-06T08:29:40.963Z,coins_large,19.99,25000,159,0
pu_00007xb,p_002717,s_p_002717_00142,2024-08-09T23:22:21.599Z,coins_large,19.99,25000,162,0
pu_00007xc,p_002717,s_p_002717_00143,2024-08-15T13:45:16.622Z,coins_large,19.99,25000,168,0
pu_00007xd,p_002717,s_p_002717_00144,2024-08-16T16:52:13.509Z,coins_medium,4.99,5500,169,0
pu_00007xe,p_002717,s_p_002717_00146,2024-08-17T17:01:05.856Z,starter_pack,1.99,2000,170,0
pu_00007xf,p_002717,s_p_002717_00148,2024-08-21T18:51:41.097Z,coins_large,19.99,25000,174,0
pu_00007xg,p_002717,s_p_002717_00152,2024-08-24T06:10:55.433Z,coins_large,19.99,25000,177,0
pu_00007xh,p_002717,s_p_002717_00153,2024-08-24T11:12:29.265Z,coins_medium,4.99,5500,177,0
pu_00007xi,p_002717,s_p_002717_00158,2024-09-05T14:09:15.813Z,coins_large,19.99,25000,189,0
pu_00007xj,p_002717,s_p_002717_00166,2024-09-14T19:52:26.984Z,coins_medium,4.99,5500,198,0
pu_00007xk,p_002717,s_p_002717_00175,2024-09-26T17:12:17.515Z,vip_monthly,9.99,10000,210,0
pu_00007xl,p_002717,s_p_002717_00188,2024-10-13T19:49:44.021Z,coins_large,19.99,25000,227,0
pu_00007xm,p_002717,s_p_002717_00192,2024-10-19T11:47:17.200Z,vip_monthly,9.99,10000,233,0
pu_00007xn,p_002717,s_p_002717_00192,2024-10-19T12:05:27.808Z,vip_monthly,9.99,10000,233,0
pu_00007xo,p_002717,s_p_002717_00193,2024-10-19T15:56:37.431Z,coins_medium,4.99,5500,233,0
pu_00007xp,p_002717,s_p_002717_00194,2024-10-20T14:10:06.546Z,coins_medium,4.99,5500,234,0
pu_00007xq,p_002717,s_p_002717_00200,2024-10-24T14:07:34.033Z,coins_medium,4.99,5500,238,0
pu_00007xr,p_002717,s_p_002717_00200,2024-10-24T14:09:45.163Z,coins_medium,4.99,5500,238,0
pu_00007xs,p_002717,s_p_002717_00201,2024-10-30T21:02:12.864Z,coins_large,19.99,25000,244,0
pu_00007xt,p_002717,s_p_002717_00203,2024-11-02T07:45:00.566Z,coins_large,19.99,25000,247,0
pu_00007xu,p_002717,s_p_002717_00208,2024-11-07T10:53:22.778Z,vip_monthly,9.99,10000,252,0
pu_00007xv,p_002717,s_p_002717_00209,2024-11-09T17:30:39.060Z,coins_medium,4.99,5500,254,0
pu_00007xw,p_002717,s_p_002717_00212,2024-11-11T12:58:17.567Z,coins_large,19.99,25000,256,0
pu_00007xx,p_002717,s_p_002717_00213,2024-11-12T06:09:47.468Z,coins_medium,4.99,5500,257,0
pu_00007xy,p_002717,s_p_002717_00213,2024-11-12T06:05:54.802Z,vip_monthly,9.99,10000,257,0
pu_00007xz,p_002717,s_p_002717_00219,2024-11-29T17:10:52.541Z,coins_small,0.99,1000,274,0
pu_00007y0,p_002717,s_p_002717_00224,2024-12-16T23:16:39.629Z,coins_large,19.99,25000,291,0
pu_00007y1,p_002844,s_p_002844_00001,2024-01-13T09:27:13.236Z,vip_monthly,9.99,10000,0,1
pu_00007y2,p_002844,s_p_002844_00003,2024-01-17T12:33:17.808Z,coins_large,19.99,25000,4,0
pu_00007y3,p_002844,s_p_002844_00004,2024-01-17T16:13:26.269Z,coins_large,19.99,25000,4,0
pu_00007y4,p_002844,s_p_002844_00004,2024-01-17T16:19:19.181Z,coins_small,0.99,1000,4,0
pu_00007y5,p_002844,s_p_002844_00005,2024-01-17T18:52:26.419Z,coins_small,0.99,1000,4,0
pu_00007y6,p_002844,s_p_002844_00005,2024-01-17T18:45:03.646Z,coins_medium,4.99,5500,4,0
pu_00007y7,p_002844,s_p_002844_00007,2024-01-19T12:32:31.472Z,coins_large,19.99,25000,6,0
pu_00007y8,p_002844,s_p_002844_00008,2024-01-19T17:15:15.095Z,coins_large,19.99,25000,6,0
pu_00007y9,p_002844,s_p_002844_00010,2024-01-21T10:03:05.361Z,coins_large,19.99,25000,8,0
pu_00007ya,p_002844,s_p_002844_00014,2024-01-25T21:09:34.361Z,coins_small,0.99,1000,12,0
pu_00007yb,p_002844,s_p_002844_00020,2024-02-06T14:40:17.977Z,coins_medium,4.99,5500,24,0
pu_00007yc,p_002844,s_p_002844_00021,2024-02-06T15:12:58.869Z,coins_medium,4.99,5500,24,0
pu_00007yd,p_002844,s_p_002844_00024,2024-02-10T09:32:51.419Z,vip_monthly,9.99,10000,28,0
pu_00007ye,p_002844,s_p_002844_00026,2024-02-12T12:57:54.294Z,coins_small,0.99,1000,30,0
pu_00007yf,p_002844,s_p_002844_00026,2024-02-12T13:03:08.553Z,vip_monthly,9.99,10000,30,0
pu_00007yg,p_002844,s_p_002844_00035,2024-02-25T07:55:46.403Z,coins_medium,4.99,5500,43,0
pu_00007yh,p_002844,s_p_002844_00037,2024-03-03T12:41:41.166Z,coins_large,19.99,25000,50,0
pu_00007yi,p_002844,s_p_002844_00040,2024-03-05T21:03:35.323Z,vip_monthly,9.99,10000,52,0
pu_00007yj,p_002844,s_p_002844_00044,2024-03-19T06:42:46.058Z,coins_large,19.99,25000,66,0
pu_00007yk,p_002844,s_p_002844_00054,2024-03-29T14:59:19.633Z,vip_monthly,9.99,10000,76,0
pu_00007yl,p_002844,s_p_002844_00057,2024-04-02T06:39:43.083Z,coins_large,19.99,25000,80,0
pu_00007ym,p_002844,s_p_002844_00060,2024-04-10T15:07:40.296Z,coins_large,19.99,25000,88,0
pu_00007yn,p_002844,s_p_002844_00063,2024-04-12T15:24:38.554Z,coins_large,19.99,25000,90,0
pu_00007yo,p_002844,s_p_002844_00065,2024-04-13T19:04:09.933Z,coins_large,19.99,25000,91,0
pu_00007yp,p_002844,s_p_002844_00065,2024-04-13T18:37:11.689Z,coins_large,19.99,25000,91,0
pu_00007yq,p_002844,s_p_002844_00066,2024-04-14T08:04:19.654Z,coins_medium,4.99,5500,92,0
pu_00007yr,p_002844,s_p_002844_00071,2024-04-19T07:27:39.821Z,coins_large,19.99,25000,97,0
pu_00007ys,p_002844,s_p_002844_00074,2024-04-20T09:04:28.825Z,coins_small,0.99,1000,98,0
pu_00007yt,p_002844,s_p_002844_00080,2024-04-29T14:03:01.762Z,coins_medium,4.99,5500,107,0
pu_00007yu,p_002844,s_p_002844_00081,2024-05-05T13:41:51.650Z,vip_monthly,9.99,10000,113,0
pu_00007yv,p_002844,s_p_002844_00081,2024-05-05T13:57:26.207Z,coins_small,0.99,1000,113,0
pu_00007yw,p_002844,s_p_002844_00084,2024-05-07T07:12:31.003Z,coins_small,0.99,1000,115,0
pu_00007yx,p_002844,s_p_002844_00089,2024-05-17T10:03:03.332Z,coins_medium,4.99,5500,125,0
pu_00007yy,p_002844,s_p_002844_00091,2024-05-17T10:12:26.280Z,coins_medium,4.99,5500,125,0
pu_00007yz,p_002844,s_p_002844_00093,2024-05-20T14:53:03.727Z,coins_large,19.99,25000,128,0
pu_00007z0,p_002844,s_p_002844_00094,2024-05-22T17:45:16.900Z,coins_small,0.99,1000,130,0
pu_00007z1,p_002844,s_p_002844_00094,2024-05-22T18:01:00.567Z,coins_small,0.99,1000,130,0
pu_00007z2,p_002844,s_p_002844_00095,2024-05-27T23:30:46.249Z,starter_pack,1.99,2000,135,0
pu_00007z3,p_002844,s_p_002844_00099,2024-06-01T09:21:01.115Z,coins_large,19.99,25000,140,0
pu_00007z4,p_002844,s_p_002844_00101,2024-06-03T10:26:41.194Z,coins_medium,4.99,5500,142,0
pu_00007z5,p_002844,s_p_002844_00102,2024-06-03T11:02:40.202Z,coins_large,19.99,25000,142,0
pu_00007z6,p_002844,s_p_002844_00104,2024-06-07T18:35:54.538Z,coins_medium,4.99,5500,146,0
pu_00007z7,p_002844,s_p_002844_00110,2024-06-16T10:04:02.686Z,coins_medium,4.99,5500,155,0
pu_00007z8,p_002844,s_p_002844_00111,2024-06-18T17:09:26.445Z,coins_medium,4.99,5500,157,0
pu_00007z9,p_002844,s_p_002844_00115,2024-06-22T21:49:30.987Z,coins_medium,4.99,5500,161,0
pu_00007za,p_002844,s_p_002844_00118,2024-06-29T18:34:36.231Z,coins_large,19.99,25000,168,0
pu_00007zb,p_002844,s_p_002844_00123,2024-07-06T17:58:13.750Z,starter_pack,1.99,2000,175,0
pu_00007zc,p_002844,s_p_002844_00124,2024-07-06T22:24:16.181Z,coins_small,0.99,1000,175,0
pu_00007zd,p_002844,s_p_002844_00124,2024-07-06T22:00:55.073Z,coins_large,19.99,25000,175,0
pu_00007ze,p_002844,s_p_002844_00130,2024-07-14T08:00:03.865Z,coins_large,19.99,25000,183,0
pu_00007zf,p_002844,s_p_002844_00135,2024-07-16T18:09:21.973Z,coins_medium,4.99,5500,185,0
pu_00007zg,p_002804,s_p_002804_00001,2024-07-12T12:59:42.535Z,starter_pack,1.99,2000,1,1
pu_00007zh,p_002804,s_p_002804_00001,2024-07-12T13:04:33Z,coins_medium,4.99,5500,1,0
pu_00007zi,p_002804,s_p_002804_00002,2024-07-13T15:15:54.304Z,coins_small,0.99,1000,2,0
pu_00007zj,p_002804,s_p_002804_00003,2024-07-16T11:26:02.812Z,coins_medium,4.99,5500,5,0
pu_00007zk,p_002804,s_p_002804_00003,2024-07-16T11:26:15.687Z,coins_medium,4.99,5500,5,0
pu_00007zl,p_002804,s_p_002804_00003,2024-07-16T11:37:16.017Z,vip_monthly,9.99,10000,5,0
pu_00007zm,p_002804,s_p_002804_00004,2024-07-16T14:16:37.067Z,starter_pack,1.99,2000,5,0
pu_00007zn,p_002804,s_p_002804_00005,2024-07-16T18:03:47.023Z,vip_monthly,9.99,10000,5,0
pu_00007zo,p_002804,s_p_002804_00006,2024-07-16T22:07:44.415Z,coins_medium,4.99,5500,5,0
pu_00007zp,p_002804,s_p_002804_00006,2024-07-16T22:24:04.087Z,coins_large,19.99,25000,5,0
pu_00007zq,p_002804,s_p_002804_00011,2024-07-20T11:36:16.277Z,vip_monthly,9.99,10000,9,0
pu_00007zr,p_002804,s_p_002804_00017,2024-07-24T23:35:19.377Z,coins_small,0.99,1000,13,0
pu_00007zs,p_002804,s_p_002804_00024,2024-08-01T07:28:26.376Z,coins_large,19.99,25000,21,0
pu_00007zt,p_002804,s_p_002804_00026,2024-08-02T11:14:16.383Z,coins_large,19.99,25000,22,0
pu_00007zu,p_002804,s_p_002804_00030,2024-08-05T07:52:37.468Z,coins_large,19.99,25000,25,0
pu_00007zv,p_002804,s_p_002804_00041,2024-08-19T15:54:01.739Z,coins_medium,4.99,5500,39,0
pu_00007zw,p_002804,s_p_002804_00048,2024-08-29T10:36:32.282Z,vip_monthly,9.99,10000,49,0
pu_00007zx,p_002804,s_p_002804_00050,2024-08-30T19:01:10.228Z,coins_medium,4.99,5500,50,0
pu_00007zy,p_002804,s_p_002804_00052,2024-09-03T15:43:44.656Z,coins_medium,4.99,5500,54,0
pu_00007zz,p_002804,s_p_002804_00058,2024-09-13T17:06:11.384Z,vip_monthly,9.99,10000,64,0
pu_0000800,p_002804,s_p_002804_00063,2024-09-16T14:06:08.735Z,coins_large,19.99,25000,67,0
pu_0000801,p_002804,s_p_002804_00065,2024-09-17T07:09:43.117Z,coins_medium,4.99,5500,68,0
pu_0000802,p_002804,s_p_002804_00066,2024-09-18T21:29:11.926Z,coins_medium,4.99,5500,69,0
pu_0000803,p_002804,s_p_002804_00071,2024-09-28T07:17:09.705Z,coins_medium,4.99,5500,79,0
pu_0000804,p_002804,s_p_002804_00076,2024-10-01T06:53:16.118Z,coins_large,19.99,25000,82,0
pu_0000805,p_002804,s_p_002804_00083,2024-10-10T07:17:18.827Z,coins_large,19.99,25000,91,0
pu_0000806,p_002804,s_p_002804_00093,2024-10-17T23:11:48.626Z,coins_small,0.99,1000,98,0
pu_0000807,p_002804,s_p_002804_00093,2024-10-17T22:53:27.233Z,vip_monthly,9.99,10000,98,0
pu_0000808,p_002804,s_p_002804_00094,2024-10-18T10:36:36.298Z,vip_monthly,9.99,10000,99,0
pu_0000809,p_002804,s_p_002804_00096,2024-10-21T07:28:44.867Z,coins_small,0.99,1000,102,0
pu_000080a,p_002804,s_p_002804_00098,2024-10-23T14:59:28.024Z,vip_monthly,9.99,10000,104,0
pu_000080b,p_002804,s_p_002804_00099,2024-10-24T06:36:39.363Z,coins_large,19.99,25000,105,0
pu_000080c,p_002804,s_p_002804_00111,2024-11-13T16:30:36.669Z,coins_large,19.99,25000,125,0
pu_000080d,p_002804,s_p_002804_00116,2024-11-21T07:32:58.500Z,coins_medium,4.99,5500,133,0
pu_000080e,p_002804,s_p_002804_00117,2024-11-22T14:58:01.486Z,vip_monthly,9.99,10000,134,0
pu_000080f,p_002804,s_p_002804_00118,2024-11-22T15:17:40.148Z,coins_large,19.99,25000,134,0
pu_000080g,p_002804,s_p_002804_00123,2024-12-07T16:41:19.311Z,coins_large,19.99,25000,149,0
pu_000080h,p_002892,s_p_002892_00002,2024-03-12T23:06:34.128Z,coins_small,0.99,1000,10,1
pu_000080i,p_002892,s_p_002892_00003,2024-03-15T12:15:00.590Z,coins_medium,4.99,5500,13,0
pu_000080j,p_002892,s_p_002892_00005,2024-03-16T13:41:41.169Z,coins_medium,4.99,5500,14,0
pu_000080k,p_002892,s_p_002892_00008,2024-04-11T20:38:58.218Z,coins_medium,4.99,5500,40,0
pu_000080l,p_001383,s_p_001383_00002,2024-10-05T11:24:11.950Z,starter_pack,1.99,2000,6,1
pu_000080m,p_001383,s_p_001383_00003,2024-10-06T18:30:43.023Z,coins_small,0.99,1000,7,0
pu_000080n,p_001383,s_p_001383_00006,2024-10-13T11:15:52.275Z,coins_small,0.99,1000,14,0
pu_000080o,p_001383,s_p_001383_00012,2024-11-29T13:21:40.536Z,coins_small,0.99,1000,61,0
pu_000080p,p_002990,s_p_002990_00008,2024-03-05T15:37:05.464Z,coins_medium,4.99,5500,42,1
pu_000080q,p_002990,s_p_002990_00017,2024-06-15T22:04:52.785Z,coins_small,0.99,1000,144,0
pu_000080r,p_002990,s_p_002990_00019,2024-06-18T19:56:25.092Z,coins_small,0.99,1000,147,0
pu_000080s,p_002990,s_p_002990_00024,2024-06-30T07:48:08.286Z,coins_small,0.99,1000,159,0
pu_000080t,p_002990,s_p_002990_00026,2024-07-08T12:05:29.143Z,starter_pack,1.99,2000,167,0
pu_000080u,p_002990,s_p_002990_00033,2024-08-04T07:10:14.610Z,coins_medium,4.99,5500,194,0
pu_000080v,p_002764,s_p_002764_00001,2024-05-05T06:18:23.684Z,coins_large,19.99,25000,0,1
pu_000080w,p_002764,s_p_002764_00001,2024-05-05T06:16:26.956Z,coins_large,19.99,25000,0,0
pu_000080x,p_002764,s_p_002764_00001,2024-05-05T06:15:23.559Z,coins_medium,4.99,5500,0,0
pu_000080y,p_002764,s_p_002764_00001,2024-05-05T06:19:01.449Z,coins_medium,4.99,5500,0,0
pu_000080z,p_002764,s_p_002764_00002,2024-05-05T23:03:13.106Z,coins_large,19.99,25000,0,0
pu_0000810,p_002764,s_p_002764_00002,2024-05-05T23:13:46.771Z,coins_small,0.99,1000,0,0
pu_0000811,p_002764,s_p_002764_00002,2024-05-05T22:53:14.209Z,coins_large,19.99,25000,0,0
pu_0000812,p_002764,s_p_002764_00003,2024-05-06T21:29:02.128Z,starter_pack,1.99,2000,1,0
pu_0000813,p_002764,s_p_002764_00003,2024-05-06T21:23:47.195Z,coins_large,19.99,25000,1,0
pu_0000814,p_002764,s_p_002764_00003,2024-05-06T21:19:30.846Z,starter_pack,1.99,2000,1,0
pu_0000815,p_002764,s_p_002764_00004,2024-05-07T06:13:53.300Z,coins_large,19.99,25000,2,0
pu_0000816,p_002764,s_p_002764_00006,2024-05-07T18:46:44.271Z,vip_monthly,9.99,10000,2,0
pu_0000817,p_002764,s_p_002764_00014,2024-05-19T23:29:35.305Z,coins_large,19.99,25000,14,0
pu_0000818,p_002764,s_p_002764_00017,2024-05-22T23:41:30.447Z,coins_small,0.99,1000,17,0
pu_0000819,p_002764,s_p_002764_00018,2024-05-23T19:09:29.097Z,vip_monthly,9.99,10000,18,0
pu_000081a,p_002764,s_p_002764_00021,2024-05-27T10:57:56.940Z,coins_medium,4.99,5500,22,0
pu_000081b,p_002764,s_p_002764_00024,2024-05-28T12:23:34.989Z,vip_monthly,9.99,10000,23,0
pu_000081c,p_002764,s_p_002764_00026,2024-05-28T21:24:04.142Z,coins_small,0.99,1000,23,0
pu_000081d,p_002764,s_p_002764_00027,2024-05-29T09:08:46.250Z,coins_large,19.99,25000,24,0
pu_000081e,p_002764,s_p_002764_00029,2024-06-01T17:36:35.165Z,coins_large,19.99,25000,27,0
pu_000081f,p_002764,s_p_002764_00034,2024-06-07T16:18:56.184Z,coins_medium,4.99,5500,33,0
pu_000081g,p_002764,s_p_002764_00043,2024-06-23T12:05:35.634Z,coins_small,0.99,1000,49,0
pu_000081h,p_002764,s_p_002764_00044,2024-06-23T18:41:00.969Z,coins_large,19.99,25000,49,0
pu_000081i,p_002764,s_p_002764_00045,2024-06-24T11:18:33.129Z,coins_large,19.99,25000,50,0
pu_000081j,p_002764,s_p_002764_00051,2024-07-05T07:12:57.553Z,coins_medium,4.99,5500,61,0
pu_000081k,p_002764,s_p_002764_00052,2024-07-05T21:21:57.512Z,coins_large,19.99,25000,61,0
pu_000081l,p_002764,s_p_002764_00053,2024-07-06T06:55:58.903Z,coins_large,19.99,25000,62,0
pu_000081m,p_002764,s_p_002764_00060,2024-07-20T11:49:20.855Z,coins_small,0.99,1000,76,0
pu_000081n,p_002764,s_p_002764_00065,2024-07-26T08:13:32.883Z,coins_large,19.99,25000,82,0
pu_000081o,p_002764,s_p_002764_00070,2024-08-01T08:20:31.131Z,coins_large,19.99,25000,88,0
pu_000081p,p_002764,s_p_002764_00070,2024-08-01T08:16:13.163Z,coins_large,19.99,25000,88,0
pu_000081q,p_002764,s_p_002764_00073,2024-08-03T19:49:01.378Z,coins_large,19.99,25000,90,0
pu_000081r,p_002764,s_p_002764_00081,2024-08-17T07:14:45.050Z,coins_medium,4.99,5500,104,0
pu_000081s,p_002764,s_p_002764_00083,2024-08-19T18:41:42.277Z,vip_monthly,9.99,10000,106,0
pu_000081t,p_002764,s_p_002764_00086,2024-08-23T09:01:37.188Z,coins_medium,4.99,5500,110,0
pu_000081u,p_002764,s_p_002764_00092,2024-08-26T23:04:11.496Z,vip_monthly,9.99,10000,113,0
pu_000081v,p_002764,s_p_002764_00094,2024-08-28T12:41:47.839Z,coins_large,19.99,25000,115,0
pu_000081w,p_002764,s_p_002764_00099,2024-09-02T08:14:25.754Z,coins_large,19.99,25000,120,0
pu_000081x,p_002764,s_p_002764_00102,2024-09-10T06:20:50.004Z,vip_monthly,9.99,10000,128,0
pu_000081y,p_002764,s_p_002764_00102,2024-09-10T06:18:37.360Z,coins_large,19.99,25000,128,0
pu_000081z,p_002764,s_p_002764_00106,2024-09-13T10:54:44.160Z,coins_medium,4.99,5500,131,0
pu_0000820,p_002764,s_p_002764_00110,2024-09-17T12:35:09.494Z,coins_large,19.99,25000,135,0
pu_0000821,p_002764,s_p_002764_00122,2024-09-29T13:15:47.652Z,vip_monthly,9.99,10000,147,0
pu_0000822,p_002764,s_p_002764_00125,2024-10-02T13:13:13.717Z,coins_medium,4.99,5500,150,0
pu_0000823,p_002764,s_p_002764_00125,2024-10-02T13:18:17.539Z,coins_medium,4.99,5500,150,0
pu_0000824,p_002764,s_p_002764_00131,2024-10-09T20:24:43.378Z,coins_small,0.99,1000,157,0
pu_0000825,p_002764,s_p_002764_00132,2024-10-09T23:00:58.220Z,coins_large,19.99,25000,157,0
pu_0000826,p_002764,s_p_002764_00133,2024-10-11T15:02:59.846Z,coins_small,0.99,1000,159,0
pu_0000827,p_002764,s_p_002764_00143,2024-10-26T13:53:48.968Z,coins_medium,4.99,5500,174,0
pu_0000828,p_002764,s_p_002764_00146,2024-11-01T15:48:09.255Z,vip_monthly,9.99,10000,180,0
pu_0000829,p_002764,s_p_002764_00150,2024-11-07T16:26:38.533Z,starter_pack,1.99,2000,186,0
pu_000082a,p_002764,s_p_002764_00150,2024-11-07T16:26:18.503Z,coins_medium,4.99,5500,186,0
pu_000082b,p_002764,s_p_002764_00158,2024-11-18T21:26:24.640Z,coins_large,19.99,25000,197,0
pu_000082c,p_002994,s_p_002994_00002,2024-01-31T13:09:38.203Z,starter_pack,1.99,2000,20,1
pu_000082d,p_002994,s_p_002994_00002,2024-01-31T13:07:51.208Z,coins_small,0.99,1000,20,0
pu_000082e,p_002994,s_p_002994_00003,2024-02-19T21:34:51.506Z,coins_medium,4.99,5500,39,0
pu_000082f,p_002994,s_p_002994_00007,2024-02-27T21:27:51.286Z,coins_small,0.99,1000,47,0
pu_000082g,p_002994,s_p_002994_00008,2024-02-29T13:04:31.191Z,coins_medium,4.99,5500,49,0
pu_000082h,p_002994,s_p_002994_00010,2024-03-07T07:18:43.898Z,coins_small,0.99,1000,56,0
pu_000082i,p_002994,s_p_002994_00012,2024-03-19T16:19:11.527Z,starter_pack,1.99,2000,68,0
pu_000082j,p_002994,s_p_002994_00014,2024-03-23T15:58:18.009Z,coins_small,0.99,1000,72,0
pu_000082k,p_002994,s_p_002994_00019,2024-04-14T15:31:50.748Z,coins_small,0.99,1000,94,0
pu_000082l,p_002994,s_p_002994_00019,2024-04-14T15:33:23.167Z,coins_small,0.99,1000,94,0
pu_000082m,p_002994,s_p_002994_00019,2024-04-14T15:30:42.561Z,coins_medium,4.99,5500,94,0
pu_000082n,p_002994,s_p_002994_00021,2024-04-20T09:14:27.026Z,coins_small,0.99,1000,100,0
pu_000082o,p_002994,s_p_002994_00021,2024-04-20T09:16:28.267Z,coins_medium,4.99,5500,100,0
pu_000082p,p_002994,s_p_002994_00025,2024-05-23T21:13:24.364Z,coins_small,0.99,1000,133,0
pu_000082q,p_002994,s_p_002994_00026,2024-06-09T21:07:28.700Z,coins_small,0.99,1000,150,0
pu_000082r,p_002994,s_p_002994_00033,2024-07-04T14:11:32.875Z,coins_small,0.99,1000,175,0
pu_000082s,p_002994,s_p_002994_00033,2024-07-04T14:15:11.826Z,coins_small,0.99,1000,175,0
pu_000082t,p_002994,s_p_002994_00038,2024-07-26T15:02:00.379Z,starter_pack,1.99,2000,197,0
pu_000082u,p_002994,s_p_002994_00039,2024-08-05T08:02:43.890Z,coins_small,0.99,1000,207,0
pu_000082v,p_002994,s_p_002994_00040,2024-08-16T06:32:28.670Z,coins_small,0.99,1000,218,0
pu_000082w,p_002097,s_p_002097_00001,2024-02-14T10:19:46.822Z,coins_medium,4.99,5500,1,1
pu_000082x,p_002097,s_p_002097_00003,2024-02-16T20:34:01.629Z,coins_small,0.99,1000,3,0
pu_000082y,p_002097,s_p_002097_00009,2024-02-23T17:45:23.990Z,starter_pack,1.99,2000,10,0
pu_000082z,p_002097,s_p_002097_00013,2024-02-27T17:37:29.793Z,starter_pack,1.99,2000,14,0
pu_0000830,p_002097,s_p_002097_00014,2024-02-28T08:53:51.645Z,coins_medium,4.99,5500,15,0
pu_0000831,p_002097,s_p_002097_00014,2024-02-28T08:56:59.012Z,coins_medium,4.99,5500,15,0
pu_0000832,p_002727,s_p_002727_00001,2024-06-06T19:14:39.100Z,vip_monthly,9.99,10000,1,1
pu_0000833,p_002727,s_p_002727_00001,2024-06-06T19:16:09.135Z,coins_medium,4.99,5500,1,0
pu_0000834,p_002727,s_p_002727_00002,2024-06-12T16:49:10.534Z,coins_large,19.99,25000,7,0
pu_0000835,p_002727,s_p_002727_00003,2024-06-13T19:53:48.580Z,coins_large,19.99,25000,8,0
pu_0000836,p_002727,s_p_002727_00005,2024-06-13T22:57:15.240Z,coins_large,19.99,25000,8,0
pu_0000837,p_002727,s_p_002727_00006,2024-06-15T15:12:53.016Z,coins_small,0.99,1000,10,0
pu_0000838,p_002727,s_p_002727_00007,2024-06-18T13:50:03.523Z,vip_monthly,9.99,10000,13,0
pu_0000839,p_002727,s_p_002727_00013,2024-06-29T18:50:05.308Z,coins_large,19.99,25000,24,0
pu_000083a,p_002727,s_p_002727_00022,2024-07-07T15:45:40.313Z,vip_monthly,9.99,10000,32,0
pu_000083b,p_002727,s_p_002727_00025,2024-07-09T11:52:28.814Z,vip_monthly,9.99,10000,34,0
pu_000083c,p_002727,s_p_002727_00027,2024-07-11T09:03:14.489Z,coins_large,19.99,25000,36,0
pu_000083d,p_002727,s_p_002727_00028,2024-07-12T19:58:08.182Z,coins_large,19.99,25000,37,0
pu_000083e,p_002727,s_p_002727_00032,2024-07-19T15:12:14.579Z,coins_medium,4.99,5500,44,0
pu_000083f,p_002727,s_p_002727_00033,2024-07-19T21:07:00.073Z,coins_medium,4.99,5500,44,0
pu_000083g,p_002727,s_p_002727_00036,2024-07-21T19:37:59.447Z,coins_large,19.99,25000,46,0
pu_000083h,p_002727,s_p_002727_00036,2024-07-21T19:56:52.712Z,coins_large,19.99,25000,46,0
pu_000083i,p_002727,s_p_002727_00043,2024-08-01T06:21:59.726Z,coins_small,0.99,1000,57,0
pu_000083j,p_002727,s_p_002727_00045,2024-08-08T07:28:11.595Z,coins_small,0.99,1000,64,0
pu_000083k,p_002727,s_p_002727_00050,2024-08-17T09:48:32.479Z,coins_large,19.99,25000,73,0
pu_000083l,p_002727,s_p_002727_00052,2024-08-20T20:25:18.955Z,coins_large,19.99,25000,76,0
pu_000083m,p_002727,s_p_002727_00054,2024-08-22T15:16:36.912Z,coins_large,19.99,25000,78,0
pu_000083n,p_002727,s_p_002727_00054,2024-08-22T15:08:41.668Z,coins_small,0.99,1000,78,0
pu_000083o,p_002727,s_p_002727_00064,2024-08-31T17:00:43.797Z,coins_large,19.99,25000,87,0
pu_000083p,p_002727,s_p_002727_00064,2024-08-31T17:07:58.358Z,vip_monthly,9.99,10000,87,0
pu_000083q,p_002727,s_p_002727_00069,2024-09-12T14:52:06.479Z,coins_medium,4.99,5500,99,0
pu_000083r,p_002727,s_p_002727_00070,2024-09-13T15:15:38.777Z,coins_large,19.99,25000,100,0
pu_000083s,p_002727,s_p_002727_00072,2024-09-15T09:58:07.174Z,coins_large,19.99,25000,102,0
pu_000083t,p_002727,s_p_002727_00072,2024-09-15T09:52:45.460Z,coins_small,0.99,1000,102,0
pu_000083u,p_002727,s_p_002727_00077,2024-09-23T18:43:38.786Z,coins_large,19.99,25000,110,0
pu_000083v,p_002727,s_p_002727_00086,2024-09-30T06:21:41.101Z,coins_medium,4.99,5500,117,0
pu_000083w,p_002727,s_p_002727_00087,2024-10-02T10:30:17.049Z,coins_medium,4.99,5500,119,0
pu_000083x,p_002727,s_p_002727_00089,2024-10-05T22:15:04.866Z,coins_medium,4.99,5500,122,0
pu_000083y,p_002727,s_p_002727_00092,2024-10-08T09:32:05.081Z,coins_small,0.99,1000,125,0
pu_000083z,p_002727,s_p_002727_00105,2024-10-22T22:49:31.322Z,coins_medium,4.99,5500,139,0
pu_0000840,p_002727,s_p_002727_00106,2024-10-25T22:20:06.113Z,coins_small,0.99,1000,142,0
pu_0000841,p_002727,s_p_002727_00117,2024-11-10T18:01:33.789Z,coins_large,19.99,25000,158,0
pu_0000842,p_002727,s_p_002727_00119,2024-11-12T21:57:40.399Z,coins_large,19.99,25000,160,0
pu_0000843,p_002727,s_p_002727_00135,2024-12-06T22:14:50.191Z,coins_small,0.99,1000,184,0
pu_0000844,p_002964,s_p_002964_00001,2024-08-18T16:49:52.441Z,coins_small,0.99,1000,3,1
pu_0000845,p_002964,s_p_002964_00002,2024-08-30T17:57:16.826Z,coins_medium,4.99,5500,15,0
pu_0000846,p_002964,s_p_002964_00006,2024-09-27T20:48:13.611Z,coins_small,0.99,1000,43,0
pu_0000847,p_002964,s_p_002964_00007,2024-09-30T18:24:14.510Z,starter_pack,1.99,2000,46,0
pu_0000848,p_002964,s_p_002964_00009,2024-10-11T21:40:54.012Z,coins_medium,4.99,5500,57,0
pu_0000849,p_002964,s_p_002964_00009,2024-10-11T21:43:39.662Z,starter_pack,1.99,2000,57,0
pu_000084a,p_002964,s_p_002964_00009,2024-10-11T21:40:59.550Z,starter_pack,1.99,2000,57,0
pu_000084b,p_002964,s_p_002964_00013,2024-11-06T17:20:28.511Z,coins_medium,4.99,5500,83,0
pu_000084c,p_002964,s_p_002964_00014,2024-11-07T11:18:42.587Z,starter_pack,1.99,2000,84,0
pu_000084d,p_002964,s_p_002964_00015,2024-11-09T09:03:28.313Z,coins_small,0.99,1000,86,0
pu_000084e,p_002964,s_p_002964_00018,2024-11-15T07:44:29.412Z,starter_pack,1.99,2000,92,0
pu_000084f,p_002964,s_p_002964_00018,2024-11-15T07:42:16.385Z,starter_pack,1.99,2000,92,0
pu_000084g,p_002964,s_p_002964_00020,2024-11-23T22:36:50.636Z,coins_small,0.99,1000,100,0
pu_000084h,p_002964,s_p_002964_00021,2024-12-01T13:16:26.975Z,starter_pack,1.99,2000,108,0
pu_000084i,p_002964,s_p_002964_00023,2024-12-05T19:50:49.549Z,coins_medium,4.99,5500,112,0
pu_000084j,p_002701,s_p_002701_00001,2024-04-04T11:11:06.540Z,coins_large,19.99,25000,0,1
pu_000084k,p_002701,s_p_002701_00001,2024-04-04T11:32:12.801Z,coins_medium,4.99,5500,0,0
pu_000084l,p_002701,s_p_002701_00001,2024-04-04T11:24:19.098Z,coins_large,19.99,25000,0,0
pu_000084m,p_002701,s_p_002701_00002,2024-04-04T23:10:27.436Z,starter_pack,1.99,2000,0,0
pu_000084n,p_002701,s_p_002701_00002,2024-04-04T23:17:25.683Z,vip_monthly,9.99,10000,0,0
pu_000084o,p_002701,s_p_002701_00003,2024-04-05T06:32:36.273Z,coins_medium,4.99,5500,1,0
pu_000084p,p_002701,s_p_002701_00004,2024-04-05T23:00:50.151Z,coins_large,19.99,25000,1,0
pu_000084q,p_002701,s_p_002701_00004,2024-04-05T23:05:28.123Z,coins_medium,4.99,5500,1,0
pu_000084r,p_002701,s_p_002701_00005,2024-04-07T12:37:40.252Z,coins_small,0.99,1000,3,0
pu_000084s,p_002701,s_p_002701_00005,2024-04-07T12:32:11.766Z,coins_large,19.99,25000,3,0
pu_000084t,p_002701,s_p_002701_00006,2024-04-08T11:40:05.666Z,vip_monthly,9.99,10000,4,0
pu_000084u,p_002701,s_p_002701_00008,2024-04-10T11:48:04.677Z,coins_large,19.99,25000,6,0
pu_000084v,p_002701,s_p_002701_00021,2024-04-28T20:20:30.033Z,coins_medium,4.99,5500,24,0
pu_000084w,p_002701,s_p_002701_00023,2024-04-30T18:50:51.825Z,coins_large,19.99,25000,26,0
pu_000084x,p_002701,s_p_002701_00025,2024-05-03T08:48:56.611Z,coins_large,19.99,25000,29,0
pu_000084y,p_002701,s_p_002701_00025,2024-05-03T08:34:30.851Z,coins_large,19.99,25000,29,0
pu_000084z,p_002701,s_p_002701_00032,2024-05-12T08:12:45.639Z,coins_large,19.99,25000,38,0
pu_0000850,p_002701,s_p_002701_00036,2024-05-19T09:36:06.805Z,coins_large,19.99,25000,45,0
pu_0000851,p_002701,s_p_002701_00040,2024-05-22T10:41:02.896Z,coins_large,19.99,25000,48,0
pu_0000852,p_002701,s_p_002701_00040,2024-05-22T10:46:26.675Z,coins_medium,4.99,5500,48,0
pu_0000853,p_002701,s_p_002701_00043,2024-05-24T10:20:08.462Z,vip_monthly,9.99,10000,50,0
pu_0000854,p_002701,s_p_002701_00044,2024-05-24T22:00:14.453Z,coins_large,19.99,25000,50,0
pu_0000855,p_002701,s_p_002701_00046,2024-05-28T15:23:53.328Z,vip_monthly,9.99,10000,54,0
pu_0000856,p_002701,s_p_002701_00046,2024-05-28T15:25:24.029Z,coins_small,0.99,1000,54,0
pu_0000857,p_002701,s_p_002701_00049,2024-06-02T18:26:05.164Z,coins_medium,4.99,5500,59,0
pu_0000858,p_002701,s_p_002701_00051,2024-06-05T06:55:21.143Z,coins_medium,4.99,5500,62,0
pu_0000859,p_002701,s_p_002701_00059,2024-06-19T21:04:41.707Z,coins_large,19.99,25000,76,0
pu_000085a,p_002701,s_p_002701_00063,2024-06-23T06:43:34.281Z,coins_large,19.99,25000,80,0
pu_000085b,p_002701,s_p_002701_00067,2024-06-29T08:45:14.853Z,coins_large,19.99,25000,86,0
pu_000085c,p_002701,s_p_002701_00068,2024-06-29T18:17:00.055Z,coins_medium,4.99,5500,86,0
pu_000085d,p_002701,s_p_002701_00070,2024-07-01T18:23:46.192Z,coins_medium,4.99,5500,88,0
pu_000085e,p_002701,s_p_002701_00076,2024-07-08T16:26:05.486Z,coins_medium,4.99,5500,95,0
pu_000085f,p_002701,s_p_002701_00077,2024-07-11T17:46:46.218Z,coins_medium,4.99,5500,98,0
pu_000085g,p_002701,s_p_002701_00094,2024-07-30T17:15:48.458Z,coins_medium,4.99,5500,117,0
pu_000085h,p_002701,s_p_002701_00095,2024-08-03T09:13:52.801Z,coins_medium,4.99,5500,121,0
pu_000085i,p_002701,s_p_002701_00100,2024-08-13T09:51:32.497Z,coins_medium,4.99,5500,131,0
pu_000085j,p_002701,s_p_002701_00103,2024-08-20T19:05:38.631Z,coins_medium,4.99,5500,138,0
pu_000085k,p_002701,s_p_002701_00105,2024-08-22T14:08:24.033Z,coins_medium,4.99,5500,140,0
pu_000085l,p_002701,s_p_002701_00113,2024-09-05T20:05:59.340Z,coins_small,0.99,1000,154,0
pu_000085m,p_002701,s_p_002701_00113,2024-09-05T20:13:04.618Z,coins_large,19.99,25000,154,0
pu_000085n,p_002701,s_p_002701_00117,2024-09-14T08:16:06.754Z,coins_medium,4.99,5500,163,0
pu_000085o,p_002701,s_p_002701_00119,2024-09-16T07:05:56.889Z,coins_large,19.99,25000,165,0
pu_000085p,p_002701,s_p_002701_00132,2024-09-29T12:44:48.592Z,coins_large,19.99,25000,178,0
pu_000085q,p_002701,s_p_002701_00134,2024-10-02T15:46:24.208Z,coins_large,19.99,25000,181,0
pu_000085r,p_002701,s_p_002701_00138,2024-10-11T07:22:50.117Z,coins_small,0.99,1000,190,0
pu_000085s,p_002701,s_p_002701_00140,2024-10-12T14:36:24.032Z,vip_monthly,9.99,10000,191,0
pu_000085t,p_002701,s_p_002701_00144,2024-10-17T13:54:16.475Z,vip_monthly,9.99,10000,196,0
pu_000085u,p_002701,s_p_002701_00151,2024-10-31T17:39:57.050Z,coins_medium,4.99,5500,210,0
pu_000085v,p_001569,s_p_001569_00001,2024-07-14T07:22:05.810Z,starter_pack,1.99,2000,11,1
pu_000085w,p_002783,s_p_002783_00001,2024-02-14T21:12:01.771Z,coins_large,19.99,25000,0,1
pu_000085x,p_002783,s_p_002783_00003,2024-02-16T20:26:27.174Z,coins_medium,4.99,5500,2,0
pu_000085y,p_002783,s_p_002783_00005,2024-02-17T11:22:18.406Z,coins_large,19.99,25000,3,0
pu_000085z,p_002783,s_p_002783_00007,2024-02-21T16:05:31.429Z,coins_large,19.99,25000,7,0
pu_0000860,p_002783,s_p_002783_00008,2024-02-21T19:53:56.612Z,vip_monthly,9.99,10000,7,0
pu_0000861,p_002783,s_p_002783_00024,2024-03-11T16:44:24.747Z,coins_large,19.99,25000,26,0
pu_0000862,p_002783,s_p_002783_00028,2024-03-14T12:26:35.345Z,coins_medium,4.99,5500,29,0
pu_0000863,p_002783,s_p_002783_00042,2024-04-04T17:36:54.806Z,coins_medium,4.99,5500,50,0
pu_0000864,p_002783,s_p_002783_00043,2024-04-05T06:50:42.896Z,vip_monthly,9.99,10000,51,0
pu_0000865,p_002783,s_p_002783_00050,2024-04-13T23:29:59.348Z,coins_medium,4.99,5500,59,0
pu_0000866,p_002783,s_p_002783_00052,2024-04-16T21:17:42.397Z,coins_large,19.99,25000,62,0
pu_0000867,p_002783,s_p_002783_00058,2024-04-27T10:10:38.780Z,vip_monthly,9.99,10000,73,0
pu_0000868,p_002783,s_p_002783_00060,2024-04-27T15:05:17.711Z,coins_small,0.99,1000,73,0
pu_0000869,p_002783,s_p_002783_00060,2024-04-27T15:32:57.659Z,coins_medium,4.99,5500,73,0
pu_000086a,p_002783,s_p_002783_00068,2024-05-10T22:12:12.301Z,coins_large,19.99,25000,86,0
pu_000086b,p_002783,s_p_002783_00069,2024-05-11T06:22:50.580Z,vip_monthly,9.99,10000,87,0
pu_000086c,p_002783,s_p_002783_00075,2024-05-14T13:33:41.712Z,coins_large,19.99,25000,90,0
pu_000086d,p_002783,s_p_002783_00079,2024-05-20T23:13:23.693Z,coins_medium,4.99,5500,96,0
pu_000086e,p_002783,s_p_002783_00089,2024-05-31T20:33:51.463Z,vip_monthly,9.99,10000,107,0
pu_000086f,p_002783,s_p_002783_00097,2024-06-10T19:01:24.918Z,coins_medium,4.99,5500,117,0
pu_000086g,p_002783,s_p_002783_00098,2024-06-11T09:02:09.598Z,vip_monthly,9.99,10000,118,0
pu_000086h,p_002783,s_p_002783_00099,2024-06-13T10:46:00.090Z,coins_large,19.99,25000,120,0
pu_000086i,p_002783,s_p_002783_00117,2024-07-02T20:44:06.782Z,coins_medium,4.99,5500,139,0
pu_000086j,p_002783,s_p_002783_00123,2024-07-10T08:27:21.046Z,vip_monthly,9.99,10000,147,0
pu_000086k,p_002783,s_p_002783_00136,2024-07-31T14:54:02.246Z,coins_small,0.99,1000,168,0
pu_000086l,p_002783,s_p_002783_00140,2024-08-03T10:20:27.573Z,coins_large,19.99,25000,171,0
pu_000086m,p_002783,s_p_002783_00141,2024-08-04T22:06:51.878Z,vip_monthly,9.99,10000,172,0
pu_000086n,p_002783,s_p_002783_00145,2024-08-10T18:02:30.569Z,starter_pack,1.99,2000,178,0
pu_000086o,p_002783,s_p_002783_00150,2024-08-16T15:58:18.860Z,coins_small,0.99,1000,184,0
pu_000086p,p_002783,s_p_002783_00153,2024-08-19T19:22:21.387Z,coins_medium,4.99,5500,187,0
pu_000086q,p_002783,s_p_002783_00162,2024-09-02T10:59:31.712Z,coins_medium,4.99,5500,201,0
pu_000086r,p_002783,s_p_002783_00170,2024-09-18T19:25:25.588Z,coins_medium,4.99,5500,217,0
pu_000086s,p_002783,s_p_002783_00181,2024-09-29T13:02:37.365Z,vip_monthly,9.99,10000,228,0
pu_000086t,p_002783,s_p_002783_00185,2024-10-02T13:51:21.105Z,coins_large,19.99,25000,231,0
pu_000086u,p_002783,s_p_002783_00186,2024-10-04T07:17:02.996Z,vip_monthly,9.99,10000,233,0
pu_000086v,p_002783,s_p_002783_00191,2024-10-11T11:58:39.569Z,coins_large,19.99,25000,240,0
pu_000086w,p_002991,s_p_002991_00002,2024-01-07T10:35:22.026Z,coins_small,0.99,1000,6,1
pu_000086x,p_002991,s_p_002991_00004,2024-01-29T18:37:59.265Z,coins_medium,4.99,5500,28,0
pu_000086y,p_002991,s_p_002991_00012,2024-02-27T22:34:16.548Z,vip_monthly,9.99,10000,57,0
pu_000086z,p_002991,s_p_002991_00023,2024-04-17T19:13:26.389Z,coins_small,0.99,1000,107,0
pu_0000870,p_002991,s_p_002991_00023,2024-04-17T19:16:39.809Z,vip_monthly,9.99,10000,107,0
pu_0000871,p_002991,s_p_002991_00024,2024-04-19T13:04:32.345Z,coins_small,0.99,1000,109,0
pu_0000872,p_002991,s_p_002991_00031,2024-05-26T23:16:44.364Z,coins_medium,4.99,5500,146,0
pu_0000873,p_002991,s_p_002991_00034,2024-06-09T18:27:20.064Z,starter_pack,1.99,2000,160,0
pu_0000874,p_002991,s_p_002991_00037,2024-06-14T18:04:06.994Z,coins_medium,4.99,5500,165,0
pu_0000875,p_002991,s_p_002991_00041,2024-06-20T13:05:35.014Z,coins_medium,4.99,5500,171,0
pu_0000876,p_002991,s_p_002991_00042,2024-07-02T20:15:06.520Z,coins_small,0.99,1000,183,0
pu_0000877,p_002711,s_p_002711_00001,2024-02-10T06:47:50.813Z,coins_small,0.99,1000,0,1
pu_0000878,p_002711,s_p_002711_00001,2024-02-10T06:47:47.891Z,vip_monthly,9.99,10000,0,0
pu_0000879,p_002711,s_p_002711_00001,2024-02-10T06:39:46.142Z,coins_medium,4.99,5500,0,0
pu_000087a,p_002711,s_p_002711_00001,2024-02-10T06:39:31.587Z,coins_small,0.99,1000,0,0
pu_000087b,p_002711,s_p_002711_00001,2024-02-10T06:48:49.874Z,coins_medium,4.99,5500,0,0
pu_000087c,p_002711,s_p_002711_00001,2024-02-10T06:39:21.239Z,vip_monthly,9.99,10000,0,0
pu_000087d,p_002711,s_p_002711_00002,2024-02-10T19:14:22.440Z,coins_large,19.99,25000,0,0
pu_000087e,p_002711,s_p_002711_00002,2024-02-10T18:56:43.456Z,coins_large,19.99,25000,0,0
pu_000087f,p_002711,s_p_002711_00002,2024-02-10T19:00:40.035Z,coins_large,19.99,25000,0,0
pu_000087g,p_002711,s_p_002711_00002,2024-02-10T19:06:28.243Z,coins_large,19.99,25000,0,0
pu_000087h,p_002711,s_p_002711_00004,2024-02-13T13:02:33.781Z,coins_medium,4.99,5500,3,0
pu_000087i,p_002711,s_p_002711_00005,2024-02-16T13:51:00.542Z,coins_large,19.99,25000,6,0
pu_000087j,p_002711,s_p_002711_00005,2024-02-16T13:48:43.593Z,coins_large,19.99,25000,6,0
pu_000087k,p_002711,s_p_002711_00006,2024-02-19T09:50:21.517Z,coins_large,19.99,25000,9,0
pu_000087l,p_002711,s_p_002711_00006,2024-02-19T09:48:46.779Z,coins_medium,4.99,5500,9,0
pu_000087m,p_002711,s_p_002711_00011,2024-02-25T07:05:18.191Z,coins_large,19.99,25000,15,0
pu_000087n,p_002711,s_p_002711_00014,2024-02-29T08:59:11.924Z,coins_medium,4.99,5500,19,0
pu_000087o,p_002711,s_p_002711_00016,2024-03-06T10:01:16.159Z,coins_small,0.99,1000,25,0
pu_000087p,p_002711,s_p_002711_00019,2024-03-09T15:46:52.180Z,coins_medium,4.99,5500,28,0
pu_000087q,p_002711,s_p_002711_00020,2024-03-09T20:45:02.341Z,coins_small,0.99,1000,28,0
pu_000087r,p_002711,s_p_002711_00020,2024-03-09T20:39:23.250Z,coins_large,19.99,25000,28,0
pu_000087s,p_002711,s_p_002711_00025,2024-03-14T06:57:16.320Z,coins_small,0.99,1000,33,0
pu_000087t,p_002711,s_p_002711_00028,2024-03-16T15:35:27.899Z,coins_large,19.99,25000,35,0
pu_000087u,p_002711,s_p_002711_00031,2024-03-20T22:51:53.174Z,coins_medium,4.99,5500,39,0
pu_000087v,p_002711,s_p_002711_00032,2024-03-22T17:45:59.086Z,coins_medium,4.99,5500,41,0
pu_000087w,p_002711,s_p_002711_00036,2024-03-26T21:00:15.451Z,coins_large,19.99,25000,45,0
pu_000087x,p_002711,s_p_002711_00039,2024-03-30T12:30:22.686Z,coins_medium,4.99,5500,49,0
pu_000087y,p_002711,s_p_002711_00039,2024-03-30T12:23:48.672Z,coins_large,19.99,25000,49,0
pu_000087z,p_002711,s_p_002711_00041,2024-04-02T06:11:34.624Z,coins_medium,4.99,5500,52,0
pu_0000880,p_002711,s_p_002711_00042,2024-04-02T07:40:23.300Z,starter_pack,1.99,2000,52,0
pu_0000881,p_002711,s_p_002711_00045,2024-04-08T08:48:48.986Z,coins_large,19.99,25000,58,0
pu_0000882,p_002711,s_p_002711_00050,2024-04-16T17:55:44.990Z,coins_medium,4.99,5500,66,0
pu_0000883,p_002711,s_p_002711_00052,2024-04-17T18:16:09.443Z,coins_large,19.99,25000,67,0
pu_0000884,p_002711,s_p_002711_00054,2024-04-21T08:31:43.600Z,coins_medium,4.99,5500,71,0
pu_0000885,p_002711,s_p_002711_00064,2024-05-06T19:49:37.069Z,coins_medium,4.99,5500,86,0
pu_0000886,p_002711,s_p_002711_00068,2024-05-11T06:47:26.805Z,coins_medium,4.99,5500,91,0
pu_0000887,p_002711,s_p_002711_00074,2024-05-19T16:01:45.293Z,starter_pack,1.99,2000,99,0
pu_0000888,p_002711,s_p_002711_00077,2024-05-22T19:20:13.373Z,coins_medium,4.99,5500,102,0
pu_0000889,p_002711,s_p_002711_00077,2024-05-22T19:30:08.491Z,coins_large,19.99,25000,102,0
pu_000088a,p_002711,s_p_002711_00082,2024-05-30T06:30:01.214Z,coins_large,19.99,25000,110,0
pu_000088b,p_002711,s_p_002711_00082,2024-05-30T06:28:51.032Z,coins_small,0.99,1000,110,0
pu_000088c,p_002711,s_p_002711_00090,2024-06-07T20:58:27.179Z,coins_medium,4.99,5500,118,0
pu_000088d,p_002711,s_p_002711_00093,2024-06-11T09:44:07.190Z,vip_monthly,9.99,10000,122,0
pu_000088e,p_002711,s_p_002711_00094,2024-06-11T16:27:30.722Z,coins_medium,4.99,5500,122,0
pu_000088f,p_002711,s_p_002711_00097,2024-06-14T13:30:46.616Z,starter_pack,1.99,2000,125,0
pu_000088g,p_002711,s_p_002711_00098,2024-06-15T15:13:49.301Z,coins_small,0.99,1000,126,0
pu_000088h,p_002711,s_p_002711_00101,2024-06-20T15:23:35.442Z,coins_large,19.99,25000,131,0
pu_000088i,p_002711,s_p_002711_00101,2024-06-20T15:02:23.310Z,coins_large,19.99,25000,131,0
pu_000088j,p_002711,s_p_002711_00101,2024-06-20T15:08:07.777Z,coins_large,19.99,25000,131,0
pu_000088k,p_002711,s_p_002711_00109,2024-07-01T17:24:51.770Z,coins_medium,4.99,5500,142,0
pu_000088l,p_002711,s_p_002711_00111,2024-07-06T11:44:30.658Z,vip_monthly,9.99,10000,147,0
pu_000088m,p_002711,s_p_002711_00117,2024-07-15T17:30:17.727Z,coins_large,19.99,25000,156,0
pu_000088n,p_002711,s_p_002711_00118,2024-07-16T07:28:43.164Z,coins_medium,4.99,5500,157,0
pu_000088o,p_002711,s_p_002711_00121,2024-07-18T16:19:12.182Z,coins_large,19.99,25000,159,0
pu_000088p,p_002711,s_p_002711_00128,2024-08-01T19:37:40.301Z,coins_medium,4.99,5500,173,0
pu_000088q,p_002711,s_p_002711_00129,2024-08-04T17:01:43.890Z,vip_monthly,9.99,10000,176,0
pu_000088r,p_002711,s_p_002711_00137,2024-08-10T14:09:32.416Z,coins_large,19.99,25000,182,0
pu_000088s,p_002711,s_p_002711_00138,2024-08-10T20:31:27.369Z,coins_large,19.99,25000,182,0
pu_000088t,p_002711,s_p_002711_00139,2024-08-11T17:17:54.940Z,coins_large,19.99,25000,183,0
pu_000088u,p_002711,s_p_002711_00142,2024-08-22T11:57:19.128Z,starter_pack,1.99,2000,194,0
pu_000088v,p_002711,s_p_002711_00160,2024-09-09T23:42:30.557Z,coins_large,19.99,25000,212,0
pu_000088w,p_002711,s_p_002711_00160,2024-09-09T23:42:06.625Z,coins_medium,4.99,5500,212,0
pu_000088x,p_002711,s_p_002711_00163,2024-09-14T11:25:44.112Z,coins_small,0.99,1000,217,0
pu_000088y,p_002711,s_p_002711_00163,2024-09-14T11:31:44.034Z,vip_monthly,9.99,10000,217,0
pu_000088z,p_002711,s_p_002711_00167,2024-09-16T10:51:09.075Z,coins_medium,4.99,5500,219,0
pu_0000890,p_002711,s_p_002711_00168,2024-09-16T20:34:30.077Z,coins_large,19.99,25000,219,0
pu_0000891,p_002711,s_p_002711_00175,2024-09-21T10:03:43.630Z,coins_medium,4.99,5500,224,0
pu_0000892,p_002711,s_p_002711_00181,2024-10-05T11:08:32.360Z,coins_medium,4.99,5500,238,0
pu_0000893,p_002711,s_p_002711_00186,2024-10-16T08:10:00.342Z,starter_pack,1.99,2000,249,0
pu_0000894,p_002711,s_p_002711_00193,2024-10-22T22:40:04.513Z,vip_monthly,9.99,10000,255,0
pu_0000895,p_002711,s_p_002711_00194,2024-10-25T15:40:17.229Z,coins_large,19.99,25000,258,0
pu_0000896,p_002711,s_p_002711_00195,2024-10-26T14:33:03.604Z,coins_medium,4.99,5500,259,0
pu_0000897,p_002711,s_p_002711_00204,2024-11-05T13:27:49.478Z,coins_medium,4.99,5500,269,0
pu_0000898,p_002711,s_p_002711_00206,2024-11-06T08:03:39.681Z,coins_medium,4.99,5500,270,0
pu_0000899,p_002711,s_p_002711_00208,2024-11-07T22:14:29.920Z,coins_medium,4.99,5500,271,0
pu_000089a,p_002711,s_p_002711_00211,2024-11-09T14:30:31.938Z,vip_monthly,9.99,10000,273,0
pu_000089b,p_002711,s_p_002711_00218,2024-11-22T08:39:21.193Z,coins_medium,4.99,5500,286,0
pu_000089c,p_002711,s_p_002711_00219,2024-11-23T07:52:41.717Z,coins_large,19.99,25000,287,0
pu_000089d,p_002711,s_p_002711_00221,2024-11-27T19:06:01.134Z,coins_medium,4.99,5500,291,0
pu_000089e,p_002711,s_p_002711_00222,2024-11-28T11:18:13.918Z,coins_large,19.99,25000,292,0
pu_000089f,p_002711,s_p_002711_00225,2024-11-29T23:20:43.478Z,coins_medium,4.99,5500,293,0
pu_000089g,p_002711,s_p_002711_00229,2024-11-30T19:14:09.306Z,coins_large,19.99,25000,294,0
pu_000089h,p_002711,s_p_002711_00229,2024-11-30T19:10:25.375Z,starter_pack,1.99,2000,294,0
pu_000089i,p_002711,s_p_002711_00234,2024-12-06T08:55:49.385Z,coins_large,19.99,25000,300,0
pu_000089j,p_002711,s_p_002711_00235,2024-12-07T10:38:47.771Z,coins_medium,4.99,5500,301,0
pu_000089k,p_002711,s_p_002711_00236,2024-12-13T14:48:31.920Z,coins_medium,4.99,5500,307,0
pu_000089l,p_002711,s_p_002711_00239,2024-12-18T15:13:12.427Z,coins_medium,4.99,5500,312,0
pu_000089m,p_002767,s_p_002767_00001,2024-05-10T09:25:37.148Z,starter_pack,1.99,2000,0,1
pu_000089n,p_002767,s_p_002767_00001,2024-05-10T09:26:46.264Z,coins_large,19.99,25000,0,0
pu_000089o,p_002767,s_p_002767_00002,2024-05-13T12:04:00.255Z,coins_large,19.99,25000,3,0
pu_000089p,p_002767,s_p_002767_00002,2024-05-13T12:09:33.938Z,coins_medium,4.99,5500,3,0
pu_000089q,p_002767,s_p_002767_00003,2024-05-13T19:09:39.274Z,vip_monthly,9.99,10000,3,0
pu_000089r,p_002767,s_p_002767_00004,2024-05-14T19:09:02.259Z,coins_large,19.99,25000,4,0
pu_000089s,p_002767,s_p_002767_00004,2024-05-14T19:14:33.173Z,coins_large,19.99,25000,4,0
pu_000089t,p_002767,s_p_002767_00005,2024-05-15T13:19:16.418Z,coins_medium,4.99,5500,5,0
pu_000089u,p_002767,s_p_002767_00005,2024-05-15T12:59:23.405Z,starter_pack,1.99,2000,5,0
pu_000089v,p_002767,s_p_002767_00005,2024-05-15T13:01:45.026Z,coins_small,0.99,1000,5,0
pu_000089w,p_002767,s_p_002767_00005,2024-05-15T13:30:07.080Z,coins_large,19.99,25000,5,0
pu_000089x,p_002767,s_p_002767_00006,2024-05-15T21:06:55.300Z,coins_medium,4.99,5500,5,0
pu_000089y,p_002767,s_p_002767_00006,2024-05-15T21:03:40.793Z,starter_pack,1.99,2000,5,0
pu_000089z,p_002767,s_p_002767_00009,2024-05-21T17:15:43.957Z,coins_large,19.99,25000,11,0
pu_00008a0,p_002767,s_p_002767_00010,2024-05-21T22:44:47.983Z,coins_large,19.99,25000,11,0
pu_00008a1,p_002767,s_p_002767_00012,2024-05-29T06:51:57.795Z,coins_large,19.99,25000,19,0
pu_00008a2,p_002767,s_p_002767_00019,2024-06-04T15:49:52.288Z,coins_large,19.99,25000,25,0
pu_00008a3,p_002767,s_p_002767_00024,2024-06-13T07:56:03.522Z,vip_monthly,9.99,10000,34,0
pu_00008a4,p_002767,s_p_002767_00026,2024-06-15T21:06:36.092Z,coins_large,19.99,25000,36,0
pu_00008a5,p_002767,s_p_002767_00028,2024-06-19T10:57:46.905Z,vip_monthly,9.99,10000,40,0
pu_00008a6,p_002767,s_p_002767_00028,2024-06-19T10:57:40.158Z,coins_medium,4.99,5500,40,0
pu_00008a7,p_002767,s_p_002767_00030,2024-06-22T06:33:06.475Z,coins_medium,4.99,5500,43,0
pu_00008a8,p_002767,s_p_002767_00045,2024-07-11T11:07:16.617Z,coins_large,19.99,25000,62,0
pu_00008a9,p_002767,s_p_002767_00053,2024-07-22T09:04:24.592Z,coins_small,0.99,1000,73,0
pu_00008aa,p_002767,s_p_002767_00060,2024-07-31T10:25:17.018Z,vip_monthly,9.99,10000,82,0
pu_00008ab,p_002767,s_p_002767_00062,2024-08-02T17:55:28.606Z,vip_monthly,9.99,10000,84,0
pu_00008ac,p_002767,s_p_002767_00062,2024-08-02T17:59:50.998Z,coins_large,19.99,25000,84,0
pu_00008ad,p_002767,s_p_002767_00064,2024-08-11T13:56:00.710Z,coins_small,0.99,1000,93,0
pu_00008ae,p_002767,s_p_002767_00064,2024-08-11T14:05:09.647Z,coins_medium,4.99,5500,93,0
pu_00008af,p_002767,s_p_002767_00075,2024-08-21T16:24:37.331Z,coins_medium,4.99,5500,103,0
pu_00008ag,p_002767,s_p_002767_00080,2024-08-29T21:28:17.342Z,vip_monthly,9.99,10000,111,0
pu_00008ah,p_002767,s_p_002767_00081,2024-09-03T17:49:20.240Z,coins_small,0.99,1000,116,0
pu_00008ai,p_002767,s_p_002767_00094,2024-09-16T11:01:01.486Z,coins_medium,4.99,5500,129,0
pu_00008aj,p_002767,s_p_002767_00096,2024-09-18T09:49:45.427Z,coins_medium,4.99,5500,131,0
pu_00008ak,p_002767,s_p_002767_00099,2024-09-23T12:34:58.595Z,coins_medium,4.99,5500,136,0
pu_00008al,p_002767,s_p_002767_00099,2024-09-23T12:44:13.630Z,coins_medium,4.99,5500,136,0
pu_00008am,p_002767,s_p_002767_00101,2024-09-28T10:08:46.117Z,coins_large,19.99,25000,141,0
pu_00008an,p_002767,s_p_002767_00103,2024-09-30T19:09:31.240Z,coins_medium,4.99,5500,143,0
pu_00008ao,p_002767,s_p_002767_00105,2024-10-03T12:42:38.091Z,coins_medium,4.99,5500,146,0
pu_00008ap,p_002767,s_p_002767_00109,2024-10-07T22:28:10.811Z,coins_medium,4.99,5500,150,0
pu_00008aq,p_002767,s_p_002767_00109,2024-10-07T22:28:54.318Z,coins_small,0.99,1000,150,0
pu_00008ar,p_002767,s_p_002767_00110,2024-10-08T17:02:48.776Z,coins_medium,4.99,5500,151,0
pu_00008as,p_002767,s_p_002767_00113,2024-10-11T18:58:03.926Z,coins_large,19.99,25000,154,0
pu_00008at,p_002767,s_p_002767_00113,2024-10-11T19:09:29.878Z,coins_small,0.99,1000,154,0
pu_00008au,p_002767,s_p_002767_00113,2024-10-11T19:06:52.519Z,vip_monthly,9.99,10000,154,0
pu_00008av,p_002767,s_p_002767_00115,2024-10-13T06:42:03.766Z,coins_medium,4.99,5500,156,0
pu_00008aw,p_002767,s_p_002767_00120,2024-10-15T22:31:55.512Z,coins_small,0.99,1000,158,0
pu_00008ax,p_002767,s_p_002767_00121,2024-10-16T16:03:53.703Z,vip_monthly,9.99,10000,159,0
pu_00008ay,p_002767,s_p_002767_00126,2024-10-23T14:12:08.907Z,coins_large,19.99,25000,166,0
pu_00008az,p_002767,s_p_002767_00132,2024-11-01T19:21:58.584Z,coins_large,19.99,25000,175,0
pu_00008b0,p_002767,s_p_002767_00134,2024-11-03T15:59:15.096Z,coins_medium,4.99,5500,177,0
pu_00008b1,p_002767,s_p_002767_00143,2024-11-11T19:51:38.548Z,coins_medium,4.99,5500,185,0
pu_00008b2,p_002767,s_p_002767_00146,2024-11-14T06:06:21.473Z,coins_large,19.99,25000,188,0
pu_00008b3,p_002767,s_p_002767_00146,2024-11-14T06:10:52.938Z,coins_large,19.99,25000,188,0
pu_00008b4,p_002767,s_p_002767_00146,2024-11-14T06:11:42.955Z,coins_medium,4.99,5500,188,0
pu_00008b5,p_002767,s_p_002767_00148,2024-11-15T13:32:36.704Z,coins_small,0.99,1000,189,0
pu_00008b6,p_002767,s_p_002767_00150,2024-11-16T11:55:36.821Z,coins_large,19.99,25000,190,0
pu_00008b7,p_002767,s_p_002767_00154,2024-11-22T16:35:31.681Z,coins_medium,4.99,5500,196,0
pu_00008b8,p_002767,s_p_002767_00159,2024-12-01T18:38:45.966Z,coins_large,19.99,25000,205,0
pu_00008b9,p_002767,s_p_002767_00167,2024-12-19T23:05:34.176Z,vip_monthly,9.99,10000,223,0
pu_00008ba,p_002767,s_p_002767_00168,2024-12-24T10:17:01.786Z,coins_medium,4.99,5500,228,0
pu_00008bb,p_002987,s_p_002987_00002,2024-09-24T13:38:08.028Z,coins_small,0.99,1000,10,1
pu_00008bc,p_002987,s_p_002987_00003,2024-10-01T16:25:05.100Z,coins_small,0.99,1000,17,0
pu_00008bd,p_002987,s_p_002987_00003,2024-10-01T16:31:10.559Z,starter_pack,1.99,2000,17,0
pu_00008be,p_002987,s_p_002987_00004,2024-10-03T15:05:18.993Z,coins_medium,4.99,5500,19,0
pu_00008bf,p_002987,s_p_002987_00005,2024-10-04T19:34:04.998Z,coins_medium,4.99,5500,20,0
pu_00008bg,p_002987,s_p_002987_00006,2024-10-07T18:59:06.910Z,coins_medium,4.99,5500,23,0
pu_00008bh,p_002987,s_p_002987_00008,2024-10-13T22:03:48.720Z,vip_monthly,9.99,10000,29,0
pu_00008bi,p_002987,s_p_002987_00008,2024-10-13T22:03:33.812Z,coins_large,19.99,25000,29,0
pu_00008bj,p_002987,s_p_002987_00009,2024-10-26T11:15:10.065Z,starter_pack,1.99,2000,42,0
pu_00008bk,p_002987,s_p_002987_00012,2024-11-21T18:52:53.025Z,coins_small,0.99,1000,68,0
pu_00008bl,p_002743,s_p_002743_00001,2024-07-05T07:00:08.191Z,vip_monthly,9.99,10000,1,1
pu_00008bm,p_002743,s_p_002743_00002,2024-07-08T19:56:18.663Z,coins_medium,4.99,5500,4,0
pu_00008bn,p_002743,s_p_002743_00003,2024-07-11T06:54:00.145Z,coins_medium,4.99,5500,7,0
pu_00008bo,p_002743,s_p_002743_00003,2024-07-11T07:13:57.657Z,coins_small,0.99,1000,7,0
pu_00008bp,p_002743,s_p_002743_00003,2024-07-11T07:01:05.688Z,vip_monthly,9.99,10000,7,0
pu_00008bq,p_002743,s_p_002743_00004,2024-07-11T16:50:43.005Z,coins_medium,4.99,5500,7,0
pu_00008br,p_002743,s_p_002743_00004,2024-07-11T16:47:14.128Z,coins_medium,4.99,5500,7,0
pu_00008bs,p_002743,s_p_002743_00006,2024-07-12T16:33:12.427Z,starter_pack,1.99,2000,8,0
pu_00008bt,p_002743,s_p_002743_00007,2024-07-13T09:11:13.705Z,coins_medium,4.99,5500,9,0
pu_00008bu,p_002743,s_p_002743_00010,2024-07-21T11:07:32.360Z,coins_large,19.99,25000,17,0
pu_00008bv,p_002743,s_p_002743_00024,2024-08-14T16:23:40.651Z,coins_medium,4.99,5500,41,0
pu_00008bw,p_002743,s_p_002743_00024,2024-08-14T16:32:15.519Z,coins_medium,4.99,5500,41,0
pu_00008bx,p_002743,s_p_002743_00030,2024-08-22T17:16:05.681Z,coins_medium,4.99,5500,49,0
pu_00008by,p_002743,s_p_002743_00045,2024-09-03T20:34:08.320Z,coins_small,0.99,1000,61,0
pu_00008bz,p_002743,s_p_002743_00051,2024-09-16T16:15:15.709Z,coins_large,19.99,25000,74,0
pu_00008c0,p_002743,s_p_002743_00054,2024-09-19T13:55:13.841Z,coins_large,19.99,25000,77,0
pu_00008c1,p_002743,s_p_002743_00059,2024-09-28T07:55:11.885Z,coins_large,19.99,25000,86,0
pu_00008c2,p_002743,s_p_002743_00064,2024-10-04T06:20:46.803Z,vip_monthly,9.99,10000,92,0
pu_00008c3,p_002743,s_p_002743_00065,2024-10-04T19:22:25.476Z,coins_large,19.99,25000,92,0
pu_00008c4,p_002743,s_p_002743_00066,2024-10-05T21:13:01.490Z,coins_medium,4.99,5500,93,0
pu_00008c5,p_002743,s_p_002743_00068,2024-10-08T07:17:45.794Z,coins_large,19.99,25000,96,0
pu_00008c6,p_002743,s_p_002743_00072,2024-10-12T21:09:44.337Z,coins_large,19.99,25000,100,0
pu_00008c7,p_002743,s_p_002743_00073,2024-10-13T17:21:20.634Z,coins_large,19.99,25000,101,0
pu_00008c8,p_002743,s_p_002743_00075,2024-10-14T17:09:01.142Z,coins_small,0.99,1000,102,0
pu_00008c9,p_002743,s_p_002743_00080,2024-10-17T21:55:01.214Z,vip_monthly,9.99,10000,105,0
pu_00008ca,p_002743,s_p_002743_00083,2024-10-19T07:23:35.731Z,coins_medium,4.99,5500,107,0
pu_00008cb,p_002743,s_p_002743_00084,2024-10-19T16:58:44.963Z,vip_monthly,9.99,10000,107,0
pu_00008cc,p_002743,s_p_002743_00088,2024-10-21T13:46:11.382Z,coins_medium,4.99,5500,109,0
pu_00008cd,p_002743,s_p_002743_00089,2024-10-22T07:42:50.720Z,coins_medium,4.99,5500,110,0
pu_00008ce,p_002743,s_p_002743_00096,2024-10-26T12:04:04.728Z,coins_medium,4.99,5500,114,0
pu_00008cf,p_002743,s_p_002743_00099,2024-10-28T22:20:59.665Z,coins_medium,4.99,5500,116,0
pu_00008cg,p_002743,s_p_002743_00104,2024-11-10T18:00:14.139Z,coins_large,19.99,25000,129,0
pu_00008ch,p_002743,s_p_002743_00104,2024-11-10T17:57:43.162Z,coins_large,19.99,25000,129,0
pu_00008ci,p_002743,s_p_002743_00107,2024-11-13T22:32:17.648Z,coins_medium,4.99,5500,132,0
pu_00008cj,p_002743,s_p_002743_00108,2024-11-15T09:29:40.359Z,vip_monthly,9.99,10000,134,0
pu_00008ck,p_002743,s_p_002743_00115,2024-11-22T18:43:46.851Z,coins_small,0.99,1000,141,0
pu_00008cl,p_002743,s_p_002743_00122,2024-12-01T08:40:44.522Z,coins_large,19.99,25000,150,0
pu_00008cm,p_002743,s_p_002743_00124,2024-12-03T12:29:38.937Z,coins_large,19.99,25000,152,0
pu_00008cn,p_002743,s_p_002743_00125,2024-12-04T08:41:40.311Z,vip_monthly,9.99,10000,153,0
pu_00008co,p_002779,s_p_002779_00002,2024-06-13T21:39:38.262Z,coins_medium,4.99,5500,4,1
pu_00008cp,p_002779,s_p_002779_00003,2024-06-13T21:39:39.853Z,coins_medium,4.99,5500,4,0
pu_00008cq,p_002779,s_p_002779_00003,2024-06-13T21:30:33.581Z,coins_large,19.99,25000,4,0
pu_00008cr,p_002779,s_p_002779_00003,2024-06-13T21:53:21.050Z,coins_large,19.99,25000,4,0
pu_00008cs,p_002779,s_p_002779_00004,2024-06-17T13:03:23.187Z,coins_medium,4.99,5500,8,0
pu_00008ct,p_002779,s_p_002779_00005,2024-06-18T17:58:38.446Z,coins_medium,4.99,5500,9,0
pu_00008cu,p_002779,s_p_002779_00006,2024-06-18T19:26:16.315Z,coins_medium,4.99,5500,9,0
pu_00008cv,p_002779,s_p_002779_00006,2024-06-18T19:34:20.872Z,coins_large,19.99,25000,9,0
pu_00008cw,p_002779,s_p_002779_00006,2024-06-18T19:26:19.124Z,coins_large,19.99,25000,9,0
pu_00008cx,p_002779,s_p_002779_00009,2024-06-25T07:12:33.906Z,coins_medium,4.99,5500,16,0
pu_00008cy,p_002779,s_p_002779_00013,2024-06-29T13:40:31.772Z,coins_large,19.99,25000,20,0
pu_00008cz,p_002779,s_p_002779_00013,2024-06-29T13:36:54.964Z,vip_monthly,9.99,10000,20,0
pu_00008d0,p_002779,s_p_002779_00026,2024-07-17T16:07:31.868Z,vip_monthly,9.99,10000,38,0
pu_00008d1,p_002779,s_p_002779_00028,2024-07-19T12:44:20.372Z,coins_large,19.99,25000,40,0
pu_00008d2,p_002779,s_p_002779_00040,2024-08-08T09:13:25.940Z,vip_monthly,9.99,10000,60,0
pu_00008d3,p_002779,s_p_002779_00044,2024-08-13T17:22:07.784Z,coins_large,19.99,25000,65,0
pu_00008d4,p_002779,s_p_002779_00052,2024-08-22T16:50:40.619Z,coins_small,0.99,1000,74,0
pu_00008d5,p_002779,s_p_002779_00055,2024-08-25T14:04:16.266Z,vip_monthly,9.99,10000,77,0
pu_00008d6,p_002779,s_p_002779_00055,2024-08-25T13:47:04.057Z,vip_monthly,9.99,10000,77,0
pu_00008d7,p_002779,s_p_002779_00067,2024-09-08T19:32:08.079Z,coins_large,19.99,25000,91,0
pu_00008d8,p_002779,s_p_002779_00068,2024-09-10T07:21:53.858Z,coins_large,19.99,25000,93,0
pu_00008d9,p_002779,s_p_002779_00073,2024-09-15T09:16:41.611Z,coins_large,19.99,25000,98,0
pu_00008da,p_002779,s_p_002779_00075,2024-09-20T13:40:40.899Z,coins_medium,4.99,5500,103,0
pu_00008db,p_002779,s_p_002779_00076,2024-09-20T21:54:40.554Z,coins_small,0.99,1000,103,0
pu_00008dc,p_002779,s_p_002779_00076,2024-09-20T22:06:24.641Z,coins_small,0.99,1000,103,0
pu_00008dd,p_002779,s_p_002779_00090,2024-10-07T20:46:21.613Z,vip_monthly,9.99,10000,120,0
pu_00008de,p_002779,s_p_002779_00092,2024-10-09T06:53:48.409Z,coins_large,19.99,25000,122,0
pu_00008df,p_002779,s_p_002779_00095,2024-10-10T18:48:42.378Z,vip_monthly,9.99,10000,123,0
pu_00008dg,p_002779,s_p_002779_00099,2024-10-15T20:44:59.860Z,coins_large,19.99,25000,128,0
pu_00008dh,p_002779,s_p_002779_00102,2024-10-16T18:28:03.532Z,vip_monthly,9.99,10000,129,0
pu_00008di,p_002779,s_p_002779_00105,2024-10-22T17:56:11.070Z,vip_monthly,9.99,10000,135,0
pu_00008dj,p_002779,s_p_002779_00110,2024-11-03T18:20:11.764Z,coins_large,19.99,25000,147,0
pu_00008dk,p_002779,s_p_002779_00113,2024-11-10T20:35:32.011Z,coins_small,0.99,1000,154,0
pu_00008dl,p_002779,s_p_002779_00117,2024-11-14T15:44:47.765Z,coins_medium,4.99,5500,158,0
pu_00008dm,p_002779,s_p_002779_00118,2024-11-15T17:06:59.050Z,coins_medium,4.99,5500,159,0
pu_00008dn,p_002779,s_p_002779_00129,2024-11-29T07:07:59.799Z,coins_medium,4.99,5500,173,0
pu_00008do,p_002779,s_p_002779_00132,2024-12-02T14:09:14.212Z,coins_large,19.99,25000,176,0
pu_00008dp,p_002779,s_p_002779_00133,2024-12-04T09:54:39.377Z,coins_medium,4.99,5500,178,0
pu_00008dq,p_002779,s_p_002779_00141,2024-12-09T15:44:03.782Z,coins_medium,4.99,5500,183,0
pu_00008dr,p_002779,s_p_002779_00146,2024-12-27T14:46:12.192Z,coins_medium,4.99,5500,201,0
pu_00008ds,p_002927,s_p_002927_00001,2024-03-10T15:18:40.865Z,coins_small,0.99,1000,4,1
pu_00008dt,p_002927,s_p_002927_00001,2024-03-10T15:17:44.749Z,coins_small,0.99,1000,4,0
pu_00008du,p_002927,s_p_002927_00003,2024-03-26T17:49:31.958Z,coins_medium,4.99,5500,20,0
pu_00008dv,p_002927,s_p_002927_00003,2024-03-26T17:54:03.329Z,coins_medium,4.99,5500,20,0
pu_00008dw,p_002927,s_p_002927_00003,2024-03-26T17:49:17.762Z,coins_medium,4.99,5500,20,0
pu_00008dx,p_002927,s_p_002927_00003,2024-03-26T17:48:38.571Z,coins_medium,4.99,5500,20,0
pu_00008dy,p_002927,s_p_002927_00004,2024-03-31T08:56:34.279Z,coins_medium,4.99,5500,25,0
pu_00008dz,p_002927,s_p_002927_00005,2024-03-31T15:55:43.351Z,vip_monthly,9.99,10000,25,0
pu_00008e0,p_002927,s_p_002927_00006,2024-04-05T20:12:12.503Z,coins_small,0.99,1000,30,0
pu_00008e1,p_002927,s_p_002927_00007,2024-04-08T22:51:51.594Z,coins_medium,4.99,5500,33,0
pu_00008e2,p_002927,s_p_002927_00007,2024-04-08T22:57:10.336Z,coins_small,0.99,1000,33,0
pu_00008e3,p_002927,s_p_002927_00007,2024-04-08T23:01:04.512Z,coins_small,0.99,1000,33,0
pu_00008e4,p_002927,s_p_002927_00007,2024-04-08T22:54:53.770Z,coins_medium,4.99,5500,33,0
pu_00008e5,p_002927,s_p_002927_00008,2024-04-10T07:26:34.783Z,coins_small,0.99,1000,35,0
pu_00008e6,p_002927,s_p_002927_00008,2024-04-10T07:27:34.105Z,starter_pack,1.99,2000,35,0
pu_00008e7,p_002927,s_p_002927_00009,2024-04-18T21:49:15.320Z,starter_pack,1.99,2000,43,0
pu_00008e8,p_002927,s_p_002927_00009,2024-04-18T21:52:29.994Z,coins_small,0.99,1000,43,0
pu_00008e9,p_002927,s_p_002927_00010,2024-04-18T22:47:11.525Z,coins_small,0.99,1000,43,0
pu_00008ea,p_002927,s_p_002927_00011,2024-04-27T07:58:50.461Z,coins_medium,4.99,5500,52,0
pu_00008eb,p_002927,s_p_002927_00012,2024-04-30T08:40:49.703Z,coins_small,0.99,1000,55,0
pu_00008ec,p_002967,s_p_002967_00001,2024-05-06T12:25:57.767Z,coins_medium,4.99,5500,12,1
pu_00008ed,p_002967,s_p_002967_00002,2024-05-09T13:11:11.169Z,starter_pack,1.99,2000,15,0
pu_00008ee,p_002967,s_p_002967_00002,2024-05-09T13:07:47.355Z,starter_pack,1.99,2000,15,0
pu_00008ef,p_002967,s_p_002967_00003,2024-05-09T23:23:54.338Z,coins_medium,4.99,5500,15,0
pu_00008eg,p_002967,s_p_002967_00006,2024-05-27T20:41:52.722Z,coins_small,0.99,1000,33,0
pu_00008eh,p_002967,s_p_002967_00008,2024-06-10T16:19:01.974Z,coins_medium,4.99,5500,47,0
pu_00008ei,p_002967,s_p_002967_00009,2024-06-16T11:59:20.190Z,coins_large,19.99,25000,53,0
pu_00008ej,p_002967,s_p_002967_00009,2024-06-16T12:02:10.093Z,coins_medium,4.99,5500,53,0
pu_00008ek,p_002967,s_p_002967_00010,2024-06-19T13:58:19.400Z,coins_small,0.99,1000,56,0
pu_00008el,p_002894,s_p_002894_00001,2024-04-29T11:22:41.658Z,coins_small,0.99,1000,0,1
pu_00008em,p_002894,s_p_002894_00002,2024-05-02T20:51:25.614Z,coins_small,0.99,1000,3,0
pu_00008en,p_002894,s_p_002894_00004,2024-05-18T14:21:52.202Z,coins_small,0.99,1000,19,0
pu_00008eo,p_002894,s_p_002894_00008,2024-06-02T13:25:56.463Z,coins_medium,4.99,5500,34,0
pu_00008ep,p_002894,s_p_002894_00008,2024-06-02T13:27:27.920Z,coins_small,0.99,1000,34,0
pu_00008eq,p_002894,s_p_002894_00009,2024-06-09T16:26:06.495Z,coins_small,0.99,1000,41,0
pu_00008er,p_002894,s_p_002894_00010,2024-06-23T19:21:56.148Z,coins_medium,4.99,5500,55,0
pu_00008es,p_002894,s_p_002894_00010,2024-06-23T19:19:10.878Z,coins_large,19.99,25000,55,0
pu_00008et,p_002894,s_p_002894_00010,2024-06-23T19:12:49.521Z,coins_medium,4.99,5500,55,0
pu_00008eu,p_002894,s_p_002894_00012,2024-07-01T09:29:22.629Z,coins_small,0.99,1000,63,0
pu_00008ev,p_002894,s_p_002894_00013,2024-07-14T13:26:59.772Z,vip_monthly,9.99,10000,76,0
pu_00008ew,p_002894,s_p_002894_00014,2024-07-15T23:05:44.312Z,coins_small,0.99,1000,77,0
pu_00008ex,p_002894,s_p_002894_00016,2024-08-01T17:09:56.614Z,vip_monthly,9.99,10000,94,0
pu_00008ey,p_002894,s_p_002894_00017,2024-08-04T20:36:23.970Z,vip_monthly,9.99,10000,97,0
pu_00008ez,p_002894,s_p_002894_00017,2024-08-04T20:41:35.145Z,vip_monthly,9.99,10000,97,0
pu_00008f0,p_002894,s_p_002894_00019,2024-08-18T16:24:48.444Z,coins_small,0.99,1000,111,0
pu_00008f1,p_002894,s_p_002894_00020,2024-08-31T07:38:02.070Z,coins_small,0.99,1000,124,0
pu_00008f2,p_002894,s_p_002894_00020,2024-08-31T07:46:52.810Z,vip_monthly,9.99,10000,124,0
pu_00008f3,p_002894,s_p_002894_00021,2024-09-08T21:37:30.327Z,coins_medium,4.99,5500,132,0
pu_00008f4,p_002894,s_p_002894_00021,2024-09-08T21:37:40.395Z,coins_small,0.99,1000,132,0
pu_00008f5,p_002894,s_p_002894_00022,2024-09-12T19:25:36.332Z,coins_medium,4.99,5500,136,0
pu_00008f6,p_001295,s_p_001295_00001,2024-01-07T16:29:58.585Z,starter_pack,1.99,2000,5,1
pu_00008f7,p_001295,s_p_001295_00002,2024-01-08T15:10:07.502Z,coins_small,0.99,1000,6,0
pu_00008f8,p_001295,s_p_001295_00003,2024-01-27T14:22:18.754Z,coins_small,0.99,1000,25,0
pu_00008f9,p_001295,s_p_001295_00003,2024-01-27T14:21:46.038Z,coins_small,0.99,1000,25,0
pu_00008fa,p_002484,s_p_002484_00005,2024-03-05T16:00:02.664Z,starter_pack,1.99,2000,14,1
pu_00008fb,p_002484,s_p_002484_00021,2024-04-09T08:15:24.855Z,coins_small,0.99,1000,49,0
pu_00008fc,p_002484,s_p_002484_00022,2024-04-10T12:01:32.448Z,vip_monthly,9.99,10000,50,0
pu_00008fd,p_002484,s_p_002484_00046,2024-06-25T16:12:38.144Z,coins_medium,4.99,5500,126,0
pu_00008fe,p_002484,s_p_002484_00047,2024-06-28T16:02:10.060Z,starter_pack,1.99,2000,129,0
pu_00008ff,p_002484,s_p_002484_00048,2024-06-29T18:22:22.028Z,coins_medium,4.99,5500,130,0
pu_00008fg,p_002484,s_p_002484_00049,2024-07-01T08:24:51.918Z,coins_small,0.99,1000,132,0
pu_00008fh,p_002484,s_p_002484_00049,2024-07-01T08:31:41.563Z,coins_medium,4.99,5500,132,0
pu_00008fi,p_002484,s_p_002484_00061,2024-08-06T08:48:18.984Z,coins_small,0.99,1000,168,0
pu_00008fj,p_002484,s_p_002484_00062,2024-08-13T18:10:34.983Z,coins_small,0.99,1000,175,0
pu_00008fk,p_002484,s_p_002484_00064,2024-09-02T16:50:31.429Z,coins_small,0.99,1000,195,0
pu_00008fl,p_002940,s_p_002940_00003,2024-02-21T23:13:41.815Z,starter_pack,1.99,2000,4,1
pu_00008fm,p_002940,s_p_002940_00007,2024-04-10T22:43:07.950Z,coins_large,19.99,25000,53,0
pu_00008fn,p_002940,s_p_002940_00007,2024-04-10T22:43:49.448Z,coins_small,0.99,1000,53,0
pu_00008fo,p_002940,s_p_002940_00009,2024-04-24T20:35:47.006Z,coins_medium,4.99,5500,67,0
pu_00008fp,p_002940,s_p_002940_00014,2024-05-28T18:07:09.932Z,coins_small,0.99,1000,101,0
pu_00008fq,p_002940,s_p_002940_00015,2024-05-28T20:31:46.276Z,starter_pack,1.99,2000,101,0
pu_00008fr,p_002940,s_p_002940_00015,2024-05-28T20:33:36.773Z,coins_small,0.99,1000,101,0
pu_00008fs,p_002940,s_p_002940_00019,2024-07-12T20:44:30.383Z,coins_small,0.99,1000,146,0
